Conversation_ID,Strategy,Type,Game_ID,User_ID,Mutant_ID,Test_ID,Is_Active,Is_Success
1,MUTANT_ANNOTATED_SINGLE_METHOD,ATTACK_DEFAULT,100,5,,,1,0
2,TEST_FULL_SUITE_PLUS_DEFAULT,DEFEND_DEFAULT,100,6,,,1,0
3,MUTANT_ANNOTATED_SINGLE_METHOD,ATTACK_DEFAULT,101,5,,,1,0
4,TEST_FULL_SUITE_PLUS_DEFAULT,DEFEND_DEFAULT,101,6,,,1,0
5,MUTANT_ANNOTATED_SINGLE_METHOD,ATTACK_DEFAULT,102,5,,,1,0
6,TEST_FULL_SUITE_PLUS_DEFAULT,DEFEND_DEFAULT,102,6,,,1,0
7,MUTANT_ANNOTATED_SINGLE_METHOD,ATTACK_DEFAULT,103,5,,,1,0
8,TEST_FULL_SUITE_PLUS_DEFAULT,DEFEND_DEFAULT,103,6,,,1,0
9,MUTANT_ANNOTATED_SINGLE_METHOD,ATTACK_DEFAULT,105,5,,,1,0
10,TEST_FULL_SUITE_PLUS_DEFAULT,DEFEND_DEFAULT,105,6,,,1,0
11,TEST_FULL_SUITE_PLUS_DEFAULT,DEFEND_DEFAULT,106,6,,,1,0
12,MUTANT_ANNOTATED_SINGLE_METHOD,ATTACK_DEFAULT,107,5,,,1,0
13,TEST_FULL_SUITE_PLUS_DEFAULT,DEFEND_DEFAULT,107,6,,,1,0
14,MUTANT_ANNOTATED_SINGLE_METHOD,ATTACK_DEFAULT,108,5,,,1,0
15,TEST_FULL_SUITE_PLUS_DEFAULT,DEFEND_DEFAULT,108,6,,,1,0
16,MUTANT_ANNOTATED_SINGLE_METHOD,ATTACK_DEFAULT,109,5,,,1,0
17,TEST_FULL_SUITE_PLUS_DEFAULT,DEFEND_DEFAULT,109,6,,,1,0
18,TEST_FULL_SUITE_PLUS_DEFAULT,DEFEND_DEFAULT,110,6,,,1,0
19,TEST_FULL_SUITE_PLUS_DEFAULT,DEFEND_DEFAULT,110,6,,,0,1
20,MUTANT_ANNOTATED_SINGLE_METHOD,ATTACK_DEFAULT,111,5,,,0,1
21,TEST_FULL_SUITE_PLUS_DEFAULT,DEFEND_DEFAULT,111,6,,,0,1
22,MUTANT_ANNOTATED_SINGLE_METHOD,ATTACK_DEPENDENCIES,111,5,100,,0,1
23,TEST_FULL_SUITE_PLUS_DEFAULT,DEFEND_ONE_FROM_MANY,110,6,,,0,1
24,TEST_FULL_SUITE_PLUS_DEFAULT,DEFEND_ONE_FROM_MANY,110,6,,100,1,0
25,TEST_FULL_SUITE_PLUS_DEFAULT,DEFEND_ONE_FROM_MANY,111,6,,,0,1
26,TEST_FULL_SUITE_PLUS_DEFAULT,DEFEND_ONE_FROM_MANY,111,6,,101,0,1
27,MUTANT_ANNOTATED_SINGLE_METHOD,ATTACK_DEFAULT,111,5,,,0,1
28,MUTANT_ANNOTATED_SINGLE_METHOD,ATTACK_DEPENDENCIES,111,5,101,,0,1
29,TEST_FULL_SUITE_PLUS_DEFAULT,DEFEND_ONE_FROM_MANY,111,6,,102,0,1
30,TEST_FULL_SUITE_PLUS_DEFAULT,DEFEND_ONE_FROM_MANY,111,6,,103,0,1
31,MUTANT_ANNOTATED_SINGLE_METHOD,ATTACK_DEFAULT,111,5,,,0,1
32,MUTANT_ANNOTATED_SINGLE_METHOD,ATTACK_DEPENDENCIES,111,5,102,,0,1
33,TEST_FULL_SUITE_PLUS_DEFAULT,DEFEND_ONE_FROM_MANY,111,6,,104,0,1
34,MUTANT_ANNOTATED_SINGLE_METHOD,ATTACK_DEFAULT,111,5,,,0,1
35,MUTANT_ANNOTATED_SINGLE_METHOD,ATTACK_DEPENDENCIES,111,5,103,,0,1
36,TEST_FULL_SUITE_PLUS_DEFAULT,DEFEND_ONE_FROM_MANY,111,6,,105,0,1
37,TEST_FULL_SUITE_PLUS_DEFAULT,DEFEND_ONE_FROM_MANY,111,6,,106,0,1
38,MUTANT_ANNOTATED_SINGLE_METHOD,ATTACK_DEFAULT,111,5,,,0,1
39,MUTANT_ANNOTATED_SINGLE_METHOD,ATTACK_DEPENDENCIES,111,5,104,,0,1
40,TEST_FULL_SUITE_PLUS_DEFAULT,DEFEND_ONE_FROM_MANY,111,6,,107,0,1
41,MUTANT_ANNOTATED_SINGLE_METHOD,ATTACK_DEFAULT,111,5,,,0,1
42,MUTANT_ANNOTATED_SINGLE_METHOD,ATTACK_DEPENDENCIES,111,5,105,,0,1
43,TEST_FULL_SUITE_PLUS_DEFAULT,DEFEND_ONE_FROM_MANY,111,6,,108,0,1
44,TEST_FULL_SUITE_PLUS_DEFAULT,DEFEND_ONE_FROM_MANY,111,6,,112,0,1
45,MUTANT_ANNOTATED_SINGLE_METHOD,ATTACK_DEFAULT,111,5,,,0,1
46,MUTANT_ANNOTATED_SINGLE_METHOD,ATTACK_DEPENDENCIES,111,5,106,,0,1
47,MUTANT_ANNOTATED_SINGLE_METHOD,ATTACK_DEFAULT,111,5,,,0,1
48,MUTANT_ANNOTATED_SINGLE_METHOD,ATTACK_DEPENDENCIES,111,5,107,,0,1
49,MUTANT_ANNOTATED_SINGLE_METHOD,ATTACK_DEFAULT,111,5,,,0,1
50,MUTANT_ANNOTATED_SINGLE_METHOD,ATTACK_DEPENDENCIES,111,5,108,,0,1
51,TEST_FULL_SUITE_PLUS_DEFAULT,DEFEND_ONE_FROM_MANY,111,6,,,0,1
52,TEST_FULL_SUITE_PLUS_DEFAULT,DEFEND_ONE_FROM_MANY,111,6,,113,0,1
53,MUTANT_ANNOTATED_SINGLE_METHOD,ATTACK_DEFAULT,111,5,,,0,1
54,MUTANT_ANNOTATED_SINGLE_METHOD,ATTACK_DEPENDENCIES,111,5,109,,0,1
55,TEST_FULL_SUITE_PLUS_DEFAULT,DEFEND_ONE_FROM_MANY,111,6,,114,0,1
56,MUTANT_ANNOTATED_SINGLE_METHOD,ATTACK_DEFAULT,111,5,,,0,1
57,MUTANT_ANNOTATED_SINGLE_METHOD,ATTACK_DEPENDENCIES,111,5,110,,0,1
58,TEST_FULL_SUITE_PLUS_DEFAULT,DEFEND_ONE_FROM_MANY,111,6,,115,0,1
59,TEST_FULL_SUITE_PLUS_DEFAULT,DEFEND_ONE_FROM_MANY,111,6,,116,0,1
60,MUTANT_ANNOTATED_SINGLE_METHOD,ATTACK_DEFAULT,111,5,,,0,1
61,MUTANT_ANNOTATED_SINGLE_METHOD,ATTACK_DEPENDENCIES,111,5,111,,0,1
62,TEST_FULL_SUITE_PLUS_DEFAULT,DEFEND_ONE_FROM_MANY,111,6,,117,0,1
63,MUTANT_ANNOTATED_SINGLE_METHOD,ATTACK_DEFAULT,111,5,,,0,1
64,MUTANT_ANNOTATED_SINGLE_METHOD,ATTACK_DEPENDENCIES,111,5,112,,0,1
65,TEST_FULL_SUITE_PLUS_DEFAULT,DEFEND_ONE_FROM_MANY,111,6,,118,0,1
66,TEST_FULL_SUITE_PLUS_DEFAULT,DEFEND_ONE_FROM_MANY,111,6,,119,0,1
67,MUTANT_ANNOTATED_SINGLE_METHOD,ATTACK_DEFAULT,111,5,,,0,1
68,MUTANT_ANNOTATED_SINGLE_METHOD,ATTACK_DEPENDENCIES,111,5,113,,0,1
69,TEST_FULL_SUITE_PLUS_DEFAULT,DEFEND_ONE_FROM_MANY,111,6,,120,0,1
70,MUTANT_ANNOTATED_SINGLE_METHOD,ATTACK_DEFAULT,111,5,,,0,1
71,MUTANT_ANNOTATED_SINGLE_METHOD,ATTACK_DEPENDENCIES,111,5,114,,0,1
72,TEST_FULL_SUITE_PLUS_DEFAULT,DEFEND_ONE_FROM_MANY,111,6,,121,0,1
73,MUTANT_ANNOTATED_SINGLE_METHOD,ATTACK_EQUIVALENCE,111,5,,,0,1
74,MUTANT_ANNOTATED_SINGLE_METHOD,ATTACK_DEFAULT,111,5,,,0,1
75,MUTANT_ANNOTATED_SINGLE_METHOD,ATTACK_DEPENDENCIES,111,5,115,,0,1
76,TEST_FULL_SUITE_PLUS_DEFAULT,DEFEND_ONE_FROM_MANY,111,6,,123,0,1
77,MUTANT_ANNOTATED_SINGLE_METHOD,ATTACK_EQUIVALENCE,111,5,,,0,0
78,TEST_FULL_SUITE_PLUS_DEFAULT,DEFEND_ONE_FROM_MANY,111,6,,126,0,1
79,MUTANT_ANNOTATED_SINGLE_METHOD,ATTACK_DEFAULT,111,5,,,0,1
80,MUTANT_ANNOTATED_SINGLE_METHOD,ATTACK_DEPENDENCIES,111,5,116,,0,1
81,TEST_FULL_SUITE_PLUS_DEFAULT,DEFEND_ONE_FROM_MANY,111,6,,127,0,1
82,MUTANT_ANNOTATED_SINGLE_METHOD,ATTACK_DEFAULT,111,5,,,0,1
83,MUTANT_ANNOTATED_SINGLE_METHOD,ATTACK_DEPENDENCIES,111,5,117,,0,1
84,TEST_FULL_SUITE_PLUS_DEFAULT,DEFEND_ONE_FROM_MANY,111,6,,128,0,1
85,MUTANT_ANNOTATED_SINGLE_METHOD,ATTACK_DEFAULT,111,5,,,0,1
86,MUTANT_ANNOTATED_SINGLE_METHOD,ATTACK_DEPENDENCIES,111,5,118,,0,1
87,TEST_FULL_SUITE_PLUS_DEFAULT,DEFEND_ONE_FROM_MANY,111,6,,129,0,1
88,MUTANT_ANNOTATED_SINGLE_METHOD,ATTACK_DEFAULT,111,5,,,0,1
89,MUTANT_ANNOTATED_SINGLE_METHOD,ATTACK_DEPENDENCIES,111,5,119,,0,1
90,TEST_FULL_SUITE_PLUS_DEFAULT,DEFEND_ONE_FROM_MANY,111,6,,130,0,1
91,TEST_FULL_SUITE_PLUS_DEFAULT,DEFEND_ONE_FROM_MANY,111,6,,131,0,1
92,MUTANT_ANNOTATED_SINGLE_METHOD,ATTACK_DEFAULT,111,5,,,0,1
93,MUTANT_ANNOTATED_SINGLE_METHOD,ATTACK_DEPENDENCIES,111,5,120,,0,1
94,TEST_FULL_SUITE_PLUS_DEFAULT,DEFEND_DEFAULT,111,6,,133,0,1
95,MUTANT_ANNOTATED_SINGLE_METHOD,ATTACK_DEFAULT,111,5,,,0,1
96,MUTANT_ANNOTATED_SINGLE_METHOD,ATTACK_DEPENDENCIES,111,5,121,,0,1
97,MUTANT_ANNOTATED_SINGLE_METHOD,ATTACK_DEFAULT,111,5,,,0,1
98,MUTANT_ANNOTATED_SINGLE_METHOD,ATTACK_DEPENDENCIES,111,5,122,,0,1
99,TEST_FULL_SUITE_PLUS_DEFAULT,DEFEND_FOCUS,111,6,,134,0,1
100,MUTANT_ANNOTATED_SINGLE_METHOD,ATTACK_DEFAULT,111,5,,,0,1
101,MUTANT_ANNOTATED_SINGLE_METHOD,ATTACK_DEPENDENCIES,111,5,123,,0,1
102,TEST_FULL_SUITE_PLUS_DEFAULT,DEFEND_DEFAULT,111,6,,135,0,1
103,TEST_FULL_SUITE_PLUS_DEFAULT,DEFEND_DEFAULT,111,6,,136,0,1
104,MUTANT_ANNOTATED_SINGLE_METHOD,ATTACK_DEFAULT,111,5,,,0,1
105,TEST_FULL_SUITE_PLUS_DEFAULT,DEFEND_DEFAULT,111,6,,137,0,1
106,MUTANT_ANNOTATED_SINGLE_METHOD,ATTACK_DEPENDENCIES,111,5,124,,0,1
107,MUTANT_ANNOTATED_SINGLE_METHOD,ATTACK_DEFAULT,111,5,,,0,1
108,TEST_FULL_SUITE_PLUS_DEFAULT,DEFEND_FOCUS,111,6,,138,0,1
109,MUTANT_ANNOTATED_SINGLE_METHOD,ATTACK_DEPENDENCIES,111,5,125,,0,1
110,MUTANT_ANNOTATED_SINGLE_METHOD,ATTACK_DEFAULT,111,5,,,0,1
111,MUTANT_ANNOTATED_SINGLE_METHOD,ATTACK_DEPENDENCIES,111,5,126,,0,1
112,MUTANT_ANNOTATED_SINGLE_METHOD,ATTACK_DEFAULT,111,5,,,0,1
113,TEST_FULL_SUITE_PLUS_DEFAULT,DEFEND_DEFAULT,111,6,,139,0,1
114,MUTANT_ANNOTATED_SINGLE_METHOD,ATTACK_DEPENDENCIES,111,5,127,,0,1
115,MUTANT_ANNOTATED_SINGLE_METHOD,ATTACK_DEFAULT,111,5,,,0,1
116,TEST_FULL_SUITE_PLUS_DEFAULT,DEFEND_DEFAULT,111,6,,140,0,1
117,MUTANT_ANNOTATED_SINGLE_METHOD,ATTACK_DEPENDENCIES,111,5,128,,0,1
118,MUTANT_ANNOTATED_SINGLE_METHOD,ATTACK_DEFAULT,111,5,,,0,1
119,TEST_FULL_SUITE_PLUS_DEFAULT,DEFEND_DEFAULT,111,6,,,0,0
120,MUTANT_ANNOTATED_SINGLE_METHOD,ATTACK_DEPENDENCIES,111,5,129,,0,1
121,MUTANT_ANNOTATED_SINGLE_METHOD,ATTACK_DEFAULT,111,5,,,0,1
122,MUTANT_ANNOTATED_SINGLE_METHOD,ATTACK_DEPENDENCIES,111,5,130,,0,1
123,MUTANT_ANNOTATED_SINGLE_METHOD,ATTACK_DEFAULT,111,5,,,0,1
124,MUTANT_ANNOTATED_SINGLE_METHOD,ATTACK_DEPENDENCIES,111,5,131,,0,1
125,MUTANT_ANNOTATED_SINGLE_METHOD,ATTACK_DEFAULT,111,5,,,0,1
126,MUTANT_ANNOTATED_SINGLE_METHOD,ATTACK_DEPENDENCIES,111,5,132,,0,1
127,TEST_FULL_SUITE_PLUS_DEFAULT,DEFEND_DEFAULT,111,6,,141,0,1
128,MUTANT_ANNOTATED_SINGLE_METHOD,ATTACK_DEFAULT,111,5,,,0,1
129,MUTANT_ANNOTATED_SINGLE_METHOD,ATTACK_DEPENDENCIES,111,5,,,0,0
130,TEST_FULL_SUITE_PLUS_DEFAULT,DEFEND_DEFAULT,111,6,,142,0,1
131,TEST_FULL_SUITE_PLUS_DEFAULT,DEFEND_DEFAULT,111,6,,143,0,1
132,MUTANT_ANNOTATED_SINGLE_METHOD,ATTACK_DEPENDENCIES,111,5,,,0,0
133,TEST_FULL_SUITE_PLUS_DEFAULT,DEFEND_DEFAULT,111,6,,144,0,1
134,TEST_FULL_SUITE_PLUS_DEFAULT,DEFEND_DEFAULT,111,6,,,0,0
135,MUTANT_ANNOTATED_SINGLE_METHOD,ATTACK_DEPENDENCIES,111,5,133,,0,1
136,MUTANT_ANNOTATED_SINGLE_METHOD,ATTACK_DEFAULT,111,5,,,0,1
137,MUTANT_ANNOTATED_SINGLE_METHOD,ATTACK_DEPENDENCIES,111,5,134,,0,1
138,TEST_FULL_SUITE_PLUS_DEFAULT,DEFEND_DEFAULT,111,6,,,0,0
139,MUTANT_ANNOTATED_SINGLE_METHOD,ATTACK_DEFAULT,111,5,,,0,1
140,MUTANT_ANNOTATED_SINGLE_METHOD,ATTACK_DEPENDENCIES,111,5,,,0,0
141,MUTANT_ANNOTATED_SINGLE_METHOD,ATTACK_DEPENDENCIES,111,5,135,,0,1
142,TEST_FULL_SUITE_PLUS_DEFAULT,DEFEND_DEFAULT,111,6,,145,0,1
143,TEST_FULL_SUITE_PLUS_DEFAULT,DEFEND_DEFAULT,111,6,,146,0,1
144,MUTANT_ANNOTATED_SINGLE_METHOD,ATTACK_DEFAULT,111,5,,,0,1
145,MUTANT_ANNOTATED_SINGLE_METHOD,ATTACK_DEPENDENCIES,111,5,136,,0,1
146,MUTANT_ANNOTATED_SINGLE_METHOD,ATTACK_DEFAULT,111,5,,,0,1
147,MUTANT_ANNOTATED_SINGLE_METHOD,ATTACK_DEPENDENCIES,111,5,,,1,0
148,TEST_FULL_SUITE_PLUS_DEFAULT,DEFEND_DEFAULT,111,6,,,1,0
149,MUTANT_ANNOTATED_SINGLE_METHOD,ATTACK_DEFAULT,112,5,,,0,1
150,TEST_FULL_SUITE_PLUS_DEFAULT,DEFEND_DEFAULT,112,6,,,0,1
151,MUTANT_ANNOTATED_SINGLE_METHOD,ATTACK_DEPENDENCIES,112,5,137,,0,1
152,TEST_FULL_SUITE_PLUS_DEFAULT,DEFEND_ONE_FROM_MANY,112,6,,,0,1
153,TEST_FULL_SUITE_PLUS_DEFAULT,DEFEND_ONE_FROM_MANY,112,6,,147,0,1
154,MUTANT_ANNOTATED_SINGLE_METHOD,ATTACK_DEFAULT,112,5,,,0,1
155,MUTANT_ANNOTATED_SINGLE_METHOD,ATTACK_DEPENDENCIES,112,5,138,,0,1
156,TEST_FULL_SUITE_PLUS_DEFAULT,DEFEND_ONE_FROM_MANY,112,6,,148,0,1
157,MUTANT_ANNOTATED_SINGLE_METHOD,ATTACK_DEFAULT,112,5,,,0,1
158,MUTANT_ANNOTATED_SINGLE_METHOD,ATTACK_DEPENDENCIES,112,5,139,,0,1
159,TEST_FULL_SUITE_PLUS_DEFAULT,DEFEND_ONE_FROM_MANY,112,6,,149,0,1
160,MUTANT_ANNOTATED_SINGLE_METHOD,ATTACK_DEFAULT,112,5,,,0,1
161,MUTANT_ANNOTATED_SINGLE_METHOD,ATTACK_DEPENDENCIES,112,5,140,,0,1
162,TEST_FULL_SUITE_PLUS_DEFAULT,DEFEND_ONE_FROM_MANY,112,6,,150,0,1
163,MUTANT_ANNOTATED_SINGLE_METHOD,ATTACK_DEFAULT,112,5,,,0,1
164,MUTANT_ANNOTATED_SINGLE_METHOD,ATTACK_DEPENDENCIES,112,5,141,,0,1
165,TEST_FULL_SUITE_PLUS_DEFAULT,DEFEND_ONE_FROM_MANY,112,6,,151,0,1
166,MUTANT_ANNOTATED_SINGLE_METHOD,ATTACK_DEFAULT,112,5,,,0,1
167,MUTANT_ANNOTATED_SINGLE_METHOD,ATTACK_DEPENDENCIES,112,5,142,,0,1
168,TEST_FULL_SUITE_PLUS_DEFAULT,DEFEND_ONE_FROM_MANY,112,6,,152,0,1
169,MUTANT_ANNOTATED_SINGLE_METHOD,ATTACK_DEFAULT,112,5,,,0,1
170,MUTANT_ANNOTATED_SINGLE_METHOD,ATTACK_DEPENDENCIES,112,5,143,,0,1
171,TEST_FULL_SUITE_PLUS_DEFAULT,DEFEND_ONE_FROM_MANY,112,6,,153,0,1
172,MUTANT_ANNOTATED_SINGLE_METHOD,ATTACK_DEFAULT,112,5,,,0,1
173,MUTANT_ANNOTATED_SINGLE_METHOD,ATTACK_DEPENDENCIES,112,5,144,,0,1
174,TEST_FULL_SUITE_PLUS_DEFAULT,DEFEND_ONE_FROM_MANY,112,6,,154,1,0
175,MUTANT_ANNOTATED_SINGLE_METHOD,ATTACK_DEFAULT,113,5,,,0,1
176,MUTANT_ANNOTATED_SINGLE_METHOD,ATTACK_DEPENDENCIES,113,5,,,1,0
177,MUTANT_ANNOTATED_SINGLE_METHOD,ATTACK_DEFAULT,114,5,,,0,1
178,MUTANT_ANNOTATED_SINGLE_METHOD,ATTACK_DEPENDENCIES,114,5,145,,0,1
179,MUTANT_ANNOTATED_SINGLE_METHOD,ATTACK_DEFAULT,114,5,,,0,1
180,MUTANT_ANNOTATED_SINGLE_METHOD,ATTACK_DEPENDENCIES,114,5,146,,0,1
181,MUTANT_ANNOTATED_SINGLE_METHOD,ATTACK_DEFAULT,114,5,,,0,1
182,MUTANT_ANNOTATED_SINGLE_METHOD,ATTACK_DEPENDENCIES,114,5,147,,0,1
183,MUTANT_ANNOTATED_SINGLE_METHOD,ATTACK_DEFAULT,114,5,,,0,1
184,MUTANT_ANNOTATED_SINGLE_METHOD,ATTACK_DEPENDENCIES,114,5,148,,0,1
185,MUTANT_ANNOTATED_SINGLE_METHOD,ATTACK_EQUIVALENCE,114,5,,,0,1
186,MUTANT_ANNOTATED_SINGLE_METHOD,ATTACK_DEFAULT,115,5,,,0,1
187,TEST_FULL_SUITE_PLUS_DEFAULT,DEFEND_DEFAULT,115,6,,,0,1
188,MUTANT_ANNOTATED_SINGLE_METHOD,ATTACK_DEPENDENCIES,115,5,149,,0,1
189,TEST_FULL_SUITE_PLUS_DEFAULT,DEFEND_ONE_FROM_MANY,115,6,,,0,1
190,TEST_FULL_SUITE_PLUS_DEFAULT,DEFEND_ONE_FROM_MANY,115,6,,157,0,1
191,MUTANT_ANNOTATED_SINGLE_METHOD,ATTACK_DEFAULT,115,5,,,0,1
192,MUTANT_ANNOTATED_SINGLE_METHOD,ATTACK_DEPENDENCIES,115,5,150,,0,1
193,TEST_FULL_SUITE_PLUS_DEFAULT,DEFEND_ONE_FROM_MANY,115,6,,158,0,1
194,TEST_FULL_SUITE_PLUS_DEFAULT,DEFEND_ONE_FROM_MANY,115,6,,159,0,1
195,MUTANT_ANNOTATED_SINGLE_METHOD,ATTACK_DEFAULT,115,5,,,0,1
196,MUTANT_ANNOTATED_SINGLE_METHOD,ATTACK_DEPENDENCIES,115,5,151,,0,1
197,TEST_FULL_SUITE_PLUS_DEFAULT,DEFEND_ONE_FROM_MANY,115,6,,160,0,1
198,MUTANT_ANNOTATED_SINGLE_METHOD,ATTACK_DEFAULT,115,5,,,0,1
199,MUTANT_ANNOTATED_SINGLE_METHOD,ATTACK_DEPENDENCIES,115,5,152,,0,1
200,TEST_FULL_SUITE_PLUS_DEFAULT,DEFEND_ONE_FROM_MANY,115,6,,161,0,1
201,MUTANT_ANNOTATED_SINGLE_METHOD,ATTACK_DEFAULT,115,5,,,0,1
202,MUTANT_ANNOTATED_SINGLE_METHOD,ATTACK_DEPENDENCIES,115,5,153,,0,1
203,TEST_FULL_SUITE_PLUS_DEFAULT,DEFEND_ONE_FROM_MANY,115,6,,162,0,1
204,MUTANT_ANNOTATED_SINGLE_METHOD,ATTACK_DEFAULT,115,5,,,0,1
205,MUTANT_ANNOTATED_SINGLE_METHOD,ATTACK_DEPENDENCIES,115,5,,,1,0
206,MUTANT_ANNOTATED_SINGLE_METHOD,ATTACK_DEFAULT,116,5,,,0,1
207,TEST_FULL_SUITE_PLUS_DEFAULT,DEFEND_DEFAULT,116,6,,,0,1
208,MUTANT_ANNOTATED_SINGLE_METHOD,ATTACK_DEPENDENCIES,116,5,154,,0,1
209,TEST_FULL_SUITE_PLUS_DEFAULT,DEFEND_ONE_FROM_MANY,115,6,,163,1,0
210,TEST_FULL_SUITE_PLUS_DEFAULT,DEFEND_ONE_FROM_MANY,116,6,,,0,1
211,TEST_FULL_SUITE_PLUS_DEFAULT,DEFEND_ONE_FROM_MANY,116,6,,164,1,0
212,MUTANT_ANNOTATED_SINGLE_METHOD,ATTACK_DEFAULT,117,5,,,0,1
213,MUTANT_ANNOTATED_SINGLE_METHOD,ATTACK_DEFAULT,119,5,,,0,1
214,MUTANT_ANNOTATED_SINGLE_METHOD,ATTACK_DEFAULT,121,5,,,0,1
215,MUTANT_ANNOTATED_SINGLE_METHOD,ATTACK_DEFAULT,120,5,,,0,1
216,MUTANT_ANNOTATED_SINGLE_METHOD,ATTACK_DEFAULT,118,5,,,0,1
217,MUTANT_ANNOTATED_SINGLE_METHOD,ATTACK_DEFAULT,123,5,,,0,1
218,TEST_FULL_SUITE_PLUS_DEFAULT,DEFEND_DEFAULT,118,6,,,0,1
219,MUTANT_ANNOTATED_SINGLE_METHOD,ATTACK_DEFAULT,122,5,,,0,1
220,MUTANT_ANNOTATED_SINGLE_METHOD,ATTACK_DEFAULT,124,5,,,0,1
221,TEST_FULL_SUITE_PLUS_DEFAULT,DEFEND_DEFAULT,120,6,,,0,1
222,TEST_FULL_SUITE_PLUS_DEFAULT,DEFEND_DEFAULT,121,6,,,0,1
223,TEST_FULL_SUITE_PLUS_DEFAULT,DEFEND_DEFAULT,123,6,,,0,1
224,TEST_FULL_SUITE_PLUS_DEFAULT,DEFEND_DEFAULT,117,6,,,0,1
225,TEST_FULL_SUITE_PLUS_DEFAULT,DEFEND_DEFAULT,119,6,,,0,1
226,TEST_FULL_SUITE_PLUS_DEFAULT,DEFEND_DEFAULT,122,6,,,0,1
227,TEST_FULL_SUITE_PLUS_DEFAULT,DEFEND_DEFAULT,124,6,,,0,1
228,MUTANT_ANNOTATED_SINGLE_METHOD,ATTACK_DEPENDENCIES,122,5,158,,0,1
229,MUTANT_ANNOTATED_SINGLE_METHOD,ATTACK_DEPENDENCIES,118,5,162,,0,1
230,MUTANT_ANNOTATED_SINGLE_METHOD,ATTACK_DEPENDENCIES,119,5,160,,0,1
231,MUTANT_ANNOTATED_SINGLE_METHOD,ATTACK_DEPENDENCIES,123,5,156,,0,1
232,MUTANT_ANNOTATED_SINGLE_METHOD,ATTACK_DEPENDENCIES,117,5,157,,0,1
233,MUTANT_ANNOTATED_SINGLE_METHOD,ATTACK_DEPENDENCIES,121,5,155,,0,1
234,MUTANT_ANNOTATED_SINGLE_METHOD,ATTACK_DEPENDENCIES,120,5,161,,0,1
235,MUTANT_ANNOTATED_SINGLE_METHOD,ATTACK_DEPENDENCIES,124,5,159,,0,1
236,TEST_FULL_SUITE_PLUS_DEFAULT,DEFEND_ONE_FROM_MANY,118,6,,,0,1
237,TEST_FULL_SUITE_PLUS_DEFAULT,DEFEND_ONE_FROM_MANY,123,6,,,0,1
238,TEST_FULL_SUITE_PLUS_DEFAULT,DEFEND_ONE_FROM_MANY,119,6,,,0,1
239,TEST_FULL_SUITE_PLUS_DEFAULT,DEFEND_ONE_FROM_MANY,121,6,,,0,1
240,TEST_FULL_SUITE_PLUS_DEFAULT,DEFEND_ONE_FROM_MANY,117,6,,,0,1
241,TEST_FULL_SUITE_PLUS_DEFAULT,DEFEND_ONE_FROM_MANY,122,6,,,0,1
242,TEST_FULL_SUITE_PLUS_DEFAULT,DEFEND_ONE_FROM_MANY,124,6,,,0,1
243,TEST_FULL_SUITE_PLUS_DEFAULT,DEFEND_ONE_FROM_MANY,120,6,,,0,1
244,TEST_FULL_SUITE_PLUS_DEFAULT,DEFEND_ONE_FROM_MANY,123,6,,166,0,1
245,TEST_FULL_SUITE_PLUS_DEFAULT,DEFEND_ONE_FROM_MANY,118,6,,165,0,1
246,MUTANT_ANNOTATED_SINGLE_METHOD,ATTACK_DEFAULT,121,5,,,0,1
247,MUTANT_ANNOTATED_SINGLE_METHOD,ATTACK_DEFAULT,122,5,,,0,1
248,MUTANT_ANNOTATED_SINGLE_METHOD,ATTACK_DEFAULT,117,5,,,0,1
249,MUTANT_ANNOTATED_SINGLE_METHOD,ATTACK_DEFAULT,123,5,,,0,1
250,TEST_FULL_SUITE_PLUS_DEFAULT,DEFEND_ONE_FROM_MANY,119,6,,167,0,1
251,MUTANT_ANNOTATED_SINGLE_METHOD,ATTACK_DEPENDENCIES,121,5,163,,0,1
252,MUTANT_ANNOTATED_SINGLE_METHOD,ATTACK_DEPENDENCIES,123,5,169,,0,1
253,MUTANT_ANNOTATED_SINGLE_METHOD,ATTACK_DEPENDENCIES,117,5,164,,0,1
254,MUTANT_ANNOTATED_SINGLE_METHOD,ATTACK_DEPENDENCIES,122,5,168,,0,1
255,MUTANT_ANNOTATED_SINGLE_METHOD,ATTACK_DEFAULT,124,5,,,0,1
256,MUTANT_ANNOTATED_SINGLE_METHOD,ATTACK_DEPENDENCIES,124,5,165,,0,1
257,MUTANT_ANNOTATED_SINGLE_METHOD,ATTACK_DEFAULT,119,5,,,0,1
258,MUTANT_ANNOTATED_SINGLE_METHOD,ATTACK_DEFAULT,120,5,,,0,1
259,TEST_FULL_SUITE_PLUS_DEFAULT,DEFEND_ONE_FROM_MANY,117,6,,170,0,1
260,MUTANT_ANNOTATED_SINGLE_METHOD,ATTACK_DEPENDENCIES,119,5,166,,0,1
261,MUTANT_ANNOTATED_SINGLE_METHOD,ATTACK_DEPENDENCIES,120,5,167,,0,1
262,TEST_FULL_SUITE_PLUS_DEFAULT,DEFEND_ONE_FROM_MANY,122,6,,169,0,1
263,TEST_FULL_SUITE_PLUS_DEFAULT,DEFEND_ONE_FROM_MANY,124,6,,171,0,1
264,TEST_FULL_SUITE_PLUS_DEFAULT,DEFEND_ONE_FROM_MANY,120,6,,172,0,1
265,TEST_FULL_SUITE_PLUS_DEFAULT,DEFEND_ONE_FROM_MANY,121,6,,168,0,1
266,MUTANT_ANNOTATED_SINGLE_METHOD,ATTACK_DEFAULT,118,5,,,0,1
267,TEST_FULL_SUITE_PLUS_DEFAULT,DEFEND_ONE_FROM_MANY,123,6,,173,0,1
268,MUTANT_ANNOTATED_SINGLE_METHOD,ATTACK_DEPENDENCIES,118,5,170,,0,1
269,TEST_FULL_SUITE_PLUS_DEFAULT,DEFEND_ONE_FROM_MANY,118,6,,174,0,1
270,TEST_FULL_SUITE_PLUS_DEFAULT,DEFEND_ONE_FROM_MANY,122,6,,176,0,1
271,TEST_FULL_SUITE_PLUS_DEFAULT,DEFEND_ONE_FROM_MANY,119,6,,175,0,1
272,TEST_FULL_SUITE_PLUS_DEFAULT,DEFEND_ONE_FROM_MANY,117,6,,177,0,1
273,TEST_FULL_SUITE_PLUS_DEFAULT,DEFEND_ONE_FROM_MANY,124,6,,179,0,1
274,TEST_FULL_SUITE_PLUS_DEFAULT,DEFEND_ONE_FROM_MANY,120,6,,178,0,1
275,TEST_FULL_SUITE_PLUS_DEFAULT,DEFEND_ONE_FROM_MANY,121,6,,180,0,1
276,MUTANT_ANNOTATED_SINGLE_METHOD,ATTACK_DEFAULT,117,5,,,0,1
277,MUTANT_ANNOTATED_SINGLE_METHOD,ATTACK_DEFAULT,121,5,,,0,1
278,MUTANT_ANNOTATED_SINGLE_METHOD,ATTACK_DEPENDENCIES,117,5,177,,0,1
279,MUTANT_ANNOTATED_SINGLE_METHOD,ATTACK_DEPENDENCIES,121,5,171,,0,1
280,MUTANT_ANNOTATED_SINGLE_METHOD,ATTACK_DEFAULT,124,5,,,0,1
281,MUTANT_ANNOTATED_SINGLE_METHOD,ATTACK_DEPENDENCIES,124,5,172,,0,1
282,MUTANT_ANNOTATED_SINGLE_METHOD,ATTACK_DEFAULT,119,5,,,0,1
283,MUTANT_ANNOTATED_SINGLE_METHOD,ATTACK_DEFAULT,120,5,,,0,1
284,MUTANT_ANNOTATED_SINGLE_METHOD,ATTACK_DEPENDENCIES,119,5,173,,0,1
285,MUTANT_ANNOTATED_SINGLE_METHOD,ATTACK_DEPENDENCIES,120,5,174,,0,1
286,TEST_FULL_SUITE_PLUS_DEFAULT,DEFEND_ONE_FROM_MANY,123,6,,181,0,1
287,TEST_FULL_SUITE_PLUS_DEFAULT,DEFEND_ONE_FROM_MANY,118,6,,182,0,1
288,TEST_FULL_SUITE_PLUS_DEFAULT,DEFEND_ONE_FROM_MANY,119,6,,183,0,1
289,TEST_FULL_SUITE_PLUS_DEFAULT,DEFEND_ONE_FROM_MANY,122,6,,184,0,1
290,TEST_FULL_SUITE_PLUS_DEFAULT,DEFEND_ONE_FROM_MANY,117,6,,185,0,1
291,MUTANT_ANNOTATED_SINGLE_METHOD,ATTACK_DEFAULT,122,5,,,0,1
292,MUTANT_ANNOTATED_SINGLE_METHOD,ATTACK_DEFAULT,123,5,,,0,1
293,MUTANT_ANNOTATED_SINGLE_METHOD,ATTACK_DEFAULT,118,5,,,0,1
294,TEST_FULL_SUITE_PLUS_DEFAULT,DEFEND_ONE_FROM_MANY,124,6,,186,0,1
295,MUTANT_ANNOTATED_SINGLE_METHOD,ATTACK_DEPENDENCIES,122,5,178,,0,1
296,TEST_FULL_SUITE_PLUS_DEFAULT,DEFEND_ONE_FROM_MANY,120,6,,187,0,1
297,MUTANT_ANNOTATED_SINGLE_METHOD,ATTACK_DEPENDENCIES,123,5,175,,0,1
298,MUTANT_ANNOTATED_SINGLE_METHOD,ATTACK_DEPENDENCIES,118,5,176,,0,1
299,TEST_FULL_SUITE_PLUS_DEFAULT,DEFEND_ONE_FROM_MANY,121,6,,188,0,1
300,MUTANT_ANNOTATED_SINGLE_METHOD,ATTACK_DEFAULT,121,5,,,0,1
301,MUTANT_ANNOTATED_SINGLE_METHOD,ATTACK_DEPENDENCIES,121,5,179,,0,1
302,MUTANT_ANNOTATED_SINGLE_METHOD,ATTACK_DEFAULT,124,5,,,0,1
303,MUTANT_ANNOTATED_SINGLE_METHOD,ATTACK_DEPENDENCIES,124,5,180,,0,1
304,MUTANT_ANNOTATED_SINGLE_METHOD,ATTACK_DEFAULT,119,5,,,0,1
305,MUTANT_ANNOTATED_SINGLE_METHOD,ATTACK_DEFAULT,120,5,,,0,1
306,MUTANT_ANNOTATED_SINGLE_METHOD,ATTACK_DEPENDENCIES,119,5,181,,0,1
307,MUTANT_ANNOTATED_SINGLE_METHOD,ATTACK_DEPENDENCIES,120,5,182,,0,1
308,TEST_FULL_SUITE_PLUS_DEFAULT,DEFEND_ONE_FROM_MANY,119,6,,191,0,1
309,MUTANT_ANNOTATED_SINGLE_METHOD,ATTACK_DEFAULT,123,5,,,0,1
310,MUTANT_ANNOTATED_SINGLE_METHOD,ATTACK_DEFAULT,117,5,,,0,1
311,TEST_FULL_SUITE_PLUS_DEFAULT,DEFEND_ONE_FROM_MANY,117,6,,192,0,1
312,MUTANT_ANNOTATED_SINGLE_METHOD,ATTACK_DEPENDENCIES,123,5,185,,0,1
313,MUTANT_ANNOTATED_SINGLE_METHOD,ATTACK_DEPENDENCIES,117,5,184,,0,1
314,MUTANT_ANNOTATED_SINGLE_METHOD,ATTACK_DEFAULT,118,5,,,0,1
315,TEST_FULL_SUITE_PLUS_DEFAULT,DEFEND_ONE_FROM_MANY,123,6,,190,0,1
316,TEST_FULL_SUITE_PLUS_DEFAULT,DEFEND_ONE_FROM_MANY,122,6,,193,0,1
317,MUTANT_ANNOTATED_SINGLE_METHOD,ATTACK_DEPENDENCIES,118,5,183,,0,1
318,TEST_FULL_SUITE_PLUS_DEFAULT,DEFEND_ONE_FROM_MANY,124,6,,194,0,1
319,TEST_FULL_SUITE_PLUS_DEFAULT,DEFEND_ONE_FROM_MANY,120,6,,195,0,1
320,TEST_FULL_SUITE_PLUS_DEFAULT,DEFEND_ONE_FROM_MANY,121,6,,196,0,1
321,TEST_FULL_SUITE_PLUS_DEFAULT,DEFEND_ONE_FROM_MANY,118,6,,189,0,1
322,MUTANT_ANNOTATED_SINGLE_METHOD,ATTACK_DEFAULT,121,5,,,0,1
323,MUTANT_ANNOTATED_SINGLE_METHOD,ATTACK_DEFAULT,122,5,,,0,1
324,MUTANT_ANNOTATED_SINGLE_METHOD,ATTACK_DEPENDENCIES,121,5,189,,0,1
325,MUTANT_ANNOTATED_SINGLE_METHOD,ATTACK_DEPENDENCIES,122,5,186,,0,1
326,MUTANT_ANNOTATED_SINGLE_METHOD,ATTACK_DEFAULT,124,5,,,0,1
327,MUTANT_ANNOTATED_SINGLE_METHOD,ATTACK_DEPENDENCIES,124,5,191,,0,1
328,MUTANT_ANNOTATED_SINGLE_METHOD,ATTACK_DEFAULT,119,5,,,0,1
329,MUTANT_ANNOTATED_SINGLE_METHOD,ATTACK_DEFAULT,120,5,,,0,1
330,MUTANT_ANNOTATED_SINGLE_METHOD,ATTACK_DEPENDENCIES,119,5,187,,0,1
331,MUTANT_ANNOTATED_SINGLE_METHOD,ATTACK_DEPENDENCIES,120,5,188,,0,1
332,TEST_FULL_SUITE_PLUS_DEFAULT,DEFEND_ONE_FROM_MANY,118,6,,197,0,1
333,TEST_FULL_SUITE_PLUS_DEFAULT,DEFEND_ONE_FROM_MANY,123,6,,198,0,1
334,TEST_FULL_SUITE_PLUS_DEFAULT,DEFEND_ONE_FROM_MANY,119,6,,199,0,1
335,TEST_FULL_SUITE_PLUS_DEFAULT,DEFEND_ONE_FROM_MANY,117,6,,200,0,1
336,MUTANT_ANNOTATED_SINGLE_METHOD,ATTACK_DEFAULT,117,5,,,0,1
337,TEST_FULL_SUITE_PLUS_DEFAULT,DEFEND_ONE_FROM_MANY,122,6,,201,0,1
338,MUTANT_ANNOTATED_SINGLE_METHOD,ATTACK_DEPENDENCIES,117,5,192,,0,1
339,MUTANT_ANNOTATED_SINGLE_METHOD,ATTACK_DEFAULT,118,5,,,0,1
340,TEST_FULL_SUITE_PLUS_DEFAULT,DEFEND_ONE_FROM_MANY,124,6,,202,0,1
341,TEST_FULL_SUITE_PLUS_DEFAULT,DEFEND_ONE_FROM_MANY,120,6,,203,0,1
342,MUTANT_ANNOTATED_SINGLE_METHOD,ATTACK_DEPENDENCIES,118,5,190,,0,1
343,TEST_FULL_SUITE_PLUS_DEFAULT,DEFEND_ONE_FROM_MANY,121,6,,204,0,1
344,MUTANT_ANNOTATED_SINGLE_METHOD,ATTACK_DEFAULT,123,5,,,0,1
345,MUTANT_ANNOTATED_SINGLE_METHOD,ATTACK_DEFAULT,122,5,,,0,1
346,MUTANT_ANNOTATED_SINGLE_METHOD,ATTACK_DEPENDENCIES,123,5,195,,0,1
347,MUTANT_ANNOTATED_SINGLE_METHOD,ATTACK_DEPENDENCIES,122,5,199,,0,1
348,MUTANT_ANNOTATED_SINGLE_METHOD,ATTACK_DEFAULT,119,5,,,0,1
349,MUTANT_ANNOTATED_SINGLE_METHOD,ATTACK_DEFAULT,120,5,,,0,1
350,MUTANT_ANNOTATED_SINGLE_METHOD,ATTACK_DEPENDENCIES,119,5,193,,0,1
351,MUTANT_ANNOTATED_SINGLE_METHOD,ATTACK_DEPENDENCIES,120,5,194,,0,1
352,TEST_FULL_SUITE_PLUS_DEFAULT,DEFEND_ONE_FROM_MANY,123,6,,205,0,1
353,TEST_FULL_SUITE_PLUS_DEFAULT,DEFEND_ONE_FROM_MANY,118,6,,206,0,1
354,TEST_FULL_SUITE_PLUS_DEFAULT,DEFEND_ONE_FROM_MANY,119,6,,207,0,1
355,TEST_FULL_SUITE_PLUS_DEFAULT,DEFEND_ONE_FROM_MANY,117,6,,208,0,1
356,TEST_FULL_SUITE_PLUS_DEFAULT,DEFEND_ONE_FROM_MANY,122,6,,209,0,1
357,TEST_FULL_SUITE_PLUS_DEFAULT,DEFEND_ONE_FROM_MANY,124,6,,210,0,1
358,MUTANT_ANNOTATED_SINGLE_METHOD,ATTACK_DEFAULT,121,5,,,0,1
359,TEST_FULL_SUITE_PLUS_DEFAULT,DEFEND_ONE_FROM_MANY,120,6,,211,0,1
360,TEST_FULL_SUITE_PLUS_DEFAULT,DEFEND_ONE_FROM_MANY,121,6,,212,0,1
361,MUTANT_ANNOTATED_SINGLE_METHOD,ATTACK_DEPENDENCIES,121,5,198,,0,1
362,MUTANT_ANNOTATED_SINGLE_METHOD,ATTACK_DEFAULT,118,5,,,0,1
363,MUTANT_ANNOTATED_SINGLE_METHOD,ATTACK_DEFAULT,124,5,,,0,1
364,MUTANT_ANNOTATED_SINGLE_METHOD,ATTACK_DEPENDENCIES,118,5,196,,0,1
365,MUTANT_ANNOTATED_SINGLE_METHOD,ATTACK_DEPENDENCIES,124,5,197,,0,1
366,MUTANT_ANNOTATED_SINGLE_METHOD,ATTACK_DEFAULT,117,5,,,0,1
367,MUTANT_ANNOTATED_SINGLE_METHOD,ATTACK_DEPENDENCIES,117,5,202,,0,1
368,MUTANT_ANNOTATED_SINGLE_METHOD,ATTACK_DEFAULT,119,5,,,0,1
369,MUTANT_ANNOTATED_SINGLE_METHOD,ATTACK_DEFAULT,120,5,,,0,1
370,MUTANT_ANNOTATED_SINGLE_METHOD,ATTACK_DEPENDENCIES,119,5,200,,0,1
371,MUTANT_ANNOTATED_SINGLE_METHOD,ATTACK_DEPENDENCIES,120,5,201,,0,1
372,TEST_FULL_SUITE_PLUS_DEFAULT,DEFEND_ONE_FROM_MANY,123,6,,214,0,1
373,TEST_FULL_SUITE_PLUS_DEFAULT,DEFEND_ONE_FROM_MANY,118,6,,213,0,1
374,TEST_FULL_SUITE_PLUS_DEFAULT,DEFEND_ONE_FROM_MANY,119,6,,215,0,1
375,TEST_FULL_SUITE_PLUS_DEFAULT,DEFEND_ONE_FROM_MANY,117,6,,216,0,1
376,TEST_FULL_SUITE_PLUS_DEFAULT,DEFEND_ONE_FROM_MANY,122,6,,217,0,1
377,TEST_FULL_SUITE_PLUS_DEFAULT,DEFEND_ONE_FROM_MANY,124,6,,218,0,1
378,TEST_FULL_SUITE_PLUS_DEFAULT,DEFEND_ONE_FROM_MANY,120,6,,219,0,1
379,TEST_FULL_SUITE_PLUS_DEFAULT,DEFEND_ONE_FROM_MANY,121,6,,244,0,1
380,MUTANT_ANNOTATED_SINGLE_METHOD,ATTACK_DEFAULT,123,5,,,0,1
381,MUTANT_ANNOTATED_SINGLE_METHOD,ATTACK_DEPENDENCIES,123,5,204,,0,1
382,MUTANT_ANNOTATED_SINGLE_METHOD,ATTACK_DEFAULT,118,5,,,0,1
383,MUTANT_ANNOTATED_SINGLE_METHOD,ATTACK_DEFAULT,124,5,,,0,1
384,MUTANT_ANNOTATED_SINGLE_METHOD,ATTACK_DEPENDENCIES,124,5,206,,0,1
385,MUTANT_ANNOTATED_SINGLE_METHOD,ATTACK_DEPENDENCIES,118,5,203,,0,1
386,MUTANT_ANNOTATED_SINGLE_METHOD,ATTACK_DEFAULT,121,5,,,0,1
387,MUTANT_ANNOTATED_SINGLE_METHOD,ATTACK_DEFAULT,122,5,,,0,1
388,MUTANT_ANNOTATED_SINGLE_METHOD,ATTACK_DEPENDENCIES,121,5,209,,0,1
389,MUTANT_ANNOTATED_SINGLE_METHOD,ATTACK_DEPENDENCIES,122,5,208,,0,1
390,MUTANT_ANNOTATED_SINGLE_METHOD,ATTACK_DEFAULT,119,5,,,0,1
391,MUTANT_ANNOTATED_SINGLE_METHOD,ATTACK_DEFAULT,120,5,,,0,1
392,MUTANT_ANNOTATED_SINGLE_METHOD,ATTACK_DEPENDENCIES,119,5,207,,0,1
393,MUTANT_ANNOTATED_SINGLE_METHOD,ATTACK_DEPENDENCIES,120,5,205,,0,1
394,TEST_FULL_SUITE_PLUS_DEFAULT,DEFEND_ONE_FROM_MANY,118,6,,221,0,1
395,TEST_FULL_SUITE_PLUS_DEFAULT,DEFEND_ONE_FROM_MANY,123,6,,239,0,1
396,TEST_FULL_SUITE_PLUS_DEFAULT,DEFEND_ONE_FROM_MANY,119,6,,223,0,1
397,TEST_FULL_SUITE_PLUS_DEFAULT,DEFEND_ONE_FROM_MANY,117,6,,224,0,1
398,TEST_FULL_SUITE_PLUS_DEFAULT,DEFEND_ONE_FROM_MANY,124,6,,225,0,1
399,TEST_FULL_SUITE_PLUS_DEFAULT,DEFEND_ONE_FROM_MANY,122,6,,226,0,1
400,TEST_FULL_SUITE_PLUS_DEFAULT,DEFEND_ONE_FROM_MANY,120,6,,227,0,1
401,MUTANT_ANNOTATED_SINGLE_METHOD,ATTACK_DEFAULT,117,5,,,0,1
402,MUTANT_ANNOTATED_SINGLE_METHOD,ATTACK_DEPENDENCIES,117,5,210,,0,1
403,MUTANT_ANNOTATED_SINGLE_METHOD,ATTACK_DEFAULT,118,5,,,0,1
404,MUTANT_ANNOTATED_SINGLE_METHOD,ATTACK_DEPENDENCIES,118,5,214,,0,1
405,MUTANT_ANNOTATED_SINGLE_METHOD,ATTACK_DEFAULT,123,5,,,0,1
406,MUTANT_ANNOTATED_SINGLE_METHOD,ATTACK_DEPENDENCIES,123,5,215,,0,1
407,MUTANT_ANNOTATED_SINGLE_METHOD,ATTACK_DEFAULT,124,5,,,0,1
408,MUTANT_ANNOTATED_SINGLE_METHOD,ATTACK_DEPENDENCIES,124,5,212,,0,1
409,MUTANT_ANNOTATED_SINGLE_METHOD,ATTACK_DEFAULT,119,5,,,0,1
410,MUTANT_ANNOTATED_SINGLE_METHOD,ATTACK_DEFAULT,120,5,,,0,1
411,MUTANT_ANNOTATED_SINGLE_METHOD,ATTACK_DEPENDENCIES,119,5,211,,0,1
412,MUTANT_ANNOTATED_SINGLE_METHOD,ATTACK_DEPENDENCIES,120,5,213,,0,1
413,TEST_FULL_SUITE_PLUS_DEFAULT,DEFEND_ONE_FROM_MANY,118,6,,229,0,1
414,TEST_FULL_SUITE_PLUS_DEFAULT,DEFEND_ONE_FROM_MANY,119,6,,230,0,1
415,TEST_FULL_SUITE_PLUS_DEFAULT,DEFEND_ONE_FROM_MANY,122,6,,232,0,1
416,TEST_FULL_SUITE_PLUS_DEFAULT,DEFEND_ONE_FROM_MANY,117,6,,258,0,1
417,TEST_FULL_SUITE_PLUS_DEFAULT,DEFEND_ONE_FROM_MANY,124,6,,234,0,1
418,TEST_FULL_SUITE_PLUS_DEFAULT,DEFEND_ONE_FROM_MANY,120,6,,235,0,1
419,MUTANT_ANNOTATED_SINGLE_METHOD,ATTACK_DEFAULT,121,5,,,0,1
420,MUTANT_ANNOTATED_SINGLE_METHOD,ATTACK_DEFAULT,122,5,,,0,1
421,MUTANT_ANNOTATED_SINGLE_METHOD,ATTACK_DEPENDENCIES,121,5,221,,0,1
422,MUTANT_ANNOTATED_SINGLE_METHOD,ATTACK_DEPENDENCIES,122,5,216,,0,1
423,MUTANT_ANNOTATED_SINGLE_METHOD,ATTACK_DEFAULT,117,5,,,0,1
424,MUTANT_ANNOTATED_SINGLE_METHOD,ATTACK_DEPENDENCIES,117,5,223,,0,1
425,MUTANT_ANNOTATED_SINGLE_METHOD,ATTACK_DEFAULT,118,5,,,0,1
426,MUTANT_ANNOTATED_SINGLE_METHOD,ATTACK_DEFAULT,124,5,,,0,1
427,MUTANT_ANNOTATED_SINGLE_METHOD,ATTACK_DEPENDENCIES,118,5,219,,0,1
428,MUTANT_ANNOTATED_SINGLE_METHOD,ATTACK_DEPENDENCIES,124,5,217,,0,1
429,MUTANT_ANNOTATED_SINGLE_METHOD,ATTACK_DEFAULT,119,5,,,0,1
430,MUTANT_ANNOTATED_SINGLE_METHOD,ATTACK_DEFAULT,120,5,,,0,1
431,MUTANT_ANNOTATED_SINGLE_METHOD,ATTACK_DEPENDENCIES,119,5,218,,0,1
432,TEST_FULL_SUITE_PLUS_DEFAULT,DEFEND_ONE_FROM_MANY,118,6,,237,0,1
433,MUTANT_ANNOTATED_SINGLE_METHOD,ATTACK_DEPENDENCIES,120,5,220,,0,1
434,TEST_FULL_SUITE_PLUS_DEFAULT,DEFEND_ONE_FROM_MANY,119,6,,238,0,1
435,TEST_FULL_SUITE_PLUS_DEFAULT,DEFEND_ONE_FROM_MANY,122,6,,240,0,1
436,TEST_FULL_SUITE_PLUS_DEFAULT,DEFEND_ONE_FROM_MANY,124,6,,242,0,1
437,TEST_FULL_SUITE_PLUS_DEFAULT,DEFEND_ONE_FROM_MANY,120,6,,243,0,1
438,MUTANT_ANNOTATED_SINGLE_METHOD,ATTACK_DEFAULT,123,5,,,0,1
439,MUTANT_ANNOTATED_SINGLE_METHOD,ATTACK_DEPENDENCIES,123,5,222,,0,1
440,MUTANT_ANNOTATED_SINGLE_METHOD,ATTACK_DEFAULT,122,5,,,0,1
441,TEST_FULL_SUITE_PLUS_DEFAULT,DEFEND_ONE_FROM_MANY,123,6,,,0,1
442,MUTANT_ANNOTATED_SINGLE_METHOD,ATTACK_DEPENDENCIES,122,5,228,,0,1
443,MUTANT_ANNOTATED_SINGLE_METHOD,ATTACK_DEFAULT,118,5,,,0,1
444,MUTANT_ANNOTATED_SINGLE_METHOD,ATTACK_DEFAULT,124,5,,,0,1
445,MUTANT_ANNOTATED_SINGLE_METHOD,ATTACK_DEPENDENCIES,118,5,226,,0,1
446,MUTANT_ANNOTATED_SINGLE_METHOD,ATTACK_DEPENDENCIES,124,5,225,,0,1
447,MUTANT_ANNOTATED_SINGLE_METHOD,ATTACK_DEFAULT,119,5,,,0,1
448,MUTANT_ANNOTATED_SINGLE_METHOD,ATTACK_DEFAULT,120,5,,,0,1
449,MUTANT_ANNOTATED_SINGLE_METHOD,ATTACK_DEPENDENCIES,119,5,227,,0,1
450,MUTANT_ANNOTATED_SINGLE_METHOD,ATTACK_DEPENDENCIES,120,5,224,,0,1
451,TEST_FULL_SUITE_PLUS_DEFAULT,DEFEND_ONE_FROM_MANY,118,6,,246,0,1
452,TEST_FULL_SUITE_PLUS_DEFAULT,DEFEND_ONE_FROM_MANY,121,6,,,0,1
453,TEST_FULL_SUITE_PLUS_DEFAULT,DEFEND_ONE_FROM_MANY,124,6,,250,0,1
454,MUTANT_ANNOTATED_SINGLE_METHOD,ATTACK_DEFAULT,121,5,,,0,1
455,TEST_FULL_SUITE_PLUS_DEFAULT,DEFEND_ONE_FROM_MANY,120,6,,251,0,1
456,TEST_FULL_SUITE_PLUS_DEFAULT,DEFEND_ONE_FROM_MANY,123,6,,245,0,1
457,TEST_FULL_SUITE_PLUS_DEFAULT,DEFEND_ONE_FROM_MANY,119,6,,247,0,1
458,TEST_FULL_SUITE_PLUS_DEFAULT,DEFEND_ONE_FROM_MANY,122,6,,248,0,1
459,MUTANT_ANNOTATED_SINGLE_METHOD,ATTACK_DEFAULT,117,5,,,0,1
460,MUTANT_ANNOTATED_SINGLE_METHOD,ATTACK_DEPENDENCIES,121,5,229,,0,1
461,TEST_FULL_SUITE_PLUS_DEFAULT,DEFEND_ONE_FROM_MANY,121,6,,252,0,1
462,MUTANT_ANNOTATED_SINGLE_METHOD,ATTACK_DEPENDENCIES,117,5,234,,0,1
463,MUTANT_ANNOTATED_SINGLE_METHOD,ATTACK_DEFAULT,118,5,,,0,1
464,MUTANT_ANNOTATED_SINGLE_METHOD,ATTACK_DEFAULT,123,5,,,0,1
465,MUTANT_ANNOTATED_SINGLE_METHOD,ATTACK_DEFAULT,124,5,,,0,1
466,MUTANT_ANNOTATED_SINGLE_METHOD,ATTACK_DEPENDENCIES,118,5,232,,0,1
467,MUTANT_ANNOTATED_SINGLE_METHOD,ATTACK_DEPENDENCIES,123,5,230,,0,1
468,MUTANT_ANNOTATED_SINGLE_METHOD,ATTACK_DEPENDENCIES,124,5,231,,0,1
469,MUTANT_ANNOTATED_SINGLE_METHOD,ATTACK_DEFAULT,120,5,,,0,1
470,MUTANT_ANNOTATED_SINGLE_METHOD,ATTACK_DEPENDENCIES,120,5,235,,0,1
471,MUTANT_ANNOTATED_SINGLE_METHOD,ATTACK_DEFAULT,119,5,,,0,1
472,TEST_FULL_SUITE_PLUS_DEFAULT,DEFEND_ONE_FROM_MANY,118,6,,254,0,1
473,MUTANT_ANNOTATED_SINGLE_METHOD,ATTACK_DEPENDENCIES,119,5,233,,0,1
474,MUTANT_ANNOTATED_SINGLE_METHOD,ATTACK_DEFAULT,122,5,,,0,1
475,MUTANT_ANNOTATED_SINGLE_METHOD,ATTACK_DEFAULT,121,5,,,0,1
476,MUTANT_ANNOTATED_SINGLE_METHOD,ATTACK_DEPENDENCIES,122,5,236,,0,1
477,MUTANT_ANNOTATED_SINGLE_METHOD,ATTACK_DEPENDENCIES,121,5,237,,0,1
478,TEST_FULL_SUITE_PLUS_DEFAULT,DEFEND_ONE_FROM_MANY,120,6,,259,0,1
479,TEST_FULL_SUITE_PLUS_DEFAULT,DEFEND_ONE_FROM_MANY,123,6,,253,0,1
480,TEST_FULL_SUITE_PLUS_DEFAULT,DEFEND_ONE_FROM_MANY,119,6,,255,0,1
481,TEST_FULL_SUITE_PLUS_DEFAULT,DEFEND_ONE_FROM_MANY,122,6,,257,0,1
482,TEST_FULL_SUITE_PLUS_DEFAULT,DEFEND_ONE_FROM_MANY,124,6,,256,0,1
483,TEST_FULL_SUITE_PLUS_DEFAULT,DEFEND_ONE_FROM_MANY,121,6,,260,0,1
484,MUTANT_ANNOTATED_SINGLE_METHOD,ATTACK_DEFAULT,118,5,,,0,1
485,MUTANT_ANNOTATED_SINGLE_METHOD,ATTACK_DEFAULT,123,5,,,0,1
486,MUTANT_ANNOTATED_SINGLE_METHOD,ATTACK_DEPENDENCIES,118,5,238,,0,1
487,MUTANT_ANNOTATED_SINGLE_METHOD,ATTACK_DEPENDENCIES,123,5,239,,0,1
488,TEST_FULL_SUITE_PLUS_DEFAULT,DEFEND_ONE_FROM_MANY,117,6,,,0,1
489,TEST_FULL_SUITE_PLUS_DEFAULT,DEFEND_ONE_FROM_MANY,118,6,,262,0,1
490,MUTANT_ANNOTATED_SINGLE_METHOD,ATTACK_DEFAULT,124,5,,,0,1
491,MUTANT_ANNOTATED_SINGLE_METHOD,ATTACK_DEPENDENCIES,124,5,241,,0,1
492,MUTANT_ANNOTATED_SINGLE_METHOD,ATTACK_DEFAULT,117,5,,,0,1
493,MUTANT_ANNOTATED_SINGLE_METHOD,ATTACK_DEPENDENCIES,117,5,246,,0,1
494,MUTANT_ANNOTATED_SINGLE_METHOD,ATTACK_DEFAULT,119,5,,,0,1
495,MUTANT_ANNOTATED_SINGLE_METHOD,ATTACK_DEPENDENCIES,119,5,240,,0,1
496,TEST_FULL_SUITE_PLUS_DEFAULT,DEFEND_ONE_FROM_MANY,124,6,,266,0,1
497,TEST_FULL_SUITE_PLUS_DEFAULT,DEFEND_ONE_FROM_MANY,120,6,,267,0,1
498,TEST_FULL_SUITE_PLUS_DEFAULT,DEFEND_ONE_FROM_MANY,123,6,,261,0,1
499,TEST_FULL_SUITE_PLUS_DEFAULT,DEFEND_ONE_FROM_MANY,119,6,,263,0,1
500,MUTANT_ANNOTATED_SINGLE_METHOD,ATTACK_DEFAULT,120,5,,,0,1
501,MUTANT_ANNOTATED_SINGLE_METHOD,ATTACK_DEPENDENCIES,120,5,245,,0,1
502,TEST_FULL_SUITE_PLUS_DEFAULT,DEFEND_ONE_FROM_MANY,117,6,,264,0,1
503,TEST_FULL_SUITE_PLUS_DEFAULT,DEFEND_ONE_FROM_MANY,122,6,,265,0,1
504,MUTANT_ANNOTATED_SINGLE_METHOD,ATTACK_DEFAULT,118,5,,,0,1
505,TEST_FULL_SUITE_PLUS_DEFAULT,DEFEND_ONE_FROM_MANY,121,6,,268,0,1
506,MUTANT_ANNOTATED_SINGLE_METHOD,ATTACK_DEPENDENCIES,118,5,243,,0,1
507,MUTANT_ANNOTATED_SINGLE_METHOD,ATTACK_DEFAULT,122,5,,,0,1
508,MUTANT_ANNOTATED_SINGLE_METHOD,ATTACK_DEPENDENCIES,122,5,242,,0,1
509,TEST_FULL_SUITE_PLUS_DEFAULT,DEFEND_ONE_FROM_MANY,118,6,,270,0,1
510,MUTANT_ANNOTATED_SINGLE_METHOD,ATTACK_DEFAULT,121,5,,,0,1
511,MUTANT_ANNOTATED_SINGLE_METHOD,ATTACK_DEPENDENCIES,121,5,244,,0,1
512,TEST_FULL_SUITE_PLUS_DEFAULT,DEFEND_ONE_FROM_MANY,123,6,,269,0,1
513,TEST_FULL_SUITE_PLUS_DEFAULT,DEFEND_ONE_FROM_MANY,124,6,,274,0,1
514,TEST_FULL_SUITE_PLUS_DEFAULT,DEFEND_ONE_FROM_MANY,120,6,,275,0,1
515,TEST_FULL_SUITE_PLUS_DEFAULT,DEFEND_ONE_FROM_MANY,121,6,,276,0,1
516,MUTANT_ANNOTATED_SINGLE_METHOD,ATTACK_DEFAULT,123,5,,,0,1
517,MUTANT_ANNOTATED_SINGLE_METHOD,ATTACK_DEPENDENCIES,123,5,247,,0,1
518,TEST_FULL_SUITE_PLUS_DEFAULT,DEFEND_ONE_FROM_MANY,119,6,,271,0,1
519,MUTANT_ANNOTATED_SINGLE_METHOD,ATTACK_DEFAULT,119,5,,,0,1
520,MUTANT_ANNOTATED_SINGLE_METHOD,ATTACK_DEFAULT,124,5,,,0,1
521,MUTANT_ANNOTATED_SINGLE_METHOD,ATTACK_DEPENDENCIES,119,5,249,,0,1
522,MUTANT_ANNOTATED_SINGLE_METHOD,ATTACK_DEPENDENCIES,124,5,252,,0,1
523,MUTANT_ANNOTATED_SINGLE_METHOD,ATTACK_DEFAULT,118,5,,,0,1
524,MUTANT_ANNOTATED_SINGLE_METHOD,ATTACK_DEPENDENCIES,118,5,248,,0,1
525,TEST_FULL_SUITE_PLUS_DEFAULT,DEFEND_ONE_FROM_MANY,117,6,,272,0,1
526,TEST_FULL_SUITE_PLUS_DEFAULT,DEFEND_ONE_FROM_MANY,122,6,,273,0,1
527,MUTANT_ANNOTATED_SINGLE_METHOD,ATTACK_DEFAULT,120,5,,,0,1
528,MUTANT_ANNOTATED_SINGLE_METHOD,ATTACK_DEPENDENCIES,120,5,250,,0,1
529,TEST_FULL_SUITE_PLUS_DEFAULT,DEFEND_ONE_FROM_MANY,118,6,,278,0,1
530,TEST_FULL_SUITE_PLUS_DEFAULT,DEFEND_ONE_FROM_MANY,123,6,,277,0,1
531,MUTANT_ANNOTATED_SINGLE_METHOD,ATTACK_DEFAULT,121,5,,,0,1
532,MUTANT_ANNOTATED_SINGLE_METHOD,ATTACK_DEPENDENCIES,121,5,251,,0,1
533,TEST_FULL_SUITE_PLUS_DEFAULT,DEFEND_ONE_FROM_MANY,119,6,,279,0,1
534,MUTANT_ANNOTATED_SINGLE_METHOD,ATTACK_DEFAULT,122,5,,,0,1
535,MUTANT_ANNOTATED_SINGLE_METHOD,ATTACK_DEPENDENCIES,122,5,253,,0,1
536,TEST_FULL_SUITE_PLUS_DEFAULT,DEFEND_ONE_FROM_MANY,120,6,,282,0,1
537,MUTANT_ANNOTATED_SINGLE_METHOD,ATTACK_DEFAULT,117,5,,,0,1
538,MUTANT_ANNOTATED_SINGLE_METHOD,ATTACK_DEPENDENCIES,117,5,254,,0,1
539,TEST_FULL_SUITE_PLUS_DEFAULT,DEFEND_ONE_FROM_MANY,121,6,,284,0,1
540,MUTANT_ANNOTATED_SINGLE_METHOD,ATTACK_DEFAULT,123,5,,,0,1
541,MUTANT_ANNOTATED_SINGLE_METHOD,ATTACK_DEPENDENCIES,123,5,261,,0,1
542,TEST_FULL_SUITE_PLUS_DEFAULT,DEFEND_ONE_FROM_MANY,124,6,,280,0,1
543,TEST_FULL_SUITE_PLUS_DEFAULT,DEFEND_ONE_FROM_MANY,119,6,,287,0,1
544,MUTANT_ANNOTATED_SINGLE_METHOD,ATTACK_DEFAULT,121,5,,,0,1
545,MUTANT_ANNOTATED_SINGLE_METHOD,ATTACK_DEPENDENCIES,121,5,256,,0,1
546,TEST_FULL_SUITE_PLUS_DEFAULT,DEFEND_ONE_FROM_MANY,117,6,,281,0,1
547,TEST_FULL_SUITE_PLUS_DEFAULT,DEFEND_ONE_FROM_MANY,122,6,,283,0,1
548,TEST_FULL_SUITE_PLUS_DEFAULT,DEFEND_ONE_FROM_MANY,120,6,,288,0,1
549,TEST_FULL_SUITE_PLUS_DEFAULT,DEFEND_ONE_FROM_MANY,121,6,,289,0,1
550,MUTANT_ANNOTATED_SINGLE_METHOD,ATTACK_DEFAULT,118,5,,,0,1
551,MUTANT_ANNOTATED_SINGLE_METHOD,ATTACK_DEPENDENCIES,118,5,255,,0,1
552,MUTANT_ANNOTATED_SINGLE_METHOD,ATTACK_DEFAULT,119,5,,,0,1
553,MUTANT_ANNOTATED_SINGLE_METHOD,ATTACK_DEPENDENCIES,119,5,257,,0,1
554,MUTANT_ANNOTATED_SINGLE_METHOD,ATTACK_DEFAULT,120,5,,,0,1
555,MUTANT_ANNOTATED_SINGLE_METHOD,ATTACK_DEPENDENCIES,120,5,259,,0,1
556,MUTANT_ANNOTATED_SINGLE_METHOD,ATTACK_DEFAULT,124,5,,,0,1
557,MUTANT_ANNOTATED_SINGLE_METHOD,ATTACK_DEPENDENCIES,124,5,258,,0,1
558,TEST_FULL_SUITE_PLUS_DEFAULT,DEFEND_ONE_FROM_MANY,118,6,,286,0,1
559,TEST_FULL_SUITE_PLUS_DEFAULT,DEFEND_ONE_FROM_MANY,119,6,,293,0,1
560,TEST_FULL_SUITE_PLUS_DEFAULT,DEFEND_ONE_FROM_MANY,123,6,,285,0,1
561,MUTANT_ANNOTATED_SINGLE_METHOD,ATTACK_EQUIVALENCE,123,5,,,0,1
562,TEST_FULL_SUITE_PLUS_DEFAULT,DEFEND_ONE_FROM_MANY,120,6,,296,0,1
563,TEST_FULL_SUITE_PLUS_DEFAULT,DEFEND_ONE_FROM_MANY,124,6,,290,0,1
564,TEST_FULL_SUITE_PLUS_DEFAULT,DEFEND_ONE_FROM_MANY,121,6,,297,0,1
565,TEST_FULL_SUITE_PLUS_DEFAULT,DEFEND_ONE_FROM_MANY,117,6,,291,0,1
566,TEST_FULL_SUITE_PLUS_DEFAULT,DEFEND_ONE_FROM_MANY,122,6,,292,0,1
567,MUTANT_ANNOTATED_SINGLE_METHOD,ATTACK_DEFAULT,122,5,,,0,1
568,MUTANT_ANNOTATED_SINGLE_METHOD,ATTACK_DEPENDENCIES,122,5,,,1,0
569,MUTANT_ANNOTATED_SINGLE_METHOD,ATTACK_DEFAULT,121,5,,,0,1
570,MUTANT_ANNOTATED_SINGLE_METHOD,ATTACK_DEPENDENCIES,121,5,260,,0,1
571,TEST_FULL_SUITE_PLUS_DEFAULT,DEFEND_ONE_FROM_MANY,122,6,,301,1,0
572,MUTANT_ANNOTATED_SINGLE_METHOD,ATTACK_DEFAULT,120,5,,,0,1
573,MUTANT_ANNOTATED_SINGLE_METHOD,ATTACK_DEPENDENCIES,120,5,,,1,0
574,MUTANT_ANNOTATED_SINGLE_METHOD,ATTACK_DEFAULT,117,5,,,0,1
575,MUTANT_ANNOTATED_SINGLE_METHOD,ATTACK_DEPENDENCIES,117,5,,,1,0
576,TEST_FULL_SUITE_PLUS_DEFAULT,DEFEND_ONE_FROM_MANY,121,6,,304,1,0
577,TEST_FULL_SUITE_PLUS_DEFAULT,DEFEND_ONE_FROM_MANY,118,6,,294,1,0
578,TEST_FULL_SUITE_PLUS_DEFAULT,DEFEND_ONE_FROM_MANY,123,6,,295,1,0
579,TEST_FULL_SUITE_PLUS_DEFAULT,DEFEND_ONE_FROM_MANY,124,6,,299,1,0
580,TEST_FULL_SUITE_PLUS_DEFAULT,DEFEND_ONE_FROM_MANY,117,6,,300,1,0
581,TEST_FULL_SUITE_PLUS_DEFAULT,DEFEND_ONE_FROM_MANY,119,6,,302,0,1
582,TEST_FULL_SUITE_PLUS_DEFAULT,DEFEND_ONE_FROM_MANY,120,6,,303,1,0
583,MUTANT_ANNOTATED_SINGLE_METHOD,ATTACK_DEFAULT,125,5,,,0,1
584,MUTANT_ANNOTATED_SINGLE_METHOD,ATTACK_DEFAULT,126,5,,,0,1
585,MUTANT_ANNOTATED_SINGLE_METHOD,ATTACK_DEFAULT,127,5,,,0,1
586,TEST_FULL_SUITE_PLUS_DEFAULT,DEFEND_DEFAULT,125,6,,,0,1
587,TEST_FULL_SUITE_PLUS_DEFAULT,DEFEND_DEFAULT,126,6,,,0,1
588,TEST_FULL_SUITE_PLUS_DEFAULT,DEFEND_DEFAULT,127,6,,,0,1
589,MUTANT_ANNOTATED_SINGLE_METHOD,ATTACK_DEPENDENCIES,125,5,262,,0,1
590,MUTANT_ANNOTATED_SINGLE_METHOD,ATTACK_DEPENDENCIES,126,5,264,,0,1
591,MUTANT_ANNOTATED_SINGLE_METHOD,ATTACK_DEPENDENCIES,127,5,263,,0,1
592,TEST_FULL_SUITE_PLUS_DEFAULT,DEFEND_ONE_FROM_MANY,125,6,,,0,1
593,TEST_FULL_SUITE_PLUS_DEFAULT,DEFEND_ONE_FROM_MANY,126,6,,,0,1
594,TEST_FULL_SUITE_PLUS_DEFAULT,DEFEND_ONE_FROM_MANY,125,6,,305,0,1
595,TEST_FULL_SUITE_PLUS_DEFAULT,DEFEND_ONE_FROM_MANY,127,6,,,0,1
596,TEST_FULL_SUITE_PLUS_DEFAULT,DEFEND_ONE_FROM_MANY,126,6,,306,0,1
597,TEST_FULL_SUITE_PLUS_DEFAULT,DEFEND_ONE_FROM_MANY,127,6,,307,0,1
598,MUTANT_ANNOTATED_SINGLE_METHOD,ATTACK_DEFAULT,125,5,,,0,1
599,MUTANT_ANNOTATED_SINGLE_METHOD,ATTACK_DEFAULT,126,5,,,0,1
600,MUTANT_ANNOTATED_SINGLE_METHOD,ATTACK_DEFAULT,127,5,,,0,1
601,MUTANT_ANNOTATED_SINGLE_METHOD,ATTACK_DEPENDENCIES,125,5,267,,0,1
602,MUTANT_ANNOTATED_SINGLE_METHOD,ATTACK_DEPENDENCIES,127,5,265,,0,1
603,MUTANT_ANNOTATED_SINGLE_METHOD,ATTACK_DEPENDENCIES,126,5,266,,0,1
604,TEST_FULL_SUITE_PLUS_DEFAULT,DEFEND_ONE_FROM_MANY,125,6,,308,0,1
605,TEST_FULL_SUITE_PLUS_DEFAULT,DEFEND_ONE_FROM_MANY,126,6,,309,0,1
606,TEST_FULL_SUITE_PLUS_DEFAULT,DEFEND_ONE_FROM_MANY,127,6,,310,0,1
607,MUTANT_ANNOTATED_SINGLE_METHOD,ATTACK_DEFAULT,126,5,,,0,1
608,MUTANT_ANNOTATED_SINGLE_METHOD,ATTACK_DEFAULT,127,5,,,0,1
609,MUTANT_ANNOTATED_SINGLE_METHOD,ATTACK_DEPENDENCIES,126,5,269,,0,1
610,MUTANT_ANNOTATED_SINGLE_METHOD,ATTACK_DEPENDENCIES,127,5,268,,0,1
611,TEST_FULL_SUITE_PLUS_DEFAULT,DEFEND_ONE_FROM_MANY,125,6,,312,0,1
612,TEST_FULL_SUITE_PLUS_DEFAULT,DEFEND_ONE_FROM_MANY,126,6,,313,0,1
613,TEST_FULL_SUITE_PLUS_DEFAULT,DEFEND_ONE_FROM_MANY,127,6,,311,0,1
614,MUTANT_ANNOTATED_SINGLE_METHOD,ATTACK_DEFAULT,125,5,,,0,1
615,MUTANT_ANNOTATED_SINGLE_METHOD,ATTACK_DEPENDENCIES,125,5,271,,0,1
616,MUTANT_ANNOTATED_SINGLE_METHOD,ATTACK_DEFAULT,126,5,,,0,1
617,MUTANT_ANNOTATED_SINGLE_METHOD,ATTACK_DEFAULT,127,5,,,0,1
618,MUTANT_ANNOTATED_SINGLE_METHOD,ATTACK_DEPENDENCIES,126,5,270,,0,1
619,MUTANT_ANNOTATED_SINGLE_METHOD,ATTACK_DEPENDENCIES,127,5,272,,0,1
620,TEST_FULL_SUITE_PLUS_DEFAULT,DEFEND_ONE_FROM_MANY,125,6,,314,0,1
621,TEST_FULL_SUITE_PLUS_DEFAULT,DEFEND_ONE_FROM_MANY,126,6,,316,0,1
622,TEST_FULL_SUITE_PLUS_DEFAULT,DEFEND_ONE_FROM_MANY,127,6,,315,0,1
623,MUTANT_ANNOTATED_SINGLE_METHOD,ATTACK_DEFAULT,125,5,,,0,1
624,MUTANT_ANNOTATED_SINGLE_METHOD,ATTACK_DEFAULT,126,5,,,0,1
625,MUTANT_ANNOTATED_SINGLE_METHOD,ATTACK_DEFAULT,127,5,,,0,1
626,MUTANT_ANNOTATED_SINGLE_METHOD,ATTACK_DEPENDENCIES,125,5,273,,0,1
627,MUTANT_ANNOTATED_SINGLE_METHOD,ATTACK_DEPENDENCIES,126,5,274,,0,1
628,MUTANT_ANNOTATED_SINGLE_METHOD,ATTACK_DEPENDENCIES,127,5,275,,0,1
629,TEST_FULL_SUITE_PLUS_DEFAULT,DEFEND_ONE_FROM_MANY,125,6,,317,0,1
630,TEST_FULL_SUITE_PLUS_DEFAULT,DEFEND_ONE_FROM_MANY,127,6,,318,0,1
631,TEST_FULL_SUITE_PLUS_DEFAULT,DEFEND_ONE_FROM_MANY,126,6,,319,0,1
632,MUTANT_ANNOTATED_SINGLE_METHOD,ATTACK_DEFAULT,125,5,,,0,1
633,MUTANT_ANNOTATED_SINGLE_METHOD,ATTACK_DEFAULT,126,5,,,0,1
634,MUTANT_ANNOTATED_SINGLE_METHOD,ATTACK_DEPENDENCIES,125,5,277,,0,1
635,MUTANT_ANNOTATED_SINGLE_METHOD,ATTACK_DEPENDENCIES,126,5,276,,0,1
636,TEST_FULL_SUITE_PLUS_DEFAULT,DEFEND_ONE_FROM_MANY,125,6,,321,0,1
637,TEST_FULL_SUITE_PLUS_DEFAULT,DEFEND_ONE_FROM_MANY,126,6,,320,0,1
638,TEST_FULL_SUITE_PLUS_DEFAULT,DEFEND_ONE_FROM_MANY,127,6,,322,0,1
639,MUTANT_ANNOTATED_SINGLE_METHOD,ATTACK_DEFAULT,127,5,,,0,1
640,MUTANT_ANNOTATED_SINGLE_METHOD,ATTACK_DEPENDENCIES,127,5,278,,0,1
641,MUTANT_ANNOTATED_SINGLE_METHOD,ATTACK_DEFAULT,126,5,,,0,1
642,MUTANT_ANNOTATED_SINGLE_METHOD,ATTACK_DEPENDENCIES,126,5,280,,0,1
643,TEST_FULL_SUITE_PLUS_DEFAULT,DEFEND_ONE_FROM_MANY,126,6,,324,0,1
644,TEST_FULL_SUITE_PLUS_DEFAULT,DEFEND_ONE_FROM_MANY,127,6,,325,0,1
645,TEST_FULL_SUITE_PLUS_DEFAULT,DEFEND_ONE_FROM_MANY,125,6,,323,0,1
646,MUTANT_ANNOTATED_SINGLE_METHOD,ATTACK_DEFAULT,125,5,,,0,1
647,MUTANT_ANNOTATED_SINGLE_METHOD,ATTACK_DEPENDENCIES,125,5,279,,0,1
648,MUTANT_ANNOTATED_SINGLE_METHOD,ATTACK_DEFAULT,127,5,,,0,1
649,MUTANT_ANNOTATED_SINGLE_METHOD,ATTACK_DEPENDENCIES,127,5,282,,0,1
650,TEST_FULL_SUITE_PLUS_DEFAULT,DEFEND_ONE_FROM_MANY,126,6,,328,0,1
651,TEST_FULL_SUITE_PLUS_DEFAULT,DEFEND_ONE_FROM_MANY,127,6,,327,0,1
652,TEST_FULL_SUITE_PLUS_DEFAULT,DEFEND_ONE_FROM_MANY,125,6,,326,0,1
653,MUTANT_ANNOTATED_SINGLE_METHOD,ATTACK_DEFAULT,125,5,,,0,1
654,MUTANT_ANNOTATED_SINGLE_METHOD,ATTACK_DEFAULT,126,5,,,0,1
655,MUTANT_ANNOTATED_SINGLE_METHOD,ATTACK_DEPENDENCIES,126,5,283,,0,1
656,MUTANT_ANNOTATED_SINGLE_METHOD,ATTACK_DEPENDENCIES,125,5,281,,0,1
657,TEST_FULL_SUITE_PLUS_DEFAULT,DEFEND_ONE_FROM_MANY,127,6,,330,0,1
658,TEST_FULL_SUITE_PLUS_DEFAULT,DEFEND_ONE_FROM_MANY,126,6,,331,0,1
659,TEST_FULL_SUITE_PLUS_DEFAULT,DEFEND_ONE_FROM_MANY,125,6,,329,0,1
660,MUTANT_ANNOTATED_SINGLE_METHOD,ATTACK_DEFAULT,125,5,,,0,1
661,MUTANT_ANNOTATED_SINGLE_METHOD,ATTACK_DEFAULT,127,5,,,0,1
662,MUTANT_ANNOTATED_SINGLE_METHOD,ATTACK_DEFAULT,126,5,,,0,1
663,MUTANT_ANNOTATED_SINGLE_METHOD,ATTACK_DEPENDENCIES,127,5,286,,0,1
664,MUTANT_ANNOTATED_SINGLE_METHOD,ATTACK_DEPENDENCIES,125,5,284,,0,1
665,MUTANT_ANNOTATED_SINGLE_METHOD,ATTACK_DEPENDENCIES,126,5,285,,0,1
666,TEST_FULL_SUITE_PLUS_DEFAULT,DEFEND_ONE_FROM_MANY,127,6,,334,0,1
667,TEST_FULL_SUITE_PLUS_DEFAULT,DEFEND_ONE_FROM_MANY,126,6,,333,0,1
668,TEST_FULL_SUITE_PLUS_DEFAULT,DEFEND_ONE_FROM_MANY,125,6,,332,0,1
669,MUTANT_ANNOTATED_SINGLE_METHOD,ATTACK_DEFAULT,125,5,,,0,1
670,MUTANT_ANNOTATED_SINGLE_METHOD,ATTACK_DEFAULT,126,5,,,0,1
671,MUTANT_ANNOTATED_SINGLE_METHOD,ATTACK_DEPENDENCIES,125,5,288,,0,1
672,MUTANT_ANNOTATED_SINGLE_METHOD,ATTACK_DEPENDENCIES,126,5,287,,0,1
673,MUTANT_ANNOTATED_SINGLE_METHOD,ATTACK_DEFAULT,127,5,,,0,1
674,MUTANT_ANNOTATED_SINGLE_METHOD,ATTACK_DEPENDENCIES,127,5,290,,0,1
675,TEST_FULL_SUITE_PLUS_DEFAULT,DEFEND_ONE_FROM_MANY,126,6,,337,0,1
676,TEST_FULL_SUITE_PLUS_DEFAULT,DEFEND_ONE_FROM_MANY,127,6,,335,0,1
677,TEST_FULL_SUITE_PLUS_DEFAULT,DEFEND_ONE_FROM_MANY,125,6,,336,0,1
678,MUTANT_ANNOTATED_SINGLE_METHOD,ATTACK_DEFAULT,126,5,,,0,1
679,MUTANT_ANNOTATED_SINGLE_METHOD,ATTACK_DEPENDENCIES,126,5,289,,0,1
680,MUTANT_ANNOTATED_SINGLE_METHOD,ATTACK_DEFAULT,125,5,,,0,1
681,MUTANT_ANNOTATED_SINGLE_METHOD,ATTACK_DEPENDENCIES,125,5,291,,0,1
682,TEST_FULL_SUITE_PLUS_DEFAULT,DEFEND_ONE_FROM_MANY,127,6,,339,0,1
683,TEST_FULL_SUITE_PLUS_DEFAULT,DEFEND_ONE_FROM_MANY,125,6,,338,0,1
684,TEST_FULL_SUITE_PLUS_DEFAULT,DEFEND_ONE_FROM_MANY,126,6,,340,0,1
685,MUTANT_ANNOTATED_SINGLE_METHOD,ATTACK_DEFAULT,127,5,,,0,1
686,MUTANT_ANNOTATED_SINGLE_METHOD,ATTACK_DEFAULT,126,5,,,0,1
687,MUTANT_ANNOTATED_SINGLE_METHOD,ATTACK_DEPENDENCIES,127,5,292,,0,1
688,MUTANT_ANNOTATED_SINGLE_METHOD,ATTACK_DEPENDENCIES,126,5,293,,0,1
689,TEST_FULL_SUITE_PLUS_DEFAULT,DEFEND_ONE_FROM_MANY,126,6,,343,0,1
690,TEST_FULL_SUITE_PLUS_DEFAULT,DEFEND_ONE_FROM_MANY,125,6,,341,0,1
691,TEST_FULL_SUITE_PLUS_DEFAULT,DEFEND_ONE_FROM_MANY,127,6,,342,0,1
692,MUTANT_ANNOTATED_SINGLE_METHOD,ATTACK_DEFAULT,125,5,,,0,1
693,MUTANT_ANNOTATED_SINGLE_METHOD,ATTACK_DEFAULT,127,5,,,0,1
694,MUTANT_ANNOTATED_SINGLE_METHOD,ATTACK_DEPENDENCIES,127,5,295,,0,1
695,MUTANT_ANNOTATED_SINGLE_METHOD,ATTACK_DEPENDENCIES,125,5,294,,0,1
696,MUTANT_ANNOTATED_SINGLE_METHOD,ATTACK_DEFAULT,126,5,,,0,1
697,MUTANT_ANNOTATED_SINGLE_METHOD,ATTACK_DEPENDENCIES,126,5,296,,0,1
698,TEST_FULL_SUITE_PLUS_DEFAULT,DEFEND_ONE_FROM_MANY,125,6,,344,0,1
699,TEST_FULL_SUITE_PLUS_DEFAULT,DEFEND_ONE_FROM_MANY,126,6,,346,0,1
700,TEST_FULL_SUITE_PLUS_DEFAULT,DEFEND_ONE_FROM_MANY,127,6,,345,0,1
701,MUTANT_ANNOTATED_SINGLE_METHOD,ATTACK_DEFAULT,125,5,,,0,1
702,MUTANT_ANNOTATED_SINGLE_METHOD,ATTACK_DEFAULT,127,5,,,0,1
703,MUTANT_ANNOTATED_SINGLE_METHOD,ATTACK_DEFAULT,126,5,,,0,1
704,MUTANT_ANNOTATED_SINGLE_METHOD,ATTACK_DEPENDENCIES,127,5,298,,0,1
705,MUTANT_ANNOTATED_SINGLE_METHOD,ATTACK_DEPENDENCIES,125,5,299,,0,1
706,MUTANT_ANNOTATED_SINGLE_METHOD,ATTACK_DEPENDENCIES,126,5,297,,0,1
707,TEST_FULL_SUITE_PLUS_DEFAULT,DEFEND_ONE_FROM_MANY,125,6,,347,0,1
708,TEST_FULL_SUITE_PLUS_DEFAULT,DEFEND_ONE_FROM_MANY,127,6,,348,0,1
709,TEST_FULL_SUITE_PLUS_DEFAULT,DEFEND_ONE_FROM_MANY,126,6,,349,0,1
710,MUTANT_ANNOTATED_SINGLE_METHOD,ATTACK_DEFAULT,126,5,,,0,1
711,MUTANT_ANNOTATED_SINGLE_METHOD,ATTACK_DEPENDENCIES,126,5,300,,0,1
712,TEST_FULL_SUITE_PLUS_DEFAULT,DEFEND_ONE_FROM_MANY,125,6,,351,0,1
713,TEST_FULL_SUITE_PLUS_DEFAULT,DEFEND_ONE_FROM_MANY,127,6,,350,0,1
714,TEST_FULL_SUITE_PLUS_DEFAULT,DEFEND_ONE_FROM_MANY,126,6,,352,0,1
715,MUTANT_ANNOTATED_SINGLE_METHOD,ATTACK_EQUIVALENCE,125,5,,,0,1
716,MUTANT_ANNOTATED_SINGLE_METHOD,ATTACK_DEFAULT,127,5,,,0,1
717,MUTANT_ANNOTATED_SINGLE_METHOD,ATTACK_DEPENDENCIES,127,5,301,,0,1
718,MUTANT_ANNOTATED_SINGLE_METHOD,ATTACK_DEFAULT,125,5,,,0,1
719,MUTANT_ANNOTATED_SINGLE_METHOD,ATTACK_DEPENDENCIES,125,5,302,,0,1
720,TEST_FULL_SUITE_PLUS_DEFAULT,DEFEND_ONE_FROM_MANY,125,6,,354,0,1
721,TEST_FULL_SUITE_PLUS_DEFAULT,DEFEND_ONE_FROM_MANY,127,6,,355,0,1
722,TEST_FULL_SUITE_PLUS_DEFAULT,DEFEND_ONE_FROM_MANY,126,6,,356,0,1
723,MUTANT_ANNOTATED_SINGLE_METHOD,ATTACK_DEFAULT,126,5,,,0,1
724,MUTANT_ANNOTATED_SINGLE_METHOD,ATTACK_DEPENDENCIES,126,5,303,,0,1
725,MUTANT_ANNOTATED_SINGLE_METHOD,ATTACK_DEFAULT,127,5,,,0,1
726,TEST_FULL_SUITE_PLUS_DEFAULT,DEFEND_FOCUS,125,6,,362,0,1
727,MUTANT_ANNOTATED_SINGLE_METHOD,ATTACK_DEPENDENCIES,127,5,304,,0,1
728,TEST_FULL_SUITE_PLUS_DEFAULT,DEFEND_ONE_FROM_MANY,127,6,,357,0,1
729,MUTANT_ANNOTATED_SINGLE_METHOD,ATTACK_DEFAULT,125,5,,,0,1
730,TEST_FULL_SUITE_PLUS_DEFAULT,DEFEND_ONE_FROM_MANY,126,6,,358,0,1
731,MUTANT_ANNOTATED_SINGLE_METHOD,ATTACK_DEPENDENCIES,125,5,305,,0,1
732,MUTANT_ANNOTATED_SINGLE_METHOD,ATTACK_DEFAULT,126,5,,,0,1
733,MUTANT_ANNOTATED_SINGLE_METHOD,ATTACK_DEPENDENCIES,126,5,307,,0,1
734,MUTANT_ANNOTATED_SINGLE_METHOD,ATTACK_DEFAULT,127,5,,,0,1
735,MUTANT_ANNOTATED_SINGLE_METHOD,ATTACK_DEPENDENCIES,127,5,308,,0,1
736,TEST_FULL_SUITE_PLUS_DEFAULT,DEFEND_ONE_FROM_MANY,126,6,,361,0,1
737,TEST_FULL_SUITE_PLUS_DEFAULT,DEFEND_ONE_FROM_MANY,127,6,,360,0,1
738,MUTANT_ANNOTATED_SINGLE_METHOD,ATTACK_DEFAULT,125,5,,,0,1
739,MUTANT_ANNOTATED_SINGLE_METHOD,ATTACK_DEPENDENCIES,125,5,306,,0,1
740,TEST_FULL_SUITE_PLUS_DEFAULT,DEFEND_FOCUS,125,6,,370,0,1
741,TEST_FULL_SUITE_PLUS_DEFAULT,DEFEND_ONE_FROM_MANY,126,6,,363,0,1
742,TEST_FULL_SUITE_PLUS_DEFAULT,DEFEND_ONE_FROM_MANY,127,6,,364,0,1
743,MUTANT_ANNOTATED_SINGLE_METHOD,ATTACK_DEFAULT,126,5,,,0,1
744,MUTANT_ANNOTATED_SINGLE_METHOD,ATTACK_EQUIVALENCE,125,5,,,0,1
745,MUTANT_ANNOTATED_SINGLE_METHOD,ATTACK_DEPENDENCIES,126,5,311,,0,1
746,MUTANT_ANNOTATED_SINGLE_METHOD,ATTACK_EQUIVALENCE,127,5,,,0,1
747,MUTANT_ANNOTATED_SINGLE_METHOD,ATTACK_DEFAULT,125,5,,,0,1
748,MUTANT_ANNOTATED_SINGLE_METHOD,ATTACK_DEPENDENCIES,125,5,309,,0,1
749,MUTANT_ANNOTATED_SINGLE_METHOD,ATTACK_EQUIVALENCE,127,5,,,0,1
750,TEST_FULL_SUITE_PLUS_DEFAULT,DEFEND_ONE_FROM_MANY,126,6,,368,0,1
751,TEST_FULL_SUITE_PLUS_DEFAULT,DEFEND_ONE_FROM_MANY,127,6,,367,0,1
752,MUTANT_ANNOTATED_SINGLE_METHOD,ATTACK_DEFAULT,127,5,,,0,1
753,MUTANT_ANNOTATED_SINGLE_METHOD,ATTACK_DEPENDENCIES,127,5,310,,0,1
754,TEST_FULL_SUITE_PLUS_DEFAULT,DEFEND_FOCUS,125,6,,373,0,1
755,TEST_FULL_SUITE_PLUS_DEFAULT,DEFEND_ONE_FROM_MANY,126,6,,372,0,1
756,TEST_FULL_SUITE_PLUS_DEFAULT,DEFEND_ONE_FROM_MANY,127,6,,371,0,1
757,MUTANT_ANNOTATED_SINGLE_METHOD,ATTACK_DEFAULT,125,5,,,0,1
758,MUTANT_ANNOTATED_SINGLE_METHOD,ATTACK_DEPENDENCIES,125,5,314,,0,1
759,MUTANT_ANNOTATED_SINGLE_METHOD,ATTACK_DEFAULT,126,5,,,0,1
760,MUTANT_ANNOTATED_SINGLE_METHOD,ATTACK_DEPENDENCIES,126,5,313,,0,1
761,MUTANT_ANNOTATED_SINGLE_METHOD,ATTACK_DEFAULT,127,5,,,0,1
762,MUTANT_ANNOTATED_SINGLE_METHOD,ATTACK_DEPENDENCIES,127,5,312,,0,1
763,TEST_FULL_SUITE_PLUS_DEFAULT,DEFEND_FOCUS,125,6,,,0,0
764,TEST_FULL_SUITE_PLUS_DEFAULT,DEFEND_FOCUS,126,6,,376,0,1
765,TEST_FULL_SUITE_PLUS_DEFAULT,DEFEND_ONE_FROM_MANY,127,6,,374,0,1
766,MUTANT_ANNOTATED_SINGLE_METHOD,ATTACK_EQUIVALENCE,125,5,,,0,1
767,TEST_FULL_SUITE_PLUS_DEFAULT,DEFEND_FOCUS,126,6,,,0,0
768,TEST_FULL_SUITE_PLUS_DEFAULT,DEFEND_ONE_FROM_MANY,127,6,,378,0,1
769,MUTANT_ANNOTATED_SINGLE_METHOD,ATTACK_DEFAULT,126,5,,,0,1
770,MUTANT_ANNOTATED_SINGLE_METHOD,ATTACK_DEPENDENCIES,126,5,316,,0,1
771,MUTANT_ANNOTATED_SINGLE_METHOD,ATTACK_DEFAULT,127,5,,,0,1
772,MUTANT_ANNOTATED_SINGLE_METHOD,ATTACK_DEPENDENCIES,127,5,315,,0,1
773,MUTANT_ANNOTATED_SINGLE_METHOD,ATTACK_EQUIVALENCE,125,5,,,0,1
774,MUTANT_ANNOTATED_SINGLE_METHOD,ATTACK_DEFAULT,125,5,,,0,1
775,MUTANT_ANNOTATED_SINGLE_METHOD,ATTACK_DEPENDENCIES,125,5,317,,0,1
776,TEST_FULL_SUITE_PLUS_DEFAULT,DEFEND_ONE_FROM_MANY,127,6,,381,0,1
777,MUTANT_ANNOTATED_SINGLE_METHOD,ATTACK_DEFAULT,127,5,,,0,1
778,MUTANT_ANNOTATED_SINGLE_METHOD,ATTACK_DEPENDENCIES,127,5,318,,0,1
779,MUTANT_ANNOTATED_SINGLE_METHOD,ATTACK_DEFAULT,126,5,,,0,1
780,MUTANT_ANNOTATED_SINGLE_METHOD,ATTACK_DEPENDENCIES,126,5,319,,0,1
781,MUTANT_ANNOTATED_SINGLE_METHOD,ATTACK_DEFAULT,125,5,,,0,1
782,MUTANT_ANNOTATED_SINGLE_METHOD,ATTACK_DEPENDENCIES,125,5,320,,0,1
783,TEST_FULL_SUITE_PLUS_DEFAULT,DEFEND_FOCUS,127,6,,387,0,1
784,MUTANT_ANNOTATED_SINGLE_METHOD,ATTACK_EQUIVALENCE,127,5,,,0,1
785,MUTANT_ANNOTATED_SINGLE_METHOD,ATTACK_DEFAULT,126,5,,,0,1
786,MUTANT_ANNOTATED_SINGLE_METHOD,ATTACK_DEPENDENCIES,126,5,322,,0,1
787,MUTANT_ANNOTATED_SINGLE_METHOD,ATTACK_DEFAULT,125,5,,,0,1
788,MUTANT_ANNOTATED_SINGLE_METHOD,ATTACK_DEPENDENCIES,125,5,323,,0,1
789,MUTANT_ANNOTATED_SINGLE_METHOD,ATTACK_DEFAULT,127,5,,,0,1
790,TEST_FULL_SUITE_PLUS_DEFAULT,DEFEND_FOCUS,125,6,,390,0,1
791,MUTANT_ANNOTATED_SINGLE_METHOD,ATTACK_DEPENDENCIES,127,5,321,,0,1
792,MUTANT_ANNOTATED_SINGLE_METHOD,ATTACK_DEFAULT,127,5,,,0,1
793,MUTANT_ANNOTATED_SINGLE_METHOD,ATTACK_DEFAULT,126,5,,,0,1
794,MUTANT_ANNOTATED_SINGLE_METHOD,ATTACK_DEPENDENCIES,127,5,326,,0,1
795,MUTANT_ANNOTATED_SINGLE_METHOD,ATTACK_DEPENDENCIES,126,5,324,,0,1
796,MUTANT_ANNOTATED_SINGLE_METHOD,ATTACK_DEFAULT,125,5,,,0,1
797,MUTANT_ANNOTATED_SINGLE_METHOD,ATTACK_DEPENDENCIES,125,5,325,,0,1
798,TEST_FULL_SUITE_PLUS_DEFAULT,DEFEND_FOCUS,127,6,,391,0,1
799,TEST_FULL_SUITE_PLUS_DEFAULT,DEFEND_FOCUS,126,6,,392,0,1
800,TEST_FULL_SUITE_PLUS_DEFAULT,DEFEND_DEFAULT,125,6,,395,0,1
801,TEST_FULL_SUITE_PLUS_DEFAULT,DEFEND_DEFAULT,127,6,,393,0,1
802,TEST_FULL_SUITE_PLUS_DEFAULT,DEFEND_FOCUS,126,6,,401,0,1
803,MUTANT_ANNOTATED_SINGLE_METHOD,ATTACK_DEFAULT,126,5,,,0,1
804,MUTANT_ANNOTATED_SINGLE_METHOD,ATTACK_DEPENDENCIES,126,5,327,,0,1
805,MUTANT_ANNOTATED_SINGLE_METHOD,ATTACK_DEFAULT,125,5,,,0,1
806,MUTANT_ANNOTATED_SINGLE_METHOD,ATTACK_DEPENDENCIES,125,5,,,0,0
807,MUTANT_ANNOTATED_SINGLE_METHOD,ATTACK_DEFAULT,127,5,,,0,1
808,MUTANT_ANNOTATED_SINGLE_METHOD,ATTACK_DEPENDENCIES,127,5,328,,0,1
809,TEST_FULL_SUITE_PLUS_DEFAULT,DEFEND_DEFAULT,127,6,,400,0,1
810,MUTANT_ANNOTATED_SINGLE_METHOD,ATTACK_DEFAULT,126,5,,,0,1
811,MUTANT_ANNOTATED_SINGLE_METHOD,ATTACK_DEPENDENCIES,126,5,329,,0,1
812,TEST_FULL_SUITE_PLUS_DEFAULT,DEFEND_DEFAULT,125,6,,399,0,1
813,MUTANT_ANNOTATED_SINGLE_METHOD,ATTACK_DEFAULT,127,5,,,0,1
814,MUTANT_ANNOTATED_SINGLE_METHOD,ATTACK_DEPENDENCIES,127,5,330,,0,1
815,MUTANT_ANNOTATED_SINGLE_METHOD,ATTACK_DEPENDENCIES,125,5,332,,0,1
816,MUTANT_ANNOTATED_SINGLE_METHOD,ATTACK_DEFAULT,126,5,,,0,1
817,MUTANT_ANNOTATED_SINGLE_METHOD,ATTACK_DEPENDENCIES,126,5,331,,0,1
818,MUTANT_ANNOTATED_SINGLE_METHOD,ATTACK_DEFAULT,127,5,,,0,1
819,MUTANT_ANNOTATED_SINGLE_METHOD,ATTACK_DEPENDENCIES,127,5,333,,0,1
820,TEST_FULL_SUITE_PLUS_DEFAULT,DEFEND_DEFAULT,125,6,,404,0,1
821,TEST_FULL_SUITE_PLUS_DEFAULT,DEFEND_DEFAULT,127,6,,406,0,1
822,TEST_FULL_SUITE_PLUS_DEFAULT,DEFEND_FOCUS,126,6,,,0,0
823,MUTANT_ANNOTATED_SINGLE_METHOD,ATTACK_EQUIVALENCE,127,5,,,0,1
824,MUTANT_ANNOTATED_SINGLE_METHOD,ATTACK_DEFAULT,126,5,,,0,1
825,MUTANT_ANNOTATED_SINGLE_METHOD,ATTACK_DEPENDENCIES,126,5,335,,0,1
826,MUTANT_ANNOTATED_SINGLE_METHOD,ATTACK_DEFAULT,125,5,,,0,1
827,MUTANT_ANNOTATED_SINGLE_METHOD,ATTACK_DEPENDENCIES,125,5,334,,0,1
828,MUTANT_ANNOTATED_SINGLE_METHOD,ATTACK_DEFAULT,127,5,,,0,1
829,MUTANT_ANNOTATED_SINGLE_METHOD,ATTACK_DEPENDENCIES,127,5,338,,0,1
830,MUTANT_ANNOTATED_SINGLE_METHOD,ATTACK_DEFAULT,126,5,,,0,1
831,MUTANT_ANNOTATED_SINGLE_METHOD,ATTACK_DEPENDENCIES,126,5,337,,0,1
832,MUTANT_ANNOTATED_SINGLE_METHOD,ATTACK_DEFAULT,125,5,,,0,1
833,MUTANT_ANNOTATED_SINGLE_METHOD,ATTACK_DEPENDENCIES,125,5,336,,0,1
834,TEST_FULL_SUITE_PLUS_DEFAULT,DEFEND_DEFAULT,125,6,,405,0,1
835,TEST_FULL_SUITE_PLUS_DEFAULT,DEFEND_DEFAULT,125,6,,407,0,1
836,TEST_FULL_SUITE_PLUS_DEFAULT,DEFEND_DEFAULT,127,6,,,0,0
837,MUTANT_ANNOTATED_SINGLE_METHOD,ATTACK_DEFAULT,125,5,,,0,1
838,MUTANT_ANNOTATED_SINGLE_METHOD,ATTACK_DEPENDENCIES,125,5,340,,0,1
839,MUTANT_ANNOTATED_SINGLE_METHOD,ATTACK_DEFAULT,126,5,,,0,1
840,MUTANT_ANNOTATED_SINGLE_METHOD,ATTACK_DEPENDENCIES,126,5,339,,0,1
841,TEST_FULL_SUITE_PLUS_DEFAULT,DEFEND_DEFAULT,125,6,,409,0,1
842,TEST_FULL_SUITE_PLUS_DEFAULT,DEFEND_FOCUS,126,6,,,0,0
843,MUTANT_ANNOTATED_SINGLE_METHOD,ATTACK_DEFAULT,127,5,,,0,1
844,MUTANT_ANNOTATED_SINGLE_METHOD,ATTACK_DEPENDENCIES,127,5,341,,0,1
845,MUTANT_ANNOTATED_SINGLE_METHOD,ATTACK_DEFAULT,126,5,,,0,1
846,MUTANT_ANNOTATED_SINGLE_METHOD,ATTACK_DEPENDENCIES,126,5,342,,0,1
847,TEST_FULL_SUITE_PLUS_DEFAULT,DEFEND_DEFAULT,125,6,,410,0,1
848,MUTANT_ANNOTATED_SINGLE_METHOD,ATTACK_DEFAULT,125,5,,,0,1
849,MUTANT_ANNOTATED_SINGLE_METHOD,ATTACK_DEPENDENCIES,125,5,343,,0,1
850,TEST_FULL_SUITE_PLUS_DEFAULT,DEFEND_DEFAULT,125,6,,412,0,1
851,TEST_FULL_SUITE_PLUS_DEFAULT,DEFEND_FOCUS,127,6,,440,0,1
852,MUTANT_ANNOTATED_SINGLE_METHOD,ATTACK_DEFAULT,127,5,,,0,1
853,MUTANT_ANNOTATED_SINGLE_METHOD,ATTACK_DEPENDENCIES,127,5,,,0,0
854,TEST_FULL_SUITE_PLUS_DEFAULT,DEFEND_DEFAULT,125,6,,413,0,1
855,MUTANT_ANNOTATED_SINGLE_METHOD,ATTACK_DEFAULT,126,5,,,0,1
856,MUTANT_ANNOTATED_SINGLE_METHOD,ATTACK_DEPENDENCIES,126,5,344,,0,1
857,MUTANT_ANNOTATED_SINGLE_METHOD,ATTACK_EQUIVALENCE,127,5,,,0,1
858,MUTANT_ANNOTATED_SINGLE_METHOD,ATTACK_DEFAULT,125,5,,,0,1
859,MUTANT_ANNOTATED_SINGLE_METHOD,ATTACK_DEPENDENCIES,125,5,345,,0,1
860,TEST_FULL_SUITE_PLUS_DEFAULT,DEFEND_DEFAULT,125,6,,422,0,1
861,TEST_FULL_SUITE_PLUS_DEFAULT,DEFEND_DEFAULT,127,6,,416,0,1
862,TEST_FULL_SUITE_PLUS_DEFAULT,DEFEND_FOCUS,126,6,,421,0,1
863,MUTANT_ANNOTATED_SINGLE_METHOD,ATTACK_DEFAULT,126,5,,,0,1
864,MUTANT_ANNOTATED_SINGLE_METHOD,ATTACK_DEPENDENCIES,126,5,347,,0,1
865,MUTANT_ANNOTATED_SINGLE_METHOD,ATTACK_DEPENDENCIES,127,5,,,0,0
866,MUTANT_ANNOTATED_SINGLE_METHOD,ATTACK_DEFAULT,125,5,,,0,1
867,TEST_FULL_SUITE_PLUS_DEFAULT,DEFEND_FOCUS,125,6,,417,0,1
868,TEST_FULL_SUITE_PLUS_DEFAULT,DEFEND_DEFAULT,127,6,,418,0,1
869,MUTANT_ANNOTATED_SINGLE_METHOD,ATTACK_DEPENDENCIES,125,5,346,,0,1
870,MUTANT_ANNOTATED_SINGLE_METHOD,ATTACK_DEFAULT,125,5,,,0,1
871,MUTANT_ANNOTATED_SINGLE_METHOD,ATTACK_DEPENDENCIES,125,5,349,,0,1
872,MUTANT_ANNOTATED_SINGLE_METHOD,ATTACK_DEFAULT,126,5,,,0,1
873,MUTANT_ANNOTATED_SINGLE_METHOD,ATTACK_DEPENDENCIES,126,5,348,,0,1
874,MUTANT_ANNOTATED_SINGLE_METHOD,ATTACK_DEPENDENCIES,127,5,,,0,0
875,TEST_FULL_SUITE_PLUS_DEFAULT,DEFEND_DEFAULT,127,6,,420,0,1
876,MUTANT_ANNOTATED_SINGLE_METHOD,ATTACK_DEFAULT,126,5,,,0,1
877,MUTANT_ANNOTATED_SINGLE_METHOD,ATTACK_DEPENDENCIES,126,5,350,,0,1
878,TEST_FULL_SUITE_PLUS_DEFAULT,DEFEND_DEFAULT,127,6,,423,0,1
879,TEST_FULL_SUITE_PLUS_DEFAULT,DEFEND_FOCUS,126,6,,,0,0
880,MUTANT_ANNOTATED_SINGLE_METHOD,ATTACK_DEFAULT,125,5,,,0,1
881,MUTANT_ANNOTATED_SINGLE_METHOD,ATTACK_DEPENDENCIES,125,5,351,,0,1
882,MUTANT_ANNOTATED_SINGLE_METHOD,ATTACK_DEPENDENCIES,127,5,354,,0,1
883,TEST_FULL_SUITE_PLUS_DEFAULT,DEFEND_DEFAULT,125,6,,424,0,1
884,MUTANT_ANNOTATED_SINGLE_METHOD,ATTACK_DEFAULT,126,5,,,0,1
885,MUTANT_ANNOTATED_SINGLE_METHOD,ATTACK_DEPENDENCIES,126,5,352,,0,1
886,MUTANT_ANNOTATED_SINGLE_METHOD,ATTACK_DEFAULT,125,5,,,0,1
887,MUTANT_ANNOTATED_SINGLE_METHOD,ATTACK_DEPENDENCIES,125,5,353,,0,1
888,TEST_FULL_SUITE_PLUS_DEFAULT,DEFEND_DEFAULT,127,6,,425,0,1
889,TEST_FULL_SUITE_PLUS_DEFAULT,DEFEND_FOCUS,125,6,,426,0,1
890,MUTANT_ANNOTATED_SINGLE_METHOD,ATTACK_DEFAULT,126,5,,,0,1
891,MUTANT_ANNOTATED_SINGLE_METHOD,ATTACK_DEPENDENCIES,126,5,356,,0,1
892,MUTANT_ANNOTATED_SINGLE_METHOD,ATTACK_DEFAULT,125,5,,,0,1
893,MUTANT_ANNOTATED_SINGLE_METHOD,ATTACK_DEPENDENCIES,125,5,355,,0,1
894,MUTANT_ANNOTATED_SINGLE_METHOD,ATTACK_DEFAULT,127,5,,,0,1
895,MUTANT_ANNOTATED_SINGLE_METHOD,ATTACK_DEPENDENCIES,127,5,357,,0,1
896,TEST_FULL_SUITE_PLUS_DEFAULT,DEFEND_DEFAULT,125,6,,430,0,1
897,TEST_FULL_SUITE_PLUS_DEFAULT,DEFEND_DEFAULT,127,6,,433,0,1
898,MUTANT_ANNOTATED_SINGLE_METHOD,ATTACK_DEFAULT,125,5,,,0,1
899,MUTANT_ANNOTATED_SINGLE_METHOD,ATTACK_DEPENDENCIES,125,5,359,,0,1
900,MUTANT_ANNOTATED_SINGLE_METHOD,ATTACK_DEFAULT,126,5,,,0,1
901,MUTANT_ANNOTATED_SINGLE_METHOD,ATTACK_DEPENDENCIES,126,5,358,,0,1
902,TEST_FULL_SUITE_PLUS_DEFAULT,DEFEND_FOCUS,126,6,,,0,0
903,MUTANT_ANNOTATED_SINGLE_METHOD,ATTACK_DEFAULT,127,5,,,0,1
904,MUTANT_ANNOTATED_SINGLE_METHOD,ATTACK_DEPENDENCIES,127,5,362,,0,1
905,MUTANT_ANNOTATED_SINGLE_METHOD,ATTACK_DEFAULT,126,5,,,0,1
906,MUTANT_ANNOTATED_SINGLE_METHOD,ATTACK_DEPENDENCIES,126,5,360,,0,1
907,TEST_FULL_SUITE_PLUS_DEFAULT,DEFEND_DEFAULT,125,6,,434,0,1
908,MUTANT_ANNOTATED_SINGLE_METHOD,ATTACK_DEFAULT,125,5,,,0,1
909,MUTANT_ANNOTATED_SINGLE_METHOD,ATTACK_DEPENDENCIES,125,5,363,,0,1
910,MUTANT_ANNOTATED_SINGLE_METHOD,ATTACK_DEFAULT,126,5,,,0,1
911,MUTANT_ANNOTATED_SINGLE_METHOD,ATTACK_DEPENDENCIES,126,5,361,,0,1
912,TEST_FULL_SUITE_PLUS_DEFAULT,DEFEND_DEFAULT,125,6,,436,0,1
913,TEST_FULL_SUITE_PLUS_DEFAULT,DEFEND_DEFAULT,127,6,,437,0,1
914,MUTANT_ANNOTATED_SINGLE_METHOD,ATTACK_DEFAULT,126,5,,,0,1
915,MUTANT_ANNOTATED_SINGLE_METHOD,ATTACK_DEPENDENCIES,126,5,,,0,0
916,TEST_FULL_SUITE_PLUS_DEFAULT,DEFEND_DEFAULT,127,6,,445,0,1
917,TEST_FULL_SUITE_PLUS_DEFAULT,DEFEND_DEFAULT,125,6,,438,0,1
918,MUTANT_ANNOTATED_SINGLE_METHOD,ATTACK_DEFAULT,127,5,,,0,1
919,MUTANT_ANNOTATED_SINGLE_METHOD,ATTACK_DEPENDENCIES,127,5,364,,0,1
920,MUTANT_ANNOTATED_SINGLE_METHOD,ATTACK_DEFAULT,125,5,,,0,1
921,MUTANT_ANNOTATED_SINGLE_METHOD,ATTACK_DEPENDENCIES,125,5,366,,0,1
922,TEST_FULL_SUITE_PLUS_DEFAULT,DEFEND_DEFAULT,125,6,,441,0,1
923,TEST_FULL_SUITE_PLUS_DEFAULT,DEFEND_FOCUS,126,6,,,0,0
924,MUTANT_ANNOTATED_SINGLE_METHOD,ATTACK_DEFAULT,127,5,,,0,1
925,MUTANT_ANNOTATED_SINGLE_METHOD,ATTACK_DEPENDENCIES,127,5,365,,0,1
926,TEST_FULL_SUITE_PLUS_DEFAULT,DEFEND_FOCUS,127,6,,,1,0
927,TEST_FULL_SUITE_PLUS_DEFAULT,DEFEND_DEFAULT,125,6,,444,0,1
928,MUTANT_ANNOTATED_SINGLE_METHOD,ATTACK_DEFAULT,127,5,,,0,1
929,MUTANT_ANNOTATED_SINGLE_METHOD,ATTACK_DEPENDENCIES,127,5,367,,0,1
930,MUTANT_ANNOTATED_SINGLE_METHOD,ATTACK_DEPENDENCIES,126,5,369,,0,1
931,MUTANT_ANNOTATED_SINGLE_METHOD,ATTACK_DEFAULT,125,5,,,0,1
932,MUTANT_ANNOTATED_SINGLE_METHOD,ATTACK_DEPENDENCIES,125,5,368,,0,1
933,MUTANT_ANNOTATED_SINGLE_METHOD,ATTACK_EQUIVALENCE,127,5,,,0,1
934,MUTANT_ANNOTATED_SINGLE_METHOD,ATTACK_DEFAULT,125,5,,,0,1
935,MUTANT_ANNOTATED_SINGLE_METHOD,ATTACK_DEPENDENCIES,125,5,371,,0,1
936,MUTANT_ANNOTATED_SINGLE_METHOD,ATTACK_DEFAULT,127,5,,,0,1
937,MUTANT_ANNOTATED_SINGLE_METHOD,ATTACK_DEPENDENCIES,127,5,370,,0,1
938,TEST_FULL_SUITE_PLUS_DEFAULT,DEFEND_DEFAULT,125,6,,448,0,1
939,MUTANT_ANNOTATED_SINGLE_METHOD,ATTACK_DEFAULT,126,5,,,0,1
940,MUTANT_ANNOTATED_SINGLE_METHOD,ATTACK_DEPENDENCIES,126,5,,,1,0
941,TEST_FULL_SUITE_PLUS_DEFAULT,DEFEND_DEFAULT,127,6,,449,0,1
942,MUTANT_ANNOTATED_SINGLE_METHOD,ATTACK_DEFAULT,127,5,,,0,1
943,MUTANT_ANNOTATED_SINGLE_METHOD,ATTACK_DEPENDENCIES,127,5,,,0,0
944,TEST_FULL_SUITE_PLUS_DEFAULT,DEFEND_DEFAULT,125,6,,458,0,1
945,TEST_FULL_SUITE_PLUS_DEFAULT,DEFEND_FOCUS,126,6,,450,0,1
946,TEST_FULL_SUITE_PLUS_DEFAULT,DEFEND_DEFAULT,127,6,,,1,0
947,MUTANT_ANNOTATED_SINGLE_METHOD,ATTACK_DEFAULT,125,5,,,0,1
948,MUTANT_ANNOTATED_SINGLE_METHOD,ATTACK_DEPENDENCIES,125,5,372,,0,1
949,TEST_FULL_SUITE_PLUS_DEFAULT,DEFEND_FOCUS,125,6,,451,0,1
950,TEST_FULL_SUITE_PLUS_DEFAULT,DEFEND_DEFAULT,126,6,,,1,0
951,MUTANT_ANNOTATED_SINGLE_METHOD,ATTACK_EQUIVALENCE,126,5,,,0,1
952,MUTANT_ANNOTATED_SINGLE_METHOD,ATTACK_DEFAULT,125,5,,,0,1
953,MUTANT_ANNOTATED_SINGLE_METHOD,ATTACK_DEPENDENCIES,125,5,374,,0,1
954,MUTANT_ANNOTATED_SINGLE_METHOD,ATTACK_EQUIVALENCE,126,5,,,0,1
955,MUTANT_ANNOTATED_SINGLE_METHOD,ATTACK_DEPENDENCIES,127,5,,,1,0
956,MUTANT_ANNOTATED_SINGLE_METHOD,ATTACK_EQUIVALENCE,126,5,,,0,1
957,MUTANT_ANNOTATED_SINGLE_METHOD,ATTACK_DEFAULT,125,5,,,0,1
958,MUTANT_ANNOTATED_SINGLE_METHOD,ATTACK_DEPENDENCIES,125,5,375,,0,1
959,MUTANT_ANNOTATED_SINGLE_METHOD,ATTACK_EQUIVALENCE,126,5,,,0,1
960,MUTANT_ANNOTATED_SINGLE_METHOD,ATTACK_EQUIVALENCE,126,5,,,0,1
961,MUTANT_ANNOTATED_SINGLE_METHOD,ATTACK_DEFAULT,125,5,,,0,1
962,MUTANT_ANNOTATED_SINGLE_METHOD,ATTACK_DEPENDENCIES,125,5,,,1,0
963,MUTANT_ANNOTATED_SINGLE_METHOD,ATTACK_EQUIVALENCE,126,5,,,0,1
964,MUTANT_ANNOTATED_SINGLE_METHOD,ATTACK_DEFAULT,128,5,,,0,1
965,TEST_FULL_SUITE_PLUS_DEFAULT,DEFEND_DEFAULT,128,6,,,0,1
966,MUTANT_ANNOTATED_SINGLE_METHOD,ATTACK_DEPENDENCIES,128,5,376,,0,1
967,MUTANT_ANNOTATED_SINGLE_METHOD,ATTACK_EQUIVALENCE,126,5,,,0,1
968,MUTANT_ANNOTATED_SINGLE_METHOD,ATTACK_DEFAULT,129,5,,,0,1
969,TEST_FULL_SUITE_PLUS_DEFAULT,DEFEND_DEFAULT,129,6,,,0,1
970,MUTANT_ANNOTATED_SINGLE_METHOD,ATTACK_DEPENDENCIES,129,5,377,,0,1
971,MUTANT_ANNOTATED_SINGLE_METHOD,ATTACK_EQUIVALENCE,126,5,,,0,1
972,TEST_FULL_SUITE_PLUS_DEFAULT,DEFEND_ONE_FROM_MANY,128,6,,,0,1
973,TEST_FULL_SUITE_PLUS_DEFAULT,DEFEND_ONE_FROM_MANY,129,6,,,0,1
974,MUTANT_ANNOTATED_SINGLE_METHOD,ATTACK_DEFAULT,128,5,,,0,1
975,TEST_FULL_SUITE_PLUS_DEFAULT,DEFEND_ONE_FROM_MANY,128,6,,463,0,1
976,TEST_FULL_SUITE_PLUS_DEFAULT,DEFEND_ONE_FROM_MANY,129,6,,464,0,1
977,MUTANT_ANNOTATED_SINGLE_METHOD,ATTACK_DEPENDENCIES,128,5,378,,0,1
978,TEST_FULL_SUITE_PLUS_DEFAULT,DEFEND_ONE_FROM_MANY,128,6,,465,0,1
979,MUTANT_ANNOTATED_SINGLE_METHOD,ATTACK_DEFAULT,129,5,,,0,1
980,MUTANT_ANNOTATED_SINGLE_METHOD,ATTACK_DEFAULT,130,5,,,0,1
981,TEST_FULL_SUITE_PLUS_DEFAULT,DEFEND_DEFAULT,130,6,,,0,1
982,MUTANT_ANNOTATED_SINGLE_METHOD,ATTACK_DEPENDENCIES,129,5,379,,0,1
983,MUTANT_ANNOTATED_SINGLE_METHOD,ATTACK_DEPENDENCIES,130,5,380,,0,1
984,TEST_FULL_SUITE_PLUS_DEFAULT,DEFEND_ONE_FROM_MANY,129,6,,466,0,1
985,TEST_FULL_SUITE_PLUS_DEFAULT,DEFEND_ONE_FROM_MANY,130,6,,,0,1
986,MUTANT_ANNOTATED_SINGLE_METHOD,ATTACK_DEFAULT,128,5,,,0,1
987,TEST_FULL_SUITE_PLUS_DEFAULT,DEFEND_ONE_FROM_MANY,130,6,,467,0,1
988,MUTANT_ANNOTATED_SINGLE_METHOD,ATTACK_DEPENDENCIES,128,5,381,,0,1
989,TEST_FULL_SUITE_PLUS_DEFAULT,DEFEND_ONE_FROM_MANY,128,6,,468,0,1
990,MUTANT_ANNOTATED_SINGLE_METHOD,ATTACK_DEFAULT,129,5,,,0,1
991,MUTANT_ANNOTATED_SINGLE_METHOD,ATTACK_DEFAULT,130,5,,,0,1
992,MUTANT_ANNOTATED_SINGLE_METHOD,ATTACK_DEPENDENCIES,130,5,383,,0,1
993,MUTANT_ANNOTATED_SINGLE_METHOD,ATTACK_DEPENDENCIES,129,5,382,,0,1
994,TEST_FULL_SUITE_PLUS_DEFAULT,DEFEND_ONE_FROM_MANY,129,6,,469,0,1
995,TEST_FULL_SUITE_PLUS_DEFAULT,DEFEND_ONE_FROM_MANY,130,6,,470,0,1
996,MUTANT_ANNOTATED_SINGLE_METHOD,ATTACK_DEFAULT,128,5,,,0,1
997,MUTANT_ANNOTATED_SINGLE_METHOD,ATTACK_DEPENDENCIES,128,5,384,,0,1
998,TEST_FULL_SUITE_PLUS_DEFAULT,DEFEND_ONE_FROM_MANY,128,6,,471,0,1
999,MUTANT_ANNOTATED_SINGLE_METHOD,ATTACK_DEFAULT,129,5,,,0,1
1000,MUTANT_ANNOTATED_SINGLE_METHOD,ATTACK_DEFAULT,130,5,,,0,1
1001,MUTANT_ANNOTATED_SINGLE_METHOD,ATTACK_DEPENDENCIES,129,5,385,,0,1
1002,MUTANT_ANNOTATED_SINGLE_METHOD,ATTACK_DEPENDENCIES,130,5,386,,0,1
1003,TEST_FULL_SUITE_PLUS_DEFAULT,DEFEND_ONE_FROM_MANY,129,6,,472,0,1
1004,TEST_FULL_SUITE_PLUS_DEFAULT,DEFEND_ONE_FROM_MANY,130,6,,473,0,1
1005,MUTANT_ANNOTATED_SINGLE_METHOD,ATTACK_DEFAULT,128,5,,,0,1
1006,MUTANT_ANNOTATED_SINGLE_METHOD,ATTACK_DEPENDENCIES,128,5,388,,0,1
1007,TEST_FULL_SUITE_PLUS_DEFAULT,DEFEND_ONE_FROM_MANY,128,6,,474,0,1
1008,MUTANT_ANNOTATED_SINGLE_METHOD,ATTACK_DEFAULT,129,5,,,0,1
1009,MUTANT_ANNOTATED_SINGLE_METHOD,ATTACK_DEFAULT,130,5,,,0,1
1010,MUTANT_ANNOTATED_SINGLE_METHOD,ATTACK_DEPENDENCIES,129,5,389,,0,1
1011,MUTANT_ANNOTATED_SINGLE_METHOD,ATTACK_DEPENDENCIES,130,5,387,,0,1
1012,TEST_FULL_SUITE_PLUS_DEFAULT,DEFEND_ONE_FROM_MANY,129,6,,475,0,1
1013,TEST_FULL_SUITE_PLUS_DEFAULT,DEFEND_ONE_FROM_MANY,130,6,,476,0,1
1014,TEST_FULL_SUITE_PLUS_DEFAULT,DEFEND_ONE_FROM_MANY,128,6,,477,0,1
1015,MUTANT_ANNOTATED_SINGLE_METHOD,ATTACK_DEFAULT,130,5,,,0,1
1016,MUTANT_ANNOTATED_SINGLE_METHOD,ATTACK_DEPENDENCIES,130,5,390,,0,1
1017,TEST_FULL_SUITE_PLUS_DEFAULT,DEFEND_ONE_FROM_MANY,129,6,,478,0,1
1018,TEST_FULL_SUITE_PLUS_DEFAULT,DEFEND_ONE_FROM_MANY,130,6,,479,0,1
1019,MUTANT_ANNOTATED_SINGLE_METHOD,ATTACK_DEFAULT,128,5,,,0,1
1020,MUTANT_ANNOTATED_SINGLE_METHOD,ATTACK_DEPENDENCIES,128,5,391,,0,1
1021,MUTANT_ANNOTATED_SINGLE_METHOD,ATTACK_DEFAULT,129,5,,,0,1
1022,MUTANT_ANNOTATED_SINGLE_METHOD,ATTACK_DEPENDENCIES,129,5,392,,0,1
1023,TEST_FULL_SUITE_PLUS_DEFAULT,DEFEND_ONE_FROM_MANY,128,6,,480,0,1
1024,MUTANT_ANNOTATED_SINGLE_METHOD,ATTACK_DEFAULT,130,5,,,0,1
1025,MUTANT_ANNOTATED_SINGLE_METHOD,ATTACK_DEPENDENCIES,130,5,393,,0,1
1026,TEST_FULL_SUITE_PLUS_DEFAULT,DEFEND_ONE_FROM_MANY,129,6,,481,0,1
1027,TEST_FULL_SUITE_PLUS_DEFAULT,DEFEND_ONE_FROM_MANY,130,6,,482,0,1
1028,MUTANT_ANNOTATED_SINGLE_METHOD,ATTACK_DEFAULT,128,5,,,0,1
1029,MUTANT_ANNOTATED_SINGLE_METHOD,ATTACK_DEPENDENCIES,128,5,394,,0,1
1030,TEST_FULL_SUITE_PLUS_DEFAULT,DEFEND_ONE_FROM_MANY,128,6,,483,0,1
1031,MUTANT_ANNOTATED_SINGLE_METHOD,ATTACK_DEFAULT,129,5,,,0,1
1032,MUTANT_ANNOTATED_SINGLE_METHOD,ATTACK_DEFAULT,130,5,,,0,1
1033,MUTANT_ANNOTATED_SINGLE_METHOD,ATTACK_DEPENDENCIES,129,5,397,,0,1
1034,MUTANT_ANNOTATED_SINGLE_METHOD,ATTACK_DEPENDENCIES,130,5,395,,0,1
1035,TEST_FULL_SUITE_PLUS_DEFAULT,DEFEND_ONE_FROM_MANY,130,6,,485,0,1
1036,MUTANT_ANNOTATED_SINGLE_METHOD,ATTACK_DEFAULT,128,5,,,0,1
1037,MUTANT_ANNOTATED_SINGLE_METHOD,ATTACK_DEPENDENCIES,128,5,396,,0,1
1038,TEST_FULL_SUITE_PLUS_DEFAULT,DEFEND_ONE_FROM_MANY,129,6,,484,0,1
1039,TEST_FULL_SUITE_PLUS_DEFAULT,DEFEND_ONE_FROM_MANY,128,6,,486,0,1
1040,MUTANT_ANNOTATED_SINGLE_METHOD,ATTACK_DEFAULT,130,5,,,0,1
1041,MUTANT_ANNOTATED_SINGLE_METHOD,ATTACK_DEPENDENCIES,130,5,398,,0,1
1042,TEST_FULL_SUITE_PLUS_DEFAULT,DEFEND_ONE_FROM_MANY,130,6,,488,0,1
1043,MUTANT_ANNOTATED_SINGLE_METHOD,ATTACK_DEFAULT,128,5,,,0,1
1044,MUTANT_ANNOTATED_SINGLE_METHOD,ATTACK_DEPENDENCIES,128,5,399,,0,1
1045,TEST_FULL_SUITE_PLUS_DEFAULT,DEFEND_ONE_FROM_MANY,129,6,,487,0,1
1046,MUTANT_ANNOTATED_SINGLE_METHOD,ATTACK_DEFAULT,129,5,,,0,1
1047,MUTANT_ANNOTATED_SINGLE_METHOD,ATTACK_DEPENDENCIES,129,5,401,,0,1
1048,TEST_FULL_SUITE_PLUS_DEFAULT,DEFEND_ONE_FROM_MANY,128,6,,489,0,1
1049,MUTANT_ANNOTATED_SINGLE_METHOD,ATTACK_DEFAULT,130,5,,,0,1
1050,MUTANT_ANNOTATED_SINGLE_METHOD,ATTACK_DEPENDENCIES,130,5,400,,0,1
1051,TEST_FULL_SUITE_PLUS_DEFAULT,DEFEND_ONE_FROM_MANY,130,6,,491,0,1
1052,MUTANT_ANNOTATED_SINGLE_METHOD,ATTACK_DEFAULT,128,5,,,0,1
1053,TEST_FULL_SUITE_PLUS_DEFAULT,DEFEND_ONE_FROM_MANY,129,6,,490,0,1
1054,MUTANT_ANNOTATED_SINGLE_METHOD,ATTACK_DEPENDENCIES,128,5,402,,0,1
1055,TEST_FULL_SUITE_PLUS_DEFAULT,DEFEND_ONE_FROM_MANY,128,6,,492,0,1
1056,MUTANT_ANNOTATED_SINGLE_METHOD,ATTACK_DEFAULT,129,5,,,0,1
1057,MUTANT_ANNOTATED_SINGLE_METHOD,ATTACK_DEFAULT,130,5,,,0,1
1058,MUTANT_ANNOTATED_SINGLE_METHOD,ATTACK_DEPENDENCIES,129,5,404,,0,1
1059,MUTANT_ANNOTATED_SINGLE_METHOD,ATTACK_DEPENDENCIES,130,5,403,,0,1
1060,TEST_FULL_SUITE_PLUS_DEFAULT,DEFEND_ONE_FROM_MANY,130,6,,494,0,1
1061,TEST_FULL_SUITE_PLUS_DEFAULT,DEFEND_ONE_FROM_MANY,129,6,,493,0,1
1062,MUTANT_ANNOTATED_SINGLE_METHOD,ATTACK_DEFAULT,128,5,,,0,1
1063,MUTANT_ANNOTATED_SINGLE_METHOD,ATTACK_DEPENDENCIES,128,5,405,,0,1
1064,TEST_FULL_SUITE_PLUS_DEFAULT,DEFEND_ONE_FROM_MANY,128,6,,495,0,1
1065,MUTANT_ANNOTATED_SINGLE_METHOD,ATTACK_DEFAULT,130,5,,,0,1
1066,MUTANT_ANNOTATED_SINGLE_METHOD,ATTACK_DEPENDENCIES,130,5,406,,0,1
1067,TEST_FULL_SUITE_PLUS_DEFAULT,DEFEND_ONE_FROM_MANY,129,6,,496,0,1
1068,TEST_FULL_SUITE_PLUS_DEFAULT,DEFEND_ONE_FROM_MANY,130,6,,497,0,1
1069,MUTANT_ANNOTATED_SINGLE_METHOD,ATTACK_DEFAULT,129,5,,,0,1
1070,MUTANT_ANNOTATED_SINGLE_METHOD,ATTACK_DEPENDENCIES,129,5,407,,0,1
1071,MUTANT_ANNOTATED_SINGLE_METHOD,ATTACK_DEFAULT,128,5,,,0,1
1072,MUTANT_ANNOTATED_SINGLE_METHOD,ATTACK_DEPENDENCIES,128,5,408,,0,1
1073,TEST_FULL_SUITE_PLUS_DEFAULT,DEFEND_ONE_FROM_MANY,128,6,,498,0,1
1074,MUTANT_ANNOTATED_SINGLE_METHOD,ATTACK_DEFAULT,130,5,,,0,1
1075,MUTANT_ANNOTATED_SINGLE_METHOD,ATTACK_DEPENDENCIES,130,5,409,,0,1
1076,TEST_FULL_SUITE_PLUS_DEFAULT,DEFEND_ONE_FROM_MANY,129,6,,499,0,1
1077,TEST_FULL_SUITE_PLUS_DEFAULT,DEFEND_ONE_FROM_MANY,130,6,,500,0,1
1078,MUTANT_ANNOTATED_SINGLE_METHOD,ATTACK_DEFAULT,129,5,,,0,1
1079,MUTANT_ANNOTATED_SINGLE_METHOD,ATTACK_DEPENDENCIES,129,5,410,,0,1
1080,MUTANT_ANNOTATED_SINGLE_METHOD,ATTACK_DEFAULT,128,5,,,0,1
1081,MUTANT_ANNOTATED_SINGLE_METHOD,ATTACK_DEPENDENCIES,128,5,411,,0,1
1082,TEST_FULL_SUITE_PLUS_DEFAULT,DEFEND_ONE_FROM_MANY,128,6,,501,0,1
1083,MUTANT_ANNOTATED_SINGLE_METHOD,ATTACK_DEFAULT,130,5,,,0,1
1084,MUTANT_ANNOTATED_SINGLE_METHOD,ATTACK_DEPENDENCIES,130,5,413,,0,1
1085,TEST_FULL_SUITE_PLUS_DEFAULT,DEFEND_ONE_FROM_MANY,129,6,,502,0,1
1086,TEST_FULL_SUITE_PLUS_DEFAULT,DEFEND_ONE_FROM_MANY,130,6,,503,0,1
1087,MUTANT_ANNOTATED_SINGLE_METHOD,ATTACK_DEFAULT,129,5,,,0,1
1088,MUTANT_ANNOTATED_SINGLE_METHOD,ATTACK_DEPENDENCIES,129,5,412,,0,1
1089,MUTANT_ANNOTATED_SINGLE_METHOD,ATTACK_DEFAULT,128,5,,,0,1
1090,MUTANT_ANNOTATED_SINGLE_METHOD,ATTACK_DEPENDENCIES,128,5,414,,0,1
1091,TEST_FULL_SUITE_PLUS_DEFAULT,DEFEND_ONE_FROM_MANY,128,6,,504,0,1
1092,TEST_FULL_SUITE_PLUS_DEFAULT,DEFEND_ONE_FROM_MANY,129,6,,505,0,1
1093,TEST_FULL_SUITE_PLUS_DEFAULT,DEFEND_ONE_FROM_MANY,130,6,,506,0,1
1094,MUTANT_ANNOTATED_SINGLE_METHOD,ATTACK_DEFAULT,129,5,,,0,1
1095,MUTANT_ANNOTATED_SINGLE_METHOD,ATTACK_DEFAULT,130,5,,,0,1
1096,MUTANT_ANNOTATED_SINGLE_METHOD,ATTACK_DEPENDENCIES,129,5,416,,0,1
1097,MUTANT_ANNOTATED_SINGLE_METHOD,ATTACK_DEPENDENCIES,130,5,417,,0,1
1098,MUTANT_ANNOTATED_SINGLE_METHOD,ATTACK_DEFAULT,128,5,,,0,1
1099,MUTANT_ANNOTATED_SINGLE_METHOD,ATTACK_DEPENDENCIES,128,5,415,,0,1
1100,TEST_FULL_SUITE_PLUS_DEFAULT,DEFEND_ONE_FROM_MANY,128,6,,507,0,1
1101,TEST_FULL_SUITE_PLUS_DEFAULT,DEFEND_ONE_FROM_MANY,130,6,,509,0,1
1102,TEST_FULL_SUITE_PLUS_DEFAULT,DEFEND_ONE_FROM_MANY,129,6,,508,0,1
1103,MUTANT_ANNOTATED_SINGLE_METHOD,ATTACK_DEFAULT,128,5,,,0,1
1104,MUTANT_ANNOTATED_SINGLE_METHOD,ATTACK_DEPENDENCIES,128,5,418,,0,1
1105,TEST_FULL_SUITE_PLUS_DEFAULT,DEFEND_ONE_FROM_MANY,128,6,,510,0,1
1106,MUTANT_ANNOTATED_SINGLE_METHOD,ATTACK_DEFAULT,129,5,,,0,1
1107,MUTANT_ANNOTATED_SINGLE_METHOD,ATTACK_DEPENDENCIES,129,5,419,,0,1
1108,TEST_FULL_SUITE_PLUS_DEFAULT,DEFEND_ONE_FROM_MANY,129,6,,511,0,1
1109,TEST_FULL_SUITE_PLUS_DEFAULT,DEFEND_ONE_FROM_MANY,130,6,,512,0,1
1110,MUTANT_ANNOTATED_SINGLE_METHOD,ATTACK_EQUIVALENCE,129,5,,,0,1
1111,MUTANT_ANNOTATED_SINGLE_METHOD,ATTACK_DEFAULT,130,5,,,0,1
1112,MUTANT_ANNOTATED_SINGLE_METHOD,ATTACK_DEPENDENCIES,130,5,420,,0,1
1113,MUTANT_ANNOTATED_SINGLE_METHOD,ATTACK_DEFAULT,128,5,,,0,1
1114,MUTANT_ANNOTATED_SINGLE_METHOD,ATTACK_DEPENDENCIES,128,5,421,,0,1
1115,TEST_FULL_SUITE_PLUS_DEFAULT,DEFEND_ONE_FROM_MANY,128,6,,514,0,1
1116,MUTANT_ANNOTATED_SINGLE_METHOD,ATTACK_DEFAULT,129,5,,,0,1
1117,TEST_FULL_SUITE_PLUS_DEFAULT,DEFEND_ONE_FROM_MANY,130,6,,516,0,1
1118,MUTANT_ANNOTATED_SINGLE_METHOD,ATTACK_DEPENDENCIES,129,5,422,,0,1
1119,TEST_FULL_SUITE_PLUS_DEFAULT,DEFEND_ONE_FROM_MANY,129,6,,515,0,1
1120,MUTANT_ANNOTATED_SINGLE_METHOD,ATTACK_DEFAULT,130,5,,,0,1
1121,MUTANT_ANNOTATED_SINGLE_METHOD,ATTACK_DEPENDENCIES,130,5,423,,0,1
1122,MUTANT_ANNOTATED_SINGLE_METHOD,ATTACK_DEFAULT,128,5,,,0,1
1123,MUTANT_ANNOTATED_SINGLE_METHOD,ATTACK_DEPENDENCIES,128,5,425,,0,1
1124,TEST_FULL_SUITE_PLUS_DEFAULT,DEFEND_ONE_FROM_MANY,128,6,,517,0,1
1125,TEST_FULL_SUITE_PLUS_DEFAULT,DEFEND_ONE_FROM_MANY,130,6,,519,0,1
1126,TEST_FULL_SUITE_PLUS_DEFAULT,DEFEND_ONE_FROM_MANY,129,6,,518,0,1
1127,MUTANT_ANNOTATED_SINGLE_METHOD,ATTACK_DEFAULT,129,5,,,0,1
1128,MUTANT_ANNOTATED_SINGLE_METHOD,ATTACK_DEPENDENCIES,129,5,426,,0,1
1129,MUTANT_ANNOTATED_SINGLE_METHOD,ATTACK_DEFAULT,130,5,,,0,1
1130,MUTANT_ANNOTATED_SINGLE_METHOD,ATTACK_DEPENDENCIES,130,5,424,,0,1
1131,TEST_FULL_SUITE_PLUS_DEFAULT,DEFEND_ONE_FROM_MANY,128,6,,520,0,1
1132,TEST_FULL_SUITE_PLUS_DEFAULT,DEFEND_FOCUS,129,6,,524,0,1
1133,TEST_FULL_SUITE_PLUS_DEFAULT,DEFEND_FOCUS,130,6,,522,0,1
1134,MUTANT_ANNOTATED_SINGLE_METHOD,ATTACK_DEFAULT,130,5,,,0,1
1135,MUTANT_ANNOTATED_SINGLE_METHOD,ATTACK_DEPENDENCIES,130,5,427,,0,1
1136,MUTANT_ANNOTATED_SINGLE_METHOD,ATTACK_DEFAULT,128,5,,,0,1
1137,MUTANT_ANNOTATED_SINGLE_METHOD,ATTACK_DEPENDENCIES,128,5,429,,0,1
1138,TEST_FULL_SUITE_PLUS_DEFAULT,DEFEND_ONE_FROM_MANY,128,6,,523,0,1
1139,TEST_FULL_SUITE_PLUS_DEFAULT,DEFEND_FOCUS,130,6,,525,0,1
1140,MUTANT_ANNOTATED_SINGLE_METHOD,ATTACK_DEFAULT,129,5,,,0,1
1141,MUTANT_ANNOTATED_SINGLE_METHOD,ATTACK_DEPENDENCIES,129,5,428,,0,1
1142,MUTANT_ANNOTATED_SINGLE_METHOD,ATTACK_DEFAULT,130,5,,,0,1
1143,MUTANT_ANNOTATED_SINGLE_METHOD,ATTACK_DEPENDENCIES,130,5,430,,0,1
1144,TEST_FULL_SUITE_PLUS_DEFAULT,DEFEND_ONE_FROM_MANY,128,6,,526,0,1
1145,TEST_FULL_SUITE_PLUS_DEFAULT,DEFEND_FOCUS,129,6,,527,0,1
1146,TEST_FULL_SUITE_PLUS_DEFAULT,DEFEND_FOCUS,130,6,,,0,0
1147,MUTANT_ANNOTATED_SINGLE_METHOD,ATTACK_DEFAULT,129,5,,,0,1
1148,MUTANT_ANNOTATED_SINGLE_METHOD,ATTACK_DEFAULT,128,5,,,0,1
1149,MUTANT_ANNOTATED_SINGLE_METHOD,ATTACK_DEPENDENCIES,129,5,431,,0,1
1150,MUTANT_ANNOTATED_SINGLE_METHOD,ATTACK_DEPENDENCIES,128,5,432,,0,1
1151,TEST_FULL_SUITE_PLUS_DEFAULT,DEFEND_ONE_FROM_MANY,128,6,,529,0,1
1152,TEST_FULL_SUITE_PLUS_DEFAULT,DEFEND_FOCUS,129,6,,532,0,1
1153,MUTANT_ANNOTATED_SINGLE_METHOD,ATTACK_DEFAULT,130,5,,,0,1
1154,MUTANT_ANNOTATED_SINGLE_METHOD,ATTACK_DEPENDENCIES,130,5,433,,0,1
1155,MUTANT_ANNOTATED_SINGLE_METHOD,ATTACK_DEFAULT,129,5,,,0,1
1156,MUTANT_ANNOTATED_SINGLE_METHOD,ATTACK_DEPENDENCIES,129,5,435,,0,1
1157,MUTANT_ANNOTATED_SINGLE_METHOD,ATTACK_DEFAULT,128,5,,,0,1
1158,TEST_FULL_SUITE_PLUS_DEFAULT,DEFEND_FOCUS,128,6,,,0,0
1159,MUTANT_ANNOTATED_SINGLE_METHOD,ATTACK_DEPENDENCIES,128,5,434,,0,1
1160,MUTANT_ANNOTATED_SINGLE_METHOD,ATTACK_DEFAULT,130,5,,,0,1
1161,MUTANT_ANNOTATED_SINGLE_METHOD,ATTACK_DEPENDENCIES,130,5,436,,0,1
1162,MUTANT_ANNOTATED_SINGLE_METHOD,ATTACK_DEFAULT,128,5,,,0,1
1163,MUTANT_ANNOTATED_SINGLE_METHOD,ATTACK_DEPENDENCIES,128,5,437,,0,1
1164,TEST_FULL_SUITE_PLUS_DEFAULT,DEFEND_FOCUS,129,6,,534,0,1
1165,MUTANT_ANNOTATED_SINGLE_METHOD,ATTACK_DEFAULT,129,5,,,0,1
1166,MUTANT_ANNOTATED_SINGLE_METHOD,ATTACK_DEPENDENCIES,129,5,438,,0,1
1167,MUTANT_ANNOTATED_SINGLE_METHOD,ATTACK_DEFAULT,130,5,,,0,1
1168,MUTANT_ANNOTATED_SINGLE_METHOD,ATTACK_DEPENDENCIES,130,5,439,,0,1
1169,MUTANT_ANNOTATED_SINGLE_METHOD,ATTACK_DEFAULT,128,5,,,0,1
1170,MUTANT_ANNOTATED_SINGLE_METHOD,ATTACK_DEPENDENCIES,128,5,440,,0,1
1171,TEST_FULL_SUITE_PLUS_DEFAULT,DEFEND_FOCUS,130,6,,542,0,1
1172,MUTANT_ANNOTATED_SINGLE_METHOD,ATTACK_DEFAULT,129,5,,,0,1
1173,MUTANT_ANNOTATED_SINGLE_METHOD,ATTACK_DEPENDENCIES,129,5,444,,0,1
1174,MUTANT_ANNOTATED_SINGLE_METHOD,ATTACK_DEFAULT,130,5,,,0,1
1175,MUTANT_ANNOTATED_SINGLE_METHOD,ATTACK_DEPENDENCIES,130,5,442,,0,1
1176,MUTANT_ANNOTATED_SINGLE_METHOD,ATTACK_DEFAULT,128,5,,,0,1
1177,MUTANT_ANNOTATED_SINGLE_METHOD,ATTACK_DEPENDENCIES,128,5,441,,0,1
1178,TEST_FULL_SUITE_PLUS_DEFAULT,DEFEND_DEFAULT,129,6,,541,0,1
1179,MUTANT_ANNOTATED_SINGLE_METHOD,ATTACK_EQUIVALENCE,129,5,,,0,1
1180,MUTANT_ANNOTATED_SINGLE_METHOD,ATTACK_DEFAULT,128,5,,,0,1
1181,TEST_FULL_SUITE_PLUS_DEFAULT,DEFEND_FOCUS,128,6,,539,0,1
1182,MUTANT_ANNOTATED_SINGLE_METHOD,ATTACK_DEPENDENCIES,128,5,443,,0,1
1183,MUTANT_ANNOTATED_SINGLE_METHOD,ATTACK_EQUIVALENCE,129,5,,,0,1
1184,MUTANT_ANNOTATED_SINGLE_METHOD,ATTACK_DEFAULT,130,5,,,0,1
1185,MUTANT_ANNOTATED_SINGLE_METHOD,ATTACK_DEPENDENCIES,130,5,445,,0,1
1186,MUTANT_ANNOTATED_SINGLE_METHOD,ATTACK_EQUIVALENCE,129,5,,,0,1
1187,MUTANT_ANNOTATED_SINGLE_METHOD,ATTACK_EQUIVALENCE,129,5,,,0,1
1188,MUTANT_ANNOTATED_SINGLE_METHOD,ATTACK_DEFAULT,128,5,,,0,1
1189,TEST_FULL_SUITE_PLUS_DEFAULT,DEFEND_FOCUS,128,6,,549,0,1
1190,MUTANT_ANNOTATED_SINGLE_METHOD,ATTACK_DEPENDENCIES,128,5,446,,0,1
1191,TEST_FULL_SUITE_PLUS_DEFAULT,DEFEND_DEFAULT,129,6,,546,0,1
1192,TEST_FULL_SUITE_PLUS_DEFAULT,DEFEND_FOCUS,130,6,,547,0,1
1193,MUTANT_ANNOTATED_SINGLE_METHOD,ATTACK_DEFAULT,129,5,,,0,1
1194,MUTANT_ANNOTATED_SINGLE_METHOD,ATTACK_DEPENDENCIES,129,5,449,,0,1
1195,MUTANT_ANNOTATED_SINGLE_METHOD,ATTACK_DEFAULT,130,5,,,0,1
1196,MUTANT_ANNOTATED_SINGLE_METHOD,ATTACK_DEPENDENCIES,130,5,447,,0,1
1197,MUTANT_ANNOTATED_SINGLE_METHOD,ATTACK_DEFAULT,128,5,,,0,1
1198,MUTANT_ANNOTATED_SINGLE_METHOD,ATTACK_DEPENDENCIES,128,5,448,,0,1
1199,MUTANT_ANNOTATED_SINGLE_METHOD,ATTACK_DEFAULT,130,5,,,0,1
1200,MUTANT_ANNOTATED_SINGLE_METHOD,ATTACK_DEPENDENCIES,130,5,450,,0,1
1201,MUTANT_ANNOTATED_SINGLE_METHOD,ATTACK_DEFAULT,128,5,,,0,1
1202,MUTANT_ANNOTATED_SINGLE_METHOD,ATTACK_DEPENDENCIES,128,5,451,,0,1
1203,TEST_FULL_SUITE_PLUS_DEFAULT,DEFEND_DEFAULT,129,6,,554,0,1
1204,TEST_FULL_SUITE_PLUS_DEFAULT,DEFEND_FOCUS,130,6,,548,0,1
1205,MUTANT_ANNOTATED_SINGLE_METHOD,ATTACK_DEFAULT,129,5,,,0,1
1206,MUTANT_ANNOTATED_SINGLE_METHOD,ATTACK_DEPENDENCIES,129,5,452,,0,1
1207,MUTANT_ANNOTATED_SINGLE_METHOD,ATTACK_DEFAULT,130,5,,,0,1
1208,MUTANT_ANNOTATED_SINGLE_METHOD,ATTACK_DEPENDENCIES,130,5,456,,0,1
1209,MUTANT_ANNOTATED_SINGLE_METHOD,ATTACK_DEFAULT,128,5,,,0,1
1210,MUTANT_ANNOTATED_SINGLE_METHOD,ATTACK_DEPENDENCIES,128,5,453,,0,1
1211,TEST_FULL_SUITE_PLUS_DEFAULT,DEFEND_DEFAULT,130,6,,555,0,1
1212,MUTANT_ANNOTATED_SINGLE_METHOD,ATTACK_EQUIVALENCE,130,5,,,0,1
1213,TEST_FULL_SUITE_PLUS_DEFAULT,DEFEND_FOCUS,128,6,,552,0,1
1214,MUTANT_ANNOTATED_SINGLE_METHOD,ATTACK_EQUIVALENCE,130,5,,,0,1
1215,MUTANT_ANNOTATED_SINGLE_METHOD,ATTACK_DEFAULT,129,5,,,0,1
1216,MUTANT_ANNOTATED_SINGLE_METHOD,ATTACK_DEPENDENCIES,129,5,455,,0,1
1217,TEST_FULL_SUITE_PLUS_DEFAULT,DEFEND_FOCUS,128,6,,556,0,1
1218,MUTANT_ANNOTATED_SINGLE_METHOD,ATTACK_DEFAULT,128,5,,,0,1
1219,MUTANT_ANNOTATED_SINGLE_METHOD,ATTACK_DEPENDENCIES,128,5,454,,0,1
1220,MUTANT_ANNOTATED_SINGLE_METHOD,ATTACK_EQUIVALENCE,130,5,,,0,1
1221,TEST_FULL_SUITE_PLUS_DEFAULT,DEFEND_DEFAULT,129,6,,,0,0
1222,TEST_FULL_SUITE_PLUS_DEFAULT,DEFEND_DEFAULT,130,6,,562,0,1
1223,MUTANT_ANNOTATED_SINGLE_METHOD,ATTACK_EQUIVALENCE,130,5,,,0,1
1224,TEST_FULL_SUITE_PLUS_DEFAULT,DEFEND_DEFAULT,128,6,,564,0,1
1225,MUTANT_ANNOTATED_SINGLE_METHOD,ATTACK_EQUIVALENCE,128,5,,,0,1
1226,MUTANT_ANNOTATED_SINGLE_METHOD,ATTACK_EQUIVALENCE,130,5,,,0,1
1227,MUTANT_ANNOTATED_SINGLE_METHOD,ATTACK_DEFAULT,129,5,,,0,1
1228,MUTANT_ANNOTATED_SINGLE_METHOD,ATTACK_DEPENDENCIES,129,5,,,0,0
1229,MUTANT_ANNOTATED_SINGLE_METHOD,ATTACK_EQUIVALENCE,128,5,,,0,1
1230,TEST_FULL_SUITE_PLUS_DEFAULT,DEFEND_DEFAULT,130,6,,566,0,1
1231,TEST_FULL_SUITE_PLUS_DEFAULT,DEFEND_DEFAULT,128,6,,567,0,1
1232,MUTANT_ANNOTATED_SINGLE_METHOD,ATTACK_EQUIVALENCE,128,5,,,0,1
1233,MUTANT_ANNOTATED_SINGLE_METHOD,ATTACK_DEFAULT,130,5,,,0,1
1234,MUTANT_ANNOTATED_SINGLE_METHOD,ATTACK_DEPENDENCIES,130,5,458,,0,1
1235,MUTANT_ANNOTATED_SINGLE_METHOD,ATTACK_DEFAULT,128,5,,,0,1
1236,MUTANT_ANNOTATED_SINGLE_METHOD,ATTACK_DEPENDENCIES,128,5,457,,0,1
1237,TEST_FULL_SUITE_PLUS_DEFAULT,DEFEND_DEFAULT,130,6,,575,0,1
1238,TEST_FULL_SUITE_PLUS_DEFAULT,DEFEND_DEFAULT,128,6,,570,0,1
1239,MUTANT_ANNOTATED_SINGLE_METHOD,ATTACK_DEFAULT,128,5,,,0,1
1240,MUTANT_ANNOTATED_SINGLE_METHOD,ATTACK_DEPENDENCIES,128,5,459,,0,1
1241,TEST_FULL_SUITE_PLUS_DEFAULT,DEFEND_DEFAULT,129,6,,574,0,1
1242,MUTANT_ANNOTATED_SINGLE_METHOD,ATTACK_DEFAULT,130,5,,,0,1
1243,MUTANT_ANNOTATED_SINGLE_METHOD,ATTACK_DEPENDENCIES,129,5,,,0,0
1244,MUTANT_ANNOTATED_SINGLE_METHOD,ATTACK_DEPENDENCIES,130,5,460,,0,1
1245,TEST_FULL_SUITE_PLUS_DEFAULT,DEFEND_DEFAULT,128,6,,,0,0
1246,MUTANT_ANNOTATED_SINGLE_METHOD,ATTACK_EQUIVALENCE,128,5,,,0,1
1247,MUTANT_ANNOTATED_SINGLE_METHOD,ATTACK_DEFAULT,130,5,,,0,1
1248,MUTANT_ANNOTATED_SINGLE_METHOD,ATTACK_DEPENDENCIES,130,5,463,,0,1
1249,MUTANT_ANNOTATED_SINGLE_METHOD,ATTACK_DEFAULT,128,5,,,0,1
1250,MUTANT_ANNOTATED_SINGLE_METHOD,ATTACK_DEPENDENCIES,128,5,461,,0,1
1251,MUTANT_ANNOTATED_SINGLE_METHOD,ATTACK_EQUIVALENCE,130,5,,,0,1
1252,TEST_FULL_SUITE_PLUS_DEFAULT,DEFEND_DEFAULT,129,6,,578,0,1
1253,MUTANT_ANNOTATED_SINGLE_METHOD,ATTACK_DEPENDENCIES,129,5,,,0,0
1254,MUTANT_ANNOTATED_SINGLE_METHOD,ATTACK_DEFAULT,128,5,,,0,1
1255,MUTANT_ANNOTATED_SINGLE_METHOD,ATTACK_DEPENDENCIES,128,5,462,,0,1
1256,TEST_FULL_SUITE_PLUS_DEFAULT,DEFEND_DEFAULT,130,6,,579,0,1
1257,TEST_FULL_SUITE_PLUS_DEFAULT,DEFEND_DEFAULT,129,6,,580,0,1
1258,MUTANT_ANNOTATED_SINGLE_METHOD,ATTACK_DEFAULT,128,5,,,0,1
1259,MUTANT_ANNOTATED_SINGLE_METHOD,ATTACK_DEPENDENCIES,128,5,465,,0,1
1260,MUTANT_ANNOTATED_SINGLE_METHOD,ATTACK_DEFAULT,130,5,,,0,1
1261,MUTANT_ANNOTATED_SINGLE_METHOD,ATTACK_DEPENDENCIES,130,5,464,,0,1
1262,TEST_FULL_SUITE_PLUS_DEFAULT,DEFEND_DEFAULT,130,6,,589,0,1
1263,TEST_FULL_SUITE_PLUS_DEFAULT,DEFEND_DEFAULT,129,6,,582,0,1
1264,MUTANT_ANNOTATED_SINGLE_METHOD,ATTACK_DEPENDENCIES,129,5,,,0,0
1265,MUTANT_ANNOTATED_SINGLE_METHOD,ATTACK_EQUIVALENCE,128,5,,,0,0
1266,MUTANT_ANNOTATED_SINGLE_METHOD,ATTACK_DEFAULT,130,5,,,0,1
1267,MUTANT_ANNOTATED_SINGLE_METHOD,ATTACK_DEPENDENCIES,130,5,466,,0,1
1268,TEST_FULL_SUITE_PLUS_DEFAULT,DEFEND_DEFAULT,128,6,,587,0,1
1269,TEST_FULL_SUITE_PLUS_DEFAULT,DEFEND_DEFAULT,129,6,,588,0,1
1270,MUTANT_ANNOTATED_SINGLE_METHOD,ATTACK_DEFAULT,128,5,,,0,1
1271,MUTANT_ANNOTATED_SINGLE_METHOD,ATTACK_DEPENDENCIES,128,5,467,,0,1
1272,MUTANT_ANNOTATED_SINGLE_METHOD,ATTACK_DEFAULT,130,5,,,0,1
1273,MUTANT_ANNOTATED_SINGLE_METHOD,ATTACK_DEPENDENCIES,130,5,469,,0,1
1274,MUTANT_ANNOTATED_SINGLE_METHOD,ATTACK_DEPENDENCIES,129,5,,,0,0
1275,MUTANT_ANNOTATED_SINGLE_METHOD,ATTACK_DEFAULT,128,5,,,0,1
1276,MUTANT_ANNOTATED_SINGLE_METHOD,ATTACK_DEPENDENCIES,128,5,468,,0,1
1277,TEST_FULL_SUITE_PLUS_DEFAULT,DEFEND_FOCUS,128,6,,590,0,1
1278,MUTANT_ANNOTATED_SINGLE_METHOD,ATTACK_EQUIVALENCE,130,5,,,0,1
1279,TEST_FULL_SUITE_PLUS_DEFAULT,DEFEND_DEFAULT,129,6,,592,0,1
1280,MUTANT_ANNOTATED_SINGLE_METHOD,ATTACK_DEFAULT,128,5,,,0,1
1281,MUTANT_ANNOTATED_SINGLE_METHOD,ATTACK_DEPENDENCIES,128,5,471,,0,1
1282,TEST_FULL_SUITE_PLUS_DEFAULT,DEFEND_DEFAULT,130,6,,593,0,1
1283,TEST_FULL_SUITE_PLUS_DEFAULT,DEFEND_FOCUS,128,6,,594,0,1
1284,MUTANT_ANNOTATED_SINGLE_METHOD,ATTACK_DEFAULT,130,5,,,0,1
1285,MUTANT_ANNOTATED_SINGLE_METHOD,ATTACK_DEPENDENCIES,130,5,470,,0,1
1286,TEST_FULL_SUITE_PLUS_DEFAULT,DEFEND_DEFAULT,129,6,,597,0,1
1287,MUTANT_ANNOTATED_SINGLE_METHOD,ATTACK_DEPENDENCIES,129,5,,,0,0
1288,TEST_FULL_SUITE_PLUS_DEFAULT,DEFEND_FOCUS,130,6,,613,0,1
1289,TEST_FULL_SUITE_PLUS_DEFAULT,DEFEND_FOCUS,128,6,,596,0,1
1290,MUTANT_ANNOTATED_SINGLE_METHOD,ATTACK_DEFAULT,130,5,,,0,1
1291,MUTANT_ANNOTATED_SINGLE_METHOD,ATTACK_DEPENDENCIES,130,5,473,,0,1
1292,TEST_FULL_SUITE_PLUS_DEFAULT,DEFEND_DEFAULT,130,6,,598,0,1
1293,TEST_FULL_SUITE_PLUS_DEFAULT,DEFEND_FOCUS,128,6,,599,0,1
1294,MUTANT_ANNOTATED_SINGLE_METHOD,ATTACK_DEFAULT,128,5,,,0,1
1295,MUTANT_ANNOTATED_SINGLE_METHOD,ATTACK_EQUIVALENCE,130,5,,,0,1
1296,MUTANT_ANNOTATED_SINGLE_METHOD,ATTACK_DEPENDENCIES,128,5,472,,0,1
1297,TEST_FULL_SUITE_PLUS_DEFAULT,DEFEND_DEFAULT,129,6,,601,0,1
1298,MUTANT_ANNOTATED_SINGLE_METHOD,ATTACK_DEPENDENCIES,129,5,,,0,0
1299,TEST_FULL_SUITE_PLUS_DEFAULT,DEFEND_DEFAULT,130,6,,607,0,1
1300,MUTANT_ANNOTATED_SINGLE_METHOD,ATTACK_DEFAULT,130,5,,,0,1
1301,MUTANT_ANNOTATED_SINGLE_METHOD,ATTACK_DEPENDENCIES,130,5,474,,0,1
1302,TEST_FULL_SUITE_PLUS_DEFAULT,DEFEND_FOCUS,128,6,,602,0,1
1303,MUTANT_ANNOTATED_SINGLE_METHOD,ATTACK_DEFAULT,128,5,,,0,1
1304,MUTANT_ANNOTATED_SINGLE_METHOD,ATTACK_DEPENDENCIES,128,5,,,0,0
1305,TEST_FULL_SUITE_PLUS_DEFAULT,DEFEND_DEFAULT,129,6,,,0,0
1306,MUTANT_ANNOTATED_SINGLE_METHOD,ATTACK_DEFAULT,130,5,,,0,1
1307,MUTANT_ANNOTATED_SINGLE_METHOD,ATTACK_DEPENDENCIES,130,5,475,,0,1
1308,TEST_FULL_SUITE_PLUS_DEFAULT,DEFEND_FOCUS,128,6,,604,0,1
1309,MUTANT_ANNOTATED_SINGLE_METHOD,ATTACK_DEPENDENCIES,129,5,,,0,0
1310,MUTANT_ANNOTATED_SINGLE_METHOD,ATTACK_DEFAULT,130,5,,,0,1
1311,MUTANT_ANNOTATED_SINGLE_METHOD,ATTACK_DEPENDENCIES,130,5,476,,0,1
1312,TEST_FULL_SUITE_PLUS_DEFAULT,DEFEND_DEFAULT,128,6,,608,0,1
1313,MUTANT_ANNOTATED_SINGLE_METHOD,ATTACK_EQUIVALENCE,128,5,,,0,1
1314,MUTANT_ANNOTATED_SINGLE_METHOD,ATTACK_DEPENDENCIES,128,5,477,,0,1
1315,MUTANT_ANNOTATED_SINGLE_METHOD,ATTACK_DEFAULT,130,5,,,0,1
1316,MUTANT_ANNOTATED_SINGLE_METHOD,ATTACK_DEPENDENCIES,130,5,479,,0,1
1317,MUTANT_ANNOTATED_SINGLE_METHOD,ATTACK_DEPENDENCIES,129,5,,,0,0
1318,MUTANT_ANNOTATED_SINGLE_METHOD,ATTACK_DEFAULT,128,5,,,0,1
1319,MUTANT_ANNOTATED_SINGLE_METHOD,ATTACK_DEPENDENCIES,128,5,478,,0,1
1320,TEST_FULL_SUITE_PLUS_DEFAULT,DEFEND_DEFAULT,130,6,,,0,0
1321,TEST_FULL_SUITE_PLUS_DEFAULT,DEFEND_FOCUS,128,6,,610,0,1
1322,TEST_FULL_SUITE_PLUS_DEFAULT,DEFEND_DEFAULT,129,6,,616,0,1
1323,MUTANT_ANNOTATED_SINGLE_METHOD,ATTACK_DEFAULT,128,5,,,0,1
1324,MUTANT_ANNOTATED_SINGLE_METHOD,ATTACK_DEPENDENCIES,128,5,483,,0,1
1325,MUTANT_ANNOTATED_SINGLE_METHOD,ATTACK_DEFAULT,130,5,,,0,1
1326,MUTANT_ANNOTATED_SINGLE_METHOD,ATTACK_DEPENDENCIES,130,5,480,,0,1
1327,TEST_FULL_SUITE_PLUS_DEFAULT,DEFEND_FOCUS,128,6,,617,0,1
1328,MUTANT_ANNOTATED_SINGLE_METHOD,ATTACK_DEPENDENCIES,129,5,481,,0,1
1329,MUTANT_ANNOTATED_SINGLE_METHOD,ATTACK_DEFAULT,130,5,,,0,1
1330,MUTANT_ANNOTATED_SINGLE_METHOD,ATTACK_DEPENDENCIES,130,5,482,,0,1
1331,TEST_FULL_SUITE_PLUS_DEFAULT,DEFEND_FOCUS,130,6,,615,0,1
1332,MUTANT_ANNOTATED_SINGLE_METHOD,ATTACK_DEFAULT,129,5,,,0,1
1333,MUTANT_ANNOTATED_SINGLE_METHOD,ATTACK_DEPENDENCIES,129,5,484,,0,1
1334,MUTANT_ANNOTATED_SINGLE_METHOD,ATTACK_DEFAULT,130,5,,,0,1
1335,MUTANT_ANNOTATED_SINGLE_METHOD,ATTACK_DEPENDENCIES,130,5,486,,0,1
1336,MUTANT_ANNOTATED_SINGLE_METHOD,ATTACK_DEFAULT,128,5,,,0,1
1337,MUTANT_ANNOTATED_SINGLE_METHOD,ATTACK_DEPENDENCIES,128,5,485,,0,1
1338,MUTANT_ANNOTATED_SINGLE_METHOD,ATTACK_DEFAULT,129,5,,,0,1
1339,MUTANT_ANNOTATED_SINGLE_METHOD,ATTACK_DEPENDENCIES,129,5,487,,0,1
1340,MUTANT_ANNOTATED_SINGLE_METHOD,ATTACK_DEFAULT,128,5,,,0,1
1341,MUTANT_ANNOTATED_SINGLE_METHOD,ATTACK_DEPENDENCIES,128,5,,,0,0
1342,TEST_FULL_SUITE_PLUS_DEFAULT,DEFEND_DEFAULT,129,6,,620,0,1
1343,MUTANT_ANNOTATED_SINGLE_METHOD,ATTACK_DEFAULT,130,5,,,0,1
1344,MUTANT_ANNOTATED_SINGLE_METHOD,ATTACK_DEPENDENCIES,130,5,488,,0,1
1345,TEST_FULL_SUITE_PLUS_DEFAULT,DEFEND_DEFAULT,128,6,,,1,0
1346,MUTANT_ANNOTATED_SINGLE_METHOD,ATTACK_EQUIVALENCE,128,5,,,0,1
1347,MUTANT_ANNOTATED_SINGLE_METHOD,ATTACK_DEFAULT,129,5,,,0,1
1348,MUTANT_ANNOTATED_SINGLE_METHOD,ATTACK_DEPENDENCIES,129,5,489,,0,1
1349,TEST_FULL_SUITE_PLUS_DEFAULT,DEFEND_FOCUS,130,6,,625,0,1
1350,MUTANT_ANNOTATED_SINGLE_METHOD,ATTACK_DEFAULT,130,5,,,0,1
1351,MUTANT_ANNOTATED_SINGLE_METHOD,ATTACK_DEPENDENCIES,130,5,490,,0,1
1352,TEST_FULL_SUITE_PLUS_DEFAULT,DEFEND_DEFAULT,129,6,,621,0,1
1353,MUTANT_ANNOTATED_SINGLE_METHOD,ATTACK_DEFAULT,129,5,,,0,1
1354,MUTANT_ANNOTATED_SINGLE_METHOD,ATTACK_DEPENDENCIES,129,5,491,,0,1
1355,MUTANT_ANNOTATED_SINGLE_METHOD,ATTACK_DEPENDENCIES,128,5,,,1,0
1356,TEST_FULL_SUITE_PLUS_DEFAULT,DEFEND_DEFAULT,130,6,,622,0,1
1357,MUTANT_ANNOTATED_SINGLE_METHOD,ATTACK_EQUIVALENCE,130,5,,,0,1
1358,TEST_FULL_SUITE_PLUS_DEFAULT,DEFEND_DEFAULT,129,6,,624,0,1
1359,MUTANT_ANNOTATED_SINGLE_METHOD,ATTACK_DEFAULT,130,5,,,0,1
1360,MUTANT_ANNOTATED_SINGLE_METHOD,ATTACK_DEPENDENCIES,130,5,493,,0,1
1361,MUTANT_ANNOTATED_SINGLE_METHOD,ATTACK_DEFAULT,131,5,,,0,1
1362,TEST_FULL_SUITE_PLUS_DEFAULT,DEFEND_DEFAULT,131,6,,,0,1
1363,MUTANT_ANNOTATED_SINGLE_METHOD,ATTACK_DEPENDENCIES,131,5,492,,0,1
1364,MUTANT_ANNOTATED_SINGLE_METHOD,ATTACK_DEFAULT,132,5,,,0,1
1365,TEST_FULL_SUITE_PLUS_DEFAULT,DEFEND_DEFAULT,132,6,,,0,1
1366,MUTANT_ANNOTATED_SINGLE_METHOD,ATTACK_DEPENDENCIES,132,5,494,,0,1
1367,TEST_FULL_SUITE_PLUS_DEFAULT,DEFEND_DEFAULT,130,6,,,1,0
1368,TEST_FULL_SUITE_PLUS_DEFAULT,DEFEND_ONE_FROM_MANY,131,6,,,0,1
1369,TEST_FULL_SUITE_PLUS_DEFAULT,DEFEND_ONE_FROM_MANY,131,6,,626,0,1
1370,TEST_FULL_SUITE_PLUS_DEFAULT,DEFEND_ONE_FROM_MANY,132,6,,,0,1
1371,TEST_FULL_SUITE_PLUS_DEFAULT,DEFEND_ONE_FROM_MANY,132,6,,627,0,1
1372,MUTANT_ANNOTATED_SINGLE_METHOD,ATTACK_DEFAULT,131,5,,,0,1
1373,MUTANT_ANNOTATED_SINGLE_METHOD,ATTACK_DEPENDENCIES,131,5,495,,0,1
1374,TEST_FULL_SUITE_PLUS_DEFAULT,DEFEND_ONE_FROM_MANY,131,6,,628,0,1
1375,MUTANT_ANNOTATED_SINGLE_METHOD,ATTACK_DEFAULT,132,5,,,0,1
1376,MUTANT_ANNOTATED_SINGLE_METHOD,ATTACK_DEFAULT,133,5,,,0,1
1377,TEST_FULL_SUITE_PLUS_DEFAULT,DEFEND_DEFAULT,133,6,,,0,1
1378,MUTANT_ANNOTATED_SINGLE_METHOD,ATTACK_DEPENDENCIES,132,5,497,,0,1
1379,MUTANT_ANNOTATED_SINGLE_METHOD,ATTACK_DEPENDENCIES,133,5,496,,0,1
1380,TEST_FULL_SUITE_PLUS_DEFAULT,DEFEND_ONE_FROM_MANY,132,6,,629,0,1
1381,TEST_FULL_SUITE_PLUS_DEFAULT,DEFEND_ONE_FROM_MANY,133,6,,,0,1
1382,TEST_FULL_SUITE_PLUS_DEFAULT,DEFEND_ONE_FROM_MANY,133,6,,630,0,1
1383,MUTANT_ANNOTATED_SINGLE_METHOD,ATTACK_DEFAULT,131,5,,,0,1
1384,MUTANT_ANNOTATED_SINGLE_METHOD,ATTACK_DEPENDENCIES,131,5,498,,0,1
1385,TEST_FULL_SUITE_PLUS_DEFAULT,DEFEND_ONE_FROM_MANY,131,6,,631,0,1
1386,MUTANT_ANNOTATED_SINGLE_METHOD,ATTACK_DEFAULT,132,5,,,0,1
1387,MUTANT_ANNOTATED_SINGLE_METHOD,ATTACK_DEFAULT,133,5,,,0,1
1388,MUTANT_ANNOTATED_SINGLE_METHOD,ATTACK_DEPENDENCIES,133,5,499,,0,1
1389,MUTANT_ANNOTATED_SINGLE_METHOD,ATTACK_DEPENDENCIES,132,5,500,,0,1
1390,TEST_FULL_SUITE_PLUS_DEFAULT,DEFEND_ONE_FROM_MANY,132,6,,632,0,1
1391,TEST_FULL_SUITE_PLUS_DEFAULT,DEFEND_ONE_FROM_MANY,133,6,,633,0,1
1392,MUTANT_ANNOTATED_SINGLE_METHOD,ATTACK_DEFAULT,131,5,,,0,1
1393,MUTANT_ANNOTATED_SINGLE_METHOD,ATTACK_DEPENDENCIES,131,5,501,,0,1
1394,TEST_FULL_SUITE_PLUS_DEFAULT,DEFEND_ONE_FROM_MANY,131,6,,634,0,1
1395,MUTANT_ANNOTATED_SINGLE_METHOD,ATTACK_DEFAULT,133,5,,,0,1
1396,MUTANT_ANNOTATED_SINGLE_METHOD,ATTACK_DEPENDENCIES,133,5,502,,0,1
1397,TEST_FULL_SUITE_PLUS_DEFAULT,DEFEND_ONE_FROM_MANY,132,6,,635,0,1
1398,TEST_FULL_SUITE_PLUS_DEFAULT,DEFEND_ONE_FROM_MANY,133,6,,636,0,1
1399,MUTANT_ANNOTATED_SINGLE_METHOD,ATTACK_DEFAULT,132,5,,,0,1
1400,MUTANT_ANNOTATED_SINGLE_METHOD,ATTACK_DEPENDENCIES,132,5,503,,0,1
1401,TEST_FULL_SUITE_PLUS_DEFAULT,DEFEND_ONE_FROM_MANY,131,6,,637,0,1
1402,TEST_FULL_SUITE_PLUS_DEFAULT,DEFEND_ONE_FROM_MANY,132,6,,638,0,1
1403,TEST_FULL_SUITE_PLUS_DEFAULT,DEFEND_ONE_FROM_MANY,133,6,,639,0,1
1404,MUTANT_ANNOTATED_SINGLE_METHOD,ATTACK_DEFAULT,131,5,,,0,1
1405,MUTANT_ANNOTATED_SINGLE_METHOD,ATTACK_DEPENDENCIES,131,5,504,,0,1
1406,MUTANT_ANNOTATED_SINGLE_METHOD,ATTACK_DEFAULT,132,5,,,0,1
1407,MUTANT_ANNOTATED_SINGLE_METHOD,ATTACK_DEFAULT,133,5,,,0,1
1408,MUTANT_ANNOTATED_SINGLE_METHOD,ATTACK_DEPENDENCIES,132,5,505,,0,1
1409,MUTANT_ANNOTATED_SINGLE_METHOD,ATTACK_DEPENDENCIES,133,5,506,,0,1
1410,TEST_FULL_SUITE_PLUS_DEFAULT,DEFEND_ONE_FROM_MANY,131,6,,640,0,1
1411,TEST_FULL_SUITE_PLUS_DEFAULT,DEFEND_ONE_FROM_MANY,132,6,,641,0,1
1412,TEST_FULL_SUITE_PLUS_DEFAULT,DEFEND_ONE_FROM_MANY,133,6,,642,0,1
1413,MUTANT_ANNOTATED_SINGLE_METHOD,ATTACK_DEFAULT,132,5,,,0,1
1414,MUTANT_ANNOTATED_SINGLE_METHOD,ATTACK_DEPENDENCIES,132,5,507,,0,1
1415,MUTANT_ANNOTATED_SINGLE_METHOD,ATTACK_DEFAULT,131,5,,,0,1
1416,MUTANT_ANNOTATED_SINGLE_METHOD,ATTACK_DEPENDENCIES,131,5,508,,0,1
1417,TEST_FULL_SUITE_PLUS_DEFAULT,DEFEND_ONE_FROM_MANY,131,6,,643,0,1
1418,MUTANT_ANNOTATED_SINGLE_METHOD,ATTACK_DEFAULT,133,5,,,0,1
1419,MUTANT_ANNOTATED_SINGLE_METHOD,ATTACK_DEPENDENCIES,133,5,510,,0,1
1420,TEST_FULL_SUITE_PLUS_DEFAULT,DEFEND_ONE_FROM_MANY,132,6,,644,0,1
1421,TEST_FULL_SUITE_PLUS_DEFAULT,DEFEND_ONE_FROM_MANY,133,6,,645,0,1
1422,MUTANT_ANNOTATED_SINGLE_METHOD,ATTACK_DEFAULT,132,5,,,0,1
1423,MUTANT_ANNOTATED_SINGLE_METHOD,ATTACK_DEPENDENCIES,132,5,509,,0,1
1424,MUTANT_ANNOTATED_SINGLE_METHOD,ATTACK_DEFAULT,131,5,,,0,1
1425,MUTANT_ANNOTATED_SINGLE_METHOD,ATTACK_DEPENDENCIES,131,5,511,,0,1
1426,TEST_FULL_SUITE_PLUS_DEFAULT,DEFEND_ONE_FROM_MANY,131,6,,646,0,1
1427,TEST_FULL_SUITE_PLUS_DEFAULT,DEFEND_ONE_FROM_MANY,132,6,,647,0,1
1428,TEST_FULL_SUITE_PLUS_DEFAULT,DEFEND_ONE_FROM_MANY,133,6,,648,0,1
1429,MUTANT_ANNOTATED_SINGLE_METHOD,ATTACK_DEFAULT,132,5,,,0,1
1430,MUTANT_ANNOTATED_SINGLE_METHOD,ATTACK_DEFAULT,133,5,,,0,1
1431,MUTANT_ANNOTATED_SINGLE_METHOD,ATTACK_DEPENDENCIES,133,5,513,,0,1
1432,MUTANT_ANNOTATED_SINGLE_METHOD,ATTACK_DEPENDENCIES,132,5,512,,0,1
1433,MUTANT_ANNOTATED_SINGLE_METHOD,ATTACK_DEFAULT,131,5,,,0,1
1434,MUTANT_ANNOTATED_SINGLE_METHOD,ATTACK_DEPENDENCIES,131,5,514,,0,1
1435,TEST_FULL_SUITE_PLUS_DEFAULT,DEFEND_ONE_FROM_MANY,131,6,,649,0,1
1436,TEST_FULL_SUITE_PLUS_DEFAULT,DEFEND_ONE_FROM_MANY,133,6,,651,0,1
1437,TEST_FULL_SUITE_PLUS_DEFAULT,DEFEND_ONE_FROM_MANY,132,6,,650,0,1
1438,MUTANT_ANNOTATED_SINGLE_METHOD,ATTACK_DEFAULT,132,5,,,0,1
1439,MUTANT_ANNOTATED_SINGLE_METHOD,ATTACK_DEPENDENCIES,132,5,515,,0,1
1440,TEST_FULL_SUITE_PLUS_DEFAULT,DEFEND_ONE_FROM_MANY,131,6,,652,0,1
1441,MUTANT_ANNOTATED_SINGLE_METHOD,ATTACK_DEFAULT,133,5,,,0,1
1442,MUTANT_ANNOTATED_SINGLE_METHOD,ATTACK_DEPENDENCIES,133,5,516,,0,1
1443,TEST_FULL_SUITE_PLUS_DEFAULT,DEFEND_ONE_FROM_MANY,132,6,,653,0,1
1444,TEST_FULL_SUITE_PLUS_DEFAULT,DEFEND_ONE_FROM_MANY,133,6,,654,0,1
1445,MUTANT_ANNOTATED_SINGLE_METHOD,ATTACK_DEFAULT,131,5,,,0,1
1446,MUTANT_ANNOTATED_SINGLE_METHOD,ATTACK_DEPENDENCIES,131,5,517,,0,1
1447,MUTANT_ANNOTATED_SINGLE_METHOD,ATTACK_DEFAULT,132,5,,,0,1
1448,MUTANT_ANNOTATED_SINGLE_METHOD,ATTACK_DEPENDENCIES,132,5,518,,0,1
1449,TEST_FULL_SUITE_PLUS_DEFAULT,DEFEND_ONE_FROM_MANY,131,6,,655,0,1
1450,MUTANT_ANNOTATED_SINGLE_METHOD,ATTACK_DEFAULT,133,5,,,0,1
1451,MUTANT_ANNOTATED_SINGLE_METHOD,ATTACK_DEPENDENCIES,133,5,519,,0,1
1452,TEST_FULL_SUITE_PLUS_DEFAULT,DEFEND_ONE_FROM_MANY,133,6,,657,0,1
1453,TEST_FULL_SUITE_PLUS_DEFAULT,DEFEND_ONE_FROM_MANY,132,6,,656,0,1
1454,MUTANT_ANNOTATED_SINGLE_METHOD,ATTACK_DEFAULT,131,5,,,0,1
1455,MUTANT_ANNOTATED_SINGLE_METHOD,ATTACK_DEPENDENCIES,131,5,520,,0,1
1456,TEST_FULL_SUITE_PLUS_DEFAULT,DEFEND_ONE_FROM_MANY,131,6,,658,0,1
1457,MUTANT_ANNOTATED_SINGLE_METHOD,ATTACK_DEFAULT,132,5,,,0,1
1458,MUTANT_ANNOTATED_SINGLE_METHOD,ATTACK_DEPENDENCIES,132,5,521,,0,1
1459,TEST_FULL_SUITE_PLUS_DEFAULT,DEFEND_ONE_FROM_MANY,133,6,,672,0,1
1460,TEST_FULL_SUITE_PLUS_DEFAULT,DEFEND_ONE_FROM_MANY,132,6,,659,0,1
1461,MUTANT_ANNOTATED_SINGLE_METHOD,ATTACK_DEFAULT,133,5,,,0,1
1462,MUTANT_ANNOTATED_SINGLE_METHOD,ATTACK_DEPENDENCIES,133,5,523,,0,1
1463,TEST_FULL_SUITE_PLUS_DEFAULT,DEFEND_ONE_FROM_MANY,131,6,,661,0,1
1464,MUTANT_ANNOTATED_SINGLE_METHOD,ATTACK_DEFAULT,132,5,,,0,1
1465,MUTANT_ANNOTATED_SINGLE_METHOD,ATTACK_DEPENDENCIES,132,5,522,,0,1
1466,TEST_FULL_SUITE_PLUS_DEFAULT,DEFEND_ONE_FROM_MANY,132,6,,662,0,1
1467,MUTANT_ANNOTATED_SINGLE_METHOD,ATTACK_DEFAULT,131,5,,,0,1
1468,MUTANT_ANNOTATED_SINGLE_METHOD,ATTACK_DEPENDENCIES,131,5,524,,0,1
1469,TEST_FULL_SUITE_PLUS_DEFAULT,DEFEND_ONE_FROM_MANY,131,6,,664,0,1
1470,MUTANT_ANNOTATED_SINGLE_METHOD,ATTACK_DEFAULT,132,5,,,0,1
1471,MUTANT_ANNOTATED_SINGLE_METHOD,ATTACK_DEPENDENCIES,132,5,526,,0,1
1472,TEST_FULL_SUITE_PLUS_DEFAULT,DEFEND_ONE_FROM_MANY,132,6,,665,0,1
1473,MUTANT_ANNOTATED_SINGLE_METHOD,ATTACK_DEFAULT,133,5,,,0,1
1474,MUTANT_ANNOTATED_SINGLE_METHOD,ATTACK_DEPENDENCIES,133,5,525,,0,1
1475,MUTANT_ANNOTATED_SINGLE_METHOD,ATTACK_DEFAULT,131,5,,,0,1
1476,MUTANT_ANNOTATED_SINGLE_METHOD,ATTACK_DEPENDENCIES,131,5,527,,0,1
1477,TEST_FULL_SUITE_PLUS_DEFAULT,DEFEND_ONE_FROM_MANY,131,6,,667,0,1
1478,TEST_FULL_SUITE_PLUS_DEFAULT,DEFEND_ONE_FROM_MANY,132,6,,668,0,1
1479,MUTANT_ANNOTATED_SINGLE_METHOD,ATTACK_DEFAULT,132,5,,,0,1
1480,MUTANT_ANNOTATED_SINGLE_METHOD,ATTACK_DEFAULT,133,5,,,0,1
1481,MUTANT_ANNOTATED_SINGLE_METHOD,ATTACK_DEPENDENCIES,133,5,529,,0,1
1482,MUTANT_ANNOTATED_SINGLE_METHOD,ATTACK_DEPENDENCIES,132,5,528,,0,1
1483,TEST_FULL_SUITE_PLUS_DEFAULT,DEFEND_ONE_FROM_MANY,131,6,,670,0,1
1484,TEST_FULL_SUITE_PLUS_DEFAULT,DEFEND_ONE_FROM_MANY,132,6,,671,0,1
1485,MUTANT_ANNOTATED_SINGLE_METHOD,ATTACK_DEFAULT,131,5,,,0,1
1486,MUTANT_ANNOTATED_SINGLE_METHOD,ATTACK_DEPENDENCIES,131,5,531,,0,1
1487,MUTANT_ANNOTATED_SINGLE_METHOD,ATTACK_DEFAULT,132,5,,,0,1
1488,MUTANT_ANNOTATED_SINGLE_METHOD,ATTACK_DEPENDENCIES,132,5,530,,0,1
1489,TEST_FULL_SUITE_PLUS_DEFAULT,DEFEND_ONE_FROM_MANY,131,6,,673,0,1
1490,MUTANT_ANNOTATED_SINGLE_METHOD,ATTACK_DEFAULT,133,5,,,0,1
1491,TEST_FULL_SUITE_PLUS_DEFAULT,DEFEND_ONE_FROM_MANY,133,6,,,0,1
1492,MUTANT_ANNOTATED_SINGLE_METHOD,ATTACK_DEPENDENCIES,133,5,532,,0,1
1493,TEST_FULL_SUITE_PLUS_DEFAULT,DEFEND_ONE_FROM_MANY,132,6,,674,0,1
1494,TEST_FULL_SUITE_PLUS_DEFAULT,DEFEND_ONE_FROM_MANY,133,6,,675,0,1
1495,MUTANT_ANNOTATED_SINGLE_METHOD,ATTACK_DEFAULT,132,5,,,0,1
1496,MUTANT_ANNOTATED_SINGLE_METHOD,ATTACK_DEPENDENCIES,132,5,533,,0,1
1497,MUTANT_ANNOTATED_SINGLE_METHOD,ATTACK_DEFAULT,131,5,,,0,1
1498,MUTANT_ANNOTATED_SINGLE_METHOD,ATTACK_DEPENDENCIES,131,5,534,,0,1
1499,TEST_FULL_SUITE_PLUS_DEFAULT,DEFEND_ONE_FROM_MANY,131,6,,676,0,1
1500,TEST_FULL_SUITE_PLUS_DEFAULT,DEFEND_ONE_FROM_MANY,132,6,,677,0,1
1501,TEST_FULL_SUITE_PLUS_DEFAULT,DEFEND_ONE_FROM_MANY,133,6,,678,0,1
1502,MUTANT_ANNOTATED_SINGLE_METHOD,ATTACK_DEFAULT,133,5,,,0,1
1503,MUTANT_ANNOTATED_SINGLE_METHOD,ATTACK_DEFAULT,132,5,,,0,1
1504,MUTANT_ANNOTATED_SINGLE_METHOD,ATTACK_DEPENDENCIES,133,5,537,,0,1
1505,MUTANT_ANNOTATED_SINGLE_METHOD,ATTACK_DEPENDENCIES,132,5,535,,0,1
1506,TEST_FULL_SUITE_PLUS_DEFAULT,DEFEND_ONE_FROM_MANY,131,6,,679,0,1
1507,TEST_FULL_SUITE_PLUS_DEFAULT,DEFEND_ONE_FROM_MANY,132,6,,680,0,1
1508,MUTANT_ANNOTATED_SINGLE_METHOD,ATTACK_DEFAULT,131,5,,,0,1
1509,TEST_FULL_SUITE_PLUS_DEFAULT,DEFEND_ONE_FROM_MANY,133,6,,681,0,1
1510,MUTANT_ANNOTATED_SINGLE_METHOD,ATTACK_DEPENDENCIES,131,5,536,,0,1
1511,MUTANT_ANNOTATED_SINGLE_METHOD,ATTACK_DEFAULT,132,5,,,0,1
1512,MUTANT_ANNOTATED_SINGLE_METHOD,ATTACK_DEPENDENCIES,132,5,538,,0,1
1513,TEST_FULL_SUITE_PLUS_DEFAULT,DEFEND_ONE_FROM_MANY,131,6,,682,0,1
1514,TEST_FULL_SUITE_PLUS_DEFAULT,DEFEND_ONE_FROM_MANY,132,6,,684,0,1
1515,MUTANT_ANNOTATED_SINGLE_METHOD,ATTACK_EQUIVALENCE,131,5,,,0,1
1516,TEST_FULL_SUITE_PLUS_DEFAULT,DEFEND_ONE_FROM_MANY,133,6,,683,0,1
1517,MUTANT_ANNOTATED_SINGLE_METHOD,ATTACK_EQUIVALENCE,131,5,,,0,1
1518,MUTANT_ANNOTATED_SINGLE_METHOD,ATTACK_DEFAULT,133,5,,,0,1
1519,MUTANT_ANNOTATED_SINGLE_METHOD,ATTACK_DEFAULT,132,5,,,0,1
1520,MUTANT_ANNOTATED_SINGLE_METHOD,ATTACK_DEPENDENCIES,132,5,540,,0,1
1521,MUTANT_ANNOTATED_SINGLE_METHOD,ATTACK_DEFAULT,131,5,,,0,1
1522,MUTANT_ANNOTATED_SINGLE_METHOD,ATTACK_DEPENDENCIES,131,5,541,,0,1
1523,MUTANT_ANNOTATED_SINGLE_METHOD,ATTACK_DEPENDENCIES,133,5,539,,0,1
1524,TEST_FULL_SUITE_PLUS_DEFAULT,DEFEND_ONE_FROM_MANY,131,6,,687,0,1
1525,TEST_FULL_SUITE_PLUS_DEFAULT,DEFEND_ONE_FROM_MANY,132,6,,689,0,1
1526,TEST_FULL_SUITE_PLUS_DEFAULT,DEFEND_ONE_FROM_MANY,133,6,,688,0,1
1527,MUTANT_ANNOTATED_SINGLE_METHOD,ATTACK_DEFAULT,133,5,,,0,1
1528,MUTANT_ANNOTATED_SINGLE_METHOD,ATTACK_DEFAULT,132,5,,,0,1
1529,MUTANT_ANNOTATED_SINGLE_METHOD,ATTACK_DEPENDENCIES,132,5,542,,0,1
1530,MUTANT_ANNOTATED_SINGLE_METHOD,ATTACK_DEPENDENCIES,133,5,543,,0,1
1531,TEST_FULL_SUITE_PLUS_DEFAULT,DEFEND_ONE_FROM_MANY,131,6,,690,0,1
1532,TEST_FULL_SUITE_PLUS_DEFAULT,DEFEND_FOCUS,132,6,,697,0,1
1533,MUTANT_ANNOTATED_SINGLE_METHOD,ATTACK_DEFAULT,131,5,,,0,1
1534,TEST_FULL_SUITE_PLUS_DEFAULT,DEFEND_ONE_FROM_MANY,133,6,,691,0,1
1535,MUTANT_ANNOTATED_SINGLE_METHOD,ATTACK_DEPENDENCIES,131,5,544,,0,1
1536,MUTANT_ANNOTATED_SINGLE_METHOD,ATTACK_DEFAULT,132,5,,,0,1
1537,MUTANT_ANNOTATED_SINGLE_METHOD,ATTACK_DEPENDENCIES,132,5,545,,0,1
1538,TEST_FULL_SUITE_PLUS_DEFAULT,DEFEND_ONE_FROM_MANY,131,6,,693,0,1
1539,MUTANT_ANNOTATED_SINGLE_METHOD,ATTACK_DEFAULT,133,5,,,0,1
1540,MUTANT_ANNOTATED_SINGLE_METHOD,ATTACK_DEPENDENCIES,133,5,548,,0,1
1541,MUTANT_ANNOTATED_SINGLE_METHOD,ATTACK_DEFAULT,131,5,,,0,1
1542,TEST_FULL_SUITE_PLUS_DEFAULT,DEFEND_ONE_FROM_MANY,133,6,,694,0,1
1543,MUTANT_ANNOTATED_SINGLE_METHOD,ATTACK_DEPENDENCIES,131,5,546,,0,1
1544,MUTANT_ANNOTATED_SINGLE_METHOD,ATTACK_DEFAULT,132,5,,,0,1
1545,MUTANT_ANNOTATED_SINGLE_METHOD,ATTACK_DEPENDENCIES,132,5,547,,0,1
1546,TEST_FULL_SUITE_PLUS_DEFAULT,DEFEND_ONE_FROM_MANY,131,6,,695,0,1
1547,TEST_FULL_SUITE_PLUS_DEFAULT,DEFEND_ONE_FROM_MANY,133,6,,696,0,1
1548,MUTANT_ANNOTATED_SINGLE_METHOD,ATTACK_DEFAULT,131,5,,,0,1
1549,MUTANT_ANNOTATED_SINGLE_METHOD,ATTACK_DEPENDENCIES,131,5,551,,0,1
1550,MUTANT_ANNOTATED_SINGLE_METHOD,ATTACK_DEFAULT,132,5,,,0,1
1551,MUTANT_ANNOTATED_SINGLE_METHOD,ATTACK_DEPENDENCIES,132,5,549,,0,1
1552,TEST_FULL_SUITE_PLUS_DEFAULT,DEFEND_ONE_FROM_MANY,131,6,,698,0,1
1553,MUTANT_ANNOTATED_SINGLE_METHOD,ATTACK_DEFAULT,133,5,,,0,1
1554,TEST_FULL_SUITE_PLUS_DEFAULT,DEFEND_FOCUS,132,6,,700,0,1
1555,MUTANT_ANNOTATED_SINGLE_METHOD,ATTACK_DEPENDENCIES,133,5,550,,0,1
1556,TEST_FULL_SUITE_PLUS_DEFAULT,DEFEND_ONE_FROM_MANY,133,6,,699,0,1
1557,MUTANT_ANNOTATED_SINGLE_METHOD,ATTACK_EQUIVALENCE,131,5,,,0,1
1558,MUTANT_ANNOTATED_SINGLE_METHOD,ATTACK_DEFAULT,132,5,,,0,1
1559,MUTANT_ANNOTATED_SINGLE_METHOD,ATTACK_DEPENDENCIES,132,5,552,,0,1
1560,TEST_FULL_SUITE_PLUS_DEFAULT,DEFEND_ONE_FROM_MANY,131,6,,702,0,1
1561,MUTANT_ANNOTATED_SINGLE_METHOD,ATTACK_DEFAULT,131,5,,,0,1
1562,MUTANT_ANNOTATED_SINGLE_METHOD,ATTACK_DEPENDENCIES,131,5,553,,0,1
1563,MUTANT_ANNOTATED_SINGLE_METHOD,ATTACK_DEFAULT,133,5,,,0,1
1564,TEST_FULL_SUITE_PLUS_DEFAULT,DEFEND_FOCUS,132,6,,704,0,1
1565,MUTANT_ANNOTATED_SINGLE_METHOD,ATTACK_DEPENDENCIES,133,5,554,,0,1
1566,TEST_FULL_SUITE_PLUS_DEFAULT,DEFEND_ONE_FROM_MANY,133,6,,703,0,1
1567,MUTANT_ANNOTATED_SINGLE_METHOD,ATTACK_DEFAULT,132,5,,,0,1
1568,MUTANT_ANNOTATED_SINGLE_METHOD,ATTACK_DEPENDENCIES,132,5,557,,0,1
1569,TEST_FULL_SUITE_PLUS_DEFAULT,DEFEND_FOCUS,131,6,,705,0,1
1570,MUTANT_ANNOTATED_SINGLE_METHOD,ATTACK_DEFAULT,131,5,,,0,1
1571,MUTANT_ANNOTATED_SINGLE_METHOD,ATTACK_DEPENDENCIES,131,5,555,,0,1
1572,MUTANT_ANNOTATED_SINGLE_METHOD,ATTACK_DEFAULT,133,5,,,0,1
1573,TEST_FULL_SUITE_PLUS_DEFAULT,DEFEND_FOCUS,132,6,,714,0,1
1574,MUTANT_ANNOTATED_SINGLE_METHOD,ATTACK_DEPENDENCIES,133,5,556,,0,1
1575,TEST_FULL_SUITE_PLUS_DEFAULT,DEFEND_ONE_FROM_MANY,133,6,,706,0,1
1576,TEST_FULL_SUITE_PLUS_DEFAULT,DEFEND_FOCUS,131,6,,749,0,1
1577,MUTANT_ANNOTATED_SINGLE_METHOD,ATTACK_DEFAULT,131,5,,,0,1
1578,MUTANT_ANNOTATED_SINGLE_METHOD,ATTACK_DEPENDENCIES,131,5,558,,0,1
1579,MUTANT_ANNOTATED_SINGLE_METHOD,ATTACK_DEFAULT,133,5,,,0,1
1580,MUTANT_ANNOTATED_SINGLE_METHOD,ATTACK_DEFAULT,132,5,,,0,1
1581,MUTANT_ANNOTATED_SINGLE_METHOD,ATTACK_DEPENDENCIES,133,5,559,,0,1
1582,MUTANT_ANNOTATED_SINGLE_METHOD,ATTACK_DEPENDENCIES,132,5,560,,0,1
1583,TEST_FULL_SUITE_PLUS_DEFAULT,DEFEND_ONE_FROM_MANY,133,6,,709,0,1
1584,TEST_FULL_SUITE_PLUS_DEFAULT,DEFEND_DEFAULT,131,6,,711,0,1
1585,MUTANT_ANNOTATED_SINGLE_METHOD,ATTACK_EQUIVALENCE,131,5,,,0,1
1586,MUTANT_ANNOTATED_SINGLE_METHOD,ATTACK_DEFAULT,133,5,,,0,1
1587,MUTANT_ANNOTATED_SINGLE_METHOD,ATTACK_DEPENDENCIES,133,5,561,,0,1
1588,MUTANT_ANNOTATED_SINGLE_METHOD,ATTACK_DEFAULT,132,5,,,0,1
1589,MUTANT_ANNOTATED_SINGLE_METHOD,ATTACK_DEPENDENCIES,132,5,562,,0,1
1590,TEST_FULL_SUITE_PLUS_DEFAULT,DEFEND_ONE_FROM_MANY,133,6,,712,0,1
1591,MUTANT_ANNOTATED_SINGLE_METHOD,ATTACK_DEFAULT,131,5,,,0,1
1592,TEST_FULL_SUITE_PLUS_DEFAULT,DEFEND_DEFAULT,131,6,,715,0,1
1593,MUTANT_ANNOTATED_SINGLE_METHOD,ATTACK_DEPENDENCIES,131,5,563,,0,1
1594,MUTANT_ANNOTATED_SINGLE_METHOD,ATTACK_DEFAULT,133,5,,,0,1
1595,TEST_FULL_SUITE_PLUS_DEFAULT,DEFEND_DEFAULT,132,6,,,0,0
1596,MUTANT_ANNOTATED_SINGLE_METHOD,ATTACK_DEPENDENCIES,133,5,564,,0,1
1597,MUTANT_ANNOTATED_SINGLE_METHOD,ATTACK_EQUIVALENCE,132,5,,,0,1
1598,TEST_FULL_SUITE_PLUS_DEFAULT,DEFEND_ONE_FROM_MANY,133,6,,716,0,1
1599,TEST_FULL_SUITE_PLUS_DEFAULT,DEFEND_DEFAULT,131,6,,719,0,1
1600,MUTANT_ANNOTATED_SINGLE_METHOD,ATTACK_EQUIVALENCE,132,5,,,0,1
1601,TEST_FULL_SUITE_PLUS_DEFAULT,DEFEND_FOCUS,133,6,,721,0,1
1602,MUTANT_ANNOTATED_SINGLE_METHOD,ATTACK_DEFAULT,131,5,,,0,1
1603,MUTANT_ANNOTATED_SINGLE_METHOD,ATTACK_DEPENDENCIES,131,5,565,,0,1
1604,MUTANT_ANNOTATED_SINGLE_METHOD,ATTACK_EQUIVALENCE,132,5,,,0,1
1605,MUTANT_ANNOTATED_SINGLE_METHOD,ATTACK_EQUIVALENCE,133,5,,,0,1
1606,TEST_FULL_SUITE_PLUS_DEFAULT,DEFEND_DEFAULT,131,6,,725,0,1
1607,TEST_FULL_SUITE_PLUS_DEFAULT,DEFEND_FOCUS,133,6,,726,0,1
1608,MUTANT_ANNOTATED_SINGLE_METHOD,ATTACK_DEFAULT,132,5,,,0,1
1609,MUTANT_ANNOTATED_SINGLE_METHOD,ATTACK_DEPENDENCIES,132,5,567,,0,1
1610,TEST_FULL_SUITE_PLUS_DEFAULT,DEFEND_DEFAULT,131,6,,730,0,1
1611,MUTANT_ANNOTATED_SINGLE_METHOD,ATTACK_DEFAULT,133,5,,,0,1
1612,MUTANT_ANNOTATED_SINGLE_METHOD,ATTACK_DEPENDENCIES,133,5,566,,0,1
1613,TEST_FULL_SUITE_PLUS_DEFAULT,DEFEND_FOCUS,133,6,,765,0,1
1614,MUTANT_ANNOTATED_SINGLE_METHOD,ATTACK_DEFAULT,131,5,,,0,1
1615,MUTANT_ANNOTATED_SINGLE_METHOD,ATTACK_DEPENDENCIES,131,5,568,,0,1
1616,MUTANT_ANNOTATED_SINGLE_METHOD,ATTACK_EQUIVALENCE,133,5,,,0,1
1617,MUTANT_ANNOTATED_SINGLE_METHOD,ATTACK_DEFAULT,132,5,,,0,1
1618,MUTANT_ANNOTATED_SINGLE_METHOD,ATTACK_DEPENDENCIES,132,5,572,,0,1
1619,TEST_FULL_SUITE_PLUS_DEFAULT,DEFEND_DEFAULT,132,6,,731,0,1
1620,TEST_FULL_SUITE_PLUS_DEFAULT,DEFEND_DEFAULT,133,6,,738,0,1
1621,MUTANT_ANNOTATED_SINGLE_METHOD,ATTACK_DEFAULT,131,5,,,0,1
1622,MUTANT_ANNOTATED_SINGLE_METHOD,ATTACK_DEPENDENCIES,131,5,569,,0,1
1623,MUTANT_ANNOTATED_SINGLE_METHOD,ATTACK_EQUIVALENCE,133,5,,,0,1
1624,MUTANT_ANNOTATED_SINGLE_METHOD,ATTACK_EQUIVALENCE,133,5,,,0,1
1625,TEST_FULL_SUITE_PLUS_DEFAULT,DEFEND_DEFAULT,131,6,,735,0,1
1626,MUTANT_ANNOTATED_SINGLE_METHOD,ATTACK_EQUIVALENCE,133,5,,,0,1
1627,MUTANT_ANNOTATED_SINGLE_METHOD,ATTACK_DEFAULT,133,5,,,0,1
1628,MUTANT_ANNOTATED_SINGLE_METHOD,ATTACK_DEPENDENCIES,133,5,570,,0,1
1629,TEST_FULL_SUITE_PLUS_DEFAULT,DEFEND_DEFAULT,132,6,,739,0,1
1630,MUTANT_ANNOTATED_SINGLE_METHOD,ATTACK_DEFAULT,131,5,,,0,1
1631,MUTANT_ANNOTATED_SINGLE_METHOD,ATTACK_DEPENDENCIES,131,5,571,,0,1
1632,TEST_FULL_SUITE_PLUS_DEFAULT,DEFEND_DEFAULT,131,6,,740,0,1
1633,MUTANT_ANNOTATED_SINGLE_METHOD,ATTACK_DEFAULT,133,5,,,0,1
1634,MUTANT_ANNOTATED_SINGLE_METHOD,ATTACK_DEPENDENCIES,133,5,573,,0,1
1635,TEST_FULL_SUITE_PLUS_DEFAULT,DEFEND_DEFAULT,133,6,,744,0,1
1636,MUTANT_ANNOTATED_SINGLE_METHOD,ATTACK_DEFAULT,132,5,,,0,1
1637,MUTANT_ANNOTATED_SINGLE_METHOD,ATTACK_DEPENDENCIES,132,5,574,,0,1
1638,MUTANT_ANNOTATED_SINGLE_METHOD,ATTACK_DEFAULT,131,5,,,0,1
1639,MUTANT_ANNOTATED_SINGLE_METHOD,ATTACK_DEPENDENCIES,131,5,576,,0,1
1640,MUTANT_ANNOTATED_SINGLE_METHOD,ATTACK_DEFAULT,133,5,,,0,1
1641,TEST_FULL_SUITE_PLUS_DEFAULT,DEFEND_FOCUS,132,6,,743,0,1
1642,MUTANT_ANNOTATED_SINGLE_METHOD,ATTACK_DEPENDENCIES,133,5,577,,0,1
1643,MUTANT_ANNOTATED_SINGLE_METHOD,ATTACK_DEFAULT,132,5,,,0,1
1644,MUTANT_ANNOTATED_SINGLE_METHOD,ATTACK_DEPENDENCIES,132,5,575,,0,1
1645,TEST_FULL_SUITE_PLUS_DEFAULT,DEFEND_DEFAULT,131,6,,742,0,1
1646,MUTANT_ANNOTATED_SINGLE_METHOD,ATTACK_DEFAULT,132,5,,,0,1
1647,MUTANT_ANNOTATED_SINGLE_METHOD,ATTACK_DEPENDENCIES,132,5,579,,0,1
1648,TEST_FULL_SUITE_PLUS_DEFAULT,DEFEND_DEFAULT,131,6,,745,0,1
1649,MUTANT_ANNOTATED_SINGLE_METHOD,ATTACK_DEFAULT,131,5,,,0,1
1650,MUTANT_ANNOTATED_SINGLE_METHOD,ATTACK_DEPENDENCIES,131,5,580,,0,1
1651,MUTANT_ANNOTATED_SINGLE_METHOD,ATTACK_DEFAULT,133,5,,,0,1
1652,TEST_FULL_SUITE_PLUS_DEFAULT,DEFEND_DEFAULT,132,6,,757,0,1
1653,MUTANT_ANNOTATED_SINGLE_METHOD,ATTACK_DEPENDENCIES,133,5,578,,0,1
1654,TEST_FULL_SUITE_PLUS_DEFAULT,DEFEND_DEFAULT,133,6,,751,0,1
1655,TEST_FULL_SUITE_PLUS_DEFAULT,DEFEND_DEFAULT,131,6,,756,0,1
1656,MUTANT_ANNOTATED_SINGLE_METHOD,ATTACK_DEFAULT,133,5,,,0,1
1657,TEST_FULL_SUITE_PLUS_DEFAULT,DEFEND_FOCUS,132,6,,778,0,1
1658,MUTANT_ANNOTATED_SINGLE_METHOD,ATTACK_DEPENDENCIES,133,5,581,,0,1
1659,MUTANT_ANNOTATED_SINGLE_METHOD,ATTACK_DEFAULT,132,5,,,0,1
1660,MUTANT_ANNOTATED_SINGLE_METHOD,ATTACK_DEPENDENCIES,132,5,582,,0,1
1661,MUTANT_ANNOTATED_SINGLE_METHOD,ATTACK_DEFAULT,131,5,,,0,1
1662,MUTANT_ANNOTATED_SINGLE_METHOD,ATTACK_DEPENDENCIES,131,5,583,,0,1
1663,MUTANT_ANNOTATED_SINGLE_METHOD,ATTACK_DEFAULT,133,5,,,0,1
1664,MUTANT_ANNOTATED_SINGLE_METHOD,ATTACK_DEPENDENCIES,133,5,584,,0,1
1665,MUTANT_ANNOTATED_SINGLE_METHOD,ATTACK_EQUIVALENCE,132,5,,,0,1
1666,MUTANT_ANNOTATED_SINGLE_METHOD,ATTACK_DEFAULT,131,5,,,0,1
1667,MUTANT_ANNOTATED_SINGLE_METHOD,ATTACK_EQUIVALENCE,132,5,,,0,1
1668,MUTANT_ANNOTATED_SINGLE_METHOD,ATTACK_DEPENDENCIES,131,5,585,,0,1
1669,TEST_FULL_SUITE_PLUS_DEFAULT,DEFEND_DEFAULT,133,6,,755,0,1
1670,MUTANT_ANNOTATED_SINGLE_METHOD,ATTACK_DEFAULT,132,5,,,0,1
1671,MUTANT_ANNOTATED_SINGLE_METHOD,ATTACK_DEPENDENCIES,132,5,586,,0,1
1672,MUTANT_ANNOTATED_SINGLE_METHOD,ATTACK_DEFAULT,133,5,,,0,1
1673,MUTANT_ANNOTATED_SINGLE_METHOD,ATTACK_DEPENDENCIES,133,5,587,,0,1
1674,TEST_FULL_SUITE_PLUS_DEFAULT,DEFEND_DEFAULT,133,6,,762,0,1
1675,MUTANT_ANNOTATED_SINGLE_METHOD,ATTACK_DEFAULT,131,5,,,0,1
1676,MUTANT_ANNOTATED_SINGLE_METHOD,ATTACK_DEPENDENCIES,131,5,588,,0,1
1677,TEST_FULL_SUITE_PLUS_DEFAULT,DEFEND_DEFAULT,131,6,,758,0,1
1678,MUTANT_ANNOTATED_SINGLE_METHOD,ATTACK_DEFAULT,132,5,,,0,1
1679,TEST_FULL_SUITE_PLUS_DEFAULT,DEFEND_DEFAULT,132,6,,759,0,1
1680,MUTANT_ANNOTATED_SINGLE_METHOD,ATTACK_DEPENDENCIES,132,5,589,,0,1
1681,MUTANT_ANNOTATED_SINGLE_METHOD,ATTACK_DEFAULT,133,5,,,0,1
1682,MUTANT_ANNOTATED_SINGLE_METHOD,ATTACK_DEPENDENCIES,133,5,592,,0,1
1683,TEST_FULL_SUITE_PLUS_DEFAULT,DEFEND_DEFAULT,131,6,,763,0,1
1684,MUTANT_ANNOTATED_SINGLE_METHOD,ATTACK_DEFAULT,131,5,,,0,1
1685,MUTANT_ANNOTATED_SINGLE_METHOD,ATTACK_DEPENDENCIES,131,5,591,,0,1
1686,MUTANT_ANNOTATED_SINGLE_METHOD,ATTACK_DEFAULT,132,5,,,0,1
1687,TEST_FULL_SUITE_PLUS_DEFAULT,DEFEND_DEFAULT,132,6,,761,0,1
1688,MUTANT_ANNOTATED_SINGLE_METHOD,ATTACK_DEPENDENCIES,132,5,590,,0,1
1689,MUTANT_ANNOTATED_SINGLE_METHOD,ATTACK_DEFAULT,132,5,,,0,1
1690,MUTANT_ANNOTATED_SINGLE_METHOD,ATTACK_DEPENDENCIES,132,5,594,,0,1
1691,TEST_FULL_SUITE_PLUS_DEFAULT,DEFEND_DEFAULT,132,6,,764,0,1
1692,MUTANT_ANNOTATED_SINGLE_METHOD,ATTACK_DEFAULT,131,5,,,0,1
1693,MUTANT_ANNOTATED_SINGLE_METHOD,ATTACK_DEPENDENCIES,131,5,593,,0,1
1694,MUTANT_ANNOTATED_SINGLE_METHOD,ATTACK_DEFAULT,133,5,,,0,1
1695,MUTANT_ANNOTATED_SINGLE_METHOD,ATTACK_DEPENDENCIES,133,5,595,,0,1
1696,TEST_FULL_SUITE_PLUS_DEFAULT,DEFEND_DEFAULT,131,6,,766,0,1
1697,TEST_FULL_SUITE_PLUS_DEFAULT,DEFEND_DEFAULT,132,6,,772,0,1
1698,TEST_FULL_SUITE_PLUS_DEFAULT,DEFEND_DEFAULT,133,6,,770,0,1
1699,MUTANT_ANNOTATED_SINGLE_METHOD,ATTACK_DEFAULT,131,5,,,0,1
1700,MUTANT_ANNOTATED_SINGLE_METHOD,ATTACK_DEPENDENCIES,131,5,596,,0,1
1701,TEST_FULL_SUITE_PLUS_DEFAULT,DEFEND_DEFAULT,131,6,,768,0,1
1702,MUTANT_ANNOTATED_SINGLE_METHOD,ATTACK_DEFAULT,132,5,,,0,1
1703,MUTANT_ANNOTATED_SINGLE_METHOD,ATTACK_DEPENDENCIES,132,5,597,,0,1
1704,MUTANT_ANNOTATED_SINGLE_METHOD,ATTACK_DEFAULT,133,5,,,0,1
1705,MUTANT_ANNOTATED_SINGLE_METHOD,ATTACK_DEPENDENCIES,133,5,598,,0,1
1706,TEST_FULL_SUITE_PLUS_DEFAULT,DEFEND_FOCUS,131,6,,,1,0
1707,MUTANT_ANNOTATED_SINGLE_METHOD,ATTACK_DEFAULT,131,5,,,0,1
1708,MUTANT_ANNOTATED_SINGLE_METHOD,ATTACK_DEPENDENCIES,131,5,601,,0,1
1709,MUTANT_ANNOTATED_SINGLE_METHOD,ATTACK_EQUIVALENCE,132,5,,,0,1
1710,TEST_FULL_SUITE_PLUS_DEFAULT,DEFEND_FOCUS,133,6,,,1,0
1711,TEST_FULL_SUITE_PLUS_DEFAULT,DEFEND_DEFAULT,131,6,,774,0,1
1712,MUTANT_ANNOTATED_SINGLE_METHOD,ATTACK_DEFAULT,132,5,,,0,1
1713,MUTANT_ANNOTATED_SINGLE_METHOD,ATTACK_DEPENDENCIES,132,5,599,,0,1
1714,MUTANT_ANNOTATED_SINGLE_METHOD,ATTACK_EQUIVALENCE,131,5,,,0,1
1715,MUTANT_ANNOTATED_SINGLE_METHOD,ATTACK_DEFAULT,133,5,,,0,1
1716,MUTANT_ANNOTATED_SINGLE_METHOD,ATTACK_DEPENDENCIES,133,5,603,,0,1
1717,MUTANT_ANNOTATED_SINGLE_METHOD,ATTACK_DEFAULT,132,5,,,0,1
1718,MUTANT_ANNOTATED_SINGLE_METHOD,ATTACK_DEPENDENCIES,132,5,600,,0,1
1719,TEST_FULL_SUITE_PLUS_DEFAULT,DEFEND_DEFAULT,131,6,,780,0,1
1720,TEST_FULL_SUITE_PLUS_DEFAULT,DEFEND_DEFAULT,133,6,,781,0,1
1721,MUTANT_ANNOTATED_SINGLE_METHOD,ATTACK_EQUIVALENCE,133,5,,,0,1
1722,TEST_FULL_SUITE_PLUS_DEFAULT,DEFEND_DEFAULT,132,6,,783,0,1
1723,MUTANT_ANNOTATED_SINGLE_METHOD,ATTACK_DEFAULT,132,5,,,0,1
1724,MUTANT_ANNOTATED_SINGLE_METHOD,ATTACK_DEPENDENCIES,132,5,602,,0,1
1725,TEST_FULL_SUITE_PLUS_DEFAULT,DEFEND_DEFAULT,131,6,,784,0,1
1726,MUTANT_ANNOTATED_SINGLE_METHOD,ATTACK_DEFAULT,131,5,,,0,1
1727,MUTANT_ANNOTATED_SINGLE_METHOD,ATTACK_DEPENDENCIES,131,5,604,,0,1
1728,TEST_FULL_SUITE_PLUS_DEFAULT,DEFEND_DEFAULT,133,6,,785,0,1
1729,TEST_FULL_SUITE_PLUS_DEFAULT,DEFEND_FOCUS,132,6,,786,0,1
1730,TEST_FULL_SUITE_PLUS_DEFAULT,DEFEND_DEFAULT,131,6,,787,0,1
1731,MUTANT_ANNOTATED_SINGLE_METHOD,ATTACK_DEFAULT,132,5,,,0,1
1732,MUTANT_ANNOTATED_SINGLE_METHOD,ATTACK_DEPENDENCIES,132,5,605,,0,1
1733,MUTANT_ANNOTATED_SINGLE_METHOD,ATTACK_DEFAULT,133,5,,,0,1
1734,MUTANT_ANNOTATED_SINGLE_METHOD,ATTACK_DEPENDENCIES,133,5,606,,0,1
1735,TEST_FULL_SUITE_PLUS_DEFAULT,DEFEND_DEFAULT,133,6,,,0,0
1736,MUTANT_ANNOTATED_SINGLE_METHOD,ATTACK_DEFAULT,131,5,,,0,1
1737,MUTANT_ANNOTATED_SINGLE_METHOD,ATTACK_DEPENDENCIES,131,5,608,,0,1
1738,TEST_FULL_SUITE_PLUS_DEFAULT,DEFEND_DEFAULT,132,6,,790,0,1
1739,TEST_FULL_SUITE_PLUS_DEFAULT,DEFEND_DEFAULT,131,6,,788,0,1
1740,MUTANT_ANNOTATED_SINGLE_METHOD,ATTACK_DEFAULT,132,5,,,0,1
1741,MUTANT_ANNOTATED_SINGLE_METHOD,ATTACK_DEPENDENCIES,132,5,607,,0,1
1742,MUTANT_ANNOTATED_SINGLE_METHOD,ATTACK_DEFAULT,133,5,,,0,1
1743,MUTANT_ANNOTATED_SINGLE_METHOD,ATTACK_DEPENDENCIES,133,5,610,,0,1
1744,TEST_FULL_SUITE_PLUS_DEFAULT,DEFEND_DEFAULT,131,6,,793,0,1
1745,MUTANT_ANNOTATED_SINGLE_METHOD,ATTACK_DEFAULT,132,5,,,0,1
1746,MUTANT_ANNOTATED_SINGLE_METHOD,ATTACK_DEPENDENCIES,132,5,609,,0,1
1747,MUTANT_ANNOTATED_SINGLE_METHOD,ATTACK_DEFAULT,131,5,,,0,1
1748,MUTANT_ANNOTATED_SINGLE_METHOD,ATTACK_DEPENDENCIES,131,5,611,,0,1
1749,MUTANT_ANNOTATED_SINGLE_METHOD,ATTACK_DEFAULT,132,5,,,0,1
1750,MUTANT_ANNOTATED_SINGLE_METHOD,ATTACK_DEPENDENCIES,132,5,612,,0,1
1751,MUTANT_ANNOTATED_SINGLE_METHOD,ATTACK_DEFAULT,133,5,,,0,1
1752,MUTANT_ANNOTATED_SINGLE_METHOD,ATTACK_DEPENDENCIES,133,5,613,,0,1
1753,TEST_FULL_SUITE_PLUS_DEFAULT,DEFEND_FOCUS,132,6,,792,0,1
1754,TEST_FULL_SUITE_PLUS_DEFAULT,DEFEND_DEFAULT,133,6,,799,0,1
1755,MUTANT_ANNOTATED_SINGLE_METHOD,ATTACK_DEFAULT,131,5,,,0,1
1756,MUTANT_ANNOTATED_SINGLE_METHOD,ATTACK_DEPENDENCIES,131,5,614,,0,1
1757,TEST_FULL_SUITE_PLUS_DEFAULT,DEFEND_FOCUS,132,6,,794,0,1
1758,TEST_FULL_SUITE_PLUS_DEFAULT,DEFEND_DEFAULT,131,6,,798,0,1
1759,MUTANT_ANNOTATED_SINGLE_METHOD,ATTACK_DEFAULT,132,5,,,0,1
1760,MUTANT_ANNOTATED_SINGLE_METHOD,ATTACK_DEPENDENCIES,132,5,616,,0,1
1761,MUTANT_ANNOTATED_SINGLE_METHOD,ATTACK_DEFAULT,133,5,,,0,1
1762,MUTANT_ANNOTATED_SINGLE_METHOD,ATTACK_DEPENDENCIES,133,5,,,0,0
1763,MUTANT_ANNOTATED_SINGLE_METHOD,ATTACK_DEFAULT,131,5,,,0,1
1764,MUTANT_ANNOTATED_SINGLE_METHOD,ATTACK_DEPENDENCIES,131,5,615,,0,1
1765,TEST_FULL_SUITE_PLUS_DEFAULT,DEFEND_FOCUS,132,6,,796,0,1
1766,MUTANT_ANNOTATED_SINGLE_METHOD,ATTACK_EQUIVALENCE,133,5,,,0,1
1767,MUTANT_ANNOTATED_SINGLE_METHOD,ATTACK_DEFAULT,131,5,,,0,1
1768,MUTANT_ANNOTATED_SINGLE_METHOD,ATTACK_DEPENDENCIES,131,5,617,,0,1
1769,TEST_FULL_SUITE_PLUS_DEFAULT,DEFEND_FOCUS,132,6,,797,0,1
1770,MUTANT_ANNOTATED_SINGLE_METHOD,ATTACK_DEFAULT,132,5,,,0,1
1771,MUTANT_ANNOTATED_SINGLE_METHOD,ATTACK_DEPENDENCIES,132,5,618,,0,1
1772,TEST_FULL_SUITE_PLUS_DEFAULT,DEFEND_FOCUS,132,6,,800,0,1
1773,MUTANT_ANNOTATED_SINGLE_METHOD,ATTACK_DEPENDENCIES,133,5,619,,0,1
1774,MUTANT_ANNOTATED_SINGLE_METHOD,ATTACK_DEFAULT,131,5,,,0,1
1775,MUTANT_ANNOTATED_SINGLE_METHOD,ATTACK_DEPENDENCIES,131,5,,,1,0
1776,MUTANT_ANNOTATED_SINGLE_METHOD,ATTACK_DEFAULT,132,5,,,0,1
1777,MUTANT_ANNOTATED_SINGLE_METHOD,ATTACK_DEPENDENCIES,132,5,,,1,0
1778,MUTANT_ANNOTATED_SINGLE_METHOD,ATTACK_DEFAULT,133,5,,,0,1
1779,MUTANT_ANNOTATED_SINGLE_METHOD,ATTACK_EQUIVALENCE,131,5,,,0,1
1780,MUTANT_ANNOTATED_SINGLE_METHOD,ATTACK_DEPENDENCIES,133,5,,,1,0
1781,TEST_FULL_SUITE_PLUS_DEFAULT,DEFEND_DEFAULT,133,6,,,1,0
1782,MUTANT_ANNOTATED_SINGLE_METHOD,ATTACK_DEFAULT,134,5,,,0,1
1783,TEST_FULL_SUITE_PLUS_DEFAULT,DEFEND_DEFAULT,134,6,,,0,1
1784,MUTANT_ANNOTATED_SINGLE_METHOD,ATTACK_DEPENDENCIES,134,5,620,,0,1
1785,MUTANT_ANNOTATED_SINGLE_METHOD,ATTACK_DEFAULT,135,5,,,0,1
1786,TEST_FULL_SUITE_PLUS_DEFAULT,DEFEND_DEFAULT,135,6,,,0,1
1787,MUTANT_ANNOTATED_SINGLE_METHOD,ATTACK_DEPENDENCIES,135,5,621,,0,1
1788,TEST_FULL_SUITE_PLUS_DEFAULT,DEFEND_ONE_FROM_MANY,134,6,,,0,1
1789,TEST_FULL_SUITE_PLUS_DEFAULT,DEFEND_ONE_FROM_MANY,134,6,,804,0,1
1790,TEST_FULL_SUITE_PLUS_DEFAULT,DEFEND_ONE_FROM_MANY,135,6,,,0,1
1791,TEST_FULL_SUITE_PLUS_DEFAULT,DEFEND_ONE_FROM_MANY,135,6,,805,0,1
1792,MUTANT_ANNOTATED_SINGLE_METHOD,ATTACK_DEFAULT,134,5,,,0,1
1793,MUTANT_ANNOTATED_SINGLE_METHOD,ATTACK_DEPENDENCIES,134,5,622,,0,1
1794,TEST_FULL_SUITE_PLUS_DEFAULT,DEFEND_ONE_FROM_MANY,134,6,,806,0,1
1795,MUTANT_ANNOTATED_SINGLE_METHOD,ATTACK_DEFAULT,135,5,,,0,1
1796,MUTANT_ANNOTATED_SINGLE_METHOD,ATTACK_DEPENDENCIES,135,5,623,,0,1
1797,TEST_FULL_SUITE_PLUS_DEFAULT,DEFEND_ONE_FROM_MANY,135,6,,807,0,1
1798,MUTANT_ANNOTATED_SINGLE_METHOD,ATTACK_DEFAULT,134,5,,,0,1
1799,MUTANT_ANNOTATED_SINGLE_METHOD,ATTACK_DEPENDENCIES,134,5,624,,0,1
1800,TEST_FULL_SUITE_PLUS_DEFAULT,DEFEND_ONE_FROM_MANY,134,6,,808,0,1
1801,TEST_FULL_SUITE_PLUS_DEFAULT,DEFEND_ONE_FROM_MANY,135,6,,809,0,1
1802,MUTANT_ANNOTATED_SINGLE_METHOD,ATTACK_DEFAULT,135,5,,,0,1
1803,MUTANT_ANNOTATED_SINGLE_METHOD,ATTACK_DEPENDENCIES,135,5,626,,0,1
1804,MUTANT_ANNOTATED_SINGLE_METHOD,ATTACK_DEFAULT,134,5,,,0,1
1805,MUTANT_ANNOTATED_SINGLE_METHOD,ATTACK_DEPENDENCIES,134,5,625,,0,1
1806,TEST_FULL_SUITE_PLUS_DEFAULT,DEFEND_ONE_FROM_MANY,134,6,,810,0,1
1807,TEST_FULL_SUITE_PLUS_DEFAULT,DEFEND_ONE_FROM_MANY,135,6,,811,0,1
1808,MUTANT_ANNOTATED_SINGLE_METHOD,ATTACK_DEFAULT,134,5,,,0,1
1809,MUTANT_ANNOTATED_SINGLE_METHOD,ATTACK_DEPENDENCIES,134,5,627,,0,1
1810,TEST_FULL_SUITE_PLUS_DEFAULT,DEFEND_ONE_FROM_MANY,134,6,,812,0,1
1811,MUTANT_ANNOTATED_SINGLE_METHOD,ATTACK_DEFAULT,135,5,,,0,1
1812,MUTANT_ANNOTATED_SINGLE_METHOD,ATTACK_DEPENDENCIES,135,5,628,,0,1
1813,TEST_FULL_SUITE_PLUS_DEFAULT,DEFEND_ONE_FROM_MANY,135,6,,813,0,1
1814,MUTANT_ANNOTATED_SINGLE_METHOD,ATTACK_DEFAULT,134,5,,,0,1
1815,MUTANT_ANNOTATED_SINGLE_METHOD,ATTACK_DEPENDENCIES,134,5,629,,0,1
1816,TEST_FULL_SUITE_PLUS_DEFAULT,DEFEND_ONE_FROM_MANY,134,6,,814,0,1
1817,MUTANT_ANNOTATED_SINGLE_METHOD,ATTACK_DEFAULT,135,5,,,0,1
1818,MUTANT_ANNOTATED_SINGLE_METHOD,ATTACK_DEPENDENCIES,135,5,630,,0,1
1819,TEST_FULL_SUITE_PLUS_DEFAULT,DEFEND_ONE_FROM_MANY,135,6,,815,0,1
1820,MUTANT_ANNOTATED_SINGLE_METHOD,ATTACK_DEFAULT,134,5,,,0,1
1821,MUTANT_ANNOTATED_SINGLE_METHOD,ATTACK_DEPENDENCIES,134,5,631,,0,1
1822,TEST_FULL_SUITE_PLUS_DEFAULT,DEFEND_ONE_FROM_MANY,134,6,,816,0,1
1823,TEST_FULL_SUITE_PLUS_DEFAULT,DEFEND_ONE_FROM_MANY,135,6,,817,0,1
1824,MUTANT_ANNOTATED_SINGLE_METHOD,ATTACK_DEFAULT,135,5,,,0,1
1825,MUTANT_ANNOTATED_SINGLE_METHOD,ATTACK_DEPENDENCIES,135,5,633,,0,1
1826,MUTANT_ANNOTATED_SINGLE_METHOD,ATTACK_DEFAULT,134,5,,,0,1
1827,MUTANT_ANNOTATED_SINGLE_METHOD,ATTACK_DEPENDENCIES,134,5,632,,0,1
1828,TEST_FULL_SUITE_PLUS_DEFAULT,DEFEND_ONE_FROM_MANY,134,6,,818,0,1
1829,TEST_FULL_SUITE_PLUS_DEFAULT,DEFEND_ONE_FROM_MANY,135,6,,819,0,1
1830,MUTANT_ANNOTATED_SINGLE_METHOD,ATTACK_DEFAULT,134,5,,,0,1
1831,MUTANT_ANNOTATED_SINGLE_METHOD,ATTACK_DEPENDENCIES,134,5,634,,0,1
1832,TEST_FULL_SUITE_PLUS_DEFAULT,DEFEND_ONE_FROM_MANY,134,6,,820,0,1
1833,MUTANT_ANNOTATED_SINGLE_METHOD,ATTACK_DEFAULT,135,5,,,0,1
1834,MUTANT_ANNOTATED_SINGLE_METHOD,ATTACK_DEPENDENCIES,135,5,635,,0,1
1835,TEST_FULL_SUITE_PLUS_DEFAULT,DEFEND_ONE_FROM_MANY,135,6,,821,0,1
1836,MUTANT_ANNOTATED_SINGLE_METHOD,ATTACK_DEFAULT,134,5,,,0,1
1837,MUTANT_ANNOTATED_SINGLE_METHOD,ATTACK_DEPENDENCIES,134,5,636,,0,1
1838,TEST_FULL_SUITE_PLUS_DEFAULT,DEFEND_ONE_FROM_MANY,134,6,,822,0,1
1839,MUTANT_ANNOTATED_SINGLE_METHOD,ATTACK_DEFAULT,135,5,,,0,1
1840,MUTANT_ANNOTATED_SINGLE_METHOD,ATTACK_DEPENDENCIES,135,5,637,,0,1
1841,TEST_FULL_SUITE_PLUS_DEFAULT,DEFEND_ONE_FROM_MANY,135,6,,823,0,1
1842,TEST_FULL_SUITE_PLUS_DEFAULT,DEFEND_ONE_FROM_MANY,134,6,,824,0,1
1843,TEST_FULL_SUITE_PLUS_DEFAULT,DEFEND_ONE_FROM_MANY,135,6,,833,0,1
1844,MUTANT_ANNOTATED_SINGLE_METHOD,ATTACK_DEFAULT,134,5,,,0,1
1845,MUTANT_ANNOTATED_SINGLE_METHOD,ATTACK_DEPENDENCIES,134,5,638,,0,1
1846,MUTANT_ANNOTATED_SINGLE_METHOD,ATTACK_DEFAULT,135,5,,,0,1
1847,MUTANT_ANNOTATED_SINGLE_METHOD,ATTACK_DEPENDENCIES,135,5,639,,0,1
1848,TEST_FULL_SUITE_PLUS_DEFAULT,DEFEND_ONE_FROM_MANY,134,6,,826,0,1
1849,MUTANT_ANNOTATED_SINGLE_METHOD,ATTACK_DEFAULT,134,5,,,0,1
1850,MUTANT_ANNOTATED_SINGLE_METHOD,ATTACK_DEPENDENCIES,134,5,640,,0,1
1851,MUTANT_ANNOTATED_SINGLE_METHOD,ATTACK_DEFAULT,135,5,,,0,1
1852,MUTANT_ANNOTATED_SINGLE_METHOD,ATTACK_DEPENDENCIES,135,5,641,,0,1
1853,TEST_FULL_SUITE_PLUS_DEFAULT,DEFEND_ONE_FROM_MANY,134,6,,828,0,1
1854,MUTANT_ANNOTATED_SINGLE_METHOD,ATTACK_DEFAULT,134,5,,,0,1
1855,MUTANT_ANNOTATED_SINGLE_METHOD,ATTACK_DEPENDENCIES,134,5,642,,0,1
1856,TEST_FULL_SUITE_PLUS_DEFAULT,DEFEND_ONE_FROM_MANY,134,6,,830,0,1
1857,MUTANT_ANNOTATED_SINGLE_METHOD,ATTACK_DEFAULT,135,5,,,0,1
1858,MUTANT_ANNOTATED_SINGLE_METHOD,ATTACK_DEPENDENCIES,135,5,643,,0,1
1859,MUTANT_ANNOTATED_SINGLE_METHOD,ATTACK_DEFAULT,134,5,,,0,1
1860,MUTANT_ANNOTATED_SINGLE_METHOD,ATTACK_DEPENDENCIES,134,5,644,,0,1
1861,TEST_FULL_SUITE_PLUS_DEFAULT,DEFEND_ONE_FROM_MANY,134,6,,832,0,1
1862,MUTANT_ANNOTATED_SINGLE_METHOD,ATTACK_DEFAULT,135,5,,,0,1
1863,MUTANT_ANNOTATED_SINGLE_METHOD,ATTACK_DEPENDENCIES,135,5,645,,0,1
1864,MUTANT_ANNOTATED_SINGLE_METHOD,ATTACK_DEFAULT,134,5,,,0,1
1865,MUTANT_ANNOTATED_SINGLE_METHOD,ATTACK_DEPENDENCIES,134,5,646,,0,1
1866,TEST_FULL_SUITE_PLUS_DEFAULT,DEFEND_ONE_FROM_MANY,134,6,,834,0,1
1867,TEST_FULL_SUITE_PLUS_DEFAULT,DEFEND_ONE_FROM_MANY,135,6,,,0,1
1868,TEST_FULL_SUITE_PLUS_DEFAULT,DEFEND_ONE_FROM_MANY,135,6,,835,0,1
1869,MUTANT_ANNOTATED_SINGLE_METHOD,ATTACK_DEFAULT,134,5,,,0,1
1870,MUTANT_ANNOTATED_SINGLE_METHOD,ATTACK_DEPENDENCIES,134,5,647,,0,1
1871,MUTANT_ANNOTATED_SINGLE_METHOD,ATTACK_DEFAULT,135,5,,,0,1
1872,MUTANT_ANNOTATED_SINGLE_METHOD,ATTACK_DEPENDENCIES,135,5,648,,0,1
1873,TEST_FULL_SUITE_PLUS_DEFAULT,DEFEND_ONE_FROM_MANY,134,6,,836,0,1
1874,TEST_FULL_SUITE_PLUS_DEFAULT,DEFEND_ONE_FROM_MANY,135,6,,837,0,1
1875,TEST_FULL_SUITE_PLUS_DEFAULT,DEFEND_ONE_FROM_MANY,134,6,,838,0,1
1876,MUTANT_ANNOTATED_SINGLE_METHOD,ATTACK_DEFAULT,134,5,,,0,1
1877,MUTANT_ANNOTATED_SINGLE_METHOD,ATTACK_DEPENDENCIES,134,5,650,,0,1
1878,MUTANT_ANNOTATED_SINGLE_METHOD,ATTACK_DEFAULT,135,5,,,0,1
1879,MUTANT_ANNOTATED_SINGLE_METHOD,ATTACK_DEPENDENCIES,135,5,649,,0,1
1880,TEST_FULL_SUITE_PLUS_DEFAULT,DEFEND_ONE_FROM_MANY,135,6,,839,0,1
1881,TEST_FULL_SUITE_PLUS_DEFAULT,DEFEND_ONE_FROM_MANY,134,6,,840,0,1
1882,MUTANT_ANNOTATED_SINGLE_METHOD,ATTACK_DEFAULT,134,5,,,0,1
1883,MUTANT_ANNOTATED_SINGLE_METHOD,ATTACK_DEPENDENCIES,134,5,651,,0,1
1884,MUTANT_ANNOTATED_SINGLE_METHOD,ATTACK_DEFAULT,135,5,,,0,1
1885,MUTANT_ANNOTATED_SINGLE_METHOD,ATTACK_DEPENDENCIES,135,5,652,,0,1
1886,TEST_FULL_SUITE_PLUS_DEFAULT,DEFEND_ONE_FROM_MANY,135,6,,841,0,1
1887,TEST_FULL_SUITE_PLUS_DEFAULT,DEFEND_ONE_FROM_MANY,134,6,,842,0,1
1888,MUTANT_ANNOTATED_SINGLE_METHOD,ATTACK_DEFAULT,134,5,,,0,1
1889,MUTANT_ANNOTATED_SINGLE_METHOD,ATTACK_DEPENDENCIES,134,5,654,,0,1
1890,MUTANT_ANNOTATED_SINGLE_METHOD,ATTACK_DEFAULT,135,5,,,0,1
1891,MUTANT_ANNOTATED_SINGLE_METHOD,ATTACK_DEPENDENCIES,135,5,653,,0,1
1892,TEST_FULL_SUITE_PLUS_DEFAULT,DEFEND_ONE_FROM_MANY,135,6,,843,0,1
1893,TEST_FULL_SUITE_PLUS_DEFAULT,DEFEND_ONE_FROM_MANY,134,6,,844,0,1
1894,MUTANT_ANNOTATED_SINGLE_METHOD,ATTACK_DEFAULT,135,5,,,0,1
1895,MUTANT_ANNOTATED_SINGLE_METHOD,ATTACK_DEPENDENCIES,135,5,655,,0,1
1896,TEST_FULL_SUITE_PLUS_DEFAULT,DEFEND_ONE_FROM_MANY,135,6,,845,0,1
1897,MUTANT_ANNOTATED_SINGLE_METHOD,ATTACK_DEFAULT,134,5,,,0,1
1898,MUTANT_ANNOTATED_SINGLE_METHOD,ATTACK_DEPENDENCIES,134,5,656,,0,1
1899,TEST_FULL_SUITE_PLUS_DEFAULT,DEFEND_ONE_FROM_MANY,134,6,,846,0,1
1900,TEST_FULL_SUITE_PLUS_DEFAULT,DEFEND_ONE_FROM_MANY,135,6,,847,0,1
1901,MUTANT_ANNOTATED_SINGLE_METHOD,ATTACK_DEFAULT,134,5,,,0,1
1902,MUTANT_ANNOTATED_SINGLE_METHOD,ATTACK_DEPENDENCIES,134,5,658,,0,1
1903,MUTANT_ANNOTATED_SINGLE_METHOD,ATTACK_DEFAULT,135,5,,,0,1
1904,MUTANT_ANNOTATED_SINGLE_METHOD,ATTACK_DEPENDENCIES,135,5,657,,0,1
1905,TEST_FULL_SUITE_PLUS_DEFAULT,DEFEND_FOCUS,134,6,,852,0,1
1906,TEST_FULL_SUITE_PLUS_DEFAULT,DEFEND_ONE_FROM_MANY,135,6,,849,0,1
1907,MUTANT_ANNOTATED_SINGLE_METHOD,ATTACK_DEFAULT,134,5,,,0,1
1908,MUTANT_ANNOTATED_SINGLE_METHOD,ATTACK_DEPENDENCIES,134,5,660,,0,1
1909,MUTANT_ANNOTATED_SINGLE_METHOD,ATTACK_DEFAULT,135,5,,,0,1
1910,MUTANT_ANNOTATED_SINGLE_METHOD,ATTACK_DEPENDENCIES,135,5,659,,0,1
1911,TEST_FULL_SUITE_PLUS_DEFAULT,DEFEND_ONE_FROM_MANY,135,6,,851,0,1
1912,MUTANT_ANNOTATED_SINGLE_METHOD,ATTACK_DEFAULT,135,5,,,0,1
1913,MUTANT_ANNOTATED_SINGLE_METHOD,ATTACK_DEPENDENCIES,135,5,661,,0,1
1914,MUTANT_ANNOTATED_SINGLE_METHOD,ATTACK_DEFAULT,134,5,,,0,1
1915,MUTANT_ANNOTATED_SINGLE_METHOD,ATTACK_DEPENDENCIES,134,5,662,,0,1
1916,TEST_FULL_SUITE_PLUS_DEFAULT,DEFEND_ONE_FROM_MANY,135,6,,853,0,1
1917,MUTANT_ANNOTATED_SINGLE_METHOD,ATTACK_DEFAULT,135,5,,,0,1
1918,MUTANT_ANNOTATED_SINGLE_METHOD,ATTACK_DEPENDENCIES,135,5,663,,0,1
1919,TEST_FULL_SUITE_PLUS_DEFAULT,DEFEND_FOCUS,134,6,,,0,0
1920,MUTANT_ANNOTATED_SINGLE_METHOD,ATTACK_DEFAULT,134,5,,,0,1
1921,MUTANT_ANNOTATED_SINGLE_METHOD,ATTACK_DEPENDENCIES,134,5,664,,0,1
1922,TEST_FULL_SUITE_PLUS_DEFAULT,DEFEND_ONE_FROM_MANY,135,6,,855,0,1
1923,MUTANT_ANNOTATED_SINGLE_METHOD,ATTACK_DEFAULT,134,5,,,0,1
1924,MUTANT_ANNOTATED_SINGLE_METHOD,ATTACK_DEPENDENCIES,134,5,665,,0,1
1925,MUTANT_ANNOTATED_SINGLE_METHOD,ATTACK_DEFAULT,135,5,,,0,1
1926,MUTANT_ANNOTATED_SINGLE_METHOD,ATTACK_DEPENDENCIES,135,5,666,,0,1
1927,TEST_FULL_SUITE_PLUS_DEFAULT,DEFEND_ONE_FROM_MANY,135,6,,856,0,1
1928,MUTANT_ANNOTATED_SINGLE_METHOD,ATTACK_DEFAULT,134,5,,,0,1
1929,MUTANT_ANNOTATED_SINGLE_METHOD,ATTACK_DEPENDENCIES,134,5,667,,0,1
1930,TEST_FULL_SUITE_PLUS_DEFAULT,DEFEND_ONE_FROM_MANY,135,6,,857,0,1
1931,MUTANT_ANNOTATED_SINGLE_METHOD,ATTACK_DEFAULT,135,5,,,0,1
1932,MUTANT_ANNOTATED_SINGLE_METHOD,ATTACK_DEPENDENCIES,135,5,668,,0,1
1933,TEST_FULL_SUITE_PLUS_DEFAULT,DEFEND_FOCUS,135,6,,859,0,1
1934,MUTANT_ANNOTATED_SINGLE_METHOD,ATTACK_DEFAULT,134,5,,,0,1
1935,MUTANT_ANNOTATED_SINGLE_METHOD,ATTACK_DEPENDENCIES,134,5,669,,0,1
1936,MUTANT_ANNOTATED_SINGLE_METHOD,ATTACK_EQUIVALENCE,135,5,,,0,1
1937,TEST_FULL_SUITE_PLUS_DEFAULT,DEFEND_FOCUS,134,6,,,0,0
1938,TEST_FULL_SUITE_PLUS_DEFAULT,DEFEND_DEFAULT,135,6,,862,0,1
1939,MUTANT_ANNOTATED_SINGLE_METHOD,ATTACK_DEFAULT,135,5,,,0,1
1940,MUTANT_ANNOTATED_SINGLE_METHOD,ATTACK_DEPENDENCIES,135,5,671,,0,1
1941,MUTANT_ANNOTATED_SINGLE_METHOD,ATTACK_DEFAULT,134,5,,,0,1
1942,MUTANT_ANNOTATED_SINGLE_METHOD,ATTACK_DEPENDENCIES,134,5,670,,0,1
1943,MUTANT_ANNOTATED_SINGLE_METHOD,ATTACK_DEFAULT,134,5,,,0,1
1944,MUTANT_ANNOTATED_SINGLE_METHOD,ATTACK_DEPENDENCIES,134,5,672,,0,1
1945,TEST_FULL_SUITE_PLUS_DEFAULT,DEFEND_DEFAULT,135,6,,863,0,1
1946,MUTANT_ANNOTATED_SINGLE_METHOD,ATTACK_EQUIVALENCE,135,5,,,0,1
1947,MUTANT_ANNOTATED_SINGLE_METHOD,ATTACK_DEFAULT,134,5,,,0,1
1948,MUTANT_ANNOTATED_SINGLE_METHOD,ATTACK_DEPENDENCIES,134,5,674,,0,1
1949,MUTANT_ANNOTATED_SINGLE_METHOD,ATTACK_DEFAULT,135,5,,,0,1
1950,MUTANT_ANNOTATED_SINGLE_METHOD,ATTACK_DEPENDENCIES,135,5,673,,0,1
1951,TEST_FULL_SUITE_PLUS_DEFAULT,DEFEND_DEFAULT,135,6,,865,0,1
1952,MUTANT_ANNOTATED_SINGLE_METHOD,ATTACK_DEFAULT,135,5,,,0,1
1953,MUTANT_ANNOTATED_SINGLE_METHOD,ATTACK_DEPENDENCIES,135,5,675,,0,1
1954,MUTANT_ANNOTATED_SINGLE_METHOD,ATTACK_DEFAULT,134,5,,,0,1
1955,MUTANT_ANNOTATED_SINGLE_METHOD,ATTACK_DEPENDENCIES,134,5,676,,0,1
1956,TEST_FULL_SUITE_PLUS_DEFAULT,DEFEND_FOCUS,134,6,,867,0,1
1957,TEST_FULL_SUITE_PLUS_DEFAULT,DEFEND_DEFAULT,135,6,,869,0,1
1958,MUTANT_ANNOTATED_SINGLE_METHOD,ATTACK_DEFAULT,135,5,,,0,1
1959,MUTANT_ANNOTATED_SINGLE_METHOD,ATTACK_DEPENDENCIES,135,5,677,,0,1
1960,MUTANT_ANNOTATED_SINGLE_METHOD,ATTACK_DEFAULT,134,5,,,0,1
1961,MUTANT_ANNOTATED_SINGLE_METHOD,ATTACK_DEPENDENCIES,134,5,678,,0,1
1962,MUTANT_ANNOTATED_SINGLE_METHOD,ATTACK_DEFAULT,135,5,,,0,1
1963,MUTANT_ANNOTATED_SINGLE_METHOD,ATTACK_DEPENDENCIES,135,5,681,,0,1
1964,TEST_FULL_SUITE_PLUS_DEFAULT,DEFEND_FOCUS,134,6,,872,0,1
1965,MUTANT_ANNOTATED_SINGLE_METHOD,ATTACK_DEFAULT,134,5,,,0,1
1966,MUTANT_ANNOTATED_SINGLE_METHOD,ATTACK_DEPENDENCIES,134,5,680,,0,1
1967,TEST_FULL_SUITE_PLUS_DEFAULT,DEFEND_DEFAULT,135,6,,874,0,1
1968,MUTANT_ANNOTATED_SINGLE_METHOD,ATTACK_DEFAULT,134,5,,,0,1
1969,MUTANT_ANNOTATED_SINGLE_METHOD,ATTACK_DEPENDENCIES,134,5,683,,0,1
1970,MUTANT_ANNOTATED_SINGLE_METHOD,ATTACK_DEFAULT,135,5,,,0,1
1971,MUTANT_ANNOTATED_SINGLE_METHOD,ATTACK_DEPENDENCIES,135,5,684,,0,1
1972,MUTANT_ANNOTATED_SINGLE_METHOD,ATTACK_DEFAULT,134,5,,,0,1
1973,MUTANT_ANNOTATED_SINGLE_METHOD,ATTACK_DEPENDENCIES,134,5,685,,0,1
1974,MUTANT_ANNOTATED_SINGLE_METHOD,ATTACK_DEFAULT,135,5,,,0,1
1975,TEST_FULL_SUITE_PLUS_DEFAULT,DEFEND_FOCUS,134,6,,875,0,1
1976,MUTANT_ANNOTATED_SINGLE_METHOD,ATTACK_DEPENDENCIES,135,5,687,,0,1
1977,MUTANT_ANNOTATED_SINGLE_METHOD,ATTACK_DEFAULT,134,5,,,0,1
1978,MUTANT_ANNOTATED_SINGLE_METHOD,ATTACK_DEPENDENCIES,134,5,686,,0,1
1979,TEST_FULL_SUITE_PLUS_DEFAULT,DEFEND_DEFAULT,135,6,,876,0,1
1980,MUTANT_ANNOTATED_SINGLE_METHOD,ATTACK_DEFAULT,134,5,,,0,1
1981,MUTANT_ANNOTATED_SINGLE_METHOD,ATTACK_DEPENDENCIES,134,5,688,,0,1
1982,MUTANT_ANNOTATED_SINGLE_METHOD,ATTACK_DEFAULT,135,5,,,0,1
1983,TEST_FULL_SUITE_PLUS_DEFAULT,DEFEND_FOCUS,134,6,,,0,0
1984,MUTANT_ANNOTATED_SINGLE_METHOD,ATTACK_DEPENDENCIES,135,5,689,,0,1
1985,TEST_FULL_SUITE_PLUS_DEFAULT,DEFEND_DEFAULT,135,6,,878,0,1
1986,MUTANT_ANNOTATED_SINGLE_METHOD,ATTACK_DEFAULT,134,5,,,0,1
1987,MUTANT_ANNOTATED_SINGLE_METHOD,ATTACK_DEPENDENCIES,134,5,690,,0,1
1988,TEST_FULL_SUITE_PLUS_DEFAULT,DEFEND_DEFAULT,135,6,,879,0,1
1989,MUTANT_ANNOTATED_SINGLE_METHOD,ATTACK_DEFAULT,135,5,,,0,1
1990,MUTANT_ANNOTATED_SINGLE_METHOD,ATTACK_DEPENDENCIES,135,5,692,,0,1
1991,MUTANT_ANNOTATED_SINGLE_METHOD,ATTACK_DEFAULT,134,5,,,0,1
1992,MUTANT_ANNOTATED_SINGLE_METHOD,ATTACK_DEPENDENCIES,134,5,691,,0,1
1993,TEST_FULL_SUITE_PLUS_DEFAULT,DEFEND_DEFAULT,135,6,,881,0,1
1994,TEST_FULL_SUITE_PLUS_DEFAULT,DEFEND_FOCUS,134,6,,882,0,1
1995,MUTANT_ANNOTATED_SINGLE_METHOD,ATTACK_DEFAULT,134,5,,,0,1
1996,MUTANT_ANNOTATED_SINGLE_METHOD,ATTACK_DEPENDENCIES,134,5,698,,0,1
1997,TEST_FULL_SUITE_PLUS_DEFAULT,DEFEND_DEFAULT,135,6,,883,0,1
1998,MUTANT_ANNOTATED_SINGLE_METHOD,ATTACK_DEFAULT,135,5,,,0,1
1999,MUTANT_ANNOTATED_SINGLE_METHOD,ATTACK_DEPENDENCIES,135,5,693,,0,1
2000,TEST_FULL_SUITE_PLUS_DEFAULT,DEFEND_DEFAULT,134,6,,884,0,1
2001,MUTANT_ANNOTATED_SINGLE_METHOD,ATTACK_EQUIVALENCE,134,5,,,0,1
2002,TEST_FULL_SUITE_PLUS_DEFAULT,DEFEND_DEFAULT,135,6,,887,0,1
2003,TEST_FULL_SUITE_PLUS_DEFAULT,DEFEND_DEFAULT,134,6,,,0,0
2004,MUTANT_ANNOTATED_SINGLE_METHOD,ATTACK_EQUIVALENCE,134,5,,,0,1
2005,MUTANT_ANNOTATED_SINGLE_METHOD,ATTACK_DEFAULT,135,5,,,0,1
2006,MUTANT_ANNOTATED_SINGLE_METHOD,ATTACK_DEPENDENCIES,135,5,694,,0,1
2007,MUTANT_ANNOTATED_SINGLE_METHOD,ATTACK_EQUIVALENCE,134,5,,,0,1
2008,MUTANT_ANNOTATED_SINGLE_METHOD,ATTACK_EQUIVALENCE,135,5,,,0,1
2009,MUTANT_ANNOTATED_SINGLE_METHOD,ATTACK_EQUIVALENCE,134,5,,,0,1
2010,TEST_FULL_SUITE_PLUS_DEFAULT,DEFEND_DEFAULT,135,6,,891,0,1
2011,MUTANT_ANNOTATED_SINGLE_METHOD,ATTACK_DEFAULT,135,5,,,0,1
2012,MUTANT_ANNOTATED_SINGLE_METHOD,ATTACK_DEPENDENCIES,135,5,695,,0,1
2013,MUTANT_ANNOTATED_SINGLE_METHOD,ATTACK_EQUIVALENCE,134,5,,,0,1
2014,TEST_FULL_SUITE_PLUS_DEFAULT,DEFEND_DEFAULT,135,6,,893,0,1
2015,MUTANT_ANNOTATED_SINGLE_METHOD,ATTACK_EQUIVALENCE,134,5,,,0,1
2016,MUTANT_ANNOTATED_SINGLE_METHOD,ATTACK_DEFAULT,135,5,,,0,1
2017,MUTANT_ANNOTATED_SINGLE_METHOD,ATTACK_DEPENDENCIES,135,5,696,,0,1
2018,TEST_FULL_SUITE_PLUS_DEFAULT,DEFEND_DEFAULT,135,6,,901,0,1
2019,MUTANT_ANNOTATED_SINGLE_METHOD,ATTACK_EQUIVALENCE,134,5,,,0,1
2020,MUTANT_ANNOTATED_SINGLE_METHOD,ATTACK_DEFAULT,135,5,,,0,1
2021,MUTANT_ANNOTATED_SINGLE_METHOD,ATTACK_DEPENDENCIES,135,5,697,,0,1
2022,TEST_FULL_SUITE_PLUS_DEFAULT,DEFEND_DEFAULT,134,6,,897,0,1
2023,MUTANT_ANNOTATED_SINGLE_METHOD,ATTACK_EQUIVALENCE,134,5,,,0,1
2024,MUTANT_ANNOTATED_SINGLE_METHOD,ATTACK_EQUIVALENCE,134,5,,,0,1
2025,MUTANT_ANNOTATED_SINGLE_METHOD,ATTACK_DEFAULT,135,5,,,0,1
2026,MUTANT_ANNOTATED_SINGLE_METHOD,ATTACK_DEPENDENCIES,135,5,700,,0,1
2027,TEST_FULL_SUITE_PLUS_DEFAULT,DEFEND_DEFAULT,134,6,,900,0,1
2028,MUTANT_ANNOTATED_SINGLE_METHOD,ATTACK_DEFAULT,134,5,,,0,1
2029,MUTANT_ANNOTATED_SINGLE_METHOD,ATTACK_DEPENDENCIES,134,5,699,,0,1
2030,TEST_FULL_SUITE_PLUS_DEFAULT,DEFEND_DEFAULT,134,6,,902,0,1
2031,TEST_FULL_SUITE_PLUS_DEFAULT,DEFEND_DEFAULT,135,6,,903,0,1
2032,MUTANT_ANNOTATED_SINGLE_METHOD,ATTACK_DEFAULT,134,5,,,0,1
2033,MUTANT_ANNOTATED_SINGLE_METHOD,ATTACK_DEPENDENCIES,134,5,701,,0,1
2034,MUTANT_ANNOTATED_SINGLE_METHOD,ATTACK_DEFAULT,135,5,,,0,1
2035,MUTANT_ANNOTATED_SINGLE_METHOD,ATTACK_DEPENDENCIES,135,5,702,,0,1
2036,TEST_FULL_SUITE_PLUS_DEFAULT,DEFEND_DEFAULT,134,6,,904,0,1
2037,TEST_FULL_SUITE_PLUS_DEFAULT,DEFEND_DEFAULT,135,6,,,0,0
2038,MUTANT_ANNOTATED_SINGLE_METHOD,ATTACK_DEFAULT,134,5,,,0,1
2039,MUTANT_ANNOTATED_SINGLE_METHOD,ATTACK_DEPENDENCIES,134,5,703,,0,1
2040,MUTANT_ANNOTATED_SINGLE_METHOD,ATTACK_DEFAULT,135,5,,,0,1
2041,MUTANT_ANNOTATED_SINGLE_METHOD,ATTACK_DEPENDENCIES,135,5,704,,0,1
2042,TEST_FULL_SUITE_PLUS_DEFAULT,DEFEND_DEFAULT,134,6,,,0,0
2043,MUTANT_ANNOTATED_SINGLE_METHOD,ATTACK_EQUIVALENCE,134,5,,,0,1
2044,MUTANT_ANNOTATED_SINGLE_METHOD,ATTACK_DEFAULT,134,5,,,0,1
2045,MUTANT_ANNOTATED_SINGLE_METHOD,ATTACK_DEPENDENCIES,134,5,705,,0,1
2046,MUTANT_ANNOTATED_SINGLE_METHOD,ATTACK_DEFAULT,135,5,,,0,1
2047,MUTANT_ANNOTATED_SINGLE_METHOD,ATTACK_DEPENDENCIES,135,5,706,,0,1
2048,MUTANT_ANNOTATED_SINGLE_METHOD,ATTACK_DEFAULT,134,5,,,0,1
2049,MUTANT_ANNOTATED_SINGLE_METHOD,ATTACK_DEPENDENCIES,134,5,707,,0,1
2050,MUTANT_ANNOTATED_SINGLE_METHOD,ATTACK_DEFAULT,135,5,,,0,1
2051,MUTANT_ANNOTATED_SINGLE_METHOD,ATTACK_DEPENDENCIES,135,5,708,,0,1
2052,MUTANT_ANNOTATED_SINGLE_METHOD,ATTACK_DEFAULT,134,5,,,0,1
2053,MUTANT_ANNOTATED_SINGLE_METHOD,ATTACK_DEPENDENCIES,134,5,709,,0,1
2054,TEST_FULL_SUITE_PLUS_DEFAULT,DEFEND_DEFAULT,135,6,,907,0,1
2055,TEST_FULL_SUITE_PLUS_DEFAULT,DEFEND_DEFAULT,134,6,,,1,0
2056,TEST_FULL_SUITE_PLUS_DEFAULT,DEFEND_DEFAULT,135,6,,908,0,1
2057,MUTANT_ANNOTATED_SINGLE_METHOD,ATTACK_DEFAULT,135,5,,,0,1
2058,MUTANT_ANNOTATED_SINGLE_METHOD,ATTACK_DEPENDENCIES,135,5,710,,0,1
2059,MUTANT_ANNOTATED_SINGLE_METHOD,ATTACK_DEFAULT,134,5,,,0,1
2060,MUTANT_ANNOTATED_SINGLE_METHOD,ATTACK_DEPENDENCIES,134,5,,,1,0
2061,MUTANT_ANNOTATED_SINGLE_METHOD,ATTACK_EQUIVALENCE,134,5,,,0,1
2062,MUTANT_ANNOTATED_SINGLE_METHOD,ATTACK_DEFAULT,136,5,,,0,1
2063,TEST_FULL_SUITE_PLUS_DEFAULT,DEFEND_DEFAULT,136,6,,,0,1
2064,MUTANT_ANNOTATED_SINGLE_METHOD,ATTACK_DEFAULT,137,5,,,0,1
2065,TEST_FULL_SUITE_PLUS_DEFAULT,DEFEND_DEFAULT,137,6,,,0,1
2066,MUTANT_ANNOTATED_SINGLE_METHOD,ATTACK_DEPENDENCIES,136,5,712,,0,1
2067,MUTANT_ANNOTATED_SINGLE_METHOD,ATTACK_DEPENDENCIES,137,5,711,,0,1
2068,TEST_FULL_SUITE_PLUS_DEFAULT,DEFEND_ONE_FROM_MANY,137,6,,,0,1
2069,TEST_FULL_SUITE_PLUS_DEFAULT,DEFEND_ONE_FROM_MANY,137,6,,910,0,1
2070,TEST_FULL_SUITE_PLUS_DEFAULT,DEFEND_ONE_FROM_MANY,136,6,,,0,1
2071,TEST_FULL_SUITE_PLUS_DEFAULT,DEFEND_ONE_FROM_MANY,136,6,,911,0,1
2072,MUTANT_ANNOTATED_SINGLE_METHOD,ATTACK_DEFAULT,137,5,,,0,1
2073,MUTANT_ANNOTATED_SINGLE_METHOD,ATTACK_DEPENDENCIES,137,5,713,,0,1
2074,TEST_FULL_SUITE_PLUS_DEFAULT,DEFEND_ONE_FROM_MANY,136,6,,912,0,1
2075,TEST_FULL_SUITE_PLUS_DEFAULT,DEFEND_ONE_FROM_MANY,137,6,,913,0,1
2076,MUTANT_ANNOTATED_SINGLE_METHOD,ATTACK_DEFAULT,136,5,,,0,1
2077,MUTANT_ANNOTATED_SINGLE_METHOD,ATTACK_DEPENDENCIES,136,5,714,,0,1
2078,MUTANT_ANNOTATED_SINGLE_METHOD,ATTACK_DEFAULT,137,5,,,0,1
2079,MUTANT_ANNOTATED_SINGLE_METHOD,ATTACK_DEPENDENCIES,137,5,716,,0,1
2080,TEST_FULL_SUITE_PLUS_DEFAULT,DEFEND_ONE_FROM_MANY,136,6,,914,0,1
2081,TEST_FULL_SUITE_PLUS_DEFAULT,DEFEND_ONE_FROM_MANY,137,6,,915,0,1
2082,MUTANT_ANNOTATED_SINGLE_METHOD,ATTACK_DEFAULT,136,5,,,0,1
2083,MUTANT_ANNOTATED_SINGLE_METHOD,ATTACK_DEPENDENCIES,136,5,715,,0,1
2084,TEST_FULL_SUITE_PLUS_DEFAULT,DEFEND_ONE_FROM_MANY,136,6,,916,0,1
2085,TEST_FULL_SUITE_PLUS_DEFAULT,DEFEND_ONE_FROM_MANY,137,6,,917,0,1
2086,MUTANT_ANNOTATED_SINGLE_METHOD,ATTACK_DEFAULT,136,5,,,0,1
2087,MUTANT_ANNOTATED_SINGLE_METHOD,ATTACK_DEFAULT,137,5,,,0,1
2088,MUTANT_ANNOTATED_SINGLE_METHOD,ATTACK_DEPENDENCIES,136,5,718,,0,1
2089,MUTANT_ANNOTATED_SINGLE_METHOD,ATTACK_DEPENDENCIES,137,5,717,,0,1
2090,TEST_FULL_SUITE_PLUS_DEFAULT,DEFEND_ONE_FROM_MANY,136,6,,918,0,1
2091,TEST_FULL_SUITE_PLUS_DEFAULT,DEFEND_ONE_FROM_MANY,137,6,,919,0,1
2092,MUTANT_ANNOTATED_SINGLE_METHOD,ATTACK_DEFAULT,136,5,,,0,1
2093,MUTANT_ANNOTATED_SINGLE_METHOD,ATTACK_DEFAULT,137,5,,,0,1
2094,MUTANT_ANNOTATED_SINGLE_METHOD,ATTACK_DEPENDENCIES,136,5,720,,0,1
2095,MUTANT_ANNOTATED_SINGLE_METHOD,ATTACK_DEPENDENCIES,137,5,719,,0,1
2096,TEST_FULL_SUITE_PLUS_DEFAULT,DEFEND_ONE_FROM_MANY,136,6,,920,0,1
2097,TEST_FULL_SUITE_PLUS_DEFAULT,DEFEND_ONE_FROM_MANY,137,6,,921,0,1
2098,MUTANT_ANNOTATED_SINGLE_METHOD,ATTACK_DEFAULT,136,5,,,0,1
2099,MUTANT_ANNOTATED_SINGLE_METHOD,ATTACK_DEFAULT,137,5,,,0,1
2100,MUTANT_ANNOTATED_SINGLE_METHOD,ATTACK_DEPENDENCIES,136,5,721,,0,1
2101,MUTANT_ANNOTATED_SINGLE_METHOD,ATTACK_DEPENDENCIES,137,5,722,,0,1
2102,TEST_FULL_SUITE_PLUS_DEFAULT,DEFEND_ONE_FROM_MANY,136,6,,922,0,1
2103,TEST_FULL_SUITE_PLUS_DEFAULT,DEFEND_ONE_FROM_MANY,137,6,,923,0,1
2104,MUTANT_ANNOTATED_SINGLE_METHOD,ATTACK_DEFAULT,136,5,,,0,1
2105,MUTANT_ANNOTATED_SINGLE_METHOD,ATTACK_DEPENDENCIES,136,5,723,,0,1
2106,MUTANT_ANNOTATED_SINGLE_METHOD,ATTACK_DEFAULT,137,5,,,0,1
2107,MUTANT_ANNOTATED_SINGLE_METHOD,ATTACK_DEPENDENCIES,137,5,724,,0,1
2108,TEST_FULL_SUITE_PLUS_DEFAULT,DEFEND_ONE_FROM_MANY,136,6,,924,0,1
2109,TEST_FULL_SUITE_PLUS_DEFAULT,DEFEND_ONE_FROM_MANY,137,6,,925,0,1
2110,MUTANT_ANNOTATED_SINGLE_METHOD,ATTACK_DEFAULT,136,5,,,0,1
2111,MUTANT_ANNOTATED_SINGLE_METHOD,ATTACK_DEPENDENCIES,136,5,725,,0,1
2112,MUTANT_ANNOTATED_SINGLE_METHOD,ATTACK_DEFAULT,137,5,,,0,1
2113,MUTANT_ANNOTATED_SINGLE_METHOD,ATTACK_DEPENDENCIES,137,5,726,,0,1
2114,TEST_FULL_SUITE_PLUS_DEFAULT,DEFEND_ONE_FROM_MANY,136,6,,926,0,1
2115,TEST_FULL_SUITE_PLUS_DEFAULT,DEFEND_ONE_FROM_MANY,137,6,,927,0,1
2116,MUTANT_ANNOTATED_SINGLE_METHOD,ATTACK_DEFAULT,136,5,,,0,1
2117,MUTANT_ANNOTATED_SINGLE_METHOD,ATTACK_DEPENDENCIES,136,5,727,,0,1
2118,TEST_FULL_SUITE_PLUS_DEFAULT,DEFEND_ONE_FROM_MANY,136,6,,928,0,1
2119,TEST_FULL_SUITE_PLUS_DEFAULT,DEFEND_ONE_FROM_MANY,137,6,,929,0,1
2120,MUTANT_ANNOTATED_SINGLE_METHOD,ATTACK_DEFAULT,136,5,,,0,1
2121,MUTANT_ANNOTATED_SINGLE_METHOD,ATTACK_DEFAULT,137,5,,,0,1
2122,MUTANT_ANNOTATED_SINGLE_METHOD,ATTACK_DEPENDENCIES,136,5,728,,0,1
2123,MUTANT_ANNOTATED_SINGLE_METHOD,ATTACK_DEPENDENCIES,137,5,729,,0,1
2124,TEST_FULL_SUITE_PLUS_DEFAULT,DEFEND_ONE_FROM_MANY,136,6,,930,0,1
2125,TEST_FULL_SUITE_PLUS_DEFAULT,DEFEND_ONE_FROM_MANY,137,6,,931,0,1
2126,MUTANT_ANNOTATED_SINGLE_METHOD,ATTACK_DEFAULT,136,5,,,0,1
2127,MUTANT_ANNOTATED_SINGLE_METHOD,ATTACK_DEPENDENCIES,136,5,730,,0,1
2128,MUTANT_ANNOTATED_SINGLE_METHOD,ATTACK_DEFAULT,137,5,,,0,1
2129,MUTANT_ANNOTATED_SINGLE_METHOD,ATTACK_DEPENDENCIES,137,5,731,,0,1
2130,TEST_FULL_SUITE_PLUS_DEFAULT,DEFEND_ONE_FROM_MANY,136,6,,932,0,1
2131,TEST_FULL_SUITE_PLUS_DEFAULT,DEFEND_ONE_FROM_MANY,137,6,,933,0,1
2132,MUTANT_ANNOTATED_SINGLE_METHOD,ATTACK_DEFAULT,136,5,,,0,1
2133,MUTANT_ANNOTATED_SINGLE_METHOD,ATTACK_DEPENDENCIES,136,5,732,,0,1
2134,TEST_FULL_SUITE_PLUS_DEFAULT,DEFEND_ONE_FROM_MANY,136,6,,934,0,1
2135,TEST_FULL_SUITE_PLUS_DEFAULT,DEFEND_ONE_FROM_MANY,137,6,,935,0,1
2136,MUTANT_ANNOTATED_SINGLE_METHOD,ATTACK_DEFAULT,136,5,,,0,1
2137,MUTANT_ANNOTATED_SINGLE_METHOD,ATTACK_DEFAULT,137,5,,,0,1
2138,MUTANT_ANNOTATED_SINGLE_METHOD,ATTACK_DEPENDENCIES,136,5,734,,0,1
2139,MUTANT_ANNOTATED_SINGLE_METHOD,ATTACK_DEPENDENCIES,137,5,733,,0,1
2140,TEST_FULL_SUITE_PLUS_DEFAULT,DEFEND_ONE_FROM_MANY,136,6,,936,0,1
2141,TEST_FULL_SUITE_PLUS_DEFAULT,DEFEND_ONE_FROM_MANY,137,6,,937,0,1
2142,MUTANT_ANNOTATED_SINGLE_METHOD,ATTACK_DEFAULT,136,5,,,0,1
2143,MUTANT_ANNOTATED_SINGLE_METHOD,ATTACK_DEFAULT,137,5,,,0,1
2144,MUTANT_ANNOTATED_SINGLE_METHOD,ATTACK_DEPENDENCIES,137,5,735,,0,1
2145,MUTANT_ANNOTATED_SINGLE_METHOD,ATTACK_DEPENDENCIES,136,5,736,,0,1
2146,TEST_FULL_SUITE_PLUS_DEFAULT,DEFEND_ONE_FROM_MANY,137,6,,939,0,1
2147,TEST_FULL_SUITE_PLUS_DEFAULT,DEFEND_ONE_FROM_MANY,136,6,,938,0,1
2148,MUTANT_ANNOTATED_SINGLE_METHOD,ATTACK_DEFAULT,136,5,,,0,1
2149,MUTANT_ANNOTATED_SINGLE_METHOD,ATTACK_DEFAULT,137,5,,,0,1
2150,MUTANT_ANNOTATED_SINGLE_METHOD,ATTACK_DEPENDENCIES,136,5,738,,0,1
2151,MUTANT_ANNOTATED_SINGLE_METHOD,ATTACK_DEPENDENCIES,137,5,737,,0,1
2152,TEST_FULL_SUITE_PLUS_DEFAULT,DEFEND_ONE_FROM_MANY,137,6,,941,0,1
2153,TEST_FULL_SUITE_PLUS_DEFAULT,DEFEND_ONE_FROM_MANY,136,6,,940,0,1
2154,MUTANT_ANNOTATED_SINGLE_METHOD,ATTACK_DEFAULT,136,5,,,0,1
2155,MUTANT_ANNOTATED_SINGLE_METHOD,ATTACK_DEFAULT,137,5,,,0,1
2156,MUTANT_ANNOTATED_SINGLE_METHOD,ATTACK_DEPENDENCIES,137,5,739,,0,1
2157,MUTANT_ANNOTATED_SINGLE_METHOD,ATTACK_DEPENDENCIES,136,5,740,,0,1
2158,TEST_FULL_SUITE_PLUS_DEFAULT,DEFEND_ONE_FROM_MANY,137,6,,943,0,1
2159,TEST_FULL_SUITE_PLUS_DEFAULT,DEFEND_ONE_FROM_MANY,136,6,,942,0,1
2160,TEST_FULL_SUITE_PLUS_DEFAULT,DEFEND_ONE_FROM_MANY,137,6,,945,0,1
2161,TEST_FULL_SUITE_PLUS_DEFAULT,DEFEND_ONE_FROM_MANY,136,6,,944,0,1
2162,MUTANT_ANNOTATED_SINGLE_METHOD,ATTACK_DEFAULT,136,5,,,0,1
2163,MUTANT_ANNOTATED_SINGLE_METHOD,ATTACK_DEFAULT,137,5,,,0,1
2164,MUTANT_ANNOTATED_SINGLE_METHOD,ATTACK_DEPENDENCIES,136,5,742,,0,1
2165,MUTANT_ANNOTATED_SINGLE_METHOD,ATTACK_DEPENDENCIES,137,5,741,,0,1
2166,TEST_FULL_SUITE_PLUS_DEFAULT,DEFEND_ONE_FROM_MANY,136,6,,946,0,1
2167,TEST_FULL_SUITE_PLUS_DEFAULT,DEFEND_ONE_FROM_MANY,137,6,,947,0,1
2168,MUTANT_ANNOTATED_SINGLE_METHOD,ATTACK_DEFAULT,137,5,,,0,1
2169,MUTANT_ANNOTATED_SINGLE_METHOD,ATTACK_DEPENDENCIES,137,5,743,,0,1
2170,MUTANT_ANNOTATED_SINGLE_METHOD,ATTACK_DEFAULT,136,5,,,0,1
2171,MUTANT_ANNOTATED_SINGLE_METHOD,ATTACK_DEPENDENCIES,136,5,744,,0,1
2172,TEST_FULL_SUITE_PLUS_DEFAULT,DEFEND_ONE_FROM_MANY,137,6,,949,0,1
2173,TEST_FULL_SUITE_PLUS_DEFAULT,DEFEND_ONE_FROM_MANY,136,6,,948,0,1
2174,MUTANT_ANNOTATED_SINGLE_METHOD,ATTACK_DEFAULT,137,5,,,0,1
2175,MUTANT_ANNOTATED_SINGLE_METHOD,ATTACK_DEPENDENCIES,137,5,745,,0,1
2176,MUTANT_ANNOTATED_SINGLE_METHOD,ATTACK_DEFAULT,136,5,,,0,1
2177,MUTANT_ANNOTATED_SINGLE_METHOD,ATTACK_DEPENDENCIES,136,5,746,,0,1
2178,TEST_FULL_SUITE_PLUS_DEFAULT,DEFEND_ONE_FROM_MANY,137,6,,951,0,1
2179,TEST_FULL_SUITE_PLUS_DEFAULT,DEFEND_ONE_FROM_MANY,136,6,,950,0,1
2180,MUTANT_ANNOTATED_SINGLE_METHOD,ATTACK_DEFAULT,137,5,,,0,1
2181,MUTANT_ANNOTATED_SINGLE_METHOD,ATTACK_DEPENDENCIES,137,5,747,,0,1
2182,MUTANT_ANNOTATED_SINGLE_METHOD,ATTACK_DEFAULT,136,5,,,0,1
2183,MUTANT_ANNOTATED_SINGLE_METHOD,ATTACK_DEPENDENCIES,136,5,748,,0,1
2184,TEST_FULL_SUITE_PLUS_DEFAULT,DEFEND_ONE_FROM_MANY,136,6,,952,0,1
2185,TEST_FULL_SUITE_PLUS_DEFAULT,DEFEND_ONE_FROM_MANY,137,6,,953,0,1
2186,MUTANT_ANNOTATED_SINGLE_METHOD,ATTACK_DEFAULT,137,5,,,0,1
2187,MUTANT_ANNOTATED_SINGLE_METHOD,ATTACK_DEPENDENCIES,137,5,749,,0,1
2188,MUTANT_ANNOTATED_SINGLE_METHOD,ATTACK_DEFAULT,136,5,,,0,1
2189,TEST_FULL_SUITE_PLUS_DEFAULT,DEFEND_FOCUS,137,6,,955,0,1
2190,MUTANT_ANNOTATED_SINGLE_METHOD,ATTACK_DEPENDENCIES,136,5,750,,0,1
2191,TEST_FULL_SUITE_PLUS_DEFAULT,DEFEND_ONE_FROM_MANY,136,6,,954,0,1
2192,MUTANT_ANNOTATED_SINGLE_METHOD,ATTACK_DEFAULT,136,5,,,0,1
2193,MUTANT_ANNOTATED_SINGLE_METHOD,ATTACK_DEFAULT,137,5,,,0,1
2194,TEST_FULL_SUITE_PLUS_DEFAULT,DEFEND_DEFAULT,137,6,,958,0,1
2195,MUTANT_ANNOTATED_SINGLE_METHOD,ATTACK_DEPENDENCIES,136,5,752,,0,1
2196,MUTANT_ANNOTATED_SINGLE_METHOD,ATTACK_DEPENDENCIES,137,5,751,,0,1
2197,TEST_FULL_SUITE_PLUS_DEFAULT,DEFEND_ONE_FROM_MANY,136,6,,956,0,1
2198,MUTANT_ANNOTATED_SINGLE_METHOD,ATTACK_DEFAULT,136,5,,,0,1
2199,MUTANT_ANNOTATED_SINGLE_METHOD,ATTACK_DEFAULT,137,5,,,0,1
2200,MUTANT_ANNOTATED_SINGLE_METHOD,ATTACK_DEPENDENCIES,136,5,753,,0,1
2201,TEST_FULL_SUITE_PLUS_DEFAULT,DEFEND_ONE_FROM_MANY,136,6,,957,0,1
2202,MUTANT_ANNOTATED_SINGLE_METHOD,ATTACK_DEPENDENCIES,137,5,754,,0,1
2203,MUTANT_ANNOTATED_SINGLE_METHOD,ATTACK_EQUIVALENCE,137,5,,,0,1
2204,TEST_FULL_SUITE_PLUS_DEFAULT,DEFEND_DEFAULT,137,6,,961,0,1
2205,MUTANT_ANNOTATED_SINGLE_METHOD,ATTACK_DEFAULT,136,5,,,0,1
2206,MUTANT_ANNOTATED_SINGLE_METHOD,ATTACK_DEPENDENCIES,136,5,756,,0,1
2207,TEST_FULL_SUITE_PLUS_DEFAULT,DEFEND_ONE_FROM_MANY,136,6,,960,0,1
2208,MUTANT_ANNOTATED_SINGLE_METHOD,ATTACK_DEFAULT,137,5,,,0,1
2209,MUTANT_ANNOTATED_SINGLE_METHOD,ATTACK_DEPENDENCIES,137,5,755,,0,1
2210,TEST_FULL_SUITE_PLUS_DEFAULT,DEFEND_FOCUS,136,6,,963,0,1
2211,TEST_FULL_SUITE_PLUS_DEFAULT,DEFEND_DEFAULT,137,6,,965,0,1
2212,MUTANT_ANNOTATED_SINGLE_METHOD,ATTACK_DEFAULT,137,5,,,0,1
2213,MUTANT_ANNOTATED_SINGLE_METHOD,ATTACK_DEPENDENCIES,137,5,757,,0,1
2214,MUTANT_ANNOTATED_SINGLE_METHOD,ATTACK_DEFAULT,136,5,,,0,1
2215,MUTANT_ANNOTATED_SINGLE_METHOD,ATTACK_DEPENDENCIES,136,5,758,,0,1
2216,TEST_FULL_SUITE_PLUS_DEFAULT,DEFEND_FOCUS,136,6,,,0,0
2217,MUTANT_ANNOTATED_SINGLE_METHOD,ATTACK_DEFAULT,137,5,,,0,1
2218,MUTANT_ANNOTATED_SINGLE_METHOD,ATTACK_DEPENDENCIES,137,5,759,,0,1
2219,MUTANT_ANNOTATED_SINGLE_METHOD,ATTACK_DEFAULT,136,5,,,0,1
2220,MUTANT_ANNOTATED_SINGLE_METHOD,ATTACK_DEPENDENCIES,136,5,761,,0,1
2221,MUTANT_ANNOTATED_SINGLE_METHOD,ATTACK_DEFAULT,137,5,,,0,1
2222,MUTANT_ANNOTATED_SINGLE_METHOD,ATTACK_DEPENDENCIES,137,5,760,,0,1
2223,TEST_FULL_SUITE_PLUS_DEFAULT,DEFEND_DEFAULT,137,6,,967,0,1
2224,MUTANT_ANNOTATED_SINGLE_METHOD,ATTACK_DEFAULT,136,5,,,0,1
2225,MUTANT_ANNOTATED_SINGLE_METHOD,ATTACK_DEPENDENCIES,136,5,762,,0,1
2226,MUTANT_ANNOTATED_SINGLE_METHOD,ATTACK_EQUIVALENCE,137,5,,,0,1
2227,MUTANT_ANNOTATED_SINGLE_METHOD,ATTACK_DEFAULT,137,5,,,0,1
2228,MUTANT_ANNOTATED_SINGLE_METHOD,ATTACK_DEPENDENCIES,137,5,763,,0,1
2229,TEST_FULL_SUITE_PLUS_DEFAULT,DEFEND_DEFAULT,137,6,,969,0,1
2230,MUTANT_ANNOTATED_SINGLE_METHOD,ATTACK_DEFAULT,136,5,,,0,1
2231,MUTANT_ANNOTATED_SINGLE_METHOD,ATTACK_DEPENDENCIES,136,5,765,,0,1
2232,TEST_FULL_SUITE_PLUS_DEFAULT,DEFEND_FOCUS,136,6,,974,0,1
2233,MUTANT_ANNOTATED_SINGLE_METHOD,ATTACK_DEFAULT,137,5,,,0,1
2234,MUTANT_ANNOTATED_SINGLE_METHOD,ATTACK_DEPENDENCIES,137,5,764,,0,1
2235,TEST_FULL_SUITE_PLUS_DEFAULT,DEFEND_DEFAULT,137,6,,970,0,1
2236,MUTANT_ANNOTATED_SINGLE_METHOD,ATTACK_DEFAULT,137,5,,,0,1
2237,MUTANT_ANNOTATED_SINGLE_METHOD,ATTACK_DEPENDENCIES,137,5,766,,0,1
2238,MUTANT_ANNOTATED_SINGLE_METHOD,ATTACK_DEFAULT,136,5,,,0,1
2239,MUTANT_ANNOTATED_SINGLE_METHOD,ATTACK_DEPENDENCIES,136,5,767,,0,1
2240,TEST_FULL_SUITE_PLUS_DEFAULT,DEFEND_DEFAULT,137,6,,971,0,1
2241,MUTANT_ANNOTATED_SINGLE_METHOD,ATTACK_DEFAULT,136,5,,,0,1
2242,MUTANT_ANNOTATED_SINGLE_METHOD,ATTACK_DEPENDENCIES,136,5,769,,0,1
2243,MUTANT_ANNOTATED_SINGLE_METHOD,ATTACK_DEFAULT,137,5,,,0,1
2244,MUTANT_ANNOTATED_SINGLE_METHOD,ATTACK_DEPENDENCIES,137,5,768,,0,1
2245,TEST_FULL_SUITE_PLUS_DEFAULT,DEFEND_DEFAULT,137,6,,973,0,1
2246,MUTANT_ANNOTATED_SINGLE_METHOD,ATTACK_DEFAULT,136,5,,,0,1
2247,MUTANT_ANNOTATED_SINGLE_METHOD,ATTACK_DEFAULT,137,5,,,0,1
2248,MUTANT_ANNOTATED_SINGLE_METHOD,ATTACK_DEPENDENCIES,136,5,773,,0,1
2249,MUTANT_ANNOTATED_SINGLE_METHOD,ATTACK_DEPENDENCIES,137,5,770,,0,1
2250,TEST_FULL_SUITE_PLUS_DEFAULT,DEFEND_DEFAULT,137,6,,982,0,1
2251,TEST_FULL_SUITE_PLUS_DEFAULT,DEFEND_DEFAULT,136,6,,983,0,1
2252,MUTANT_ANNOTATED_SINGLE_METHOD,ATTACK_EQUIVALENCE,136,5,,,0,1
2253,MUTANT_ANNOTATED_SINGLE_METHOD,ATTACK_DEFAULT,137,5,,,0,1
2254,MUTANT_ANNOTATED_SINGLE_METHOD,ATTACK_DEPENDENCIES,137,5,771,,0,1
2255,MUTANT_ANNOTATED_SINGLE_METHOD,ATTACK_EQUIVALENCE,136,5,,,0,1
2256,MUTANT_ANNOTATED_SINGLE_METHOD,ATTACK_EQUIVALENCE,136,5,,,0,1
2257,MUTANT_ANNOTATED_SINGLE_METHOD,ATTACK_DEFAULT,137,5,,,0,1
2258,MUTANT_ANNOTATED_SINGLE_METHOD,ATTACK_DEPENDENCIES,137,5,772,,0,1
2259,MUTANT_ANNOTATED_SINGLE_METHOD,ATTACK_EQUIVALENCE,136,5,,,0,1
2260,MUTANT_ANNOTATED_SINGLE_METHOD,ATTACK_EQUIVALENCE,136,5,,,0,1
2261,MUTANT_ANNOTATED_SINGLE_METHOD,ATTACK_EQUIVALENCE,136,5,,,0,1
2262,TEST_FULL_SUITE_PLUS_DEFAULT,DEFEND_DEFAULT,136,6,,988,0,1
2263,TEST_FULL_SUITE_PLUS_DEFAULT,DEFEND_DEFAULT,137,6,,,0,0
2264,MUTANT_ANNOTATED_SINGLE_METHOD,ATTACK_DEFAULT,137,5,,,0,1
2265,MUTANT_ANNOTATED_SINGLE_METHOD,ATTACK_DEPENDENCIES,137,5,775,,0,1
2266,MUTANT_ANNOTATED_SINGLE_METHOD,ATTACK_DEFAULT,136,5,,,0,1
2267,MUTANT_ANNOTATED_SINGLE_METHOD,ATTACK_DEPENDENCIES,136,5,774,,0,1
2268,MUTANT_ANNOTATED_SINGLE_METHOD,ATTACK_DEFAULT,136,5,,,0,1
2269,MUTANT_ANNOTATED_SINGLE_METHOD,ATTACK_DEPENDENCIES,136,5,776,,0,1
2270,MUTANT_ANNOTATED_SINGLE_METHOD,ATTACK_DEFAULT,137,5,,,0,1
2271,MUTANT_ANNOTATED_SINGLE_METHOD,ATTACK_DEPENDENCIES,137,5,777,,0,1
2272,TEST_FULL_SUITE_PLUS_DEFAULT,DEFEND_DEFAULT,136,6,,990,0,1
2273,MUTANT_ANNOTATED_SINGLE_METHOD,ATTACK_DEFAULT,136,5,,,0,1
2274,MUTANT_ANNOTATED_SINGLE_METHOD,ATTACK_DEPENDENCIES,136,5,778,,0,1
2275,MUTANT_ANNOTATED_SINGLE_METHOD,ATTACK_DEFAULT,137,5,,,0,1
2276,MUTANT_ANNOTATED_SINGLE_METHOD,ATTACK_DEPENDENCIES,137,5,780,,0,1
2277,TEST_FULL_SUITE_PLUS_DEFAULT,DEFEND_DEFAULT,137,6,,991,0,1
2278,MUTANT_ANNOTATED_SINGLE_METHOD,ATTACK_DEFAULT,136,5,,,0,1
2279,MUTANT_ANNOTATED_SINGLE_METHOD,ATTACK_DEPENDENCIES,136,5,779,,0,1
2280,TEST_FULL_SUITE_PLUS_DEFAULT,DEFEND_DEFAULT,136,6,,993,0,1
2281,TEST_FULL_SUITE_PLUS_DEFAULT,DEFEND_DEFAULT,137,6,,994,0,1
2282,MUTANT_ANNOTATED_SINGLE_METHOD,ATTACK_DEFAULT,136,5,,,0,1
2283,MUTANT_ANNOTATED_SINGLE_METHOD,ATTACK_DEPENDENCIES,136,5,782,,0,1
2284,MUTANT_ANNOTATED_SINGLE_METHOD,ATTACK_DEFAULT,137,5,,,0,1
2285,MUTANT_ANNOTATED_SINGLE_METHOD,ATTACK_DEPENDENCIES,137,5,781,,0,1
2286,TEST_FULL_SUITE_PLUS_DEFAULT,DEFEND_DEFAULT,136,6,,995,0,1
2287,MUTANT_ANNOTATED_SINGLE_METHOD,ATTACK_DEFAULT,137,5,,,0,1
2288,MUTANT_ANNOTATED_SINGLE_METHOD,ATTACK_DEPENDENCIES,137,5,783,,0,1
2289,MUTANT_ANNOTATED_SINGLE_METHOD,ATTACK_DEFAULT,136,5,,,0,1
2290,MUTANT_ANNOTATED_SINGLE_METHOD,ATTACK_DEPENDENCIES,136,5,784,,0,1
2291,TEST_FULL_SUITE_PLUS_DEFAULT,DEFEND_DEFAULT,136,6,,997,0,1
2292,TEST_FULL_SUITE_PLUS_DEFAULT,DEFEND_DEFAULT,137,6,,996,0,1
2293,MUTANT_ANNOTATED_SINGLE_METHOD,ATTACK_DEFAULT,137,5,,,0,1
2294,MUTANT_ANNOTATED_SINGLE_METHOD,ATTACK_DEPENDENCIES,137,5,785,,0,1
2295,MUTANT_ANNOTATED_SINGLE_METHOD,ATTACK_DEFAULT,136,5,,,0,1
2296,MUTANT_ANNOTATED_SINGLE_METHOD,ATTACK_DEPENDENCIES,136,5,786,,0,1
2297,TEST_FULL_SUITE_PLUS_DEFAULT,DEFEND_DEFAULT,136,6,,998,0,1
2298,TEST_FULL_SUITE_PLUS_DEFAULT,DEFEND_DEFAULT,137,6,,,0,0
2299,MUTANT_ANNOTATED_SINGLE_METHOD,ATTACK_DEFAULT,137,5,,,0,1
2300,MUTANT_ANNOTATED_SINGLE_METHOD,ATTACK_DEPENDENCIES,137,5,788,,0,1
2301,MUTANT_ANNOTATED_SINGLE_METHOD,ATTACK_DEFAULT,136,5,,,0,1
2302,MUTANT_ANNOTATED_SINGLE_METHOD,ATTACK_DEPENDENCIES,136,5,787,,0,1
2303,TEST_FULL_SUITE_PLUS_DEFAULT,DEFEND_DEFAULT,136,6,,,0,0
2304,MUTANT_ANNOTATED_SINGLE_METHOD,ATTACK_DEFAULT,136,5,,,0,1
2305,MUTANT_ANNOTATED_SINGLE_METHOD,ATTACK_DEPENDENCIES,136,5,789,,0,1
2306,MUTANT_ANNOTATED_SINGLE_METHOD,ATTACK_EQUIVALENCE,136,5,,,0,1
2307,MUTANT_ANNOTATED_SINGLE_METHOD,ATTACK_DEFAULT,137,5,,,0,1
2308,MUTANT_ANNOTATED_SINGLE_METHOD,ATTACK_DEPENDENCIES,137,5,790,,0,1
2309,MUTANT_ANNOTATED_SINGLE_METHOD,ATTACK_DEFAULT,136,5,,,0,1
2310,MUTANT_ANNOTATED_SINGLE_METHOD,ATTACK_DEPENDENCIES,136,5,791,,0,1
2311,MUTANT_ANNOTATED_SINGLE_METHOD,ATTACK_DEFAULT,137,5,,,0,1
2312,MUTANT_ANNOTATED_SINGLE_METHOD,ATTACK_DEPENDENCIES,137,5,792,,0,1
2313,TEST_FULL_SUITE_PLUS_DEFAULT,DEFEND_DEFAULT,137,6,,1003,0,1
2314,MUTANT_ANNOTATED_SINGLE_METHOD,ATTACK_EQUIVALENCE,136,5,,,0,1
2315,TEST_FULL_SUITE_PLUS_DEFAULT,DEFEND_DEFAULT,136,6,,1007,0,1
2316,TEST_FULL_SUITE_PLUS_DEFAULT,DEFEND_DEFAULT,137,6,,1006,0,1
2317,MUTANT_ANNOTATED_SINGLE_METHOD,ATTACK_DEFAULT,136,5,,,0,1
2318,MUTANT_ANNOTATED_SINGLE_METHOD,ATTACK_DEPENDENCIES,136,5,793,,0,1
2319,MUTANT_ANNOTATED_SINGLE_METHOD,ATTACK_DEFAULT,137,5,,,0,1
2320,MUTANT_ANNOTATED_SINGLE_METHOD,ATTACK_DEPENDENCIES,137,5,795,,0,1
2321,TEST_FULL_SUITE_PLUS_DEFAULT,DEFEND_DEFAULT,137,6,,1009,0,1
2322,TEST_FULL_SUITE_PLUS_DEFAULT,DEFEND_FOCUS,136,6,,1008,0,1
2323,MUTANT_ANNOTATED_SINGLE_METHOD,ATTACK_DEFAULT,136,5,,,0,1
2324,MUTANT_ANNOTATED_SINGLE_METHOD,ATTACK_DEPENDENCIES,136,5,794,,0,1
2325,TEST_FULL_SUITE_PLUS_DEFAULT,DEFEND_DEFAULT,136,6,,1014,0,1
2326,MUTANT_ANNOTATED_SINGLE_METHOD,ATTACK_DEFAULT,136,5,,,0,1
2327,MUTANT_ANNOTATED_SINGLE_METHOD,ATTACK_DEPENDENCIES,136,5,,,0,0
2328,MUTANT_ANNOTATED_SINGLE_METHOD,ATTACK_DEFAULT,137,5,,,0,1
2329,MUTANT_ANNOTATED_SINGLE_METHOD,ATTACK_DEPENDENCIES,137,5,796,,0,1
2330,TEST_FULL_SUITE_PLUS_DEFAULT,DEFEND_DEFAULT,137,6,,1011,0,1
2331,MUTANT_ANNOTATED_SINGLE_METHOD,ATTACK_DEFAULT,137,5,,,0,1
2332,MUTANT_ANNOTATED_SINGLE_METHOD,ATTACK_DEPENDENCIES,137,5,798,,0,1
2333,TEST_FULL_SUITE_PLUS_DEFAULT,DEFEND_DEFAULT,137,6,,1013,0,1
2334,MUTANT_ANNOTATED_SINGLE_METHOD,ATTACK_DEPENDENCIES,136,5,797,,0,1
2335,MUTANT_ANNOTATED_SINGLE_METHOD,ATTACK_DEFAULT,136,5,,,0,1
2336,MUTANT_ANNOTATED_SINGLE_METHOD,ATTACK_DEPENDENCIES,136,5,799,,0,1
2337,MUTANT_ANNOTATED_SINGLE_METHOD,ATTACK_DEFAULT,137,5,,,0,1
2338,MUTANT_ANNOTATED_SINGLE_METHOD,ATTACK_DEPENDENCIES,137,5,800,,0,1
2339,TEST_FULL_SUITE_PLUS_DEFAULT,DEFEND_DEFAULT,136,6,,,1,0
2340,TEST_FULL_SUITE_PLUS_DEFAULT,DEFEND_DEFAULT,137,6,,,1,0
2341,MUTANT_ANNOTATED_SINGLE_METHOD,ATTACK_DEFAULT,136,5,,,0,1
2342,MUTANT_ANNOTATED_SINGLE_METHOD,ATTACK_DEPENDENCIES,136,5,801,,0,1
2343,MUTANT_ANNOTATED_SINGLE_METHOD,ATTACK_DEFAULT,137,5,,,0,1
2344,MUTANT_ANNOTATED_SINGLE_METHOD,ATTACK_DEPENDENCIES,137,5,,,1,0
2345,MUTANT_ANNOTATED_SINGLE_METHOD,ATTACK_DEFAULT,138,5,,,0,1
2346,TEST_FULL_SUITE_PLUS_DEFAULT,DEFEND_DEFAULT,138,6,,,0,1
2347,MUTANT_ANNOTATED_SINGLE_METHOD,ATTACK_DEFAULT,139,5,,,0,1
2348,TEST_FULL_SUITE_PLUS_DEFAULT,DEFEND_DEFAULT,139,6,,,0,1
2349,MUTANT_ANNOTATED_SINGLE_METHOD,ATTACK_DEPENDENCIES,138,5,803,,0,1
2350,MUTANT_ANNOTATED_SINGLE_METHOD,ATTACK_DEPENDENCIES,139,5,802,,0,1
2351,TEST_FULL_SUITE_PLUS_DEFAULT,DEFEND_ONE_FROM_MANY,139,6,,,0,1
2352,TEST_FULL_SUITE_PLUS_DEFAULT,DEFEND_ONE_FROM_MANY,139,6,,1016,0,1
2353,TEST_FULL_SUITE_PLUS_DEFAULT,DEFEND_ONE_FROM_MANY,138,6,,,0,1
2354,TEST_FULL_SUITE_PLUS_DEFAULT,DEFEND_ONE_FROM_MANY,138,6,,1017,0,1
2355,MUTANT_ANNOTATED_SINGLE_METHOD,ATTACK_DEFAULT,138,5,,,0,1
2356,MUTANT_ANNOTATED_SINGLE_METHOD,ATTACK_DEFAULT,139,5,,,0,1
2357,MUTANT_ANNOTATED_SINGLE_METHOD,ATTACK_DEPENDENCIES,138,5,805,,0,1
2358,MUTANT_ANNOTATED_SINGLE_METHOD,ATTACK_DEPENDENCIES,139,5,804,,0,1
2359,TEST_FULL_SUITE_PLUS_DEFAULT,DEFEND_ONE_FROM_MANY,138,6,,1018,0,1
2360,TEST_FULL_SUITE_PLUS_DEFAULT,DEFEND_ONE_FROM_MANY,139,6,,1019,0,1
2361,MUTANT_ANNOTATED_SINGLE_METHOD,ATTACK_DEFAULT,138,5,,,0,1
2362,MUTANT_ANNOTATED_SINGLE_METHOD,ATTACK_DEFAULT,139,5,,,0,1
2363,MUTANT_ANNOTATED_SINGLE_METHOD,ATTACK_DEPENDENCIES,139,5,806,,0,1
2364,MUTANT_ANNOTATED_SINGLE_METHOD,ATTACK_DEPENDENCIES,138,5,807,,0,1
2365,TEST_FULL_SUITE_PLUS_DEFAULT,DEFEND_ONE_FROM_MANY,138,6,,1020,0,1
2366,TEST_FULL_SUITE_PLUS_DEFAULT,DEFEND_ONE_FROM_MANY,139,6,,1021,0,1
2367,MUTANT_ANNOTATED_SINGLE_METHOD,ATTACK_DEFAULT,138,5,,,0,1
2368,MUTANT_ANNOTATED_SINGLE_METHOD,ATTACK_DEFAULT,139,5,,,0,1
2369,MUTANT_ANNOTATED_SINGLE_METHOD,ATTACK_DEPENDENCIES,138,5,808,,0,1
2370,MUTANT_ANNOTATED_SINGLE_METHOD,ATTACK_DEPENDENCIES,139,5,809,,0,1
2371,TEST_FULL_SUITE_PLUS_DEFAULT,DEFEND_ONE_FROM_MANY,138,6,,1022,0,1
2372,TEST_FULL_SUITE_PLUS_DEFAULT,DEFEND_ONE_FROM_MANY,139,6,,1023,0,1
2373,MUTANT_ANNOTATED_SINGLE_METHOD,ATTACK_DEFAULT,138,5,,,0,1
2374,MUTANT_ANNOTATED_SINGLE_METHOD,ATTACK_DEPENDENCIES,138,5,810,,0,1
2375,TEST_FULL_SUITE_PLUS_DEFAULT,DEFEND_ONE_FROM_MANY,138,6,,1024,0,1
2376,TEST_FULL_SUITE_PLUS_DEFAULT,DEFEND_ONE_FROM_MANY,139,6,,1025,0,1
2377,MUTANT_ANNOTATED_SINGLE_METHOD,ATTACK_DEFAULT,139,5,,,0,1
2378,MUTANT_ANNOTATED_SINGLE_METHOD,ATTACK_DEPENDENCIES,139,5,812,,0,1
2379,MUTANT_ANNOTATED_SINGLE_METHOD,ATTACK_DEFAULT,138,5,,,0,1
2380,MUTANT_ANNOTATED_SINGLE_METHOD,ATTACK_DEPENDENCIES,138,5,811,,0,1
2381,TEST_FULL_SUITE_PLUS_DEFAULT,DEFEND_ONE_FROM_MANY,138,6,,1026,0,1
2382,TEST_FULL_SUITE_PLUS_DEFAULT,DEFEND_ONE_FROM_MANY,139,6,,1027,0,1
2383,MUTANT_ANNOTATED_SINGLE_METHOD,ATTACK_DEFAULT,138,5,,,0,1
2384,MUTANT_ANNOTATED_SINGLE_METHOD,ATTACK_DEFAULT,139,5,,,0,1
2385,MUTANT_ANNOTATED_SINGLE_METHOD,ATTACK_DEPENDENCIES,138,5,813,,0,1
2386,MUTANT_ANNOTATED_SINGLE_METHOD,ATTACK_DEPENDENCIES,139,5,814,,0,1
2387,TEST_FULL_SUITE_PLUS_DEFAULT,DEFEND_ONE_FROM_MANY,138,6,,1028,0,1
2388,TEST_FULL_SUITE_PLUS_DEFAULT,DEFEND_ONE_FROM_MANY,139,6,,1029,0,1
2389,MUTANT_ANNOTATED_SINGLE_METHOD,ATTACK_DEFAULT,138,5,,,0,1
2390,MUTANT_ANNOTATED_SINGLE_METHOD,ATTACK_DEPENDENCIES,138,5,815,,0,1
2391,TEST_FULL_SUITE_PLUS_DEFAULT,DEFEND_ONE_FROM_MANY,138,6,,1030,0,1
2392,TEST_FULL_SUITE_PLUS_DEFAULT,DEFEND_ONE_FROM_MANY,139,6,,1031,0,1
2393,MUTANT_ANNOTATED_SINGLE_METHOD,ATTACK_DEFAULT,139,5,,,0,1
2394,MUTANT_ANNOTATED_SINGLE_METHOD,ATTACK_DEPENDENCIES,139,5,816,,0,1
2395,MUTANT_ANNOTATED_SINGLE_METHOD,ATTACK_DEFAULT,138,5,,,0,1
2396,MUTANT_ANNOTATED_SINGLE_METHOD,ATTACK_DEPENDENCIES,138,5,817,,0,1
2397,TEST_FULL_SUITE_PLUS_DEFAULT,DEFEND_ONE_FROM_MANY,138,6,,1032,0,1
2398,TEST_FULL_SUITE_PLUS_DEFAULT,DEFEND_ONE_FROM_MANY,139,6,,1033,0,1
2399,MUTANT_ANNOTATED_SINGLE_METHOD,ATTACK_DEFAULT,139,5,,,0,1
2400,MUTANT_ANNOTATED_SINGLE_METHOD,ATTACK_DEPENDENCIES,139,5,818,,0,1
2401,MUTANT_ANNOTATED_SINGLE_METHOD,ATTACK_DEFAULT,138,5,,,0,1
2402,MUTANT_ANNOTATED_SINGLE_METHOD,ATTACK_DEPENDENCIES,138,5,819,,0,1
2403,TEST_FULL_SUITE_PLUS_DEFAULT,DEFEND_ONE_FROM_MANY,138,6,,1034,0,1
2404,TEST_FULL_SUITE_PLUS_DEFAULT,DEFEND_ONE_FROM_MANY,139,6,,1041,0,1
2405,MUTANT_ANNOTATED_SINGLE_METHOD,ATTACK_DEFAULT,139,5,,,0,1
2406,MUTANT_ANNOTATED_SINGLE_METHOD,ATTACK_DEPENDENCIES,139,5,820,,0,1
2407,MUTANT_ANNOTATED_SINGLE_METHOD,ATTACK_DEFAULT,138,5,,,0,1
2408,MUTANT_ANNOTATED_SINGLE_METHOD,ATTACK_DEPENDENCIES,138,5,821,,0,1
2409,TEST_FULL_SUITE_PLUS_DEFAULT,DEFEND_ONE_FROM_MANY,138,6,,1036,0,1
2410,MUTANT_ANNOTATED_SINGLE_METHOD,ATTACK_DEFAULT,139,5,,,0,1
2411,TEST_FULL_SUITE_PLUS_DEFAULT,DEFEND_ONE_FROM_MANY,138,6,,1038,0,1
2412,MUTANT_ANNOTATED_SINGLE_METHOD,ATTACK_DEPENDENCIES,139,5,823,,0,1
2413,MUTANT_ANNOTATED_SINGLE_METHOD,ATTACK_DEFAULT,138,5,,,0,1
2414,MUTANT_ANNOTATED_SINGLE_METHOD,ATTACK_DEPENDENCIES,138,5,822,,0,1
2415,TEST_FULL_SUITE_PLUS_DEFAULT,DEFEND_ONE_FROM_MANY,138,6,,1040,0,1
2416,MUTANT_ANNOTATED_SINGLE_METHOD,ATTACK_DEFAULT,138,5,,,0,1
2417,MUTANT_ANNOTATED_SINGLE_METHOD,ATTACK_DEFAULT,139,5,,,0,1
2418,TEST_FULL_SUITE_PLUS_DEFAULT,DEFEND_ONE_FROM_MANY,139,6,,,0,1
2419,MUTANT_ANNOTATED_SINGLE_METHOD,ATTACK_DEPENDENCIES,138,5,824,,0,1
2420,MUTANT_ANNOTATED_SINGLE_METHOD,ATTACK_DEPENDENCIES,139,5,825,,0,1
2421,TEST_FULL_SUITE_PLUS_DEFAULT,DEFEND_ONE_FROM_MANY,138,6,,1042,0,1
2422,TEST_FULL_SUITE_PLUS_DEFAULT,DEFEND_ONE_FROM_MANY,139,6,,1043,0,1
2423,MUTANT_ANNOTATED_SINGLE_METHOD,ATTACK_DEFAULT,138,5,,,0,1
2424,MUTANT_ANNOTATED_SINGLE_METHOD,ATTACK_DEPENDENCIES,138,5,826,,0,1
2425,TEST_FULL_SUITE_PLUS_DEFAULT,DEFEND_ONE_FROM_MANY,138,6,,1044,0,1
2426,TEST_FULL_SUITE_PLUS_DEFAULT,DEFEND_ONE_FROM_MANY,139,6,,1045,0,1
2427,MUTANT_ANNOTATED_SINGLE_METHOD,ATTACK_DEFAULT,139,5,,,0,1
2428,MUTANT_ANNOTATED_SINGLE_METHOD,ATTACK_DEPENDENCIES,139,5,827,,0,1
2429,MUTANT_ANNOTATED_SINGLE_METHOD,ATTACK_DEFAULT,138,5,,,0,1
2430,MUTANT_ANNOTATED_SINGLE_METHOD,ATTACK_DEPENDENCIES,138,5,828,,0,1
2431,TEST_FULL_SUITE_PLUS_DEFAULT,DEFEND_ONE_FROM_MANY,138,6,,1046,0,1
2432,TEST_FULL_SUITE_PLUS_DEFAULT,DEFEND_ONE_FROM_MANY,139,6,,1047,0,1
2433,MUTANT_ANNOTATED_SINGLE_METHOD,ATTACK_DEFAULT,139,5,,,0,1
2434,MUTANT_ANNOTATED_SINGLE_METHOD,ATTACK_DEPENDENCIES,139,5,829,,0,1
2435,MUTANT_ANNOTATED_SINGLE_METHOD,ATTACK_DEFAULT,138,5,,,0,1
2436,MUTANT_ANNOTATED_SINGLE_METHOD,ATTACK_DEPENDENCIES,138,5,830,,0,1
2437,TEST_FULL_SUITE_PLUS_DEFAULT,DEFEND_ONE_FROM_MANY,139,6,,1049,0,1
2438,TEST_FULL_SUITE_PLUS_DEFAULT,DEFEND_ONE_FROM_MANY,138,6,,1048,0,1
2439,MUTANT_ANNOTATED_SINGLE_METHOD,ATTACK_DEFAULT,138,5,,,0,1
2440,MUTANT_ANNOTATED_SINGLE_METHOD,ATTACK_DEFAULT,139,5,,,0,1
2441,MUTANT_ANNOTATED_SINGLE_METHOD,ATTACK_DEPENDENCIES,138,5,831,,0,1
2442,MUTANT_ANNOTATED_SINGLE_METHOD,ATTACK_DEPENDENCIES,139,5,832,,0,1
2443,TEST_FULL_SUITE_PLUS_DEFAULT,DEFEND_ONE_FROM_MANY,138,6,,1050,0,1
2444,TEST_FULL_SUITE_PLUS_DEFAULT,DEFEND_ONE_FROM_MANY,139,6,,1051,0,1
2445,MUTANT_ANNOTATED_SINGLE_METHOD,ATTACK_DEFAULT,138,5,,,0,1
2446,MUTANT_ANNOTATED_SINGLE_METHOD,ATTACK_DEPENDENCIES,138,5,833,,0,1
2447,TEST_FULL_SUITE_PLUS_DEFAULT,DEFEND_ONE_FROM_MANY,139,6,,1053,0,1
2448,TEST_FULL_SUITE_PLUS_DEFAULT,DEFEND_ONE_FROM_MANY,138,6,,1052,0,1
2449,MUTANT_ANNOTATED_SINGLE_METHOD,ATTACK_DEFAULT,139,5,,,0,1
2450,MUTANT_ANNOTATED_SINGLE_METHOD,ATTACK_DEPENDENCIES,139,5,834,,0,1
2451,TEST_FULL_SUITE_PLUS_DEFAULT,DEFEND_ONE_FROM_MANY,139,6,,1055,0,1
2452,TEST_FULL_SUITE_PLUS_DEFAULT,DEFEND_ONE_FROM_MANY,138,6,,1054,0,1
2453,MUTANT_ANNOTATED_SINGLE_METHOD,ATTACK_DEFAULT,138,5,,,0,1
2454,MUTANT_ANNOTATED_SINGLE_METHOD,ATTACK_DEPENDENCIES,138,5,835,,0,1
2455,TEST_FULL_SUITE_PLUS_DEFAULT,DEFEND_ONE_FROM_MANY,138,6,,1056,0,1
2456,TEST_FULL_SUITE_PLUS_DEFAULT,DEFEND_ONE_FROM_MANY,139,6,,1057,0,1
2457,MUTANT_ANNOTATED_SINGLE_METHOD,ATTACK_DEFAULT,138,5,,,0,1
2458,MUTANT_ANNOTATED_SINGLE_METHOD,ATTACK_DEFAULT,139,5,,,0,1
2459,MUTANT_ANNOTATED_SINGLE_METHOD,ATTACK_DEPENDENCIES,138,5,837,,0,1
2460,MUTANT_ANNOTATED_SINGLE_METHOD,ATTACK_DEPENDENCIES,139,5,836,,0,1
2461,TEST_FULL_SUITE_PLUS_DEFAULT,DEFEND_ONE_FROM_MANY,138,6,,1058,0,1
2462,TEST_FULL_SUITE_PLUS_DEFAULT,DEFEND_ONE_FROM_MANY,139,6,,1059,0,1
2463,MUTANT_ANNOTATED_SINGLE_METHOD,ATTACK_DEFAULT,139,5,,,0,1
2464,MUTANT_ANNOTATED_SINGLE_METHOD,ATTACK_DEPENDENCIES,139,5,838,,0,1
2465,MUTANT_ANNOTATED_SINGLE_METHOD,ATTACK_DEFAULT,138,5,,,0,1
2466,MUTANT_ANNOTATED_SINGLE_METHOD,ATTACK_DEPENDENCIES,138,5,839,,0,1
2467,TEST_FULL_SUITE_PLUS_DEFAULT,DEFEND_ONE_FROM_MANY,138,6,,1060,0,1
2468,TEST_FULL_SUITE_PLUS_DEFAULT,DEFEND_ONE_FROM_MANY,139,6,,1061,0,1
2469,MUTANT_ANNOTATED_SINGLE_METHOD,ATTACK_DEFAULT,139,5,,,0,1
2470,MUTANT_ANNOTATED_SINGLE_METHOD,ATTACK_DEPENDENCIES,139,5,840,,0,1
2471,MUTANT_ANNOTATED_SINGLE_METHOD,ATTACK_DEFAULT,138,5,,,0,1
2472,MUTANT_ANNOTATED_SINGLE_METHOD,ATTACK_DEPENDENCIES,138,5,841,,0,1
2473,TEST_FULL_SUITE_PLUS_DEFAULT,DEFEND_ONE_FROM_MANY,138,6,,1062,0,1
2474,TEST_FULL_SUITE_PLUS_DEFAULT,DEFEND_ONE_FROM_MANY,139,6,,1063,0,1
2475,TEST_FULL_SUITE_PLUS_DEFAULT,DEFEND_FOCUS,138,6,,1067,0,1
2476,MUTANT_ANNOTATED_SINGLE_METHOD,ATTACK_DEFAULT,139,5,,,0,1
2477,MUTANT_ANNOTATED_SINGLE_METHOD,ATTACK_DEPENDENCIES,139,5,842,,0,1
2478,TEST_FULL_SUITE_PLUS_DEFAULT,DEFEND_ONE_FROM_MANY,139,6,,1064,0,1
2479,MUTANT_ANNOTATED_SINGLE_METHOD,ATTACK_DEFAULT,138,5,,,0,1
2480,MUTANT_ANNOTATED_SINGLE_METHOD,ATTACK_DEPENDENCIES,138,5,844,,0,1
2481,TEST_FULL_SUITE_PLUS_DEFAULT,DEFEND_ONE_FROM_MANY,139,6,,1066,0,1
2482,MUTANT_ANNOTATED_SINGLE_METHOD,ATTACK_DEFAULT,139,5,,,0,1
2483,MUTANT_ANNOTATED_SINGLE_METHOD,ATTACK_DEPENDENCIES,139,5,843,,0,1
2484,TEST_FULL_SUITE_PLUS_DEFAULT,DEFEND_FOCUS,138,6,,,0,0
2485,TEST_FULL_SUITE_PLUS_DEFAULT,DEFEND_FOCUS,139,6,,1070,0,1
2486,MUTANT_ANNOTATED_SINGLE_METHOD,ATTACK_DEFAULT,138,5,,,0,1
2487,MUTANT_ANNOTATED_SINGLE_METHOD,ATTACK_DEFAULT,139,5,,,0,1
2488,MUTANT_ANNOTATED_SINGLE_METHOD,ATTACK_DEPENDENCIES,138,5,846,,0,1
2489,MUTANT_ANNOTATED_SINGLE_METHOD,ATTACK_DEPENDENCIES,139,5,845,,0,1
2490,MUTANT_ANNOTATED_SINGLE_METHOD,ATTACK_DEFAULT,138,5,,,0,1
2491,MUTANT_ANNOTATED_SINGLE_METHOD,ATTACK_DEFAULT,139,5,,,0,1
2492,MUTANT_ANNOTATED_SINGLE_METHOD,ATTACK_DEPENDENCIES,138,5,847,,0,1
2493,MUTANT_ANNOTATED_SINGLE_METHOD,ATTACK_DEPENDENCIES,139,5,848,,0,1
2494,TEST_FULL_SUITE_PLUS_DEFAULT,DEFEND_FOCUS,139,6,,1072,0,1
2495,MUTANT_ANNOTATED_SINGLE_METHOD,ATTACK_EQUIVALENCE,139,5,,,0,1
2496,MUTANT_ANNOTATED_SINGLE_METHOD,ATTACK_DEFAULT,138,5,,,0,1
2497,TEST_FULL_SUITE_PLUS_DEFAULT,DEFEND_FOCUS,139,6,,1074,0,1
2498,MUTANT_ANNOTATED_SINGLE_METHOD,ATTACK_DEPENDENCIES,138,5,849,,0,1
2499,MUTANT_ANNOTATED_SINGLE_METHOD,ATTACK_DEFAULT,139,5,,,0,1
2500,MUTANT_ANNOTATED_SINGLE_METHOD,ATTACK_DEPENDENCIES,139,5,850,,0,1
2501,MUTANT_ANNOTATED_SINGLE_METHOD,ATTACK_DEFAULT,138,5,,,0,1
2502,TEST_FULL_SUITE_PLUS_DEFAULT,DEFEND_FOCUS,138,6,,1078,0,1
2503,TEST_FULL_SUITE_PLUS_DEFAULT,DEFEND_FOCUS,139,6,,1079,0,1
2504,MUTANT_ANNOTATED_SINGLE_METHOD,ATTACK_DEPENDENCIES,138,5,851,,0,1
2505,MUTANT_ANNOTATED_SINGLE_METHOD,ATTACK_DEFAULT,138,5,,,0,1
2506,MUTANT_ANNOTATED_SINGLE_METHOD,ATTACK_DEPENDENCIES,138,5,853,,0,1
2507,MUTANT_ANNOTATED_SINGLE_METHOD,ATTACK_DEFAULT,139,5,,,0,1
2508,MUTANT_ANNOTATED_SINGLE_METHOD,ATTACK_DEPENDENCIES,139,5,852,,0,1
2509,MUTANT_ANNOTATED_SINGLE_METHOD,ATTACK_DEFAULT,138,5,,,0,1
2510,TEST_FULL_SUITE_PLUS_DEFAULT,DEFEND_FOCUS,138,6,,1084,0,1
2511,MUTANT_ANNOTATED_SINGLE_METHOD,ATTACK_DEPENDENCIES,138,5,854,,0,1
2512,MUTANT_ANNOTATED_SINGLE_METHOD,ATTACK_DEFAULT,139,5,,,0,1
2513,MUTANT_ANNOTATED_SINGLE_METHOD,ATTACK_DEPENDENCIES,139,5,855,,0,1
2514,MUTANT_ANNOTATED_SINGLE_METHOD,ATTACK_DEFAULT,138,5,,,0,1
2515,TEST_FULL_SUITE_PLUS_DEFAULT,DEFEND_FOCUS,139,6,,1083,0,1
2516,MUTANT_ANNOTATED_SINGLE_METHOD,ATTACK_DEPENDENCIES,138,5,856,,0,1
2517,MUTANT_ANNOTATED_SINGLE_METHOD,ATTACK_DEFAULT,138,5,,,0,1
2518,MUTANT_ANNOTATED_SINGLE_METHOD,ATTACK_DEFAULT,139,5,,,0,1
2519,MUTANT_ANNOTATED_SINGLE_METHOD,ATTACK_DEPENDENCIES,138,5,857,,0,1
2520,MUTANT_ANNOTATED_SINGLE_METHOD,ATTACK_DEPENDENCIES,139,5,858,,0,1
2521,MUTANT_ANNOTATED_SINGLE_METHOD,ATTACK_DEFAULT,138,5,,,0,1
2522,MUTANT_ANNOTATED_SINGLE_METHOD,ATTACK_DEPENDENCIES,138,5,859,,0,1
2523,TEST_FULL_SUITE_PLUS_DEFAULT,DEFEND_FOCUS,138,6,,1086,0,1
2524,TEST_FULL_SUITE_PLUS_DEFAULT,DEFEND_FOCUS,139,6,,1087,0,1
2525,MUTANT_ANNOTATED_SINGLE_METHOD,ATTACK_DEFAULT,139,5,,,0,1
2526,MUTANT_ANNOTATED_SINGLE_METHOD,ATTACK_DEPENDENCIES,139,5,860,,0,1
2527,MUTANT_ANNOTATED_SINGLE_METHOD,ATTACK_DEFAULT,138,5,,,0,1
2528,TEST_FULL_SUITE_PLUS_DEFAULT,DEFEND_FOCUS,138,6,,1088,0,1
2529,MUTANT_ANNOTATED_SINGLE_METHOD,ATTACK_DEPENDENCIES,138,5,861,,0,1
2530,MUTANT_ANNOTATED_SINGLE_METHOD,ATTACK_DEFAULT,139,5,,,0,1
2531,MUTANT_ANNOTATED_SINGLE_METHOD,ATTACK_DEPENDENCIES,139,5,862,,0,1
2532,MUTANT_ANNOTATED_SINGLE_METHOD,ATTACK_DEFAULT,138,5,,,0,1
2533,TEST_FULL_SUITE_PLUS_DEFAULT,DEFEND_FOCUS,139,6,,1092,0,1
2534,TEST_FULL_SUITE_PLUS_DEFAULT,DEFEND_FOCUS,138,6,,1099,0,1
2535,MUTANT_ANNOTATED_SINGLE_METHOD,ATTACK_DEPENDENCIES,138,5,864,,0,1
2536,MUTANT_ANNOTATED_SINGLE_METHOD,ATTACK_EQUIVALENCE,138,5,,,0,1
2537,MUTANT_ANNOTATED_SINGLE_METHOD,ATTACK_DEFAULT,139,5,,,0,1
2538,MUTANT_ANNOTATED_SINGLE_METHOD,ATTACK_DEPENDENCIES,139,5,863,,0,1
2539,MUTANT_ANNOTATED_SINGLE_METHOD,ATTACK_EQUIVALENCE,138,5,,,0,1
2540,MUTANT_ANNOTATED_SINGLE_METHOD,ATTACK_EQUIVALENCE,138,5,,,0,1
2541,TEST_FULL_SUITE_PLUS_DEFAULT,DEFEND_FOCUS,139,6,,1098,0,1
2542,MUTANT_ANNOTATED_SINGLE_METHOD,ATTACK_DEFAULT,139,5,,,0,1
2543,MUTANT_ANNOTATED_SINGLE_METHOD,ATTACK_DEPENDENCIES,139,5,866,,0,1
2544,MUTANT_ANNOTATED_SINGLE_METHOD,ATTACK_EQUIVALENCE,138,5,,,0,1
2545,MUTANT_ANNOTATED_SINGLE_METHOD,ATTACK_DEFAULT,138,5,,,0,1
2546,MUTANT_ANNOTATED_SINGLE_METHOD,ATTACK_DEPENDENCIES,138,5,865,,0,1
2547,TEST_FULL_SUITE_PLUS_DEFAULT,DEFEND_FOCUS,138,6,,1101,0,1
2548,TEST_FULL_SUITE_PLUS_DEFAULT,DEFEND_FOCUS,139,6,,1103,0,1
2549,MUTANT_ANNOTATED_SINGLE_METHOD,ATTACK_DEFAULT,138,5,,,0,1
2550,MUTANT_ANNOTATED_SINGLE_METHOD,ATTACK_DEFAULT,139,5,,,0,1
2551,MUTANT_ANNOTATED_SINGLE_METHOD,ATTACK_DEPENDENCIES,138,5,,,0,0
2552,MUTANT_ANNOTATED_SINGLE_METHOD,ATTACK_DEPENDENCIES,139,5,867,,0,1
2553,TEST_FULL_SUITE_PLUS_DEFAULT,DEFEND_FOCUS,138,6,,1102,0,1
2554,MUTANT_ANNOTATED_SINGLE_METHOD,ATTACK_DEFAULT,139,5,,,0,1
2555,MUTANT_ANNOTATED_SINGLE_METHOD,ATTACK_DEPENDENCIES,139,5,868,,0,1
2556,TEST_FULL_SUITE_PLUS_DEFAULT,DEFEND_FOCUS,138,6,,1105,0,1
2557,TEST_FULL_SUITE_PLUS_DEFAULT,DEFEND_FOCUS,139,6,,1106,0,1
2558,MUTANT_ANNOTATED_SINGLE_METHOD,ATTACK_DEPENDENCIES,138,5,869,,0,1
2559,TEST_FULL_SUITE_PLUS_DEFAULT,DEFEND_FOCUS,138,6,,1107,0,1
2560,MUTANT_ANNOTATED_SINGLE_METHOD,ATTACK_DEFAULT,139,5,,,0,1
2561,MUTANT_ANNOTATED_SINGLE_METHOD,ATTACK_DEPENDENCIES,139,5,871,,0,1
2562,TEST_FULL_SUITE_PLUS_DEFAULT,DEFEND_FOCUS,138,6,,1109,0,1
2563,TEST_FULL_SUITE_PLUS_DEFAULT,DEFEND_FOCUS,139,6,,1110,0,1
2564,MUTANT_ANNOTATED_SINGLE_METHOD,ATTACK_DEFAULT,138,5,,,0,1
2565,MUTANT_ANNOTATED_SINGLE_METHOD,ATTACK_DEPENDENCIES,138,5,870,,0,1
2566,TEST_FULL_SUITE_PLUS_DEFAULT,DEFEND_FOCUS,138,6,,1111,0,1
2567,MUTANT_ANNOTATED_SINGLE_METHOD,ATTACK_DEFAULT,138,5,,,0,1
2568,MUTANT_ANNOTATED_SINGLE_METHOD,ATTACK_DEPENDENCIES,138,5,872,,0,1
2569,MUTANT_ANNOTATED_SINGLE_METHOD,ATTACK_DEFAULT,139,5,,,0,1
2570,MUTANT_ANNOTATED_SINGLE_METHOD,ATTACK_DEPENDENCIES,139,5,874,,0,1
2571,TEST_FULL_SUITE_PLUS_DEFAULT,DEFEND_FOCUS,138,6,,1112,0,1
2572,TEST_FULL_SUITE_PLUS_DEFAULT,DEFEND_FOCUS,139,6,,1116,0,1
2573,MUTANT_ANNOTATED_SINGLE_METHOD,ATTACK_DEFAULT,138,5,,,0,1
2574,MUTANT_ANNOTATED_SINGLE_METHOD,ATTACK_DEPENDENCIES,138,5,873,,0,1
2575,TEST_FULL_SUITE_PLUS_DEFAULT,DEFEND_FOCUS,138,6,,1115,0,1
2576,MUTANT_ANNOTATED_SINGLE_METHOD,ATTACK_DEFAULT,138,5,,,0,1
2577,MUTANT_ANNOTATED_SINGLE_METHOD,ATTACK_DEFAULT,139,5,,,0,1
2578,MUTANT_ANNOTATED_SINGLE_METHOD,ATTACK_DEPENDENCIES,138,5,876,,0,1
2579,MUTANT_ANNOTATED_SINGLE_METHOD,ATTACK_DEPENDENCIES,139,5,875,,0,1
2580,TEST_FULL_SUITE_PLUS_DEFAULT,DEFEND_DEFAULT,138,6,,,1,0
2581,MUTANT_ANNOTATED_SINGLE_METHOD,ATTACK_EQUIVALENCE,138,5,,,0,1
2582,TEST_FULL_SUITE_PLUS_DEFAULT,DEFEND_FOCUS,139,6,,1118,0,1
2583,TEST_FULL_SUITE_PLUS_DEFAULT,DEFEND_FOCUS,138,6,,1119,0,1
2584,MUTANT_ANNOTATED_SINGLE_METHOD,ATTACK_DEFAULT,139,5,,,0,1
2585,MUTANT_ANNOTATED_SINGLE_METHOD,ATTACK_DEFAULT,138,5,,,0,1
2586,MUTANT_ANNOTATED_SINGLE_METHOD,ATTACK_DEPENDENCIES,139,5,,,1,0
2587,MUTANT_ANNOTATED_SINGLE_METHOD,ATTACK_DEPENDENCIES,138,5,877,,0,1
2588,TEST_FULL_SUITE_PLUS_DEFAULT,DEFEND_DEFAULT,139,6,,,1,0
2589,MUTANT_ANNOTATED_SINGLE_METHOD,ATTACK_EQUIVALENCE,139,5,,,1,0
2590,MUTANT_ANNOTATED_SINGLE_METHOD,ATTACK_DEFAULT,138,5,,,1,0
2591,MUTANT_ANNOTATED_SINGLE_METHOD,ATTACK_DEFAULT,140,5,,,1,0
2592,TEST_FULL_SUITE_PLUS_DEFAULT,DEFEND_DEFAULT,140,6,,,1,0
2593,MUTANT_ANNOTATED_SINGLE_METHOD,ATTACK_DEFAULT,141,5,,,1,0
2594,TEST_FULL_SUITE_PLUS_DEFAULT,DEFEND_DEFAULT,141,6,,,1,0
2595,MUTANT_ANNOTATED_SINGLE_METHOD,ATTACK_DEFAULT,142,5,,,1,0
2596,TEST_FULL_SUITE_PLUS_DEFAULT,DEFEND_DEFAULT,142,6,,,1,0
2597,MUTANT_ANNOTATED_SINGLE_METHOD,ATTACK_DEFAULT,143,5,,,1,0
2598,TEST_FULL_SUITE_PLUS_DEFAULT,DEFEND_DEFAULT,143,6,,,1,0
2599,MUTANT_ANNOTATED_SINGLE_METHOD,ATTACK_DEFAULT,144,5,,,1,0
2600,TEST_FULL_SUITE_PLUS_DEFAULT,DEFEND_DEFAULT,144,6,,,1,0
2601,MUTANT_ANNOTATED_SINGLE_METHOD,ATTACK_DEFAULT,145,5,,,1,0
2602,TEST_FULL_SUITE_PLUS_DEFAULT,DEFEND_DEFAULT,145,6,,,1,0
2603,MUTANT_ANNOTATED_SINGLE_METHOD,ATTACK_DEFAULT,146,5,,,1,0
2604,TEST_FULL_SUITE_PLUS_DEFAULT,DEFEND_DEFAULT,146,6,,,1,0
2605,MUTANT_ANNOTATED_SINGLE_METHOD,ATTACK_DEFAULT,147,5,,,1,0
2606,TEST_FULL_SUITE_PLUS_DEFAULT,DEFEND_DEFAULT,147,6,,,1,0
2607,MUTANT_ANNOTATED_SINGLE_METHOD,ATTACK_DEFAULT,148,5,,,1,0
2608,TEST_FULL_SUITE_PLUS_DEFAULT,DEFEND_DEFAULT,148,6,,,1,0
2609,MUTANT_ANNOTATED_SINGLE_METHOD,ATTACK_DEFAULT,149,5,,,1,0
2610,TEST_FULL_SUITE_PLUS_DEFAULT,DEFEND_DEFAULT,149,6,,,1,0
2611,MUTANT_ANNOTATED_SINGLE_METHOD,ATTACK_DEFAULT,150,5,,,1,0
2612,TEST_FULL_SUITE_PLUS_DEFAULT,DEFEND_DEFAULT,150,6,,,1,0
2613,MUTANT_ANNOTATED_SINGLE_METHOD,ATTACK_DEFAULT,151,5,,,1,0
2614,TEST_FULL_SUITE_PLUS_DEFAULT,DEFEND_DEFAULT,151,6,,,1,0
2615,MUTANT_ANNOTATED_SINGLE_METHOD,ATTACK_DEFAULT,152,5,,,1,0
2616,TEST_FULL_SUITE_PLUS_DEFAULT,DEFEND_DEFAULT,152,6,,,1,0
2617,MUTANT_ANNOTATED_SINGLE_METHOD,ATTACK_DEFAULT,153,5,,,1,0
2618,TEST_FULL_SUITE_PLUS_DEFAULT,DEFEND_DEFAULT,153,6,,,1,0
2619,MUTANT_ANNOTATED_SINGLE_METHOD,ATTACK_DEFAULT,154,5,,,1,0
2620,TEST_FULL_SUITE_PLUS_DEFAULT,DEFEND_DEFAULT,154,6,,,1,0
2621,MUTANT_ANNOTATED_SINGLE_METHOD,ATTACK_DEFAULT,155,5,,,1,0
2622,TEST_FULL_SUITE_PLUS_DEFAULT,DEFEND_DEFAULT,155,6,,,1,0
2623,MUTANT_ANNOTATED_SINGLE_METHOD,ATTACK_DEFAULT,156,5,,,1,0
2624,TEST_FULL_SUITE_PLUS_DEFAULT,DEFEND_DEFAULT,156,6,,,1,0
2625,MUTANT_ANNOTATED_SINGLE_METHOD,ATTACK_DEFAULT,157,5,,,1,0
2626,TEST_FULL_SUITE_PLUS_DEFAULT,DEFEND_DEFAULT,157,6,,,1,0
2627,MUTANT_ANNOTATED_SINGLE_METHOD,ATTACK_DEFAULT,158,5,,,1,0
2628,TEST_FULL_SUITE_PLUS_DEFAULT,DEFEND_DEFAULT,158,6,,,1,0
2629,MUTANT_ANNOTATED_SINGLE_METHOD,ATTACK_DEFAULT,159,5,,,1,0
2630,TEST_FULL_SUITE_PLUS_DEFAULT,DEFEND_DEFAULT,159,6,,,1,0
2631,MUTANT_ANNOTATED_SINGLE_METHOD,ATTACK_DEFAULT,160,5,,,1,0
2632,TEST_FULL_SUITE_PLUS_DEFAULT,DEFEND_DEFAULT,160,6,,,1,0
2633,MUTANT_ANNOTATED_SINGLE_METHOD,ATTACK_DEFAULT,161,5,,,1,0
2634,TEST_FULL_SUITE_PLUS_DEFAULT,DEFEND_DEFAULT,161,6,,,1,0
2635,MUTANT_ANNOTATED_SINGLE_METHOD,ATTACK_DEFAULT,164,5,,,0,1
2636,MUTANT_ANNOTATED_SINGLE_METHOD,ATTACK_DEFAULT,162,5,,,0,1
2637,MUTANT_ANNOTATED_SINGLE_METHOD,ATTACK_DEFAULT,163,5,,,0,1
2638,TEST_FULL_SUITE_PLUS_DEFAULT,DEFEND_DEFAULT,162,6,,,0,1
2639,TEST_FULL_SUITE_PLUS_DEFAULT,DEFEND_DEFAULT,164,6,,,0,1
2640,TEST_FULL_SUITE_PLUS_DEFAULT,DEFEND_DEFAULT,163,6,,,0,1
2641,MUTANT_ANNOTATED_SINGLE_METHOD,ATTACK_DEPENDENCIES,163,5,,,1,0
2642,MUTANT_ANNOTATED_SINGLE_METHOD,ATTACK_DEPENDENCIES,162,5,,,1,0
2643,MUTANT_ANNOTATED_SINGLE_METHOD,ATTACK_DEPENDENCIES,164,5,,,1,0
2644,TEST_FULL_SUITE_PLUS_DEFAULT,DEFEND_ONE_FROM_MANY,164,6,,,0,1
2645,TEST_FULL_SUITE_PLUS_DEFAULT,DEFEND_ONE_FROM_MANY,162,6,,,0,1
2646,TEST_FULL_SUITE_PLUS_DEFAULT,DEFEND_ONE_FROM_MANY,163,6,,,0,1
2647,MUTANT_ANNOTATED_SINGLE_METHOD,ATTACK_DEFAULT,167,5,,,0,1
2648,MUTANT_ANNOTATED_SINGLE_METHOD,ATTACK_DEFAULT,165,5,,,0,1
2649,MUTANT_ANNOTATED_SINGLE_METHOD,ATTACK_DEFAULT,166,5,,,0,1
2650,TEST_FULL_SUITE_PLUS_DEFAULT,DEFEND_DEFAULT,165,6,,,0,1
2651,TEST_FULL_SUITE_PLUS_DEFAULT,DEFEND_DEFAULT,167,6,,,0,1
2652,TEST_FULL_SUITE_PLUS_DEFAULT,DEFEND_DEFAULT,166,6,,,0,1
2653,MUTANT_ANNOTATED_SINGLE_METHOD,ATTACK_DEPENDENCIES,165,5,880,,0,1
2654,MUTANT_ANNOTATED_SINGLE_METHOD,ATTACK_DEPENDENCIES,167,5,878,,0,1
2655,MUTANT_ANNOTATED_SINGLE_METHOD,ATTACK_DEPENDENCIES,166,5,879,,0,1
2656,TEST_FULL_SUITE_PLUS_DEFAULT,DEFEND_ONE_FROM_MANY,167,6,,,0,1
2657,TEST_FULL_SUITE_PLUS_DEFAULT,DEFEND_ONE_FROM_MANY,165,6,,,0,1
2658,TEST_FULL_SUITE_PLUS_DEFAULT,DEFEND_ONE_FROM_MANY,166,6,,,0,1
2659,TEST_FULL_SUITE_PLUS_DEFAULT,DEFEND_ONE_FROM_MANY,167,6,,1120,0,1
2660,TEST_FULL_SUITE_PLUS_DEFAULT,DEFEND_ONE_FROM_MANY,165,6,,1121,0,1
2661,TEST_FULL_SUITE_PLUS_DEFAULT,DEFEND_ONE_FROM_MANY,166,6,,1122,0,1
2662,MUTANT_ANNOTATED_SINGLE_METHOD,ATTACK_DEFAULT,167,5,,,0,1
2663,MUTANT_ANNOTATED_SINGLE_METHOD,ATTACK_DEFAULT,166,5,,,0,1
2664,MUTANT_ANNOTATED_SINGLE_METHOD,ATTACK_DEPENDENCIES,166,5,882,,0,1
2665,MUTANT_ANNOTATED_SINGLE_METHOD,ATTACK_DEPENDENCIES,167,5,881,,0,1
2666,TEST_FULL_SUITE_PLUS_DEFAULT,DEFEND_ONE_FROM_MANY,165,6,,1123,0,1
2667,TEST_FULL_SUITE_PLUS_DEFAULT,DEFEND_ONE_FROM_MANY,167,6,,1124,0,1
2668,TEST_FULL_SUITE_PLUS_DEFAULT,DEFEND_ONE_FROM_MANY,166,6,,1125,0,1
2669,MUTANT_ANNOTATED_SINGLE_METHOD,ATTACK_DEFAULT,165,5,,,0,1
2670,MUTANT_ANNOTATED_SINGLE_METHOD,ATTACK_DEPENDENCIES,165,5,883,,0,1
2671,MUTANT_ANNOTATED_SINGLE_METHOD,ATTACK_DEFAULT,167,5,,,0,1
2672,MUTANT_ANNOTATED_SINGLE_METHOD,ATTACK_DEFAULT,166,5,,,0,1
2673,MUTANT_ANNOTATED_SINGLE_METHOD,ATTACK_DEPENDENCIES,167,5,884,,0,1
2674,MUTANT_ANNOTATED_SINGLE_METHOD,ATTACK_DEPENDENCIES,166,5,885,,0,1
2675,TEST_FULL_SUITE_PLUS_DEFAULT,DEFEND_ONE_FROM_MANY,165,6,,1126,0,1
2676,TEST_FULL_SUITE_PLUS_DEFAULT,DEFEND_ONE_FROM_MANY,166,6,,1127,0,1
2677,TEST_FULL_SUITE_PLUS_DEFAULT,DEFEND_ONE_FROM_MANY,167,6,,1128,0,1
2678,MUTANT_ANNOTATED_SINGLE_METHOD,ATTACK_DEFAULT,165,5,,,0,1
2679,MUTANT_ANNOTATED_SINGLE_METHOD,ATTACK_DEPENDENCIES,165,5,886,,0,1
2680,MUTANT_ANNOTATED_SINGLE_METHOD,ATTACK_DEFAULT,167,5,,,0,1
2681,MUTANT_ANNOTATED_SINGLE_METHOD,ATTACK_DEPENDENCIES,167,5,887,,0,1
2682,TEST_FULL_SUITE_PLUS_DEFAULT,DEFEND_ONE_FROM_MANY,165,6,,1129,0,1
2683,TEST_FULL_SUITE_PLUS_DEFAULT,DEFEND_ONE_FROM_MANY,166,6,,1130,0,1
2684,TEST_FULL_SUITE_PLUS_DEFAULT,DEFEND_ONE_FROM_MANY,167,6,,1131,0,1
2685,MUTANT_ANNOTATED_SINGLE_METHOD,ATTACK_DEFAULT,165,5,,,0,1
2686,MUTANT_ANNOTATED_SINGLE_METHOD,ATTACK_DEFAULT,166,5,,,0,1
2687,MUTANT_ANNOTATED_SINGLE_METHOD,ATTACK_DEPENDENCIES,166,5,888,,0,1
2688,MUTANT_ANNOTATED_SINGLE_METHOD,ATTACK_DEPENDENCIES,165,5,889,,0,1
2689,MUTANT_ANNOTATED_SINGLE_METHOD,ATTACK_DEFAULT,167,5,,,0,1
2690,MUTANT_ANNOTATED_SINGLE_METHOD,ATTACK_DEPENDENCIES,167,5,891,,0,1
2691,TEST_FULL_SUITE_PLUS_DEFAULT,DEFEND_ONE_FROM_MANY,166,6,,1132,0,1
2692,TEST_FULL_SUITE_PLUS_DEFAULT,DEFEND_ONE_FROM_MANY,167,6,,1133,0,1
2693,TEST_FULL_SUITE_PLUS_DEFAULT,DEFEND_ONE_FROM_MANY,165,6,,1134,0,1
2694,MUTANT_ANNOTATED_SINGLE_METHOD,ATTACK_DEFAULT,166,5,,,0,1
2695,MUTANT_ANNOTATED_SINGLE_METHOD,ATTACK_DEPENDENCIES,166,5,890,,0,1
2696,MUTANT_ANNOTATED_SINGLE_METHOD,ATTACK_DEFAULT,165,5,,,0,1
2697,MUTANT_ANNOTATED_SINGLE_METHOD,ATTACK_DEPENDENCIES,165,5,892,,0,1
2698,TEST_FULL_SUITE_PLUS_DEFAULT,DEFEND_ONE_FROM_MANY,166,6,,1137,0,1
2699,TEST_FULL_SUITE_PLUS_DEFAULT,DEFEND_ONE_FROM_MANY,167,6,,1135,0,1
2700,TEST_FULL_SUITE_PLUS_DEFAULT,DEFEND_ONE_FROM_MANY,165,6,,1136,0,1
2701,MUTANT_ANNOTATED_SINGLE_METHOD,ATTACK_DEFAULT,167,5,,,0,1
2702,MUTANT_ANNOTATED_SINGLE_METHOD,ATTACK_DEFAULT,166,5,,,0,1
2703,MUTANT_ANNOTATED_SINGLE_METHOD,ATTACK_DEPENDENCIES,167,5,893,,0,1
2704,MUTANT_ANNOTATED_SINGLE_METHOD,ATTACK_DEPENDENCIES,166,5,894,,0,1
2705,MUTANT_ANNOTATED_SINGLE_METHOD,ATTACK_DEFAULT,165,5,,,0,1
2706,MUTANT_ANNOTATED_SINGLE_METHOD,ATTACK_DEPENDENCIES,165,5,895,,0,1
2707,TEST_FULL_SUITE_PLUS_DEFAULT,DEFEND_ONE_FROM_MANY,165,6,,1140,0,1
2708,TEST_FULL_SUITE_PLUS_DEFAULT,DEFEND_ONE_FROM_MANY,167,6,,1138,0,1
2709,TEST_FULL_SUITE_PLUS_DEFAULT,DEFEND_ONE_FROM_MANY,166,6,,1139,0,1
2710,MUTANT_ANNOTATED_SINGLE_METHOD,ATTACK_DEFAULT,167,5,,,0,1
2711,MUTANT_ANNOTATED_SINGLE_METHOD,ATTACK_DEFAULT,166,5,,,0,1
2712,MUTANT_ANNOTATED_SINGLE_METHOD,ATTACK_DEPENDENCIES,166,5,896,,0,1
2713,MUTANT_ANNOTATED_SINGLE_METHOD,ATTACK_DEPENDENCIES,167,5,898,,0,1
2714,MUTANT_ANNOTATED_SINGLE_METHOD,ATTACK_DEFAULT,165,5,,,0,1
2715,MUTANT_ANNOTATED_SINGLE_METHOD,ATTACK_DEPENDENCIES,165,5,897,,0,1
2716,TEST_FULL_SUITE_PLUS_DEFAULT,DEFEND_ONE_FROM_MANY,167,6,,1143,0,1
2717,TEST_FULL_SUITE_PLUS_DEFAULT,DEFEND_ONE_FROM_MANY,165,6,,1142,0,1
2718,TEST_FULL_SUITE_PLUS_DEFAULT,DEFEND_ONE_FROM_MANY,166,6,,1141,0,1
2719,MUTANT_ANNOTATED_SINGLE_METHOD,ATTACK_DEFAULT,166,5,,,0,1
2720,MUTANT_ANNOTATED_SINGLE_METHOD,ATTACK_DEPENDENCIES,166,5,899,,0,1
2721,MUTANT_ANNOTATED_SINGLE_METHOD,ATTACK_DEFAULT,167,5,,,0,1
2722,MUTANT_ANNOTATED_SINGLE_METHOD,ATTACK_DEFAULT,165,5,,,0,1
2723,MUTANT_ANNOTATED_SINGLE_METHOD,ATTACK_DEPENDENCIES,167,5,900,,0,1
2724,MUTANT_ANNOTATED_SINGLE_METHOD,ATTACK_DEPENDENCIES,165,5,901,,0,1
2725,TEST_FULL_SUITE_PLUS_DEFAULT,DEFEND_ONE_FROM_MANY,167,6,,1144,0,1
2726,TEST_FULL_SUITE_PLUS_DEFAULT,DEFEND_ONE_FROM_MANY,166,6,,1146,0,1
2727,TEST_FULL_SUITE_PLUS_DEFAULT,DEFEND_ONE_FROM_MANY,165,6,,1145,0,1
2728,MUTANT_ANNOTATED_SINGLE_METHOD,ATTACK_DEFAULT,166,5,,,0,1
2729,MUTANT_ANNOTATED_SINGLE_METHOD,ATTACK_DEPENDENCIES,166,5,902,,0,1
2730,MUTANT_ANNOTATED_SINGLE_METHOD,ATTACK_DEFAULT,167,5,,,0,1
2731,MUTANT_ANNOTATED_SINGLE_METHOD,ATTACK_DEPENDENCIES,167,5,903,,0,1
2732,TEST_FULL_SUITE_PLUS_DEFAULT,DEFEND_ONE_FROM_MANY,165,6,,1147,0,1
2733,TEST_FULL_SUITE_PLUS_DEFAULT,DEFEND_ONE_FROM_MANY,166,6,,1149,0,1
2734,TEST_FULL_SUITE_PLUS_DEFAULT,DEFEND_ONE_FROM_MANY,167,6,,1148,0,1
2735,MUTANT_ANNOTATED_SINGLE_METHOD,ATTACK_DEFAULT,165,5,,,0,1
2736,MUTANT_ANNOTATED_SINGLE_METHOD,ATTACK_DEPENDENCIES,165,5,904,,0,1
2737,MUTANT_ANNOTATED_SINGLE_METHOD,ATTACK_DEFAULT,166,5,,,0,1
2738,MUTANT_ANNOTATED_SINGLE_METHOD,ATTACK_DEPENDENCIES,166,5,905,,0,1
2739,TEST_FULL_SUITE_PLUS_DEFAULT,DEFEND_ONE_FROM_MANY,167,6,,1158,0,1
2740,TEST_FULL_SUITE_PLUS_DEFAULT,DEFEND_ONE_FROM_MANY,165,6,,1151,0,1
2741,TEST_FULL_SUITE_PLUS_DEFAULT,DEFEND_ONE_FROM_MANY,166,6,,1152,0,1
2742,MUTANT_ANNOTATED_SINGLE_METHOD,ATTACK_DEFAULT,167,5,,,0,1
2743,MUTANT_ANNOTATED_SINGLE_METHOD,ATTACK_DEFAULT,165,5,,,0,1
2744,MUTANT_ANNOTATED_SINGLE_METHOD,ATTACK_DEPENDENCIES,167,5,907,,0,1
2745,MUTANT_ANNOTATED_SINGLE_METHOD,ATTACK_DEPENDENCIES,165,5,906,,0,1
2746,MUTANT_ANNOTATED_SINGLE_METHOD,ATTACK_DEFAULT,166,5,,,0,1
2747,MUTANT_ANNOTATED_SINGLE_METHOD,ATTACK_DEPENDENCIES,166,5,908,,0,1
2748,TEST_FULL_SUITE_PLUS_DEFAULT,DEFEND_ONE_FROM_MANY,165,6,,1153,0,1
2749,TEST_FULL_SUITE_PLUS_DEFAULT,DEFEND_ONE_FROM_MANY,166,6,,1154,0,1
2750,MUTANT_ANNOTATED_SINGLE_METHOD,ATTACK_DEFAULT,165,5,,,0,1
2751,MUTANT_ANNOTATED_SINGLE_METHOD,ATTACK_DEPENDENCIES,165,5,909,,0,1
2752,MUTANT_ANNOTATED_SINGLE_METHOD,ATTACK_DEFAULT,167,5,,,0,1
2753,MUTANT_ANNOTATED_SINGLE_METHOD,ATTACK_DEPENDENCIES,167,5,910,,0,1
2754,TEST_FULL_SUITE_PLUS_DEFAULT,DEFEND_ONE_FROM_MANY,165,6,,1157,0,1
2755,TEST_FULL_SUITE_PLUS_DEFAULT,DEFEND_ONE_FROM_MANY,166,6,,1156,0,1
2756,MUTANT_ANNOTATED_SINGLE_METHOD,ATTACK_DEFAULT,166,5,,,0,1
2757,MUTANT_ANNOTATED_SINGLE_METHOD,ATTACK_DEFAULT,165,5,,,0,1
2758,MUTANT_ANNOTATED_SINGLE_METHOD,ATTACK_DEPENDENCIES,165,5,911,,0,1
2759,MUTANT_ANNOTATED_SINGLE_METHOD,ATTACK_DEPENDENCIES,166,5,912,,0,1
2760,TEST_FULL_SUITE_PLUS_DEFAULT,DEFEND_ONE_FROM_MANY,167,6,,,0,1
2761,TEST_FULL_SUITE_PLUS_DEFAULT,DEFEND_ONE_FROM_MANY,165,6,,1159,0,1
2762,TEST_FULL_SUITE_PLUS_DEFAULT,DEFEND_ONE_FROM_MANY,167,6,,1160,0,1
2763,TEST_FULL_SUITE_PLUS_DEFAULT,DEFEND_ONE_FROM_MANY,166,6,,1161,0,1
2764,MUTANT_ANNOTATED_SINGLE_METHOD,ATTACK_DEFAULT,167,5,,,0,1
2765,MUTANT_ANNOTATED_SINGLE_METHOD,ATTACK_DEFAULT,165,5,,,0,1
2766,MUTANT_ANNOTATED_SINGLE_METHOD,ATTACK_DEPENDENCIES,165,5,914,,0,1
2767,MUTANT_ANNOTATED_SINGLE_METHOD,ATTACK_DEPENDENCIES,167,5,913,,0,1
2768,MUTANT_ANNOTATED_SINGLE_METHOD,ATTACK_DEFAULT,166,5,,,0,1
2769,MUTANT_ANNOTATED_SINGLE_METHOD,ATTACK_DEPENDENCIES,166,5,915,,0,1
2770,TEST_FULL_SUITE_PLUS_DEFAULT,DEFEND_ONE_FROM_MANY,165,6,,1163,0,1
2771,TEST_FULL_SUITE_PLUS_DEFAULT,DEFEND_ONE_FROM_MANY,167,6,,1162,0,1
2772,TEST_FULL_SUITE_PLUS_DEFAULT,DEFEND_ONE_FROM_MANY,166,6,,1164,0,1
2773,MUTANT_ANNOTATED_SINGLE_METHOD,ATTACK_DEFAULT,167,5,,,0,1
2774,MUTANT_ANNOTATED_SINGLE_METHOD,ATTACK_DEFAULT,165,5,,,0,1
2775,MUTANT_ANNOTATED_SINGLE_METHOD,ATTACK_DEPENDENCIES,167,5,917,,0,1
2776,MUTANT_ANNOTATED_SINGLE_METHOD,ATTACK_DEPENDENCIES,165,5,916,,0,1
2777,MUTANT_ANNOTATED_SINGLE_METHOD,ATTACK_DEFAULT,166,5,,,0,1
2778,MUTANT_ANNOTATED_SINGLE_METHOD,ATTACK_DEPENDENCIES,166,5,918,,0,1
2779,TEST_FULL_SUITE_PLUS_DEFAULT,DEFEND_ONE_FROM_MANY,167,6,,1165,0,1
2780,TEST_FULL_SUITE_PLUS_DEFAULT,DEFEND_ONE_FROM_MANY,165,6,,1166,0,1
2781,TEST_FULL_SUITE_PLUS_DEFAULT,DEFEND_ONE_FROM_MANY,166,6,,1167,0,1
2782,MUTANT_ANNOTATED_SINGLE_METHOD,ATTACK_DEFAULT,165,5,,,0,1
2783,MUTANT_ANNOTATED_SINGLE_METHOD,ATTACK_DEPENDENCIES,165,5,919,,0,1
2784,MUTANT_ANNOTATED_SINGLE_METHOD,ATTACK_DEFAULT,167,5,,,0,1
2785,MUTANT_ANNOTATED_SINGLE_METHOD,ATTACK_DEFAULT,166,5,,,0,1
2786,MUTANT_ANNOTATED_SINGLE_METHOD,ATTACK_DEPENDENCIES,166,5,920,,0,1
2787,MUTANT_ANNOTATED_SINGLE_METHOD,ATTACK_DEPENDENCIES,167,5,922,,0,1
2788,TEST_FULL_SUITE_PLUS_DEFAULT,DEFEND_ONE_FROM_MANY,167,6,,1168,0,1
2789,TEST_FULL_SUITE_PLUS_DEFAULT,DEFEND_ONE_FROM_MANY,165,6,,1170,0,1
2790,TEST_FULL_SUITE_PLUS_DEFAULT,DEFEND_ONE_FROM_MANY,166,6,,1169,0,1
2791,MUTANT_ANNOTATED_SINGLE_METHOD,ATTACK_DEFAULT,165,5,,,0,1
2792,MUTANT_ANNOTATED_SINGLE_METHOD,ATTACK_DEPENDENCIES,165,5,921,,0,1
2793,TEST_FULL_SUITE_PLUS_DEFAULT,DEFEND_ONE_FROM_MANY,167,6,,1171,0,1
2794,TEST_FULL_SUITE_PLUS_DEFAULT,DEFEND_ONE_FROM_MANY,166,6,,1173,0,1
2795,TEST_FULL_SUITE_PLUS_DEFAULT,DEFEND_ONE_FROM_MANY,165,6,,1172,0,1
2796,MUTANT_ANNOTATED_SINGLE_METHOD,ATTACK_DEFAULT,166,5,,,0,1
2797,MUTANT_ANNOTATED_SINGLE_METHOD,ATTACK_DEFAULT,165,5,,,0,1
2798,MUTANT_ANNOTATED_SINGLE_METHOD,ATTACK_DEPENDENCIES,166,5,923,,0,1
2799,MUTANT_ANNOTATED_SINGLE_METHOD,ATTACK_DEPENDENCIES,165,5,925,,0,1
2800,MUTANT_ANNOTATED_SINGLE_METHOD,ATTACK_DEFAULT,167,5,,,0,1
2801,MUTANT_ANNOTATED_SINGLE_METHOD,ATTACK_DEPENDENCIES,167,5,924,,0,1
2802,TEST_FULL_SUITE_PLUS_DEFAULT,DEFEND_ONE_FROM_MANY,167,6,,1179,0,1
2803,TEST_FULL_SUITE_PLUS_DEFAULT,DEFEND_ONE_FROM_MANY,166,6,,1175,0,1
2804,TEST_FULL_SUITE_PLUS_DEFAULT,DEFEND_ONE_FROM_MANY,165,6,,1176,0,1
2805,MUTANT_ANNOTATED_SINGLE_METHOD,ATTACK_DEFAULT,166,5,,,0,1
2806,MUTANT_ANNOTATED_SINGLE_METHOD,ATTACK_DEPENDENCIES,166,5,926,,0,1
2807,TEST_FULL_SUITE_PLUS_DEFAULT,DEFEND_ONE_FROM_MANY,166,6,,1178,0,1
2808,TEST_FULL_SUITE_PLUS_DEFAULT,DEFEND_ONE_FROM_MANY,165,6,,1177,0,1
2809,MUTANT_ANNOTATED_SINGLE_METHOD,ATTACK_DEFAULT,167,5,,,0,1
2810,MUTANT_ANNOTATED_SINGLE_METHOD,ATTACK_DEPENDENCIES,167,5,927,,0,1
2811,MUTANT_ANNOTATED_SINGLE_METHOD,ATTACK_DEFAULT,165,5,,,0,1
2812,MUTANT_ANNOTATED_SINGLE_METHOD,ATTACK_DEPENDENCIES,165,5,928,,0,1
2813,TEST_FULL_SUITE_PLUS_DEFAULT,DEFEND_ONE_FROM_MANY,167,6,,,0,1
2814,MUTANT_ANNOTATED_SINGLE_METHOD,ATTACK_DEFAULT,166,5,,,0,1
2815,MUTANT_ANNOTATED_SINGLE_METHOD,ATTACK_DEPENDENCIES,166,5,929,,0,1
2816,TEST_FULL_SUITE_PLUS_DEFAULT,DEFEND_ONE_FROM_MANY,167,6,,1185,0,1
2817,TEST_FULL_SUITE_PLUS_DEFAULT,DEFEND_ONE_FROM_MANY,166,6,,1182,0,1
2818,TEST_FULL_SUITE_PLUS_DEFAULT,DEFEND_ONE_FROM_MANY,165,6,,1181,0,1
2819,MUTANT_ANNOTATED_SINGLE_METHOD,ATTACK_DEFAULT,167,5,,,0,1
2820,MUTANT_ANNOTATED_SINGLE_METHOD,ATTACK_DEFAULT,166,5,,,0,1
2821,MUTANT_ANNOTATED_SINGLE_METHOD,ATTACK_DEPENDENCIES,166,5,931,,0,1
2822,MUTANT_ANNOTATED_SINGLE_METHOD,ATTACK_DEPENDENCIES,167,5,930,,0,1
2823,MUTANT_ANNOTATED_SINGLE_METHOD,ATTACK_DEFAULT,165,5,,,0,1
2824,TEST_FULL_SUITE_PLUS_DEFAULT,DEFEND_ONE_FROM_MANY,166,6,,1183,0,1
2825,MUTANT_ANNOTATED_SINGLE_METHOD,ATTACK_DEPENDENCIES,165,5,933,,0,1
2826,TEST_FULL_SUITE_PLUS_DEFAULT,DEFEND_ONE_FROM_MANY,165,6,,1184,0,1
2827,TEST_FULL_SUITE_PLUS_DEFAULT,DEFEND_ONE_FROM_MANY,167,6,,,0,1
2828,MUTANT_ANNOTATED_SINGLE_METHOD,ATTACK_DEFAULT,167,5,,,0,1
2829,MUTANT_ANNOTATED_SINGLE_METHOD,ATTACK_DEPENDENCIES,167,5,932,,0,1
2830,TEST_FULL_SUITE_PLUS_DEFAULT,DEFEND_ONE_FROM_MANY,166,6,,1188,0,1
2831,TEST_FULL_SUITE_PLUS_DEFAULT,DEFEND_ONE_FROM_MANY,167,6,,1186,0,1
2832,TEST_FULL_SUITE_PLUS_DEFAULT,DEFEND_ONE_FROM_MANY,165,6,,1187,0,1
2833,MUTANT_ANNOTATED_SINGLE_METHOD,ATTACK_DEFAULT,166,5,,,0,1
2834,MUTANT_ANNOTATED_SINGLE_METHOD,ATTACK_DEPENDENCIES,166,5,934,,0,1
2835,MUTANT_ANNOTATED_SINGLE_METHOD,ATTACK_DEFAULT,167,5,,,0,1
2836,MUTANT_ANNOTATED_SINGLE_METHOD,ATTACK_DEPENDENCIES,167,5,935,,0,1
2837,TEST_FULL_SUITE_PLUS_DEFAULT,DEFEND_ONE_FROM_MANY,167,6,,1189,0,1
2838,TEST_FULL_SUITE_PLUS_DEFAULT,DEFEND_ONE_FROM_MANY,166,6,,1190,0,1
2839,TEST_FULL_SUITE_PLUS_DEFAULT,DEFEND_ONE_FROM_MANY,165,6,,1191,0,1
2840,MUTANT_ANNOTATED_SINGLE_METHOD,ATTACK_EQUIVALENCE,167,5,,,0,1
2841,MUTANT_ANNOTATED_SINGLE_METHOD,ATTACK_DEFAULT,165,5,,,0,1
2842,MUTANT_ANNOTATED_SINGLE_METHOD,ATTACK_DEPENDENCIES,165,5,936,,0,1
2843,TEST_FULL_SUITE_PLUS_DEFAULT,DEFEND_FOCUS,165,6,,1195,0,1
2844,TEST_FULL_SUITE_PLUS_DEFAULT,DEFEND_FOCUS,166,6,,1194,0,1
2845,MUTANT_ANNOTATED_SINGLE_METHOD,ATTACK_DEFAULT,166,5,,,0,1
2846,MUTANT_ANNOTATED_SINGLE_METHOD,ATTACK_DEPENDENCIES,166,5,937,,0,1
2847,TEST_FULL_SUITE_PLUS_DEFAULT,DEFEND_ONE_FROM_MANY,167,6,,1193,0,1
2848,MUTANT_ANNOTATED_SINGLE_METHOD,ATTACK_DEFAULT,167,5,,,0,1
2849,MUTANT_ANNOTATED_SINGLE_METHOD,ATTACK_DEPENDENCIES,167,5,938,,0,1
2850,MUTANT_ANNOTATED_SINGLE_METHOD,ATTACK_DEFAULT,165,5,,,0,1
2851,MUTANT_ANNOTATED_SINGLE_METHOD,ATTACK_DEPENDENCIES,165,5,939,,0,1
2852,TEST_FULL_SUITE_PLUS_DEFAULT,DEFEND_FOCUS,165,6,,1197,0,1
2853,TEST_FULL_SUITE_PLUS_DEFAULT,DEFEND_FOCUS,166,6,,1203,0,1
2854,TEST_FULL_SUITE_PLUS_DEFAULT,DEFEND_ONE_FROM_MANY,167,6,,1196,0,1
2855,MUTANT_ANNOTATED_SINGLE_METHOD,ATTACK_DEFAULT,166,5,,,0,1
2856,MUTANT_ANNOTATED_SINGLE_METHOD,ATTACK_DEPENDENCIES,166,5,940,,0,1
2857,MUTANT_ANNOTATED_SINGLE_METHOD,ATTACK_DEFAULT,167,5,,,0,1
2858,MUTANT_ANNOTATED_SINGLE_METHOD,ATTACK_DEPENDENCIES,167,5,941,,0,1
2859,TEST_FULL_SUITE_PLUS_DEFAULT,DEFEND_FOCUS,165,6,,1204,0,1
2860,TEST_FULL_SUITE_PLUS_DEFAULT,DEFEND_ONE_FROM_MANY,167,6,,1199,0,1
2861,MUTANT_ANNOTATED_SINGLE_METHOD,ATTACK_DEFAULT,165,5,,,0,1
2862,MUTANT_ANNOTATED_SINGLE_METHOD,ATTACK_DEPENDENCIES,165,5,943,,0,1
2863,MUTANT_ANNOTATED_SINGLE_METHOD,ATTACK_DEFAULT,166,5,,,0,1
2864,MUTANT_ANNOTATED_SINGLE_METHOD,ATTACK_DEPENDENCIES,166,5,942,,0,1
2865,MUTANT_ANNOTATED_SINGLE_METHOD,ATTACK_DEFAULT,167,5,,,0,1
2866,MUTANT_ANNOTATED_SINGLE_METHOD,ATTACK_DEPENDENCIES,167,5,944,,0,1
2867,TEST_FULL_SUITE_PLUS_DEFAULT,DEFEND_ONE_FROM_MANY,167,6,,1202,0,1
2868,MUTANT_ANNOTATED_SINGLE_METHOD,ATTACK_DEFAULT,166,5,,,0,1
2869,MUTANT_ANNOTATED_SINGLE_METHOD,ATTACK_DEPENDENCIES,166,5,945,,0,1
2870,MUTANT_ANNOTATED_SINGLE_METHOD,ATTACK_DEFAULT,165,5,,,0,1
2871,MUTANT_ANNOTATED_SINGLE_METHOD,ATTACK_DEPENDENCIES,165,5,948,,0,1
2872,MUTANT_ANNOTATED_SINGLE_METHOD,ATTACK_DEFAULT,167,5,,,0,1
2873,MUTANT_ANNOTATED_SINGLE_METHOD,ATTACK_DEPENDENCIES,167,5,946,,0,1
2874,TEST_FULL_SUITE_PLUS_DEFAULT,DEFEND_FOCUS,166,6,,1206,0,1
2875,TEST_FULL_SUITE_PLUS_DEFAULT,DEFEND_DEFAULT,165,6,,1207,0,1
2876,MUTANT_ANNOTATED_SINGLE_METHOD,ATTACK_EQUIVALENCE,165,5,,,0,1
2877,TEST_FULL_SUITE_PLUS_DEFAULT,DEFEND_ONE_FROM_MANY,167,6,,1205,0,1
2878,MUTANT_ANNOTATED_SINGLE_METHOD,ATTACK_EQUIVALENCE,165,5,,,0,1
2879,TEST_FULL_SUITE_PLUS_DEFAULT,DEFEND_DEFAULT,165,6,,1212,0,1
2880,TEST_FULL_SUITE_PLUS_DEFAULT,DEFEND_FOCUS,166,6,,1217,0,1
2881,MUTANT_ANNOTATED_SINGLE_METHOD,ATTACK_EQUIVALENCE,165,5,,,0,1
2882,MUTANT_ANNOTATED_SINGLE_METHOD,ATTACK_DEFAULT,166,5,,,0,1
2883,MUTANT_ANNOTATED_SINGLE_METHOD,ATTACK_DEPENDENCIES,166,5,947,,0,1
2884,TEST_FULL_SUITE_PLUS_DEFAULT,DEFEND_ONE_FROM_MANY,167,6,,1210,0,1
2885,MUTANT_ANNOTATED_SINGLE_METHOD,ATTACK_DEFAULT,167,5,,,0,1
2886,MUTANT_ANNOTATED_SINGLE_METHOD,ATTACK_DEPENDENCIES,167,5,949,,0,1
2887,TEST_FULL_SUITE_PLUS_DEFAULT,DEFEND_DEFAULT,165,6,,1216,0,1
2888,MUTANT_ANNOTATED_SINGLE_METHOD,ATTACK_DEFAULT,166,5,,,0,1
2889,MUTANT_ANNOTATED_SINGLE_METHOD,ATTACK_DEPENDENCIES,166,5,953,,0,1
2890,TEST_FULL_SUITE_PLUS_DEFAULT,DEFEND_ONE_FROM_MANY,167,6,,1215,0,1
2891,MUTANT_ANNOTATED_SINGLE_METHOD,ATTACK_DEFAULT,165,5,,,0,1
2892,MUTANT_ANNOTATED_SINGLE_METHOD,ATTACK_DEPENDENCIES,165,5,950,,0,1
2893,MUTANT_ANNOTATED_SINGLE_METHOD,ATTACK_DEFAULT,167,5,,,0,1
2894,MUTANT_ANNOTATED_SINGLE_METHOD,ATTACK_DEPENDENCIES,167,5,951,,0,1
2895,TEST_FULL_SUITE_PLUS_DEFAULT,DEFEND_FOCUS,167,6,,1229,0,1
2896,TEST_FULL_SUITE_PLUS_DEFAULT,DEFEND_DEFAULT,166,6,,,0,0
2897,TEST_FULL_SUITE_PLUS_DEFAULT,DEFEND_DEFAULT,165,6,,1228,0,1
2898,MUTANT_ANNOTATED_SINGLE_METHOD,ATTACK_EQUIVALENCE,166,5,,,0,1
2899,MUTANT_ANNOTATED_SINGLE_METHOD,ATTACK_EQUIVALENCE,165,5,,,0,1
2900,MUTANT_ANNOTATED_SINGLE_METHOD,ATTACK_EQUIVALENCE,166,5,,,0,1
2901,MUTANT_ANNOTATED_SINGLE_METHOD,ATTACK_DEFAULT,165,5,,,0,1
2902,MUTANT_ANNOTATED_SINGLE_METHOD,ATTACK_DEPENDENCIES,165,5,952,,0,1
2903,MUTANT_ANNOTATED_SINGLE_METHOD,ATTACK_DEFAULT,167,5,,,0,1
2904,MUTANT_ANNOTATED_SINGLE_METHOD,ATTACK_DEPENDENCIES,167,5,955,,0,1
2905,MUTANT_ANNOTATED_SINGLE_METHOD,ATTACK_DEFAULT,165,5,,,0,1
2906,MUTANT_ANNOTATED_SINGLE_METHOD,ATTACK_DEPENDENCIES,165,5,954,,0,1
2907,MUTANT_ANNOTATED_SINGLE_METHOD,ATTACK_DEFAULT,166,5,,,0,1
2908,MUTANT_ANNOTATED_SINGLE_METHOD,ATTACK_DEPENDENCIES,166,5,956,,0,1
2909,MUTANT_ANNOTATED_SINGLE_METHOD,ATTACK_DEFAULT,165,5,,,0,1
2910,MUTANT_ANNOTATED_SINGLE_METHOD,ATTACK_DEPENDENCIES,165,5,957,,0,1
2911,MUTANT_ANNOTATED_SINGLE_METHOD,ATTACK_DEFAULT,167,5,,,0,1
2912,MUTANT_ANNOTATED_SINGLE_METHOD,ATTACK_DEPENDENCIES,167,5,958,,0,1
2913,TEST_FULL_SUITE_PLUS_DEFAULT,DEFEND_DEFAULT,165,6,,,0,0
2914,MUTANT_ANNOTATED_SINGLE_METHOD,ATTACK_DEFAULT,166,5,,,0,1
2915,MUTANT_ANNOTATED_SINGLE_METHOD,ATTACK_DEPENDENCIES,166,5,959,,0,1
2916,MUTANT_ANNOTATED_SINGLE_METHOD,ATTACK_DEFAULT,165,5,,,0,1
2917,MUTANT_ANNOTATED_SINGLE_METHOD,ATTACK_DEFAULT,167,5,,,0,1
2918,TEST_FULL_SUITE_PLUS_DEFAULT,DEFEND_FOCUS,167,6,,1231,0,1
2919,TEST_FULL_SUITE_PLUS_DEFAULT,DEFEND_DEFAULT,166,6,,1232,0,1
2920,MUTANT_ANNOTATED_SINGLE_METHOD,ATTACK_DEPENDENCIES,167,5,962,,0,1
2921,MUTANT_ANNOTATED_SINGLE_METHOD,ATTACK_DEPENDENCIES,165,5,961,,0,1
2922,MUTANT_ANNOTATED_SINGLE_METHOD,ATTACK_DEFAULT,166,5,,,0,1
2923,MUTANT_ANNOTATED_SINGLE_METHOD,ATTACK_DEPENDENCIES,166,5,960,,0,1
2924,MUTANT_ANNOTATED_SINGLE_METHOD,ATTACK_EQUIVALENCE,165,5,,,0,1
2925,TEST_FULL_SUITE_PLUS_DEFAULT,DEFEND_FOCUS,167,6,,1237,0,1
2926,TEST_FULL_SUITE_PLUS_DEFAULT,DEFEND_FOCUS,165,6,,1277,0,1
2927,TEST_FULL_SUITE_PLUS_DEFAULT,DEFEND_FOCUS,166,6,,1235,0,1
2928,MUTANT_ANNOTATED_SINGLE_METHOD,ATTACK_DEFAULT,166,5,,,0,1
2929,MUTANT_ANNOTATED_SINGLE_METHOD,ATTACK_DEPENDENCIES,166,5,963,,0,1
2930,MUTANT_ANNOTATED_SINGLE_METHOD,ATTACK_DEFAULT,165,5,,,0,1
2931,MUTANT_ANNOTATED_SINGLE_METHOD,ATTACK_DEPENDENCIES,165,5,964,,0,1
2932,MUTANT_ANNOTATED_SINGLE_METHOD,ATTACK_DEFAULT,167,5,,,0,1
2933,MUTANT_ANNOTATED_SINGLE_METHOD,ATTACK_DEPENDENCIES,167,5,966,,0,1
2934,TEST_FULL_SUITE_PLUS_DEFAULT,DEFEND_FOCUS,167,6,,1238,0,1
2935,TEST_FULL_SUITE_PLUS_DEFAULT,DEFEND_DEFAULT,166,6,,1239,0,1
2936,MUTANT_ANNOTATED_SINGLE_METHOD,ATTACK_EQUIVALENCE,166,5,,,0,1
2937,MUTANT_ANNOTATED_SINGLE_METHOD,ATTACK_DEFAULT,165,5,,,0,1
2938,MUTANT_ANNOTATED_SINGLE_METHOD,ATTACK_DEPENDENCIES,165,5,965,,0,1
2939,TEST_FULL_SUITE_PLUS_DEFAULT,DEFEND_DEFAULT,166,6,,1252,0,1
2940,TEST_FULL_SUITE_PLUS_DEFAULT,DEFEND_FOCUS,167,6,,1243,0,1
2941,MUTANT_ANNOTATED_SINGLE_METHOD,ATTACK_DEFAULT,166,5,,,0,1
2942,MUTANT_ANNOTATED_SINGLE_METHOD,ATTACK_DEPENDENCIES,166,5,967,,0,1
2943,MUTANT_ANNOTATED_SINGLE_METHOD,ATTACK_DEFAULT,167,5,,,0,1
2944,MUTANT_ANNOTATED_SINGLE_METHOD,ATTACK_DEFAULT,165,5,,,0,1
2945,MUTANT_ANNOTATED_SINGLE_METHOD,ATTACK_DEPENDENCIES,167,5,970,,0,1
2946,MUTANT_ANNOTATED_SINGLE_METHOD,ATTACK_DEPENDENCIES,165,5,968,,0,1
2947,MUTANT_ANNOTATED_SINGLE_METHOD,ATTACK_DEFAULT,166,5,,,0,1
2948,MUTANT_ANNOTATED_SINGLE_METHOD,ATTACK_DEPENDENCIES,166,5,969,,0,1
2949,TEST_FULL_SUITE_PLUS_DEFAULT,DEFEND_FOCUS,167,6,,1245,0,1
2950,TEST_FULL_SUITE_PLUS_DEFAULT,DEFEND_DEFAULT,165,6,,1247,0,1
2951,MUTANT_ANNOTATED_SINGLE_METHOD,ATTACK_DEFAULT,165,5,,,0,1
2952,MUTANT_ANNOTATED_SINGLE_METHOD,ATTACK_DEPENDENCIES,165,5,971,,0,1
2953,TEST_FULL_SUITE_PLUS_DEFAULT,DEFEND_FOCUS,167,6,,1248,0,1
2954,TEST_FULL_SUITE_PLUS_DEFAULT,DEFEND_DEFAULT,165,6,,1250,0,1
2955,MUTANT_ANNOTATED_SINGLE_METHOD,ATTACK_DEFAULT,166,5,,,0,1
2956,MUTANT_ANNOTATED_SINGLE_METHOD,ATTACK_DEPENDENCIES,166,5,972,,0,1
2957,MUTANT_ANNOTATED_SINGLE_METHOD,ATTACK_DEFAULT,167,5,,,0,1
2958,MUTANT_ANNOTATED_SINGLE_METHOD,ATTACK_DEFAULT,165,5,,,0,1
2959,MUTANT_ANNOTATED_SINGLE_METHOD,ATTACK_DEPENDENCIES,165,5,974,,0,1
2960,MUTANT_ANNOTATED_SINGLE_METHOD,ATTACK_DEPENDENCIES,167,5,973,,0,1
2961,TEST_FULL_SUITE_PLUS_DEFAULT,DEFEND_FOCUS,167,6,,1251,0,1
2962,TEST_FULL_SUITE_PLUS_DEFAULT,DEFEND_DEFAULT,165,6,,,0,0
2963,MUTANT_ANNOTATED_SINGLE_METHOD,ATTACK_DEFAULT,166,5,,,0,1
2964,MUTANT_ANNOTATED_SINGLE_METHOD,ATTACK_DEPENDENCIES,166,5,976,,0,1
2965,MUTANT_ANNOTATED_SINGLE_METHOD,ATTACK_DEFAULT,167,5,,,0,1
2966,MUTANT_ANNOTATED_SINGLE_METHOD,ATTACK_DEFAULT,165,5,,,0,1
2967,MUTANT_ANNOTATED_SINGLE_METHOD,ATTACK_DEPENDENCIES,167,5,977,,0,1
2968,MUTANT_ANNOTATED_SINGLE_METHOD,ATTACK_DEPENDENCIES,165,5,975,,0,1
2969,TEST_FULL_SUITE_PLUS_DEFAULT,DEFEND_FOCUS,167,6,,1258,0,1
2970,TEST_FULL_SUITE_PLUS_DEFAULT,DEFEND_DEFAULT,166,6,,1256,0,1
2971,MUTANT_ANNOTATED_SINGLE_METHOD,ATTACK_EQUIVALENCE,167,5,,,0,1
2972,MUTANT_ANNOTATED_SINGLE_METHOD,ATTACK_DEFAULT,165,5,,,0,1
2973,MUTANT_ANNOTATED_SINGLE_METHOD,ATTACK_DEPENDENCIES,165,5,979,,0,1
2974,MUTANT_ANNOTATED_SINGLE_METHOD,ATTACK_DEFAULT,166,5,,,0,1
2975,TEST_FULL_SUITE_PLUS_DEFAULT,DEFEND_DEFAULT,166,6,,1259,0,1
2976,MUTANT_ANNOTATED_SINGLE_METHOD,ATTACK_DEPENDENCIES,166,5,978,,0,1
2977,MUTANT_ANNOTATED_SINGLE_METHOD,ATTACK_DEFAULT,167,5,,,0,1
2978,MUTANT_ANNOTATED_SINGLE_METHOD,ATTACK_DEPENDENCIES,167,5,980,,0,1
2979,TEST_FULL_SUITE_PLUS_DEFAULT,DEFEND_FOCUS,167,6,,1260,0,1
2980,TEST_FULL_SUITE_PLUS_DEFAULT,DEFEND_DEFAULT,166,6,,1272,0,1
2981,MUTANT_ANNOTATED_SINGLE_METHOD,ATTACK_DEFAULT,166,5,,,0,1
2982,MUTANT_ANNOTATED_SINGLE_METHOD,ATTACK_DEPENDENCIES,166,5,985,,0,1
2983,MUTANT_ANNOTATED_SINGLE_METHOD,ATTACK_DEFAULT,165,5,,,0,1
2984,MUTANT_ANNOTATED_SINGLE_METHOD,ATTACK_DEPENDENCIES,165,5,984,,0,1
2985,MUTANT_ANNOTATED_SINGLE_METHOD,ATTACK_DEFAULT,168,5,,,0,1
2986,MUTANT_ANNOTATED_SINGLE_METHOD,ATTACK_DEFAULT,170,5,,,0,1
2987,MUTANT_ANNOTATED_SINGLE_METHOD,ATTACK_DEFAULT,169,5,,,0,1
2988,TEST_FULL_SUITE_PLUS_DEFAULT,DEFEND_DEFAULT,170,6,,,0,1
2989,TEST_FULL_SUITE_PLUS_DEFAULT,DEFEND_DEFAULT,168,6,,,0,1
2990,TEST_FULL_SUITE_PLUS_DEFAULT,DEFEND_DEFAULT,169,6,,,0,1
2991,MUTANT_ANNOTATED_SINGLE_METHOD,ATTACK_DEPENDENCIES,168,5,981,,0,1
2992,MUTANT_ANNOTATED_SINGLE_METHOD,ATTACK_DEPENDENCIES,170,5,982,,0,1
2993,MUTANT_ANNOTATED_SINGLE_METHOD,ATTACK_DEPENDENCIES,169,5,983,,0,1
2994,TEST_FULL_SUITE_PLUS_DEFAULT,DEFEND_DEFAULT,165,6,,1262,0,1
2995,TEST_FULL_SUITE_PLUS_DEFAULT,DEFEND_DEFAULT,167,6,,1261,0,1
2996,MUTANT_ANNOTATED_SINGLE_METHOD,ATTACK_EQUIVALENCE,167,5,,,0,1
2997,TEST_FULL_SUITE_PLUS_DEFAULT,DEFEND_ONE_FROM_MANY,170,6,,,0,1
2998,TEST_FULL_SUITE_PLUS_DEFAULT,DEFEND_ONE_FROM_MANY,170,6,,1275,0,1
2999,TEST_FULL_SUITE_PLUS_DEFAULT,DEFEND_ONE_FROM_MANY,168,6,,,0,1
3000,TEST_FULL_SUITE_PLUS_DEFAULT,DEFEND_ONE_FROM_MANY,169,6,,,0,1
3001,TEST_FULL_SUITE_PLUS_DEFAULT,DEFEND_ONE_FROM_MANY,168,6,,1265,0,1
3002,TEST_FULL_SUITE_PLUS_DEFAULT,DEFEND_ONE_FROM_MANY,169,6,,1266,0,1
3003,MUTANT_ANNOTATED_SINGLE_METHOD,ATTACK_DEFAULT,167,5,,,0,1
3004,MUTANT_ANNOTATED_SINGLE_METHOD,ATTACK_DEPENDENCIES,167,5,990,,0,1
3005,MUTANT_ANNOTATED_SINGLE_METHOD,ATTACK_DEFAULT,168,5,,,0,1
3006,MUTANT_ANNOTATED_SINGLE_METHOD,ATTACK_DEFAULT,170,5,,,0,1
3007,MUTANT_ANNOTATED_SINGLE_METHOD,ATTACK_DEFAULT,169,5,,,0,1
3008,MUTANT_ANNOTATED_SINGLE_METHOD,ATTACK_DEPENDENCIES,168,5,986,,0,1
3009,MUTANT_ANNOTATED_SINGLE_METHOD,ATTACK_DEPENDENCIES,169,5,987,,0,1
3010,MUTANT_ANNOTATED_SINGLE_METHOD,ATTACK_DEPENDENCIES,170,5,988,,0,1
3011,TEST_FULL_SUITE_PLUS_DEFAULT,DEFEND_DEFAULT,167,6,,1270,0,1
3012,TEST_FULL_SUITE_PLUS_DEFAULT,DEFEND_ONE_FROM_MANY,169,6,,1268,0,1
3013,MUTANT_ANNOTATED_SINGLE_METHOD,ATTACK_DEFAULT,165,5,,,0,1
3014,MUTANT_ANNOTATED_SINGLE_METHOD,ATTACK_DEPENDENCIES,165,5,989,,0,1
3015,TEST_FULL_SUITE_PLUS_DEFAULT,DEFEND_ONE_FROM_MANY,168,6,,1267,0,1
3016,MUTANT_ANNOTATED_SINGLE_METHOD,ATTACK_DEFAULT,166,5,,,0,1
3017,MUTANT_ANNOTATED_SINGLE_METHOD,ATTACK_DEPENDENCIES,166,5,991,,0,1
3018,MUTANT_ANNOTATED_SINGLE_METHOD,ATTACK_DEFAULT,168,5,,,0,1
3019,MUTANT_ANNOTATED_SINGLE_METHOD,ATTACK_DEFAULT,170,5,,,0,1
3020,MUTANT_ANNOTATED_SINGLE_METHOD,ATTACK_DEFAULT,169,5,,,0,1
3021,MUTANT_ANNOTATED_SINGLE_METHOD,ATTACK_DEPENDENCIES,168,5,992,,0,1
3022,MUTANT_ANNOTATED_SINGLE_METHOD,ATTACK_DEPENDENCIES,169,5,993,,0,1
3023,MUTANT_ANNOTATED_SINGLE_METHOD,ATTACK_DEPENDENCIES,170,5,994,,0,1
3024,TEST_FULL_SUITE_PLUS_DEFAULT,DEFEND_DEFAULT,167,6,,,0,0
3025,TEST_FULL_SUITE_PLUS_DEFAULT,DEFEND_DEFAULT,166,6,,,1,0
3026,TEST_FULL_SUITE_PLUS_DEFAULT,DEFEND_ONE_FROM_MANY,169,6,,1274,0,1
3027,MUTANT_ANNOTATED_SINGLE_METHOD,ATTACK_DEFAULT,165,5,,,0,1
3028,MUTANT_ANNOTATED_SINGLE_METHOD,ATTACK_DEPENDENCIES,165,5,997,,0,1
3029,MUTANT_ANNOTATED_SINGLE_METHOD,ATTACK_DEFAULT,167,5,,,0,1
3030,TEST_FULL_SUITE_PLUS_DEFAULT,DEFEND_ONE_FROM_MANY,168,6,,1273,0,1
3031,MUTANT_ANNOTATED_SINGLE_METHOD,ATTACK_DEPENDENCIES,167,5,1002,,0,1
3032,MUTANT_ANNOTATED_SINGLE_METHOD,ATTACK_DEFAULT,166,5,,,0,1
3033,MUTANT_ANNOTATED_SINGLE_METHOD,ATTACK_DEPENDENCIES,166,5,995,,0,1
3034,MUTANT_ANNOTATED_SINGLE_METHOD,ATTACK_DEFAULT,168,5,,,0,1
3035,TEST_FULL_SUITE_PLUS_DEFAULT,DEFEND_ONE_FROM_MANY,170,6,,,0,1
3036,MUTANT_ANNOTATED_SINGLE_METHOD,ATTACK_DEPENDENCIES,168,5,996,,0,1
3037,TEST_FULL_SUITE_PLUS_DEFAULT,DEFEND_ONE_FROM_MANY,170,6,,,0,0
3038,TEST_FULL_SUITE_PLUS_DEFAULT,DEFEND_DEFAULT,165,6,,1282,0,1
3039,TEST_FULL_SUITE_PLUS_DEFAULT,DEFEND_ONE_FROM_MANY,169,6,,1280,0,1
3040,TEST_FULL_SUITE_PLUS_DEFAULT,DEFEND_ONE_FROM_MANY,168,6,,1279,0,1
3041,MUTANT_ANNOTATED_SINGLE_METHOD,ATTACK_EQUIVALENCE,167,5,,,0,1
3042,MUTANT_ANNOTATED_SINGLE_METHOD,ATTACK_DEFAULT,169,5,,,0,1
3043,MUTANT_ANNOTATED_SINGLE_METHOD,ATTACK_DEFAULT,170,5,,,0,1
3044,MUTANT_ANNOTATED_SINGLE_METHOD,ATTACK_DEPENDENCIES,169,5,999,,0,1
3045,MUTANT_ANNOTATED_SINGLE_METHOD,ATTACK_DEPENDENCIES,170,5,998,,0,1
3046,MUTANT_ANNOTATED_SINGLE_METHOD,ATTACK_DEFAULT,166,5,,,0,1
3047,MUTANT_ANNOTATED_SINGLE_METHOD,ATTACK_DEPENDENCIES,166,5,1000,,0,1
3048,MUTANT_ANNOTATED_SINGLE_METHOD,ATTACK_DEFAULT,168,5,,,0,1
3049,MUTANT_ANNOTATED_SINGLE_METHOD,ATTACK_DEPENDENCIES,168,5,1001,,0,1
3050,TEST_FULL_SUITE_PLUS_DEFAULT,DEFEND_FOCUS,165,6,,1288,0,1
3051,TEST_FULL_SUITE_PLUS_DEFAULT,DEFEND_FOCUS,166,6,,1287,0,1
3052,TEST_FULL_SUITE_PLUS_DEFAULT,DEFEND_ONE_FROM_MANY,169,6,,1284,0,1
3053,TEST_FULL_SUITE_PLUS_DEFAULT,DEFEND_ONE_FROM_MANY,168,6,,1285,0,1
3054,MUTANT_ANNOTATED_SINGLE_METHOD,ATTACK_DEFAULT,170,5,,,0,1
3055,MUTANT_ANNOTATED_SINGLE_METHOD,ATTACK_DEFAULT,169,5,,,0,1
3056,MUTANT_ANNOTATED_SINGLE_METHOD,ATTACK_DEPENDENCIES,169,5,1003,,0,1
3057,MUTANT_ANNOTATED_SINGLE_METHOD,ATTACK_DEPENDENCIES,170,5,1004,,0,1
3058,MUTANT_ANNOTATED_SINGLE_METHOD,ATTACK_DEFAULT,165,5,,,0,1
3059,MUTANT_ANNOTATED_SINGLE_METHOD,ATTACK_DEPENDENCIES,165,5,1005,,0,1
3060,MUTANT_ANNOTATED_SINGLE_METHOD,ATTACK_DEFAULT,166,5,,,0,1
3061,MUTANT_ANNOTATED_SINGLE_METHOD,ATTACK_DEPENDENCIES,166,5,1006,,0,1
3062,MUTANT_ANNOTATED_SINGLE_METHOD,ATTACK_DEFAULT,168,5,,,0,1
3063,MUTANT_ANNOTATED_SINGLE_METHOD,ATTACK_DEPENDENCIES,168,5,1007,,0,1
3064,TEST_FULL_SUITE_PLUS_DEFAULT,DEFEND_FOCUS,167,6,,,1,0
3065,TEST_FULL_SUITE_PLUS_DEFAULT,DEFEND_DEFAULT,165,6,,1294,0,1
3066,TEST_FULL_SUITE_PLUS_DEFAULT,DEFEND_FOCUS,166,6,,1293,0,1
3067,TEST_FULL_SUITE_PLUS_DEFAULT,DEFEND_ONE_FROM_MANY,169,6,,1290,0,1
3068,TEST_FULL_SUITE_PLUS_DEFAULT,DEFEND_ONE_FROM_MANY,168,6,,1289,0,1
3069,MUTANT_ANNOTATED_SINGLE_METHOD,ATTACK_DEFAULT,167,5,,,0,1
3070,MUTANT_ANNOTATED_SINGLE_METHOD,ATTACK_DEPENDENCIES,167,5,1008,,0,1
3071,MUTANT_ANNOTATED_SINGLE_METHOD,ATTACK_DEFAULT,169,5,,,0,1
3072,MUTANT_ANNOTATED_SINGLE_METHOD,ATTACK_DEPENDENCIES,169,5,1011,,0,1
3073,MUTANT_ANNOTATED_SINGLE_METHOD,ATTACK_DEFAULT,170,5,,,0,1
3074,MUTANT_ANNOTATED_SINGLE_METHOD,ATTACK_DEPENDENCIES,170,5,1013,,0,1
3075,MUTANT_ANNOTATED_SINGLE_METHOD,ATTACK_DEFAULT,165,5,,,0,1
3076,MUTANT_ANNOTATED_SINGLE_METHOD,ATTACK_DEFAULT,166,5,,,0,1
3077,MUTANT_ANNOTATED_SINGLE_METHOD,ATTACK_DEPENDENCIES,165,5,1009,,0,1
3078,MUTANT_ANNOTATED_SINGLE_METHOD,ATTACK_DEPENDENCIES,166,5,1010,,0,1
3079,MUTANT_ANNOTATED_SINGLE_METHOD,ATTACK_DEFAULT,168,5,,,0,1
3080,MUTANT_ANNOTATED_SINGLE_METHOD,ATTACK_DEPENDENCIES,168,5,1012,,0,1
3081,TEST_FULL_SUITE_PLUS_DEFAULT,DEFEND_DEFAULT,165,6,,1299,0,1
3082,TEST_FULL_SUITE_PLUS_DEFAULT,DEFEND_FOCUS,166,6,,1304,0,1
3083,TEST_FULL_SUITE_PLUS_DEFAULT,DEFEND_ONE_FROM_MANY,169,6,,1296,0,1
3084,TEST_FULL_SUITE_PLUS_DEFAULT,DEFEND_ONE_FROM_MANY,168,6,,1295,0,1
3085,MUTANT_ANNOTATED_SINGLE_METHOD,ATTACK_DEFAULT,167,5,,,0,1
3086,MUTANT_ANNOTATED_SINGLE_METHOD,ATTACK_DEPENDENCIES,167,5,1021,,0,1
3087,MUTANT_ANNOTATED_SINGLE_METHOD,ATTACK_DEFAULT,165,5,,,0,1
3088,MUTANT_ANNOTATED_SINGLE_METHOD,ATTACK_DEPENDENCIES,165,5,1014,,0,1
3089,TEST_FULL_SUITE_PLUS_DEFAULT,DEFEND_DEFAULT,167,6,,1313,0,1
3090,TEST_FULL_SUITE_PLUS_DEFAULT,DEFEND_DEFAULT,165,6,,1303,0,1
3091,MUTANT_ANNOTATED_SINGLE_METHOD,ATTACK_DEFAULT,166,5,,,0,1
3092,MUTANT_ANNOTATED_SINGLE_METHOD,ATTACK_DEPENDENCIES,166,5,1015,,0,1
3093,TEST_FULL_SUITE_PLUS_DEFAULT,DEFEND_ONE_FROM_MANY,169,6,,1300,0,1
3094,MUTANT_ANNOTATED_SINGLE_METHOD,ATTACK_DEFAULT,169,5,,,0,1
3095,MUTANT_ANNOTATED_SINGLE_METHOD,ATTACK_DEPENDENCIES,169,5,1016,,0,1
3096,MUTANT_ANNOTATED_SINGLE_METHOD,ATTACK_DEFAULT,170,5,,,0,1
3097,TEST_FULL_SUITE_PLUS_DEFAULT,DEFEND_ONE_FROM_MANY,168,6,,1301,0,1
3098,MUTANT_ANNOTATED_SINGLE_METHOD,ATTACK_DEPENDENCIES,170,5,1017,,0,1
3099,MUTANT_ANNOTATED_SINGLE_METHOD,ATTACK_DEFAULT,168,5,,,0,1
3100,MUTANT_ANNOTATED_SINGLE_METHOD,ATTACK_DEPENDENCIES,168,5,1018,,0,1
3101,TEST_FULL_SUITE_PLUS_DEFAULT,DEFEND_DEFAULT,170,6,,,0,1
3102,MUTANT_ANNOTATED_SINGLE_METHOD,ATTACK_DEFAULT,165,5,,,0,1
3103,MUTANT_ANNOTATED_SINGLE_METHOD,ATTACK_DEPENDENCIES,165,5,1022,,0,1
3104,TEST_FULL_SUITE_PLUS_DEFAULT,DEFEND_DEFAULT,165,6,,1308,0,1
3105,TEST_FULL_SUITE_PLUS_DEFAULT,DEFEND_FOCUS,166,6,,1314,0,1
3106,TEST_FULL_SUITE_PLUS_DEFAULT,DEFEND_ONE_FROM_MANY,169,6,,1305,0,1
3107,TEST_FULL_SUITE_PLUS_DEFAULT,DEFEND_ONE_FROM_MANY,168,6,,1306,0,1
3108,MUTANT_ANNOTATED_SINGLE_METHOD,ATTACK_DEFAULT,169,5,,,0,1
3109,MUTANT_ANNOTATED_SINGLE_METHOD,ATTACK_DEPENDENCIES,169,5,1019,,0,1
3110,MUTANT_ANNOTATED_SINGLE_METHOD,ATTACK_DEFAULT,170,5,,,0,1
3111,MUTANT_ANNOTATED_SINGLE_METHOD,ATTACK_DEFAULT,166,5,,,0,1
3112,MUTANT_ANNOTATED_SINGLE_METHOD,ATTACK_DEPENDENCIES,170,5,1023,,0,1
3113,MUTANT_ANNOTATED_SINGLE_METHOD,ATTACK_DEPENDENCIES,166,5,1020,,0,1
3114,TEST_FULL_SUITE_PLUS_DEFAULT,DEFEND_ONE_FROM_MANY,170,6,,,0,1
3115,TEST_FULL_SUITE_PLUS_DEFAULT,DEFEND_ONE_FROM_MANY,170,6,,1312,0,1
3116,MUTANT_ANNOTATED_SINGLE_METHOD,ATTACK_DEFAULT,168,5,,,0,1
3117,MUTANT_ANNOTATED_SINGLE_METHOD,ATTACK_DEPENDENCIES,168,5,1025,,0,1
3118,TEST_FULL_SUITE_PLUS_DEFAULT,DEFEND_DEFAULT,165,6,,1315,0,1
3119,TEST_FULL_SUITE_PLUS_DEFAULT,DEFEND_ONE_FROM_MANY,169,6,,1310,0,1
3120,TEST_FULL_SUITE_PLUS_DEFAULT,DEFEND_ONE_FROM_MANY,168,6,,1311,0,1
3121,MUTANT_ANNOTATED_SINGLE_METHOD,ATTACK_DEFAULT,169,5,,,0,1
3122,MUTANT_ANNOTATED_SINGLE_METHOD,ATTACK_DEPENDENCIES,169,5,1026,,0,1
3123,MUTANT_ANNOTATED_SINGLE_METHOD,ATTACK_DEFAULT,170,5,,,0,1
3124,MUTANT_ANNOTATED_SINGLE_METHOD,ATTACK_DEFAULT,166,5,,,0,1
3125,MUTANT_ANNOTATED_SINGLE_METHOD,ATTACK_DEPENDENCIES,170,5,1027,,0,1
3126,MUTANT_ANNOTATED_SINGLE_METHOD,ATTACK_DEPENDENCIES,166,5,1024,,0,1
3127,MUTANT_ANNOTATED_SINGLE_METHOD,ATTACK_DEFAULT,167,5,,,0,1
3128,MUTANT_ANNOTATED_SINGLE_METHOD,ATTACK_DEPENDENCIES,167,5,,,0,0
3129,MUTANT_ANNOTATED_SINGLE_METHOD,ATTACK_DEFAULT,165,5,,,0,1
3130,MUTANT_ANNOTATED_SINGLE_METHOD,ATTACK_DEPENDENCIES,165,5,1028,,0,1
3131,TEST_FULL_SUITE_PLUS_DEFAULT,DEFEND_ONE_FROM_MANY,170,6,,,0,1
3132,TEST_FULL_SUITE_PLUS_DEFAULT,DEFEND_DEFAULT,167,6,,1330,0,1
3133,TEST_FULL_SUITE_PLUS_DEFAULT,DEFEND_ONE_FROM_MANY,170,6,,1323,0,1
3134,TEST_FULL_SUITE_PLUS_DEFAULT,DEFEND_ONE_FROM_MANY,168,6,,1318,0,1
3135,MUTANT_ANNOTATED_SINGLE_METHOD,ATTACK_DEFAULT,168,5,,,0,1
3136,MUTANT_ANNOTATED_SINGLE_METHOD,ATTACK_DEPENDENCIES,168,5,1029,,0,1
3137,TEST_FULL_SUITE_PLUS_DEFAULT,DEFEND_FOCUS,166,6,,1319,0,1
3138,TEST_FULL_SUITE_PLUS_DEFAULT,DEFEND_DEFAULT,165,6,,1320,0,1
3139,MUTANT_ANNOTATED_SINGLE_METHOD,ATTACK_DEFAULT,166,5,,,0,1
3140,MUTANT_ANNOTATED_SINGLE_METHOD,ATTACK_DEPENDENCIES,166,5,1034,,0,1
3141,TEST_FULL_SUITE_PLUS_DEFAULT,DEFEND_ONE_FROM_MANY,169,6,,1316,0,1
3142,MUTANT_ANNOTATED_SINGLE_METHOD,ATTACK_DEFAULT,169,5,,,0,1
3143,MUTANT_ANNOTATED_SINGLE_METHOD,ATTACK_DEPENDENCIES,169,5,1032,,0,1
3144,MUTANT_ANNOTATED_SINGLE_METHOD,ATTACK_DEFAULT,170,5,,,0,1
3145,MUTANT_ANNOTATED_SINGLE_METHOD,ATTACK_DEPENDENCIES,170,5,1033,,0,1
3146,MUTANT_ANNOTATED_SINGLE_METHOD,ATTACK_DEFAULT,165,5,,,0,1
3147,MUTANT_ANNOTATED_SINGLE_METHOD,ATTACK_DEPENDENCIES,165,5,1030,,0,1
3148,TEST_FULL_SUITE_PLUS_DEFAULT,DEFEND_ONE_FROM_MANY,169,6,,1321,0,1
3149,TEST_FULL_SUITE_PLUS_DEFAULT,DEFEND_ONE_FROM_MANY,168,6,,1340,0,1
3150,TEST_FULL_SUITE_PLUS_DEFAULT,DEFEND_FOCUS,166,6,,1325,0,1
3151,TEST_FULL_SUITE_PLUS_DEFAULT,DEFEND_DEFAULT,165,6,,1326,0,1
3152,MUTANT_ANNOTATED_SINGLE_METHOD,ATTACK_DEFAULT,165,5,,,0,1
3153,MUTANT_ANNOTATED_SINGLE_METHOD,ATTACK_DEPENDENCIES,167,5,1031,,0,1
3154,MUTANT_ANNOTATED_SINGLE_METHOD,ATTACK_DEPENDENCIES,165,5,1038,,0,1
3155,MUTANT_ANNOTATED_SINGLE_METHOD,ATTACK_DEFAULT,168,5,,,0,1
3156,TEST_FULL_SUITE_PLUS_DEFAULT,DEFEND_ONE_FROM_MANY,170,6,,,0,1
3157,MUTANT_ANNOTATED_SINGLE_METHOD,ATTACK_DEPENDENCIES,168,5,1037,,0,1
3158,TEST_FULL_SUITE_PLUS_DEFAULT,DEFEND_ONE_FROM_MANY,170,6,,,0,0
3159,TEST_FULL_SUITE_PLUS_DEFAULT,DEFEND_ONE_FROM_MANY,169,6,,1328,0,1
3160,MUTANT_ANNOTATED_SINGLE_METHOD,ATTACK_DEFAULT,169,5,,,0,1
3161,MUTANT_ANNOTATED_SINGLE_METHOD,ATTACK_DEFAULT,170,5,,,0,1
3162,MUTANT_ANNOTATED_SINGLE_METHOD,ATTACK_DEPENDENCIES,169,5,1035,,0,1
3163,MUTANT_ANNOTATED_SINGLE_METHOD,ATTACK_DEPENDENCIES,170,5,1036,,0,1
3164,MUTANT_ANNOTATED_SINGLE_METHOD,ATTACK_DEFAULT,167,5,,,0,1
3165,MUTANT_ANNOTATED_SINGLE_METHOD,ATTACK_DEPENDENCIES,167,5,1042,,0,1
3166,TEST_FULL_SUITE_PLUS_DEFAULT,DEFEND_FOCUS,166,6,,1331,0,1
3167,TEST_FULL_SUITE_PLUS_DEFAULT,DEFEND_DEFAULT,165,6,,1332,0,1
3168,MUTANT_ANNOTATED_SINGLE_METHOD,ATTACK_DEFAULT,166,5,,,0,1
3169,MUTANT_ANNOTATED_SINGLE_METHOD,ATTACK_DEPENDENCIES,166,5,1039,,0,1
3170,TEST_FULL_SUITE_PLUS_DEFAULT,DEFEND_DEFAULT,167,6,,,1,0
3171,TEST_FULL_SUITE_PLUS_DEFAULT,DEFEND_ONE_FROM_MANY,169,6,,1333,0,1
3172,MUTANT_ANNOTATED_SINGLE_METHOD,ATTACK_DEFAULT,169,5,,,0,1
3173,MUTANT_ANNOTATED_SINGLE_METHOD,ATTACK_DEPENDENCIES,169,5,1045,,0,1
3174,MUTANT_ANNOTATED_SINGLE_METHOD,ATTACK_DEFAULT,170,5,,,0,1
3175,MUTANT_ANNOTATED_SINGLE_METHOD,ATTACK_DEPENDENCIES,170,5,1044,,0,1
3176,MUTANT_ANNOTATED_SINGLE_METHOD,ATTACK_DEFAULT,168,5,,,0,1
3177,MUTANT_ANNOTATED_SINGLE_METHOD,ATTACK_DEPENDENCIES,168,5,1041,,0,1
3178,TEST_FULL_SUITE_PLUS_DEFAULT,DEFEND_FOCUS,166,6,,1336,0,1
3179,TEST_FULL_SUITE_PLUS_DEFAULT,DEFEND_FOCUS,165,6,,,1,0
3180,MUTANT_ANNOTATED_SINGLE_METHOD,ATTACK_DEFAULT,165,5,,,0,1
3181,MUTANT_ANNOTATED_SINGLE_METHOD,ATTACK_DEPENDENCIES,165,5,1043,,0,1
3182,MUTANT_ANNOTATED_SINGLE_METHOD,ATTACK_DEFAULT,166,5,,,0,1
3183,MUTANT_ANNOTATED_SINGLE_METHOD,ATTACK_DEPENDENCIES,166,5,,,1,0
3184,MUTANT_ANNOTATED_SINGLE_METHOD,ATTACK_DEFAULT,168,5,,,0,1
3185,MUTANT_ANNOTATED_SINGLE_METHOD,ATTACK_DEPENDENCIES,168,5,1046,,0,1
3186,TEST_FULL_SUITE_PLUS_DEFAULT,DEFEND_DEFAULT,165,6,,1342,0,1
3187,TEST_FULL_SUITE_PLUS_DEFAULT,DEFEND_FOCUS,166,6,,1343,0,1
3188,TEST_FULL_SUITE_PLUS_DEFAULT,DEFEND_ONE_FROM_MANY,169,6,,1338,0,1
3189,MUTANT_ANNOTATED_SINGLE_METHOD,ATTACK_DEFAULT,170,5,,,0,1
3190,MUTANT_ANNOTATED_SINGLE_METHOD,ATTACK_DEPENDENCIES,170,5,1047,,0,1
3191,MUTANT_ANNOTATED_SINGLE_METHOD,ATTACK_DEFAULT,167,5,,,0,1
3192,MUTANT_ANNOTATED_SINGLE_METHOD,ATTACK_DEPENDENCIES,167,5,,,1,0
3193,TEST_FULL_SUITE_PLUS_DEFAULT,DEFEND_ONE_FROM_MANY,168,6,,,0,1
3194,MUTANT_ANNOTATED_SINGLE_METHOD,ATTACK_DEFAULT,169,5,,,0,1
3195,MUTANT_ANNOTATED_SINGLE_METHOD,ATTACK_DEPENDENCIES,169,5,1048,,0,1
3196,TEST_FULL_SUITE_PLUS_DEFAULT,DEFEND_ONE_FROM_MANY,168,6,,1345,0,1
3197,MUTANT_ANNOTATED_SINGLE_METHOD,ATTACK_DEFAULT,172,5,,,0,1
3198,MUTANT_ANNOTATED_SINGLE_METHOD,ATTACK_DEFAULT,171,5,,,0,1
3199,TEST_FULL_SUITE_PLUS_DEFAULT,DEFEND_DEFAULT,171,6,,,0,1
3200,TEST_FULL_SUITE_PLUS_DEFAULT,DEFEND_DEFAULT,172,6,,,0,1
3201,MUTANT_ANNOTATED_SINGLE_METHOD,ATTACK_DEPENDENCIES,172,5,1049,,0,1
3202,MUTANT_ANNOTATED_SINGLE_METHOD,ATTACK_DEPENDENCIES,171,5,1050,,0,1
3203,TEST_FULL_SUITE_PLUS_DEFAULT,DEFEND_ONE_FROM_MANY,169,6,,1344,0,1
3204,MUTANT_ANNOTATED_SINGLE_METHOD,ATTACK_DEFAULT,170,5,,,0,1
3205,MUTANT_ANNOTATED_SINGLE_METHOD,ATTACK_DEPENDENCIES,170,5,1051,,0,1
3206,MUTANT_ANNOTATED_SINGLE_METHOD,ATTACK_DEFAULT,168,5,,,0,1
3207,MUTANT_ANNOTATED_SINGLE_METHOD,ATTACK_DEPENDENCIES,168,5,1052,,0,1
3208,TEST_FULL_SUITE_PLUS_DEFAULT,DEFEND_ONE_FROM_MANY,172,6,,,0,1
3209,TEST_FULL_SUITE_PLUS_DEFAULT,DEFEND_ONE_FROM_MANY,172,6,,1350,0,1
3210,TEST_FULL_SUITE_PLUS_DEFAULT,DEFEND_ONE_FROM_MANY,168,6,,1348,0,1
3211,TEST_FULL_SUITE_PLUS_DEFAULT,DEFEND_ONE_FROM_MANY,171,6,,,0,1
3212,TEST_FULL_SUITE_PLUS_DEFAULT,DEFEND_ONE_FROM_MANY,169,6,,1347,0,1
3213,TEST_FULL_SUITE_PLUS_DEFAULT,DEFEND_ONE_FROM_MANY,171,6,,1351,0,1
3214,MUTANT_ANNOTATED_SINGLE_METHOD,ATTACK_DEFAULT,169,5,,,0,1
3215,MUTANT_ANNOTATED_SINGLE_METHOD,ATTACK_DEPENDENCIES,169,5,1053,,0,1
3216,MUTANT_ANNOTATED_SINGLE_METHOD,ATTACK_DEFAULT,171,5,,,0,1
3217,MUTANT_ANNOTATED_SINGLE_METHOD,ATTACK_DEFAULT,172,5,,,0,1
3218,MUTANT_ANNOTATED_SINGLE_METHOD,ATTACK_DEPENDENCIES,171,5,1054,,0,1
3219,MUTANT_ANNOTATED_SINGLE_METHOD,ATTACK_DEPENDENCIES,172,5,1056,,0,1
3220,TEST_FULL_SUITE_PLUS_DEFAULT,DEFEND_ONE_FROM_MANY,172,6,,1352,0,1
3221,TEST_FULL_SUITE_PLUS_DEFAULT,DEFEND_ONE_FROM_MANY,171,6,,1353,0,1
3222,MUTANT_ANNOTATED_SINGLE_METHOD,ATTACK_DEFAULT,170,5,,,0,1
3223,MUTANT_ANNOTATED_SINGLE_METHOD,ATTACK_DEPENDENCIES,170,5,1055,,0,1
3224,TEST_FULL_SUITE_PLUS_DEFAULT,DEFEND_DEFAULT,170,6,,,0,1
3225,TEST_FULL_SUITE_PLUS_DEFAULT,DEFEND_ONE_FROM_MANY,169,6,,1360,0,1
3226,TEST_FULL_SUITE_PLUS_DEFAULT,DEFEND_ONE_FROM_MANY,168,6,,1354,0,1
3227,MUTANT_ANNOTATED_SINGLE_METHOD,ATTACK_DEFAULT,168,5,,,0,1
3228,MUTANT_ANNOTATED_SINGLE_METHOD,ATTACK_DEFAULT,169,5,,,0,1
3229,MUTANT_ANNOTATED_SINGLE_METHOD,ATTACK_DEPENDENCIES,169,5,1057,,0,1
3230,MUTANT_ANNOTATED_SINGLE_METHOD,ATTACK_DEPENDENCIES,168,5,1060,,0,1
3231,TEST_FULL_SUITE_PLUS_DEFAULT,DEFEND_ONE_FROM_MANY,170,6,,,0,1
3232,TEST_FULL_SUITE_PLUS_DEFAULT,DEFEND_ONE_FROM_MANY,170,6,,1376,0,1
3233,MUTANT_ANNOTATED_SINGLE_METHOD,ATTACK_DEFAULT,171,5,,,0,1
3234,MUTANT_ANNOTATED_SINGLE_METHOD,ATTACK_DEPENDENCIES,171,5,1058,,0,1
3235,TEST_FULL_SUITE_PLUS_DEFAULT,DEFEND_ONE_FROM_MANY,172,6,,1357,0,1
3236,TEST_FULL_SUITE_PLUS_DEFAULT,DEFEND_ONE_FROM_MANY,171,6,,1358,0,1
3237,MUTANT_ANNOTATED_SINGLE_METHOD,ATTACK_DEFAULT,170,5,,,0,1
3238,MUTANT_ANNOTATED_SINGLE_METHOD,ATTACK_DEPENDENCIES,170,5,1059,,0,1
3239,TEST_FULL_SUITE_PLUS_DEFAULT,DEFEND_ONE_FROM_MANY,168,6,,1359,0,1
3240,MUTANT_ANNOTATED_SINGLE_METHOD,ATTACK_DEFAULT,172,5,,,0,1
3241,MUTANT_ANNOTATED_SINGLE_METHOD,ATTACK_DEPENDENCIES,172,5,1062,,0,1
3242,MUTANT_ANNOTATED_SINGLE_METHOD,ATTACK_DEFAULT,169,5,,,0,1
3243,MUTANT_ANNOTATED_SINGLE_METHOD,ATTACK_DEPENDENCIES,169,5,1061,,0,1
3244,MUTANT_ANNOTATED_SINGLE_METHOD,ATTACK_DEFAULT,171,5,,,0,1
3245,MUTANT_ANNOTATED_SINGLE_METHOD,ATTACK_DEPENDENCIES,171,5,1063,,0,1
3246,TEST_FULL_SUITE_PLUS_DEFAULT,DEFEND_ONE_FROM_MANY,172,6,,1362,0,1
3247,TEST_FULL_SUITE_PLUS_DEFAULT,DEFEND_ONE_FROM_MANY,171,6,,1363,0,1
3248,MUTANT_ANNOTATED_SINGLE_METHOD,ATTACK_DEFAULT,170,5,,,0,1
3249,MUTANT_ANNOTATED_SINGLE_METHOD,ATTACK_DEPENDENCIES,170,5,1064,,0,1
3250,MUTANT_ANNOTATED_SINGLE_METHOD,ATTACK_DEFAULT,168,5,,,0,1
3251,TEST_FULL_SUITE_PLUS_DEFAULT,DEFEND_ONE_FROM_MANY,169,6,,,0,1
3252,MUTANT_ANNOTATED_SINGLE_METHOD,ATTACK_DEPENDENCIES,168,5,1065,,0,1
3253,TEST_FULL_SUITE_PLUS_DEFAULT,DEFEND_ONE_FROM_MANY,169,6,,1370,0,1
3254,TEST_FULL_SUITE_PLUS_DEFAULT,DEFEND_ONE_FROM_MANY,168,6,,1364,0,1
3255,MUTANT_ANNOTATED_SINGLE_METHOD,ATTACK_DEFAULT,169,5,,,0,1
3256,MUTANT_ANNOTATED_SINGLE_METHOD,ATTACK_DEPENDENCIES,169,5,1067,,0,1
3257,MUTANT_ANNOTATED_SINGLE_METHOD,ATTACK_DEFAULT,172,5,,,0,1
3258,MUTANT_ANNOTATED_SINGLE_METHOD,ATTACK_DEFAULT,171,5,,,0,1
3259,MUTANT_ANNOTATED_SINGLE_METHOD,ATTACK_DEPENDENCIES,171,5,1069,,0,1
3260,MUTANT_ANNOTATED_SINGLE_METHOD,ATTACK_DEPENDENCIES,172,5,1068,,0,1
3261,TEST_FULL_SUITE_PLUS_DEFAULT,DEFEND_ONE_FROM_MANY,172,6,,1367,0,1
3262,TEST_FULL_SUITE_PLUS_DEFAULT,DEFEND_ONE_FROM_MANY,171,6,,1368,0,1
3263,MUTANT_ANNOTATED_SINGLE_METHOD,ATTACK_DEFAULT,170,5,,,0,1
3264,MUTANT_ANNOTATED_SINGLE_METHOD,ATTACK_DEPENDENCIES,170,5,1066,,0,1
3265,TEST_FULL_SUITE_PLUS_DEFAULT,DEFEND_ONE_FROM_MANY,168,6,,1369,0,1
3266,MUTANT_ANNOTATED_SINGLE_METHOD,ATTACK_DEFAULT,170,5,,,0,1
3267,MUTANT_ANNOTATED_SINGLE_METHOD,ATTACK_DEPENDENCIES,170,5,1071,,0,1
3268,TEST_FULL_SUITE_PLUS_DEFAULT,DEFEND_ONE_FROM_MANY,172,6,,1372,0,1
3269,TEST_FULL_SUITE_PLUS_DEFAULT,DEFEND_ONE_FROM_MANY,171,6,,1373,0,1
3270,MUTANT_ANNOTATED_SINGLE_METHOD,ATTACK_DEFAULT,168,5,,,0,1
3271,TEST_FULL_SUITE_PLUS_DEFAULT,DEFEND_ONE_FROM_MANY,169,6,,,0,1
3272,MUTANT_ANNOTATED_SINGLE_METHOD,ATTACK_DEFAULT,169,5,,,0,1
3273,MUTANT_ANNOTATED_SINGLE_METHOD,ATTACK_DEPENDENCIES,168,5,1070,,0,1
3274,MUTANT_ANNOTATED_SINGLE_METHOD,ATTACK_DEPENDENCIES,169,5,1073,,0,1
3275,TEST_FULL_SUITE_PLUS_DEFAULT,DEFEND_ONE_FROM_MANY,168,6,,1374,0,1
3276,TEST_FULL_SUITE_PLUS_DEFAULT,DEFEND_ONE_FROM_MANY,169,6,,1375,0,1
3277,MUTANT_ANNOTATED_SINGLE_METHOD,ATTACK_DEFAULT,172,5,,,0,1
3278,MUTANT_ANNOTATED_SINGLE_METHOD,ATTACK_DEFAULT,171,5,,,0,1
3279,MUTANT_ANNOTATED_SINGLE_METHOD,ATTACK_DEPENDENCIES,172,5,1074,,0,1
3280,MUTANT_ANNOTATED_SINGLE_METHOD,ATTACK_DEPENDENCIES,171,5,1072,,0,1
3281,MUTANT_ANNOTATED_SINGLE_METHOD,ATTACK_DEFAULT,170,5,,,0,1
3282,MUTANT_ANNOTATED_SINGLE_METHOD,ATTACK_DEPENDENCIES,170,5,1077,,0,1
3283,TEST_FULL_SUITE_PLUS_DEFAULT,DEFEND_ONE_FROM_MANY,172,6,,1377,0,1
3284,TEST_FULL_SUITE_PLUS_DEFAULT,DEFEND_ONE_FROM_MANY,171,6,,1378,0,1
3285,MUTANT_ANNOTATED_SINGLE_METHOD,ATTACK_DEFAULT,168,5,,,0,1
3286,TEST_FULL_SUITE_PLUS_DEFAULT,DEFEND_ONE_FROM_MANY,170,6,,,0,1
3287,MUTANT_ANNOTATED_SINGLE_METHOD,ATTACK_DEPENDENCIES,168,5,1075,,0,1
3288,TEST_FULL_SUITE_PLUS_DEFAULT,DEFEND_ONE_FROM_MANY,170,6,,,0,0
3289,TEST_FULL_SUITE_PLUS_DEFAULT,DEFEND_ONE_FROM_MANY,168,6,,1379,0,1
3290,TEST_FULL_SUITE_PLUS_DEFAULT,DEFEND_ONE_FROM_MANY,169,6,,1381,0,1
3291,MUTANT_ANNOTATED_SINGLE_METHOD,ATTACK_DEFAULT,171,5,,,0,1
3292,MUTANT_ANNOTATED_SINGLE_METHOD,ATTACK_DEPENDENCIES,171,5,1076,,0,1
3293,MUTANT_ANNOTATED_SINGLE_METHOD,ATTACK_DEFAULT,169,5,,,0,1
3294,MUTANT_ANNOTATED_SINGLE_METHOD,ATTACK_DEPENDENCIES,169,5,1078,,0,1
3295,MUTANT_ANNOTATED_SINGLE_METHOD,ATTACK_DEFAULT,172,5,,,0,1
3296,MUTANT_ANNOTATED_SINGLE_METHOD,ATTACK_DEPENDENCIES,172,5,1079,,0,1
3297,TEST_FULL_SUITE_PLUS_DEFAULT,DEFEND_ONE_FROM_MANY,172,6,,1382,0,1
3298,TEST_FULL_SUITE_PLUS_DEFAULT,DEFEND_ONE_FROM_MANY,171,6,,1383,0,1
3299,MUTANT_ANNOTATED_SINGLE_METHOD,ATTACK_DEFAULT,168,5,,,0,1
3300,MUTANT_ANNOTATED_SINGLE_METHOD,ATTACK_DEPENDENCIES,168,5,1080,,0,1
3301,TEST_FULL_SUITE_PLUS_DEFAULT,DEFEND_ONE_FROM_MANY,168,6,,1384,0,1
3302,TEST_FULL_SUITE_PLUS_DEFAULT,DEFEND_ONE_FROM_MANY,169,6,,1385,0,1
3303,MUTANT_ANNOTATED_SINGLE_METHOD,ATTACK_DEFAULT,171,5,,,0,1
3304,MUTANT_ANNOTATED_SINGLE_METHOD,ATTACK_DEPENDENCIES,171,5,1082,,0,1
3305,MUTANT_ANNOTATED_SINGLE_METHOD,ATTACK_DEFAULT,170,5,,,0,1
3306,MUTANT_ANNOTATED_SINGLE_METHOD,ATTACK_DEPENDENCIES,170,5,1081,,0,1
3307,TEST_FULL_SUITE_PLUS_DEFAULT,DEFEND_ONE_FROM_MANY,172,6,,1387,0,1
3308,TEST_FULL_SUITE_PLUS_DEFAULT,DEFEND_ONE_FROM_MANY,171,6,,1388,0,1
3309,MUTANT_ANNOTATED_SINGLE_METHOD,ATTACK_DEFAULT,169,5,,,0,1
3310,MUTANT_ANNOTATED_SINGLE_METHOD,ATTACK_DEPENDENCIES,169,5,1085,,0,1
3311,TEST_FULL_SUITE_PLUS_DEFAULT,DEFEND_ONE_FROM_MANY,168,6,,1389,0,1
3312,TEST_FULL_SUITE_PLUS_DEFAULT,DEFEND_ONE_FROM_MANY,169,6,,1390,0,1
3313,MUTANT_ANNOTATED_SINGLE_METHOD,ATTACK_DEFAULT,172,5,,,0,1
3314,MUTANT_ANNOTATED_SINGLE_METHOD,ATTACK_DEPENDENCIES,172,5,1086,,0,1
3315,MUTANT_ANNOTATED_SINGLE_METHOD,ATTACK_DEFAULT,170,5,,,0,1
3316,MUTANT_ANNOTATED_SINGLE_METHOD,ATTACK_DEPENDENCIES,170,5,1084,,0,1
3317,MUTANT_ANNOTATED_SINGLE_METHOD,ATTACK_DEFAULT,168,5,,,0,1
3318,MUTANT_ANNOTATED_SINGLE_METHOD,ATTACK_DEPENDENCIES,168,5,1083,,0,1
3319,MUTANT_ANNOTATED_SINGLE_METHOD,ATTACK_DEFAULT,171,5,,,0,1
3320,MUTANT_ANNOTATED_SINGLE_METHOD,ATTACK_DEPENDENCIES,171,5,1087,,0,1
3321,TEST_FULL_SUITE_PLUS_DEFAULT,DEFEND_ONE_FROM_MANY,172,6,,,0,0
3322,TEST_FULL_SUITE_PLUS_DEFAULT,DEFEND_ONE_FROM_MANY,171,6,,1393,0,1
3323,TEST_FULL_SUITE_PLUS_DEFAULT,DEFEND_FOCUS,169,6,,1396,0,1
3324,TEST_FULL_SUITE_PLUS_DEFAULT,DEFEND_ONE_FROM_MANY,168,6,,1394,0,1
3325,MUTANT_ANNOTATED_SINGLE_METHOD,ATTACK_DEFAULT,170,5,,,0,1
3326,MUTANT_ANNOTATED_SINGLE_METHOD,ATTACK_DEPENDENCIES,170,5,1088,,0,1
3327,MUTANT_ANNOTATED_SINGLE_METHOD,ATTACK_DEFAULT,168,5,,,0,1
3328,MUTANT_ANNOTATED_SINGLE_METHOD,ATTACK_DEFAULT,169,5,,,0,1
3329,MUTANT_ANNOTATED_SINGLE_METHOD,ATTACK_DEPENDENCIES,168,5,1089,,0,1
3330,MUTANT_ANNOTATED_SINGLE_METHOD,ATTACK_DEPENDENCIES,169,5,1091,,0,1
3331,TEST_FULL_SUITE_PLUS_DEFAULT,DEFEND_ONE_FROM_MANY,171,6,,1397,0,1
3332,TEST_FULL_SUITE_PLUS_DEFAULT,DEFEND_FOCUS,169,6,,1404,0,1
3333,TEST_FULL_SUITE_PLUS_DEFAULT,DEFEND_ONE_FROM_MANY,168,6,,1399,0,1
3334,MUTANT_ANNOTATED_SINGLE_METHOD,ATTACK_DEFAULT,172,5,,,0,1
3335,MUTANT_ANNOTATED_SINGLE_METHOD,ATTACK_DEFAULT,171,5,,,0,1
3336,MUTANT_ANNOTATED_SINGLE_METHOD,ATTACK_DEPENDENCIES,172,5,1092,,0,1
3337,MUTANT_ANNOTATED_SINGLE_METHOD,ATTACK_DEPENDENCIES,171,5,1090,,0,1
3338,MUTANT_ANNOTATED_SINGLE_METHOD,ATTACK_DEFAULT,170,5,,,0,1
3339,MUTANT_ANNOTATED_SINGLE_METHOD,ATTACK_DEPENDENCIES,170,5,1096,,0,1
3340,MUTANT_ANNOTATED_SINGLE_METHOD,ATTACK_DEFAULT,168,5,,,0,1
3341,MUTANT_ANNOTATED_SINGLE_METHOD,ATTACK_DEPENDENCIES,168,5,1093,,0,1
3342,TEST_FULL_SUITE_PLUS_DEFAULT,DEFEND_ONE_FROM_MANY,171,6,,1401,0,1
3343,TEST_FULL_SUITE_PLUS_DEFAULT,DEFEND_DEFAULT,170,6,,,0,1
3344,TEST_FULL_SUITE_PLUS_DEFAULT,DEFEND_ONE_FROM_MANY,168,6,,1403,0,1
3345,MUTANT_ANNOTATED_SINGLE_METHOD,ATTACK_DEFAULT,171,5,,,0,1
3346,MUTANT_ANNOTATED_SINGLE_METHOD,ATTACK_DEPENDENCIES,171,5,1095,,0,1
3347,MUTANT_ANNOTATED_SINGLE_METHOD,ATTACK_DEFAULT,169,5,,,0,1
3348,MUTANT_ANNOTATED_SINGLE_METHOD,ATTACK_DEPENDENCIES,169,5,1094,,0,1
3349,TEST_FULL_SUITE_PLUS_DEFAULT,DEFEND_ONE_FROM_MANY,170,6,,,0,1
3350,TEST_FULL_SUITE_PLUS_DEFAULT,DEFEND_ONE_FROM_MANY,170,6,,,0,0
3351,MUTANT_ANNOTATED_SINGLE_METHOD,ATTACK_DEFAULT,172,5,,,0,1
3352,MUTANT_ANNOTATED_SINGLE_METHOD,ATTACK_DEPENDENCIES,172,5,1097,,0,1
3353,TEST_FULL_SUITE_PLUS_DEFAULT,DEFEND_ONE_FROM_MANY,171,6,,1406,0,1
3354,MUTANT_ANNOTATED_SINGLE_METHOD,ATTACK_DEFAULT,168,5,,,0,1
3355,TEST_FULL_SUITE_PLUS_DEFAULT,DEFEND_FOCUS,169,6,,1413,0,1
3356,MUTANT_ANNOTATED_SINGLE_METHOD,ATTACK_DEPENDENCIES,168,5,1099,,0,1
3357,TEST_FULL_SUITE_PLUS_DEFAULT,DEFEND_ONE_FROM_MANY,168,6,,1408,0,1
3358,MUTANT_ANNOTATED_SINGLE_METHOD,ATTACK_DEFAULT,169,5,,,0,1
3359,MUTANT_ANNOTATED_SINGLE_METHOD,ATTACK_DEPENDENCIES,169,5,1098,,0,1
3360,MUTANT_ANNOTATED_SINGLE_METHOD,ATTACK_DEFAULT,171,5,,,0,1
3361,MUTANT_ANNOTATED_SINGLE_METHOD,ATTACK_DEPENDENCIES,171,5,1100,,0,1
3362,TEST_FULL_SUITE_PLUS_DEFAULT,DEFEND_ONE_FROM_MANY,171,6,,1410,0,1
3363,MUTANT_ANNOTATED_SINGLE_METHOD,ATTACK_DEFAULT,170,5,,,0,1
3364,MUTANT_ANNOTATED_SINGLE_METHOD,ATTACK_DEPENDENCIES,170,5,1101,,0,1
3365,TEST_FULL_SUITE_PLUS_DEFAULT,DEFEND_ONE_FROM_MANY,168,6,,1412,0,1
3366,MUTANT_ANNOTATED_SINGLE_METHOD,ATTACK_DEFAULT,172,5,,,0,1
3367,MUTANT_ANNOTATED_SINGLE_METHOD,ATTACK_DEPENDENCIES,172,5,1102,,0,1
3368,MUTANT_ANNOTATED_SINGLE_METHOD,ATTACK_DEFAULT,169,5,,,0,1
3369,MUTANT_ANNOTATED_SINGLE_METHOD,ATTACK_DEPENDENCIES,169,5,1104,,0,1
3370,TEST_FULL_SUITE_PLUS_DEFAULT,DEFEND_DEFAULT,172,6,,,0,1
3371,MUTANT_ANNOTATED_SINGLE_METHOD,ATTACK_DEFAULT,168,5,,,0,1
3372,TEST_FULL_SUITE_PLUS_DEFAULT,DEFEND_FOCUS,169,6,,1428,0,1
3373,TEST_FULL_SUITE_PLUS_DEFAULT,DEFEND_ONE_FROM_MANY,171,6,,1415,0,1
3374,MUTANT_ANNOTATED_SINGLE_METHOD,ATTACK_DEPENDENCIES,168,5,1103,,0,1
3375,TEST_FULL_SUITE_PLUS_DEFAULT,DEFEND_ONE_FROM_MANY,168,6,,1416,0,1
3376,TEST_FULL_SUITE_PLUS_DEFAULT,DEFEND_ONE_FROM_MANY,172,6,,,0,1
3377,MUTANT_ANNOTATED_SINGLE_METHOD,ATTACK_DEFAULT,171,5,,,0,1
3378,MUTANT_ANNOTATED_SINGLE_METHOD,ATTACK_DEPENDENCIES,171,5,1105,,0,1
3379,MUTANT_ANNOTATED_SINGLE_METHOD,ATTACK_DEFAULT,170,5,,,0,1
3380,MUTANT_ANNOTATED_SINGLE_METHOD,ATTACK_DEPENDENCIES,170,5,1106,,0,1
3381,TEST_FULL_SUITE_PLUS_DEFAULT,DEFEND_ONE_FROM_MANY,172,6,,1419,0,1
3382,MUTANT_ANNOTATED_SINGLE_METHOD,ATTACK_DEFAULT,172,5,,,0,1
3383,MUTANT_ANNOTATED_SINGLE_METHOD,ATTACK_DEPENDENCIES,172,5,1107,,0,1
3384,MUTANT_ANNOTATED_SINGLE_METHOD,ATTACK_DEFAULT,168,5,,,0,1
3385,MUTANT_ANNOTATED_SINGLE_METHOD,ATTACK_DEFAULT,169,5,,,0,1
3386,MUTANT_ANNOTATED_SINGLE_METHOD,ATTACK_DEPENDENCIES,168,5,1108,,0,1
3387,MUTANT_ANNOTATED_SINGLE_METHOD,ATTACK_DEPENDENCIES,169,5,1109,,0,1
3388,TEST_FULL_SUITE_PLUS_DEFAULT,DEFEND_ONE_FROM_MANY,168,6,,1422,0,1
3389,TEST_FULL_SUITE_PLUS_DEFAULT,DEFEND_ONE_FROM_MANY,172,6,,1420,0,1
3390,TEST_FULL_SUITE_PLUS_DEFAULT,DEFEND_ONE_FROM_MANY,171,6,,1421,0,1
3391,MUTANT_ANNOTATED_SINGLE_METHOD,ATTACK_DEFAULT,171,5,,,0,1
3392,MUTANT_ANNOTATED_SINGLE_METHOD,ATTACK_DEPENDENCIES,171,5,1110,,0,1
3393,MUTANT_ANNOTATED_SINGLE_METHOD,ATTACK_DEFAULT,170,5,,,0,1
3394,TEST_FULL_SUITE_PLUS_DEFAULT,DEFEND_ONE_FROM_MANY,172,6,,1425,0,1
3395,MUTANT_ANNOTATED_SINGLE_METHOD,ATTACK_DEPENDENCIES,170,5,1113,,0,1
3396,TEST_FULL_SUITE_PLUS_DEFAULT,DEFEND_DEFAULT,170,6,,,0,1
3397,TEST_FULL_SUITE_PLUS_DEFAULT,DEFEND_ONE_FROM_MANY,171,6,,1426,0,1
3398,TEST_FULL_SUITE_PLUS_DEFAULT,DEFEND_ONE_FROM_MANY,168,6,,1427,0,1
3399,MUTANT_ANNOTATED_SINGLE_METHOD,ATTACK_DEFAULT,172,5,,,0,1
3400,MUTANT_ANNOTATED_SINGLE_METHOD,ATTACK_DEPENDENCIES,172,5,1111,,0,1
3401,MUTANT_ANNOTATED_SINGLE_METHOD,ATTACK_DEFAULT,168,5,,,0,1
3402,MUTANT_ANNOTATED_SINGLE_METHOD,ATTACK_DEFAULT,169,5,,,0,1
3403,MUTANT_ANNOTATED_SINGLE_METHOD,ATTACK_DEPENDENCIES,168,5,1112,,0,1
3404,MUTANT_ANNOTATED_SINGLE_METHOD,ATTACK_DEPENDENCIES,169,5,1132,,0,1
3405,TEST_FULL_SUITE_PLUS_DEFAULT,DEFEND_ONE_FROM_MANY,170,6,,,0,1
3406,TEST_FULL_SUITE_PLUS_DEFAULT,DEFEND_ONE_FROM_MANY,170,6,,,0,0
3407,TEST_FULL_SUITE_PLUS_DEFAULT,DEFEND_ONE_FROM_MANY,172,6,,1437,0,1
3408,MUTANT_ANNOTATED_SINGLE_METHOD,ATTACK_DEFAULT,171,5,,,0,1
3409,TEST_FULL_SUITE_PLUS_DEFAULT,DEFEND_DEFAULT,169,6,,1434,0,1
3410,MUTANT_ANNOTATED_SINGLE_METHOD,ATTACK_DEPENDENCIES,171,5,1114,,0,1
3411,TEST_FULL_SUITE_PLUS_DEFAULT,DEFEND_ONE_FROM_MANY,168,6,,1432,0,1
3412,MUTANT_ANNOTATED_SINGLE_METHOD,ATTACK_DEFAULT,172,5,,,0,1
3413,MUTANT_ANNOTATED_SINGLE_METHOD,ATTACK_DEPENDENCIES,172,5,1115,,0,1
3414,TEST_FULL_SUITE_PLUS_DEFAULT,DEFEND_ONE_FROM_MANY,171,6,,1431,0,1
3415,MUTANT_ANNOTATED_SINGLE_METHOD,ATTACK_DEFAULT,170,5,,,0,1
3416,MUTANT_ANNOTATED_SINGLE_METHOD,ATTACK_DEPENDENCIES,170,5,1119,,0,1
3417,MUTANT_ANNOTATED_SINGLE_METHOD,ATTACK_DEFAULT,168,5,,,0,1
3418,MUTANT_ANNOTATED_SINGLE_METHOD,ATTACK_EQUIVALENCE,169,5,,,0,1
3419,MUTANT_ANNOTATED_SINGLE_METHOD,ATTACK_DEPENDENCIES,168,5,1116,,0,1
3420,TEST_FULL_SUITE_PLUS_DEFAULT,DEFEND_DEFAULT,168,6,,1438,0,1
3421,TEST_FULL_SUITE_PLUS_DEFAULT,DEFEND_DEFAULT,169,6,,1444,0,1
3422,MUTANT_ANNOTATED_SINGLE_METHOD,ATTACK_DEFAULT,171,5,,,0,1
3423,MUTANT_ANNOTATED_SINGLE_METHOD,ATTACK_DEPENDENCIES,171,5,1117,,0,1
3424,MUTANT_ANNOTATED_SINGLE_METHOD,ATTACK_DEFAULT,172,5,,,0,1
3425,MUTANT_ANNOTATED_SINGLE_METHOD,ATTACK_DEPENDENCIES,172,5,1118,,0,1
3426,MUTANT_ANNOTATED_SINGLE_METHOD,ATTACK_EQUIVALENCE,169,5,,,0,1
3427,TEST_FULL_SUITE_PLUS_DEFAULT,DEFEND_ONE_FROM_MANY,171,6,,1436,0,1
3428,TEST_FULL_SUITE_PLUS_DEFAULT,DEFEND_ONE_FROM_MANY,172,6,,,0,1
3429,TEST_FULL_SUITE_PLUS_DEFAULT,DEFEND_ONE_FROM_MANY,172,6,,1441,0,1
3430,TEST_FULL_SUITE_PLUS_DEFAULT,DEFEND_DEFAULT,168,6,,1454,0,1
3431,MUTANT_ANNOTATED_SINGLE_METHOD,ATTACK_DEFAULT,168,5,,,0,1
3432,MUTANT_ANNOTATED_SINGLE_METHOD,ATTACK_DEPENDENCIES,168,5,1121,,0,1
3433,TEST_FULL_SUITE_PLUS_DEFAULT,DEFEND_ONE_FROM_MANY,171,6,,1442,0,1
3434,MUTANT_ANNOTATED_SINGLE_METHOD,ATTACK_DEFAULT,171,5,,,0,1
3435,MUTANT_ANNOTATED_SINGLE_METHOD,ATTACK_DEPENDENCIES,171,5,1120,,0,1
3436,MUTANT_ANNOTATED_SINGLE_METHOD,ATTACK_EQUIVALENCE,169,5,,,0,1
3437,MUTANT_ANNOTATED_SINGLE_METHOD,ATTACK_DEFAULT,170,5,,,0,1
3438,MUTANT_ANNOTATED_SINGLE_METHOD,ATTACK_DEFAULT,172,5,,,0,1
3439,MUTANT_ANNOTATED_SINGLE_METHOD,ATTACK_DEPENDENCIES,170,5,1123,,0,1
3440,MUTANT_ANNOTATED_SINGLE_METHOD,ATTACK_DEPENDENCIES,172,5,1122,,0,1
3441,TEST_FULL_SUITE_PLUS_DEFAULT,DEFEND_ONE_FROM_MANY,172,6,,1445,0,1
3442,TEST_FULL_SUITE_PLUS_DEFAULT,DEFEND_DEFAULT,169,6,,1450,0,1
3443,TEST_FULL_SUITE_PLUS_DEFAULT,DEFEND_ONE_FROM_MANY,171,6,,1446,0,1
3444,MUTANT_ANNOTATED_SINGLE_METHOD,ATTACK_DEFAULT,171,5,,,0,1
3445,MUTANT_ANNOTATED_SINGLE_METHOD,ATTACK_DEPENDENCIES,171,5,1124,,0,1
3446,MUTANT_ANNOTATED_SINGLE_METHOD,ATTACK_DEFAULT,168,5,,,0,1
3447,MUTANT_ANNOTATED_SINGLE_METHOD,ATTACK_DEPENDENCIES,168,5,1125,,0,1
3448,MUTANT_ANNOTATED_SINGLE_METHOD,ATTACK_EQUIVALENCE,169,5,,,0,1
3449,TEST_FULL_SUITE_PLUS_DEFAULT,DEFEND_DEFAULT,170,6,,,0,1
3450,TEST_FULL_SUITE_PLUS_DEFAULT,DEFEND_DEFAULT,169,6,,1455,0,1
3451,TEST_FULL_SUITE_PLUS_DEFAULT,DEFEND_ONE_FROM_MANY,172,6,,1451,0,1
3452,MUTANT_ANNOTATED_SINGLE_METHOD,ATTACK_DEFAULT,172,5,,,0,1
3453,MUTANT_ANNOTATED_SINGLE_METHOD,ATTACK_DEPENDENCIES,172,5,1126,,0,1
3454,TEST_FULL_SUITE_PLUS_DEFAULT,DEFEND_ONE_FROM_MANY,171,6,,1452,0,1
3455,MUTANT_ANNOTATED_SINGLE_METHOD,ATTACK_DEFAULT,170,5,,,0,1
3456,MUTANT_ANNOTATED_SINGLE_METHOD,ATTACK_DEPENDENCIES,170,5,,,0,0
3457,MUTANT_ANNOTATED_SINGLE_METHOD,ATTACK_DEFAULT,171,5,,,0,1
3458,TEST_FULL_SUITE_PLUS_DEFAULT,DEFEND_ONE_FROM_MANY,170,6,,,0,1
3459,MUTANT_ANNOTATED_SINGLE_METHOD,ATTACK_DEPENDENCIES,171,5,1127,,0,1
3460,TEST_FULL_SUITE_PLUS_DEFAULT,DEFEND_ONE_FROM_MANY,170,6,,,0,0
3461,TEST_FULL_SUITE_PLUS_DEFAULT,DEFEND_FOCUS,168,6,,1498,0,1
3462,TEST_FULL_SUITE_PLUS_DEFAULT,DEFEND_DEFAULT,169,6,,,0,0
3463,MUTANT_ANNOTATED_SINGLE_METHOD,ATTACK_DEFAULT,168,5,,,0,1
3464,MUTANT_ANNOTATED_SINGLE_METHOD,ATTACK_DEFAULT,172,5,,,0,1
3465,MUTANT_ANNOTATED_SINGLE_METHOD,ATTACK_DEPENDENCIES,168,5,1129,,0,1
3466,MUTANT_ANNOTATED_SINGLE_METHOD,ATTACK_DEPENDENCIES,172,5,1128,,0,1
3467,TEST_FULL_SUITE_PLUS_DEFAULT,DEFEND_ONE_FROM_MANY,172,6,,1458,0,1
3468,TEST_FULL_SUITE_PLUS_DEFAULT,DEFEND_ONE_FROM_MANY,171,6,,1459,0,1
3469,MUTANT_ANNOTATED_SINGLE_METHOD,ATTACK_EQUIVALENCE,169,5,,,0,1
3470,MUTANT_ANNOTATED_SINGLE_METHOD,ATTACK_DEFAULT,171,5,,,0,1
3471,MUTANT_ANNOTATED_SINGLE_METHOD,ATTACK_DEPENDENCIES,171,5,1131,,0,1
3472,TEST_FULL_SUITE_PLUS_DEFAULT,DEFEND_DEFAULT,168,6,,1476,0,1
3473,MUTANT_ANNOTATED_SINGLE_METHOD,ATTACK_DEFAULT,172,5,,,0,1
3474,TEST_FULL_SUITE_PLUS_DEFAULT,DEFEND_ONE_FROM_MANY,171,6,,1465,0,1
3475,MUTANT_ANNOTATED_SINGLE_METHOD,ATTACK_DEPENDENCIES,172,5,1130,,0,1
3476,MUTANT_ANNOTATED_SINGLE_METHOD,ATTACK_EQUIVALENCE,169,5,,,0,1
3477,TEST_FULL_SUITE_PLUS_DEFAULT,DEFEND_ONE_FROM_MANY,172,6,,1464,0,1
3478,MUTANT_ANNOTATED_SINGLE_METHOD,ATTACK_DEFAULT,168,5,,,0,1
3479,MUTANT_ANNOTATED_SINGLE_METHOD,ATTACK_DEPENDENCIES,168,5,1135,,0,1
3480,MUTANT_ANNOTATED_SINGLE_METHOD,ATTACK_DEPENDENCIES,170,5,1133,,0,1
3481,TEST_FULL_SUITE_PLUS_DEFAULT,DEFEND_ONE_FROM_MANY,172,6,,1471,0,1
3482,MUTANT_ANNOTATED_SINGLE_METHOD,ATTACK_DEFAULT,172,5,,,0,1
3483,MUTANT_ANNOTATED_SINGLE_METHOD,ATTACK_DEPENDENCIES,172,5,1134,,0,1
3484,MUTANT_ANNOTATED_SINGLE_METHOD,ATTACK_DEFAULT,171,5,,,0,1
3485,MUTANT_ANNOTATED_SINGLE_METHOD,ATTACK_DEPENDENCIES,171,5,1136,,0,1
3486,TEST_FULL_SUITE_PLUS_DEFAULT,DEFEND_ONE_FROM_MANY,171,6,,1470,0,1
3487,MUTANT_ANNOTATED_SINGLE_METHOD,ATTACK_DEFAULT,169,5,,,0,1
3488,MUTANT_ANNOTATED_SINGLE_METHOD,ATTACK_DEPENDENCIES,169,5,,,0,0
3489,MUTANT_ANNOTATED_SINGLE_METHOD,ATTACK_DEFAULT,170,5,,,0,1
3490,MUTANT_ANNOTATED_SINGLE_METHOD,ATTACK_DEPENDENCIES,170,5,1137,,0,1
3491,TEST_FULL_SUITE_PLUS_DEFAULT,DEFEND_ONE_FROM_MANY,172,6,,1474,0,1
3492,MUTANT_ANNOTATED_SINGLE_METHOD,ATTACK_DEFAULT,168,5,,,0,1
3493,MUTANT_ANNOTATED_SINGLE_METHOD,ATTACK_DEFAULT,172,5,,,0,1
3494,MUTANT_ANNOTATED_SINGLE_METHOD,ATTACK_DEPENDENCIES,168,5,1138,,0,1
3495,MUTANT_ANNOTATED_SINGLE_METHOD,ATTACK_DEPENDENCIES,172,5,1140,,0,1
3496,TEST_FULL_SUITE_PLUS_DEFAULT,DEFEND_ONE_FROM_MANY,171,6,,1475,0,1
3497,MUTANT_ANNOTATED_SINGLE_METHOD,ATTACK_DEFAULT,171,5,,,0,1
3498,MUTANT_ANNOTATED_SINGLE_METHOD,ATTACK_DEPENDENCIES,171,5,1139,,0,1
3499,MUTANT_ANNOTATED_SINGLE_METHOD,ATTACK_DEFAULT,170,5,,,0,1
3500,TEST_FULL_SUITE_PLUS_DEFAULT,DEFEND_ONE_FROM_MANY,172,6,,1478,0,1
3501,MUTANT_ANNOTATED_SINGLE_METHOD,ATTACK_DEPENDENCIES,170,5,1142,,0,1
3502,TEST_FULL_SUITE_PLUS_DEFAULT,DEFEND_ONE_FROM_MANY,171,6,,1479,0,1
3503,TEST_FULL_SUITE_PLUS_DEFAULT,DEFEND_DEFAULT,168,6,,1489,0,1
3504,TEST_FULL_SUITE_PLUS_DEFAULT,DEFEND_DEFAULT,170,6,,,0,1
3505,TEST_FULL_SUITE_PLUS_DEFAULT,DEFEND_DEFAULT,169,6,,1491,0,1
3506,MUTANT_ANNOTATED_SINGLE_METHOD,ATTACK_DEFAULT,168,5,,,0,1
3507,MUTANT_ANNOTATED_SINGLE_METHOD,ATTACK_DEPENDENCIES,168,5,1141,,0,1
3508,MUTANT_ANNOTATED_SINGLE_METHOD,ATTACK_DEFAULT,171,5,,,0,1
3509,MUTANT_ANNOTATED_SINGLE_METHOD,ATTACK_DEPENDENCIES,171,5,1143,,0,1
3510,TEST_FULL_SUITE_PLUS_DEFAULT,DEFEND_ONE_FROM_MANY,170,6,,,0,1
3511,TEST_FULL_SUITE_PLUS_DEFAULT,DEFEND_ONE_FROM_MANY,170,6,,1484,0,1
3512,MUTANT_ANNOTATED_SINGLE_METHOD,ATTACK_DEFAULT,172,5,,,0,1
3513,MUTANT_ANNOTATED_SINGLE_METHOD,ATTACK_DEPENDENCIES,172,5,1145,,0,1
3514,TEST_FULL_SUITE_PLUS_DEFAULT,DEFEND_ONE_FROM_MANY,172,6,,1482,0,1
3515,MUTANT_ANNOTATED_SINGLE_METHOD,ATTACK_DEFAULT,168,5,,,0,1
3516,MUTANT_ANNOTATED_SINGLE_METHOD,ATTACK_DEPENDENCIES,169,5,1144,,0,1
3517,MUTANT_ANNOTATED_SINGLE_METHOD,ATTACK_DEPENDENCIES,168,5,1147,,0,1
3518,TEST_FULL_SUITE_PLUS_DEFAULT,DEFEND_ONE_FROM_MANY,171,6,,1483,0,1
3519,MUTANT_ANNOTATED_SINGLE_METHOD,ATTACK_DEFAULT,170,5,,,0,1
3520,MUTANT_ANNOTATED_SINGLE_METHOD,ATTACK_DEPENDENCIES,170,5,1146,,0,1
3521,TEST_FULL_SUITE_PLUS_DEFAULT,DEFEND_ONE_FROM_MANY,172,6,,1486,0,1
3522,TEST_FULL_SUITE_PLUS_DEFAULT,DEFEND_ONE_FROM_MANY,171,6,,1487,0,1
3523,MUTANT_ANNOTATED_SINGLE_METHOD,ATTACK_EQUIVALENCE,171,5,,,0,1
3524,TEST_FULL_SUITE_PLUS_DEFAULT,DEFEND_ONE_FROM_MANY,170,6,,,0,1
3525,MUTANT_ANNOTATED_SINGLE_METHOD,ATTACK_DEFAULT,169,5,,,0,1
3526,MUTANT_ANNOTATED_SINGLE_METHOD,ATTACK_DEPENDENCIES,169,5,1148,,0,1
3527,TEST_FULL_SUITE_PLUS_DEFAULT,DEFEND_ONE_FROM_MANY,170,6,,,0,0
3528,MUTANT_ANNOTATED_SINGLE_METHOD,ATTACK_DEFAULT,172,5,,,0,1
3529,MUTANT_ANNOTATED_SINGLE_METHOD,ATTACK_DEPENDENCIES,172,5,1149,,0,1
3530,MUTANT_ANNOTATED_SINGLE_METHOD,ATTACK_DEFAULT,170,5,,,0,1
3531,MUTANT_ANNOTATED_SINGLE_METHOD,ATTACK_DEPENDENCIES,170,5,1150,,0,1
3532,TEST_FULL_SUITE_PLUS_DEFAULT,DEFEND_FOCUS,171,6,,1493,0,1
3533,MUTANT_ANNOTATED_SINGLE_METHOD,ATTACK_DEFAULT,168,5,,,0,1
3534,MUTANT_ANNOTATED_SINGLE_METHOD,ATTACK_DEPENDENCIES,168,5,1151,,0,1
3535,TEST_FULL_SUITE_PLUS_DEFAULT,DEFEND_DEFAULT,168,6,,1504,0,1
3536,TEST_FULL_SUITE_PLUS_DEFAULT,DEFEND_ONE_FROM_MANY,172,6,,1492,0,1
3537,TEST_FULL_SUITE_PLUS_DEFAULT,DEFEND_FOCUS,169,6,,1521,0,1
3538,MUTANT_ANNOTATED_SINGLE_METHOD,ATTACK_EQUIVALENCE,171,5,,,0,1
3539,MUTANT_ANNOTATED_SINGLE_METHOD,ATTACK_DEFAULT,169,5,,,0,1
3540,MUTANT_ANNOTATED_SINGLE_METHOD,ATTACK_DEPENDENCIES,169,5,1153,,0,1
3541,MUTANT_ANNOTATED_SINGLE_METHOD,ATTACK_DEFAULT,172,5,,,0,1
3542,MUTANT_ANNOTATED_SINGLE_METHOD,ATTACK_DEPENDENCIES,172,5,1152,,0,1
3543,TEST_FULL_SUITE_PLUS_DEFAULT,DEFEND_FOCUS,171,6,,1497,0,1
3544,MUTANT_ANNOTATED_SINGLE_METHOD,ATTACK_DEFAULT,170,5,,,0,1
3545,MUTANT_ANNOTATED_SINGLE_METHOD,ATTACK_DEPENDENCIES,170,5,1155,,0,1
3546,TEST_FULL_SUITE_PLUS_DEFAULT,DEFEND_DEFAULT,169,6,,1515,0,1
3547,MUTANT_ANNOTATED_SINGLE_METHOD,ATTACK_EQUIVALENCE,171,5,,,0,1
3548,TEST_FULL_SUITE_PLUS_DEFAULT,DEFEND_ONE_FROM_MANY,172,6,,1496,0,1
3549,MUTANT_ANNOTATED_SINGLE_METHOD,ATTACK_DEFAULT,168,5,,,0,1
3550,MUTANT_ANNOTATED_SINGLE_METHOD,ATTACK_DEPENDENCIES,168,5,1154,,0,1
3551,MUTANT_ANNOTATED_SINGLE_METHOD,ATTACK_DEFAULT,172,5,,,0,1
3552,MUTANT_ANNOTATED_SINGLE_METHOD,ATTACK_DEPENDENCIES,172,5,1156,,0,1
3553,TEST_FULL_SUITE_PLUS_DEFAULT,DEFEND_FOCUS,171,6,,1518,0,1
3554,TEST_FULL_SUITE_PLUS_DEFAULT,DEFEND_ONE_FROM_MANY,172,6,,1502,0,1
3555,MUTANT_ANNOTATED_SINGLE_METHOD,ATTACK_EQUIVALENCE,171,5,,,0,1
3556,MUTANT_ANNOTATED_SINGLE_METHOD,ATTACK_DEFAULT,169,5,,,0,1
3557,MUTANT_ANNOTATED_SINGLE_METHOD,ATTACK_DEPENDENCIES,169,5,1159,,0,1
3558,MUTANT_ANNOTATED_SINGLE_METHOD,ATTACK_DEFAULT,168,5,,,0,1
3559,MUTANT_ANNOTATED_SINGLE_METHOD,ATTACK_DEPENDENCIES,168,5,1157,,0,1
3560,MUTANT_ANNOTATED_SINGLE_METHOD,ATTACK_DEFAULT,170,5,,,0,1
3561,MUTANT_ANNOTATED_SINGLE_METHOD,ATTACK_DEPENDENCIES,170,5,1161,,0,1
3562,TEST_FULL_SUITE_PLUS_DEFAULT,DEFEND_DEFAULT,168,6,,1509,0,1
3563,MUTANT_ANNOTATED_SINGLE_METHOD,ATTACK_DEFAULT,171,5,,,0,1
3564,MUTANT_ANNOTATED_SINGLE_METHOD,ATTACK_DEFAULT,172,5,,,0,1
3565,TEST_FULL_SUITE_PLUS_DEFAULT,DEFEND_ONE_FROM_MANY,172,6,,1508,0,1
3566,MUTANT_ANNOTATED_SINGLE_METHOD,ATTACK_DEPENDENCIES,171,5,1158,,0,1
3567,MUTANT_ANNOTATED_SINGLE_METHOD,ATTACK_DEPENDENCIES,172,5,1160,,0,1
3568,MUTANT_ANNOTATED_SINGLE_METHOD,ATTACK_EQUIVALENCE,169,5,,,0,1
3569,TEST_FULL_SUITE_PLUS_DEFAULT,DEFEND_ONE_FROM_MANY,172,6,,1513,0,1
3570,TEST_FULL_SUITE_PLUS_DEFAULT,DEFEND_DEFAULT,168,6,,1514,0,1
3571,TEST_FULL_SUITE_PLUS_DEFAULT,DEFEND_DEFAULT,170,6,,,0,1
3572,MUTANT_ANNOTATED_SINGLE_METHOD,ATTACK_DEFAULT,168,5,,,0,1
3573,MUTANT_ANNOTATED_SINGLE_METHOD,ATTACK_DEPENDENCIES,168,5,1162,,0,1
3574,TEST_FULL_SUITE_PLUS_DEFAULT,DEFEND_ONE_FROM_MANY,170,6,,,0,1
3575,TEST_FULL_SUITE_PLUS_DEFAULT,DEFEND_ONE_FROM_MANY,170,6,,,0,0
3576,MUTANT_ANNOTATED_SINGLE_METHOD,ATTACK_DEFAULT,171,5,,,0,1
3577,MUTANT_ANNOTATED_SINGLE_METHOD,ATTACK_DEPENDENCIES,171,5,1163,,0,1
3578,TEST_FULL_SUITE_PLUS_DEFAULT,DEFEND_ONE_FROM_MANY,172,6,,1517,0,1
3579,TEST_FULL_SUITE_PLUS_DEFAULT,DEFEND_FOCUS,168,6,,1519,0,1
3580,MUTANT_ANNOTATED_SINGLE_METHOD,ATTACK_DEFAULT,169,5,,,0,1
3581,MUTANT_ANNOTATED_SINGLE_METHOD,ATTACK_DEPENDENCIES,169,5,1164,,0,1
3582,MUTANT_ANNOTATED_SINGLE_METHOD,ATTACK_DEFAULT,172,5,,,0,1
3583,MUTANT_ANNOTATED_SINGLE_METHOD,ATTACK_DEPENDENCIES,172,5,,,0,0
3584,MUTANT_ANNOTATED_SINGLE_METHOD,ATTACK_DEFAULT,170,5,,,0,1
3585,MUTANT_ANNOTATED_SINGLE_METHOD,ATTACK_DEFAULT,168,5,,,0,1
3586,MUTANT_ANNOTATED_SINGLE_METHOD,ATTACK_DEPENDENCIES,170,5,1169,,0,1
3587,MUTANT_ANNOTATED_SINGLE_METHOD,ATTACK_DEPENDENCIES,168,5,1165,,0,1
3588,MUTANT_ANNOTATED_SINGLE_METHOD,ATTACK_DEFAULT,171,5,,,0,1
3589,TEST_FULL_SUITE_PLUS_DEFAULT,DEFEND_FOCUS,171,6,,1523,0,1
3590,MUTANT_ANNOTATED_SINGLE_METHOD,ATTACK_DEPENDENCIES,171,5,1166,,0,1
3591,TEST_FULL_SUITE_PLUS_DEFAULT,DEFEND_ONE_FROM_MANY,172,6,,1522,0,1
3592,TEST_FULL_SUITE_PLUS_DEFAULT,DEFEND_DEFAULT,168,6,,1529,0,1
3593,TEST_FULL_SUITE_PLUS_DEFAULT,DEFEND_DEFAULT,169,6,,1537,0,1
3594,MUTANT_ANNOTATED_SINGLE_METHOD,ATTACK_DEFAULT,169,5,,,0,1
3595,MUTANT_ANNOTATED_SINGLE_METHOD,ATTACK_DEPENDENCIES,169,5,1167,,0,1
3596,MUTANT_ANNOTATED_SINGLE_METHOD,ATTACK_DEFAULT,168,5,,,0,1
3597,MUTANT_ANNOTATED_SINGLE_METHOD,ATTACK_DEPENDENCIES,168,5,1170,,0,1
3598,MUTANT_ANNOTATED_SINGLE_METHOD,ATTACK_DEFAULT,171,5,,,0,1
3599,MUTANT_ANNOTATED_SINGLE_METHOD,ATTACK_DEPENDENCIES,171,5,1168,,0,1
3600,TEST_FULL_SUITE_PLUS_DEFAULT,DEFEND_FOCUS,171,6,,1528,0,1
3601,TEST_FULL_SUITE_PLUS_DEFAULT,DEFEND_ONE_FROM_MANY,172,6,,1527,0,1
3602,MUTANT_ANNOTATED_SINGLE_METHOD,ATTACK_DEFAULT,169,5,,,0,1
3603,MUTANT_ANNOTATED_SINGLE_METHOD,ATTACK_DEPENDENCIES,169,5,1172,,0,1
3604,MUTANT_ANNOTATED_SINGLE_METHOD,ATTACK_DEFAULT,171,5,,,0,1
3605,TEST_FULL_SUITE_PLUS_DEFAULT,DEFEND_FOCUS,171,6,,1532,0,1
3606,MUTANT_ANNOTATED_SINGLE_METHOD,ATTACK_DEPENDENCIES,171,5,1171,,0,1
3607,TEST_FULL_SUITE_PLUS_DEFAULT,DEFEND_ONE_FROM_MANY,172,6,,1531,0,1
3608,MUTANT_ANNOTATED_SINGLE_METHOD,ATTACK_DEPENDENCIES,172,5,1173,,0,1
3609,MUTANT_ANNOTATED_SINGLE_METHOD,ATTACK_DEFAULT,170,5,,,0,1
3610,MUTANT_ANNOTATED_SINGLE_METHOD,ATTACK_DEPENDENCIES,170,5,1176,,0,1
3611,TEST_FULL_SUITE_PLUS_DEFAULT,DEFEND_DEFAULT,168,6,,1533,0,1
3612,MUTANT_ANNOTATED_SINGLE_METHOD,ATTACK_DEFAULT,168,5,,,0,1
3613,MUTANT_ANNOTATED_SINGLE_METHOD,ATTACK_DEPENDENCIES,168,5,1174,,0,1
3614,MUTANT_ANNOTATED_SINGLE_METHOD,ATTACK_DEFAULT,171,5,,,0,1
3615,MUTANT_ANNOTATED_SINGLE_METHOD,ATTACK_DEPENDENCIES,171,5,1175,,0,1
3616,TEST_FULL_SUITE_PLUS_DEFAULT,DEFEND_FOCUS,171,6,,1540,0,1
3617,TEST_FULL_SUITE_PLUS_DEFAULT,DEFEND_ONE_FROM_MANY,172,6,,1535,0,1
3618,TEST_FULL_SUITE_PLUS_DEFAULT,DEFEND_DEFAULT,168,6,,1541,0,1
3619,TEST_FULL_SUITE_PLUS_DEFAULT,DEFEND_DEFAULT,170,6,,,0,1
3620,TEST_FULL_SUITE_PLUS_DEFAULT,DEFEND_ONE_FROM_MANY,170,6,,,0,1
3621,TEST_FULL_SUITE_PLUS_DEFAULT,DEFEND_ONE_FROM_MANY,170,6,,,0,0
3622,MUTANT_ANNOTATED_SINGLE_METHOD,ATTACK_DEFAULT,169,5,,,0,1
3623,MUTANT_ANNOTATED_SINGLE_METHOD,ATTACK_DEPENDENCIES,169,5,1177,,0,1
3624,TEST_FULL_SUITE_PLUS_DEFAULT,DEFEND_ONE_FROM_MANY,172,6,,1539,0,1
3625,MUTANT_ANNOTATED_SINGLE_METHOD,ATTACK_DEFAULT,172,5,,,0,1
3626,MUTANT_ANNOTATED_SINGLE_METHOD,ATTACK_DEPENDENCIES,172,5,1181,,0,1
3627,MUTANT_ANNOTATED_SINGLE_METHOD,ATTACK_DEFAULT,168,5,,,0,1
3628,MUTANT_ANNOTATED_SINGLE_METHOD,ATTACK_DEPENDENCIES,168,5,1178,,0,1
3629,TEST_FULL_SUITE_PLUS_DEFAULT,DEFEND_DEFAULT,169,6,,1543,0,1
3630,MUTANT_ANNOTATED_SINGLE_METHOD,ATTACK_DEFAULT,171,5,,,0,1
3631,MUTANT_ANNOTATED_SINGLE_METHOD,ATTACK_DEPENDENCIES,171,5,1180,,0,1
3632,MUTANT_ANNOTATED_SINGLE_METHOD,ATTACK_DEFAULT,170,5,,,0,1
3633,MUTANT_ANNOTATED_SINGLE_METHOD,ATTACK_DEPENDENCIES,170,5,1179,,0,1
3634,TEST_FULL_SUITE_PLUS_DEFAULT,DEFEND_FOCUS,171,6,,1545,0,1
3635,TEST_FULL_SUITE_PLUS_DEFAULT,DEFEND_ONE_FROM_MANY,172,6,,1544,0,1
3636,TEST_FULL_SUITE_PLUS_DEFAULT,DEFEND_DEFAULT,168,6,,1550,0,1
3637,TEST_FULL_SUITE_PLUS_DEFAULT,DEFEND_DEFAULT,169,6,,1547,0,1
3638,MUTANT_ANNOTATED_SINGLE_METHOD,ATTACK_DEFAULT,169,5,,,0,1
3639,MUTANT_ANNOTATED_SINGLE_METHOD,ATTACK_DEPENDENCIES,169,5,1185,,0,1
3640,MUTANT_ANNOTATED_SINGLE_METHOD,ATTACK_DEFAULT,168,5,,,0,1
3641,MUTANT_ANNOTATED_SINGLE_METHOD,ATTACK_DEPENDENCIES,168,5,1182,,0,1
3642,MUTANT_ANNOTATED_SINGLE_METHOD,ATTACK_DEFAULT,170,5,,,0,1
3643,MUTANT_ANNOTATED_SINGLE_METHOD,ATTACK_DEPENDENCIES,170,5,1183,,0,1
3644,MUTANT_ANNOTATED_SINGLE_METHOD,ATTACK_DEFAULT,171,5,,,0,1
3645,TEST_FULL_SUITE_PLUS_DEFAULT,DEFEND_FOCUS,171,6,,1549,0,1
3646,MUTANT_ANNOTATED_SINGLE_METHOD,ATTACK_DEPENDENCIES,171,5,1184,,0,1
3647,TEST_FULL_SUITE_PLUS_DEFAULT,DEFEND_ONE_FROM_MANY,172,6,,1548,0,1
3648,TEST_FULL_SUITE_PLUS_DEFAULT,DEFEND_DEFAULT,169,6,,1552,0,1
3649,MUTANT_ANNOTATED_SINGLE_METHOD,ATTACK_DEFAULT,172,5,,,0,1
3650,MUTANT_ANNOTATED_SINGLE_METHOD,ATTACK_DEPENDENCIES,172,5,1189,,0,1
3651,MUTANT_ANNOTATED_SINGLE_METHOD,ATTACK_DEFAULT,168,5,,,0,1
3652,MUTANT_ANNOTATED_SINGLE_METHOD,ATTACK_DEPENDENCIES,168,5,1187,,0,1
3653,MUTANT_ANNOTATED_SINGLE_METHOD,ATTACK_DEFAULT,170,5,,,0,1
3654,MUTANT_ANNOTATED_SINGLE_METHOD,ATTACK_DEPENDENCIES,170,5,1188,,0,1
3655,MUTANT_ANNOTATED_SINGLE_METHOD,ATTACK_DEFAULT,171,5,,,0,1
3656,MUTANT_ANNOTATED_SINGLE_METHOD,ATTACK_DEPENDENCIES,171,5,1191,,0,1
3657,TEST_FULL_SUITE_PLUS_DEFAULT,DEFEND_FOCUS,171,6,,1554,0,1
3658,MUTANT_ANNOTATED_SINGLE_METHOD,ATTACK_DEFAULT,169,5,,,0,1
3659,MUTANT_ANNOTATED_SINGLE_METHOD,ATTACK_DEPENDENCIES,169,5,1186,,0,1
3660,TEST_FULL_SUITE_PLUS_DEFAULT,DEFEND_DEFAULT,168,6,,1560,0,1
3661,TEST_FULL_SUITE_PLUS_DEFAULT,DEFEND_DEFAULT,169,6,,,1,0
3662,TEST_FULL_SUITE_PLUS_DEFAULT,DEFEND_ONE_FROM_MANY,172,6,,1553,0,1
3663,TEST_FULL_SUITE_PLUS_DEFAULT,DEFEND_FOCUS,171,6,,1559,0,1
3664,MUTANT_ANNOTATED_SINGLE_METHOD,ATTACK_DEFAULT,169,5,,,0,1
3665,MUTANT_ANNOTATED_SINGLE_METHOD,ATTACK_DEPENDENCIES,169,5,1190,,0,1
3666,TEST_FULL_SUITE_PLUS_DEFAULT,DEFEND_DEFAULT,170,6,,,0,1
3667,MUTANT_ANNOTATED_SINGLE_METHOD,ATTACK_DEFAULT,168,5,,,0,1
3668,MUTANT_ANNOTATED_SINGLE_METHOD,ATTACK_DEPENDENCIES,168,5,,,1,0
3669,MUTANT_ANNOTATED_SINGLE_METHOD,ATTACK_DEFAULT,170,5,,,0,1
3670,MUTANT_ANNOTATED_SINGLE_METHOD,ATTACK_DEPENDENCIES,170,5,1192,,0,1
3671,TEST_FULL_SUITE_PLUS_DEFAULT,DEFEND_ONE_FROM_MANY,172,6,,1558,0,1
3672,MUTANT_ANNOTATED_SINGLE_METHOD,ATTACK_DEFAULT,172,5,,,0,1
3673,MUTANT_ANNOTATED_SINGLE_METHOD,ATTACK_DEPENDENCIES,172,5,1193,,0,1
3674,TEST_FULL_SUITE_PLUS_DEFAULT,DEFEND_ONE_FROM_MANY,170,6,,,0,1
3675,TEST_FULL_SUITE_PLUS_DEFAULT,DEFEND_ONE_FROM_MANY,170,6,,,1,0
3676,TEST_FULL_SUITE_PLUS_DEFAULT,DEFEND_FOCUS,171,6,,1564,0,1
3677,MUTANT_ANNOTATED_SINGLE_METHOD,ATTACK_DEFAULT,169,5,,,0,1
3678,MUTANT_ANNOTATED_SINGLE_METHOD,ATTACK_DEPENDENCIES,169,5,,,1,0
3679,TEST_FULL_SUITE_PLUS_DEFAULT,DEFEND_ONE_FROM_MANY,172,6,,1563,0,1
3680,MUTANT_ANNOTATED_SINGLE_METHOD,ATTACK_DEFAULT,171,5,,,0,1
3681,MUTANT_ANNOTATED_SINGLE_METHOD,ATTACK_DEPENDENCIES,171,5,1194,,0,1
3682,MUTANT_ANNOTATED_SINGLE_METHOD,ATTACK_DEFAULT,173,5,,,0,1
3683,TEST_FULL_SUITE_PLUS_DEFAULT,DEFEND_DEFAULT,173,6,,,0,1
3684,MUTANT_ANNOTATED_SINGLE_METHOD,ATTACK_DEPENDENCIES,173,5,1195,,0,1
3685,MUTANT_ANNOTATED_SINGLE_METHOD,ATTACK_DEFAULT,172,5,,,0,1
3686,MUTANT_ANNOTATED_SINGLE_METHOD,ATTACK_DEPENDENCIES,172,5,1200,,0,1
3687,MUTANT_ANNOTATED_SINGLE_METHOD,ATTACK_DEFAULT,174,5,,,0,1
3688,TEST_FULL_SUITE_PLUS_DEFAULT,DEFEND_DEFAULT,174,6,,,0,1
3689,MUTANT_ANNOTATED_SINGLE_METHOD,ATTACK_DEPENDENCIES,174,5,1196,,0,1
3690,TEST_FULL_SUITE_PLUS_DEFAULT,DEFEND_ONE_FROM_MANY,173,6,,,0,1
3691,TEST_FULL_SUITE_PLUS_DEFAULT,DEFEND_DEFAULT,171,6,,1567,0,1
3692,TEST_FULL_SUITE_PLUS_DEFAULT,DEFEND_ONE_FROM_MANY,173,6,,1565,0,1
3693,TEST_FULL_SUITE_PLUS_DEFAULT,DEFEND_ONE_FROM_MANY,172,6,,1566,0,1
3694,TEST_FULL_SUITE_PLUS_DEFAULT,DEFEND_ONE_FROM_MANY,174,6,,,0,1
3695,MUTANT_ANNOTATED_SINGLE_METHOD,ATTACK_EQUIVALENCE,171,5,,,0,1
3696,TEST_FULL_SUITE_PLUS_DEFAULT,DEFEND_ONE_FROM_MANY,174,6,,1568,0,1
3697,MUTANT_ANNOTATED_SINGLE_METHOD,ATTACK_DEFAULT,173,5,,,0,1
3698,MUTANT_ANNOTATED_SINGLE_METHOD,ATTACK_DEPENDENCIES,173,5,1199,,0,1
3699,TEST_FULL_SUITE_PLUS_DEFAULT,DEFEND_ONE_FROM_MANY,173,6,,1570,0,1
3700,MUTANT_ANNOTATED_SINGLE_METHOD,ATTACK_DEFAULT,174,5,,,0,1
3701,MUTANT_ANNOTATED_SINGLE_METHOD,ATTACK_DEPENDENCIES,174,5,1198,,0,1
3702,TEST_FULL_SUITE_PLUS_DEFAULT,DEFEND_DEFAULT,171,6,,1581,0,1
3703,MUTANT_ANNOTATED_SINGLE_METHOD,ATTACK_DEFAULT,171,5,,,0,1
3704,MUTANT_ANNOTATED_SINGLE_METHOD,ATTACK_DEPENDENCIES,171,5,1197,,0,1
3705,TEST_FULL_SUITE_PLUS_DEFAULT,DEFEND_ONE_FROM_MANY,174,6,,1571,0,1
3706,TEST_FULL_SUITE_PLUS_DEFAULT,DEFEND_ONE_FROM_MANY,172,6,,1572,0,1
3707,MUTANT_ANNOTATED_SINGLE_METHOD,ATTACK_DEFAULT,171,5,,,0,1
3708,MUTANT_ANNOTATED_SINGLE_METHOD,ATTACK_DEPENDENCIES,171,5,1203,,0,1
3709,TEST_FULL_SUITE_PLUS_DEFAULT,DEFEND_ONE_FROM_MANY,173,6,,1574,0,1
3710,MUTANT_ANNOTATED_SINGLE_METHOD,ATTACK_DEFAULT,174,5,,,0,1
3711,MUTANT_ANNOTATED_SINGLE_METHOD,ATTACK_DEPENDENCIES,174,5,1201,,0,1
3712,TEST_FULL_SUITE_PLUS_DEFAULT,DEFEND_ONE_FROM_MANY,174,6,,1579,0,1
3713,TEST_FULL_SUITE_PLUS_DEFAULT,DEFEND_FOCUS,172,6,,1576,0,1
3714,MUTANT_ANNOTATED_SINGLE_METHOD,ATTACK_DEFAULT,173,5,,,0,1
3715,MUTANT_ANNOTATED_SINGLE_METHOD,ATTACK_DEPENDENCIES,173,5,1202,,0,1
3716,MUTANT_ANNOTATED_SINGLE_METHOD,ATTACK_DEFAULT,172,5,,,0,1
3717,MUTANT_ANNOTATED_SINGLE_METHOD,ATTACK_DEPENDENCIES,172,5,1205,,0,1
3718,TEST_FULL_SUITE_PLUS_DEFAULT,DEFEND_ONE_FROM_MANY,173,6,,1578,0,1
3719,MUTANT_ANNOTATED_SINGLE_METHOD,ATTACK_DEFAULT,174,5,,,0,1
3720,MUTANT_ANNOTATED_SINGLE_METHOD,ATTACK_DEPENDENCIES,174,5,1204,,0,1
3721,TEST_FULL_SUITE_PLUS_DEFAULT,DEFEND_FOCUS,172,6,,1580,0,1
3722,MUTANT_ANNOTATED_SINGLE_METHOD,ATTACK_DEFAULT,173,5,,,0,1
3723,MUTANT_ANNOTATED_SINGLE_METHOD,ATTACK_DEPENDENCIES,173,5,1207,,0,1
3724,MUTANT_ANNOTATED_SINGLE_METHOD,ATTACK_DEFAULT,171,5,,,0,1
3725,MUTANT_ANNOTATED_SINGLE_METHOD,ATTACK_DEPENDENCIES,171,5,1209,,0,1
3726,TEST_FULL_SUITE_PLUS_DEFAULT,DEFEND_ONE_FROM_MANY,173,6,,1582,0,1
3727,MUTANT_ANNOTATED_SINGLE_METHOD,ATTACK_DEFAULT,174,5,,,0,1
3728,TEST_FULL_SUITE_PLUS_DEFAULT,DEFEND_ONE_FROM_MANY,174,6,,,0,1
3729,MUTANT_ANNOTATED_SINGLE_METHOD,ATTACK_DEPENDENCIES,174,5,1206,,0,1
3730,TEST_FULL_SUITE_PLUS_DEFAULT,DEFEND_ONE_FROM_MANY,174,6,,1583,0,1
3731,TEST_FULL_SUITE_PLUS_DEFAULT,DEFEND_FOCUS,172,6,,1584,0,1
3732,TEST_FULL_SUITE_PLUS_DEFAULT,DEFEND_DEFAULT,171,6,,1585,0,1
3733,MUTANT_ANNOTATED_SINGLE_METHOD,ATTACK_DEFAULT,172,5,,,0,1
3734,MUTANT_ANNOTATED_SINGLE_METHOD,ATTACK_DEPENDENCIES,172,5,1208,,0,1
3735,TEST_FULL_SUITE_PLUS_DEFAULT,DEFEND_ONE_FROM_MANY,173,6,,1586,0,1
3736,MUTANT_ANNOTATED_SINGLE_METHOD,ATTACK_DEFAULT,174,5,,,0,1
3737,MUTANT_ANNOTATED_SINGLE_METHOD,ATTACK_DEPENDENCIES,174,5,1210,,0,1
3738,TEST_FULL_SUITE_PLUS_DEFAULT,DEFEND_FOCUS,172,6,,1588,0,1
3739,TEST_FULL_SUITE_PLUS_DEFAULT,DEFEND_DEFAULT,171,6,,1589,0,1
3740,TEST_FULL_SUITE_PLUS_DEFAULT,DEFEND_ONE_FROM_MANY,174,6,,1587,0,1
3741,MUTANT_ANNOTATED_SINGLE_METHOD,ATTACK_DEFAULT,173,5,,,0,1
3742,MUTANT_ANNOTATED_SINGLE_METHOD,ATTACK_DEPENDENCIES,173,5,1213,,0,1
3743,MUTANT_ANNOTATED_SINGLE_METHOD,ATTACK_DEFAULT,171,5,,,0,1
3744,MUTANT_ANNOTATED_SINGLE_METHOD,ATTACK_DEPENDENCIES,171,5,1212,,0,1
3745,MUTANT_ANNOTATED_SINGLE_METHOD,ATTACK_DEFAULT,172,5,,,0,1
3746,MUTANT_ANNOTATED_SINGLE_METHOD,ATTACK_DEPENDENCIES,172,5,1211,,0,1
3747,TEST_FULL_SUITE_PLUS_DEFAULT,DEFEND_ONE_FROM_MANY,173,6,,1590,0,1
3748,MUTANT_ANNOTATED_SINGLE_METHOD,ATTACK_DEFAULT,174,5,,,0,1
3749,MUTANT_ANNOTATED_SINGLE_METHOD,ATTACK_DEPENDENCIES,174,5,1214,,0,1
3750,TEST_FULL_SUITE_PLUS_DEFAULT,DEFEND_ONE_FROM_MANY,174,6,,1595,0,1
3751,TEST_FULL_SUITE_PLUS_DEFAULT,DEFEND_FOCUS,172,6,,1592,0,1
3752,TEST_FULL_SUITE_PLUS_DEFAULT,DEFEND_FOCUS,171,6,,1601,0,1
3753,MUTANT_ANNOTATED_SINGLE_METHOD,ATTACK_DEFAULT,172,5,,,0,1
3754,MUTANT_ANNOTATED_SINGLE_METHOD,ATTACK_DEPENDENCIES,172,5,1215,,0,1
3755,MUTANT_ANNOTATED_SINGLE_METHOD,ATTACK_DEFAULT,171,5,,,0,1
3756,MUTANT_ANNOTATED_SINGLE_METHOD,ATTACK_DEPENDENCIES,171,5,1216,,0,1
3757,MUTANT_ANNOTATED_SINGLE_METHOD,ATTACK_DEFAULT,173,5,,,0,1
3758,MUTANT_ANNOTATED_SINGLE_METHOD,ATTACK_DEPENDENCIES,173,5,1217,,0,1
3759,TEST_FULL_SUITE_PLUS_DEFAULT,DEFEND_ONE_FROM_MANY,173,6,,1594,0,1
3760,MUTANT_ANNOTATED_SINGLE_METHOD,ATTACK_DEFAULT,174,5,,,0,1
3761,MUTANT_ANNOTATED_SINGLE_METHOD,ATTACK_DEPENDENCIES,174,5,1218,,0,1
3762,TEST_FULL_SUITE_PLUS_DEFAULT,DEFEND_DEFAULT,171,6,,1597,0,1
3763,TEST_FULL_SUITE_PLUS_DEFAULT,DEFEND_FOCUS,172,6,,1596,0,1
3764,MUTANT_ANNOTATED_SINGLE_METHOD,ATTACK_EQUIVALENCE,172,5,,,0,1
3765,MUTANT_ANNOTATED_SINGLE_METHOD,ATTACK_DEFAULT,171,5,,,0,1
3766,MUTANT_ANNOTATED_SINGLE_METHOD,ATTACK_DEPENDENCIES,171,5,1219,,0,1
3767,MUTANT_ANNOTATED_SINGLE_METHOD,ATTACK_DEFAULT,173,5,,,0,1
3768,MUTANT_ANNOTATED_SINGLE_METHOD,ATTACK_DEPENDENCIES,173,5,1220,,0,1
3769,TEST_FULL_SUITE_PLUS_DEFAULT,DEFEND_ONE_FROM_MANY,173,6,,1599,0,1
3770,MUTANT_ANNOTATED_SINGLE_METHOD,ATTACK_DEFAULT,172,5,,,0,1
3771,MUTANT_ANNOTATED_SINGLE_METHOD,ATTACK_DEFAULT,174,5,,,0,1
3772,TEST_FULL_SUITE_PLUS_DEFAULT,DEFEND_ONE_FROM_MANY,174,6,,,0,1
3773,MUTANT_ANNOTATED_SINGLE_METHOD,ATTACK_DEPENDENCIES,172,5,1221,,0,1
3774,MUTANT_ANNOTATED_SINGLE_METHOD,ATTACK_DEPENDENCIES,174,5,1222,,0,1
3775,TEST_FULL_SUITE_PLUS_DEFAULT,DEFEND_ONE_FROM_MANY,174,6,,1600,0,1
3776,TEST_FULL_SUITE_PLUS_DEFAULT,DEFEND_DEFAULT,172,6,,1613,0,1
3777,MUTANT_ANNOTATED_SINGLE_METHOD,ATTACK_EQUIVALENCE,172,5,,,0,1
3778,MUTANT_ANNOTATED_SINGLE_METHOD,ATTACK_DEFAULT,171,5,,,0,1
3779,MUTANT_ANNOTATED_SINGLE_METHOD,ATTACK_DEPENDENCIES,171,5,1224,,0,1
3780,TEST_FULL_SUITE_PLUS_DEFAULT,DEFEND_ONE_FROM_MANY,173,6,,,0,0
3781,TEST_FULL_SUITE_PLUS_DEFAULT,DEFEND_ONE_FROM_MANY,174,6,,1607,0,1
3782,TEST_FULL_SUITE_PLUS_DEFAULT,DEFEND_FOCUS,171,6,,1605,0,1
3783,MUTANT_ANNOTATED_SINGLE_METHOD,ATTACK_DEFAULT,173,5,,,0,1
3784,MUTANT_ANNOTATED_SINGLE_METHOD,ATTACK_DEPENDENCIES,173,5,1226,,0,1
3785,MUTANT_ANNOTATED_SINGLE_METHOD,ATTACK_DEFAULT,172,5,,,0,1
3786,MUTANT_ANNOTATED_SINGLE_METHOD,ATTACK_DEPENDENCIES,172,5,1223,,0,1
3787,MUTANT_ANNOTATED_SINGLE_METHOD,ATTACK_DEFAULT,174,5,,,0,1
3788,MUTANT_ANNOTATED_SINGLE_METHOD,ATTACK_DEPENDENCIES,174,5,1225,,0,1
3789,TEST_FULL_SUITE_PLUS_DEFAULT,DEFEND_FOCUS,172,6,,,1,0
3790,TEST_FULL_SUITE_PLUS_DEFAULT,DEFEND_FOCUS,171,6,,1618,0,1
3791,MUTANT_ANNOTATED_SINGLE_METHOD,ATTACK_DEFAULT,172,5,,,0,1
3792,MUTANT_ANNOTATED_SINGLE_METHOD,ATTACK_DEPENDENCIES,172,5,1229,,0,1
3793,MUTANT_ANNOTATED_SINGLE_METHOD,ATTACK_DEFAULT,174,5,,,0,1
3794,MUTANT_ANNOTATED_SINGLE_METHOD,ATTACK_DEPENDENCIES,174,5,1227,,0,1
3795,MUTANT_ANNOTATED_SINGLE_METHOD,ATTACK_DEFAULT,171,5,,,0,1
3796,MUTANT_ANNOTATED_SINGLE_METHOD,ATTACK_DEPENDENCIES,171,5,1228,,0,1
3797,MUTANT_ANNOTATED_SINGLE_METHOD,ATTACK_DEFAULT,173,5,,,0,1
3798,MUTANT_ANNOTATED_SINGLE_METHOD,ATTACK_DEPENDENCIES,173,5,1231,,0,1
3799,TEST_FULL_SUITE_PLUS_DEFAULT,DEFEND_ONE_FROM_MANY,174,6,,,0,1
3800,TEST_FULL_SUITE_PLUS_DEFAULT,DEFEND_ONE_FROM_MANY,174,6,,1611,0,1
3801,MUTANT_ANNOTATED_SINGLE_METHOD,ATTACK_EQUIVALENCE,172,5,,,0,1
3802,MUTANT_ANNOTATED_SINGLE_METHOD,ATTACK_DEFAULT,174,5,,,0,1
3803,MUTANT_ANNOTATED_SINGLE_METHOD,ATTACK_DEPENDENCIES,174,5,1230,,0,1
3804,TEST_FULL_SUITE_PLUS_DEFAULT,DEFEND_ONE_FROM_MANY,174,6,,1628,0,1
3805,MUTANT_ANNOTATED_SINGLE_METHOD,ATTACK_DEFAULT,171,5,,,0,1
3806,TEST_FULL_SUITE_PLUS_DEFAULT,DEFEND_DEFAULT,172,6,,1617,0,1
3807,MUTANT_ANNOTATED_SINGLE_METHOD,ATTACK_DEPENDENCIES,171,5,1233,,0,1
3808,MUTANT_ANNOTATED_SINGLE_METHOD,ATTACK_DEFAULT,174,5,,,0,1
3809,MUTANT_ANNOTATED_SINGLE_METHOD,ATTACK_DEFAULT,172,5,,,0,1
3810,MUTANT_ANNOTATED_SINGLE_METHOD,ATTACK_DEPENDENCIES,174,5,1234,,0,1
3811,MUTANT_ANNOTATED_SINGLE_METHOD,ATTACK_DEPENDENCIES,172,5,1232,,0,1
3812,MUTANT_ANNOTATED_SINGLE_METHOD,ATTACK_DEFAULT,173,5,,,0,1
3813,MUTANT_ANNOTATED_SINGLE_METHOD,ATTACK_DEPENDENCIES,173,5,1235,,0,1
3814,TEST_FULL_SUITE_PLUS_DEFAULT,DEFEND_DEFAULT,172,6,,1625,0,1
3815,TEST_FULL_SUITE_PLUS_DEFAULT,DEFEND_FOCUS,171,6,,1626,0,1
3816,MUTANT_ANNOTATED_SINGLE_METHOD,ATTACK_DEFAULT,174,5,,,0,1
3817,MUTANT_ANNOTATED_SINGLE_METHOD,ATTACK_DEFAULT,172,5,,,0,1
3818,MUTANT_ANNOTATED_SINGLE_METHOD,ATTACK_DEPENDENCIES,172,5,,,1,0
3819,MUTANT_ANNOTATED_SINGLE_METHOD,ATTACK_DEPENDENCIES,174,5,1237,,0,1
3820,MUTANT_ANNOTATED_SINGLE_METHOD,ATTACK_DEFAULT,171,5,,,0,1
3821,MUTANT_ANNOTATED_SINGLE_METHOD,ATTACK_DEPENDENCIES,171,5,1236,,0,1
3822,TEST_FULL_SUITE_PLUS_DEFAULT,DEFEND_DEFAULT,173,6,,,0,1
3823,TEST_FULL_SUITE_PLUS_DEFAULT,DEFEND_ONE_FROM_MANY,173,6,,,0,1
3824,MUTANT_ANNOTATED_SINGLE_METHOD,ATTACK_DEFAULT,173,5,,,0,1
3825,MUTANT_ANNOTATED_SINGLE_METHOD,ATTACK_DEPENDENCIES,173,5,1239,,0,1
3826,TEST_FULL_SUITE_PLUS_DEFAULT,DEFEND_ONE_FROM_MANY,173,6,,1624,0,1
3827,TEST_FULL_SUITE_PLUS_DEFAULT,DEFEND_ONE_FROM_MANY,173,6,,1627,0,1
3828,MUTANT_ANNOTATED_SINGLE_METHOD,ATTACK_DEFAULT,174,5,,,0,1
3829,MUTANT_ANNOTATED_SINGLE_METHOD,ATTACK_DEPENDENCIES,174,5,1240,,0,1
3830,MUTANT_ANNOTATED_SINGLE_METHOD,ATTACK_DEFAULT,175,5,,,0,1
3831,TEST_FULL_SUITE_PLUS_DEFAULT,DEFEND_DEFAULT,175,6,,,0,1
3832,MUTANT_ANNOTATED_SINGLE_METHOD,ATTACK_DEPENDENCIES,175,5,1241,,0,1
3833,MUTANT_ANNOTATED_SINGLE_METHOD,ATTACK_DEFAULT,173,5,,,0,1
3834,MUTANT_ANNOTATED_SINGLE_METHOD,ATTACK_DEPENDENCIES,173,5,1243,,0,1
3835,TEST_FULL_SUITE_PLUS_DEFAULT,DEFEND_ONE_FROM_MANY,173,6,,1629,0,1
3836,TEST_FULL_SUITE_PLUS_DEFAULT,DEFEND_ONE_FROM_MANY,174,6,,,0,1
3837,MUTANT_ANNOTATED_SINGLE_METHOD,ATTACK_DEFAULT,174,5,,,0,1
3838,MUTANT_ANNOTATED_SINGLE_METHOD,ATTACK_DEPENDENCIES,174,5,1242,,0,1
3839,TEST_FULL_SUITE_PLUS_DEFAULT,DEFEND_ONE_FROM_MANY,175,6,,,0,1
3840,TEST_FULL_SUITE_PLUS_DEFAULT,DEFEND_ONE_FROM_MANY,174,6,,1630,0,1
3841,TEST_FULL_SUITE_PLUS_DEFAULT,DEFEND_ONE_FROM_MANY,175,6,,1631,0,1
3842,MUTANT_ANNOTATED_SINGLE_METHOD,ATTACK_DEFAULT,175,5,,,0,1
3843,MUTANT_ANNOTATED_SINGLE_METHOD,ATTACK_DEPENDENCIES,175,5,1244,,0,1
3844,TEST_FULL_SUITE_PLUS_DEFAULT,DEFEND_ONE_FROM_MANY,175,6,,1632,0,1
3845,TEST_FULL_SUITE_PLUS_DEFAULT,DEFEND_ONE_FROM_MANY,173,6,,1633,0,1
3846,MUTANT_ANNOTATED_SINGLE_METHOD,ATTACK_DEFAULT,174,5,,,0,1
3847,MUTANT_ANNOTATED_SINGLE_METHOD,ATTACK_DEPENDENCIES,174,5,1247,,0,1
3848,TEST_FULL_SUITE_PLUS_DEFAULT,DEFEND_ONE_FROM_MANY,174,6,,1637,0,1
3849,MUTANT_ANNOTATED_SINGLE_METHOD,ATTACK_DEFAULT,173,5,,,0,1
3850,MUTANT_ANNOTATED_SINGLE_METHOD,ATTACK_DEPENDENCIES,173,5,1245,,0,1
3851,MUTANT_ANNOTATED_SINGLE_METHOD,ATTACK_DEFAULT,175,5,,,0,1
3852,MUTANT_ANNOTATED_SINGLE_METHOD,ATTACK_DEPENDENCIES,175,5,1246,,0,1
3853,TEST_FULL_SUITE_PLUS_DEFAULT,DEFEND_ONE_FROM_MANY,175,6,,1638,0,1
3854,TEST_FULL_SUITE_PLUS_DEFAULT,DEFEND_ONE_FROM_MANY,173,6,,1636,0,1
3855,MUTANT_ANNOTATED_SINGLE_METHOD,ATTACK_DEFAULT,173,5,,,0,1
3856,MUTANT_ANNOTATED_SINGLE_METHOD,ATTACK_DEPENDENCIES,173,5,1248,,0,1
3857,TEST_FULL_SUITE_PLUS_DEFAULT,DEFEND_ONE_FROM_MANY,173,6,,1639,0,1
3858,MUTANT_ANNOTATED_SINGLE_METHOD,ATTACK_DEFAULT,175,5,,,0,1
3859,MUTANT_ANNOTATED_SINGLE_METHOD,ATTACK_DEPENDENCIES,175,5,1250,,0,1
3860,TEST_FULL_SUITE_PLUS_DEFAULT,DEFEND_ONE_FROM_MANY,174,6,,,0,1
3861,MUTANT_ANNOTATED_SINGLE_METHOD,ATTACK_DEFAULT,174,5,,,0,1
3862,MUTANT_ANNOTATED_SINGLE_METHOD,ATTACK_DEPENDENCIES,174,5,1249,,0,1
3863,TEST_FULL_SUITE_PLUS_DEFAULT,DEFEND_ONE_FROM_MANY,174,6,,1640,0,1
3864,TEST_FULL_SUITE_PLUS_DEFAULT,DEFEND_ONE_FROM_MANY,175,6,,,0,1
3865,TEST_FULL_SUITE_PLUS_DEFAULT,DEFEND_ONE_FROM_MANY,175,6,,1644,0,1
3866,MUTANT_ANNOTATED_SINGLE_METHOD,ATTACK_DEFAULT,173,5,,,0,1
3867,MUTANT_ANNOTATED_SINGLE_METHOD,ATTACK_DEPENDENCIES,173,5,1252,,0,1
3868,TEST_FULL_SUITE_PLUS_DEFAULT,DEFEND_ONE_FROM_MANY,173,6,,1642,0,1
3869,MUTANT_ANNOTATED_SINGLE_METHOD,ATTACK_DEFAULT,174,5,,,0,1
3870,TEST_FULL_SUITE_PLUS_DEFAULT,DEFEND_ONE_FROM_MANY,174,6,,1646,0,1
3871,MUTANT_ANNOTATED_SINGLE_METHOD,ATTACK_DEPENDENCIES,174,5,1251,,0,1
3872,MUTANT_ANNOTATED_SINGLE_METHOD,ATTACK_DEFAULT,175,5,,,0,1
3873,MUTANT_ANNOTATED_SINGLE_METHOD,ATTACK_DEPENDENCIES,175,5,1253,,0,1
3874,TEST_FULL_SUITE_PLUS_DEFAULT,DEFEND_ONE_FROM_MANY,173,6,,1645,0,1
3875,MUTANT_ANNOTATED_SINGLE_METHOD,ATTACK_DEFAULT,174,5,,,0,1
3876,MUTANT_ANNOTATED_SINGLE_METHOD,ATTACK_DEPENDENCIES,174,5,1254,,0,1
3877,MUTANT_ANNOTATED_SINGLE_METHOD,ATTACK_DEFAULT,173,5,,,0,1
3878,MUTANT_ANNOTATED_SINGLE_METHOD,ATTACK_DEPENDENCIES,173,5,1255,,0,1
3879,MUTANT_ANNOTATED_SINGLE_METHOD,ATTACK_DEFAULT,175,5,,,0,1
3880,TEST_FULL_SUITE_PLUS_DEFAULT,DEFEND_ONE_FROM_MANY,175,6,,,0,1
3881,MUTANT_ANNOTATED_SINGLE_METHOD,ATTACK_DEPENDENCIES,175,5,1256,,0,1
3882,TEST_FULL_SUITE_PLUS_DEFAULT,DEFEND_ONE_FROM_MANY,175,6,,1650,0,1
3883,TEST_FULL_SUITE_PLUS_DEFAULT,DEFEND_ONE_FROM_MANY,173,6,,1648,0,1
3884,TEST_FULL_SUITE_PLUS_DEFAULT,DEFEND_ONE_FROM_MANY,174,6,,,0,1
3885,MUTANT_ANNOTATED_SINGLE_METHOD,ATTACK_DEFAULT,174,5,,,0,1
3886,MUTANT_ANNOTATED_SINGLE_METHOD,ATTACK_DEPENDENCIES,174,5,1257,,0,1
3887,TEST_FULL_SUITE_PLUS_DEFAULT,DEFEND_ONE_FROM_MANY,174,6,,1649,0,1
3888,MUTANT_ANNOTATED_SINGLE_METHOD,ATTACK_DEFAULT,173,5,,,0,1
3889,MUTANT_ANNOTATED_SINGLE_METHOD,ATTACK_DEPENDENCIES,173,5,1258,,0,1
3890,MUTANT_ANNOTATED_SINGLE_METHOD,ATTACK_DEFAULT,175,5,,,0,1
3891,MUTANT_ANNOTATED_SINGLE_METHOD,ATTACK_DEPENDENCIES,175,5,1259,,0,1
3892,TEST_FULL_SUITE_PLUS_DEFAULT,DEFEND_ONE_FROM_MANY,173,6,,1651,0,1
3893,TEST_FULL_SUITE_PLUS_DEFAULT,DEFEND_ONE_FROM_MANY,174,6,,1662,0,1
3894,TEST_FULL_SUITE_PLUS_DEFAULT,DEFEND_ONE_FROM_MANY,175,6,,,0,1
3895,TEST_FULL_SUITE_PLUS_DEFAULT,DEFEND_ONE_FROM_MANY,175,6,,1655,0,1
3896,MUTANT_ANNOTATED_SINGLE_METHOD,ATTACK_DEFAULT,174,5,,,0,1
3897,MUTANT_ANNOTATED_SINGLE_METHOD,ATTACK_DEPENDENCIES,174,5,1260,,0,1
3898,MUTANT_ANNOTATED_SINGLE_METHOD,ATTACK_DEFAULT,173,5,,,0,1
3899,MUTANT_ANNOTATED_SINGLE_METHOD,ATTACK_DEPENDENCIES,173,5,1261,,0,1
3900,TEST_FULL_SUITE_PLUS_DEFAULT,DEFEND_ONE_FROM_MANY,173,6,,1654,0,1
3901,MUTANT_ANNOTATED_SINGLE_METHOD,ATTACK_DEFAULT,175,5,,,0,1
3902,MUTANT_ANNOTATED_SINGLE_METHOD,ATTACK_DEPENDENCIES,175,5,1262,,0,1
3903,MUTANT_ANNOTATED_SINGLE_METHOD,ATTACK_DEFAULT,174,5,,,0,1
3904,MUTANT_ANNOTATED_SINGLE_METHOD,ATTACK_DEPENDENCIES,174,5,1264,,0,1
3905,MUTANT_ANNOTATED_SINGLE_METHOD,ATTACK_DEFAULT,173,5,,,0,1
3906,MUTANT_ANNOTATED_SINGLE_METHOD,ATTACK_DEPENDENCIES,173,5,1265,,0,1
3907,TEST_FULL_SUITE_PLUS_DEFAULT,DEFEND_ONE_FROM_MANY,173,6,,1656,0,1
3908,MUTANT_ANNOTATED_SINGLE_METHOD,ATTACK_DEFAULT,175,5,,,0,1
3909,MUTANT_ANNOTATED_SINGLE_METHOD,ATTACK_DEPENDENCIES,175,5,1263,,0,1
3910,TEST_FULL_SUITE_PLUS_DEFAULT,DEFEND_ONE_FROM_MANY,175,6,,,0,1
3911,TEST_FULL_SUITE_PLUS_DEFAULT,DEFEND_ONE_FROM_MANY,175,6,,1660,0,1
3912,TEST_FULL_SUITE_PLUS_DEFAULT,DEFEND_ONE_FROM_MANY,173,6,,1659,0,1
3913,MUTANT_ANNOTATED_SINGLE_METHOD,ATTACK_DEFAULT,175,5,,,0,1
3914,MUTANT_ANNOTATED_SINGLE_METHOD,ATTACK_DEPENDENCIES,175,5,1266,,0,1
3915,MUTANT_ANNOTATED_SINGLE_METHOD,ATTACK_DEFAULT,174,5,,,0,1
3916,MUTANT_ANNOTATED_SINGLE_METHOD,ATTACK_DEPENDENCIES,174,5,1267,,0,1
3917,MUTANT_ANNOTATED_SINGLE_METHOD,ATTACK_DEFAULT,173,5,,,0,1
3918,MUTANT_ANNOTATED_SINGLE_METHOD,ATTACK_DEPENDENCIES,173,5,1270,,0,1
3919,TEST_FULL_SUITE_PLUS_DEFAULT,DEFEND_ONE_FROM_MANY,173,6,,1661,0,1
3920,MUTANT_ANNOTATED_SINGLE_METHOD,ATTACK_DEFAULT,175,5,,,0,1
3921,MUTANT_ANNOTATED_SINGLE_METHOD,ATTACK_DEPENDENCIES,175,5,1268,,0,1
3922,TEST_FULL_SUITE_PLUS_DEFAULT,DEFEND_ONE_FROM_MANY,175,6,,,0,1
3923,TEST_FULL_SUITE_PLUS_DEFAULT,DEFEND_ONE_FROM_MANY,175,6,,1666,0,1
3924,MUTANT_ANNOTATED_SINGLE_METHOD,ATTACK_DEFAULT,174,5,,,0,1
3925,MUTANT_ANNOTATED_SINGLE_METHOD,ATTACK_DEPENDENCIES,174,5,1272,,0,1
3926,TEST_FULL_SUITE_PLUS_DEFAULT,DEFEND_ONE_FROM_MANY,173,6,,1664,0,1
3927,MUTANT_ANNOTATED_SINGLE_METHOD,ATTACK_DEFAULT,175,5,,,0,1
3928,MUTANT_ANNOTATED_SINGLE_METHOD,ATTACK_DEPENDENCIES,175,5,1269,,0,1
3929,TEST_FULL_SUITE_PLUS_DEFAULT,DEFEND_ONE_FROM_MANY,174,6,,,0,1
3930,TEST_FULL_SUITE_PLUS_DEFAULT,DEFEND_ONE_FROM_MANY,174,6,,1668,0,1
3931,TEST_FULL_SUITE_PLUS_DEFAULT,DEFEND_ONE_FROM_MANY,173,6,,1667,0,1
3932,MUTANT_ANNOTATED_SINGLE_METHOD,ATTACK_DEFAULT,175,5,,,0,1
3933,MUTANT_ANNOTATED_SINGLE_METHOD,ATTACK_DEPENDENCIES,175,5,1273,,0,1
3934,MUTANT_ANNOTATED_SINGLE_METHOD,ATTACK_DEFAULT,173,5,,,0,1
3935,MUTANT_ANNOTATED_SINGLE_METHOD,ATTACK_DEPENDENCIES,173,5,1271,,0,1
3936,TEST_FULL_SUITE_PLUS_DEFAULT,DEFEND_ONE_FROM_MANY,175,6,,,0,1
3937,TEST_FULL_SUITE_PLUS_DEFAULT,DEFEND_ONE_FROM_MANY,175,6,,1672,0,1
3938,TEST_FULL_SUITE_PLUS_DEFAULT,DEFEND_ONE_FROM_MANY,173,6,,1670,0,1
3939,MUTANT_ANNOTATED_SINGLE_METHOD,ATTACK_DEFAULT,175,5,,,0,1
3940,MUTANT_ANNOTATED_SINGLE_METHOD,ATTACK_DEPENDENCIES,175,5,1276,,0,1
3941,TEST_FULL_SUITE_PLUS_DEFAULT,DEFEND_ONE_FROM_MANY,174,6,,,0,1
3942,TEST_FULL_SUITE_PLUS_DEFAULT,DEFEND_ONE_FROM_MANY,174,6,,1674,0,1
3943,MUTANT_ANNOTATED_SINGLE_METHOD,ATTACK_DEFAULT,174,5,,,0,1
3944,MUTANT_ANNOTATED_SINGLE_METHOD,ATTACK_DEPENDENCIES,174,5,1274,,0,1
3945,MUTANT_ANNOTATED_SINGLE_METHOD,ATTACK_DEFAULT,173,5,,,0,1
3946,MUTANT_ANNOTATED_SINGLE_METHOD,ATTACK_DEPENDENCIES,173,5,1275,,0,1
3947,TEST_FULL_SUITE_PLUS_DEFAULT,DEFEND_ONE_FROM_MANY,173,6,,1673,0,1
3948,MUTANT_ANNOTATED_SINGLE_METHOD,ATTACK_DEFAULT,174,5,,,0,1
3949,MUTANT_ANNOTATED_SINGLE_METHOD,ATTACK_DEPENDENCIES,174,5,1279,,0,1
3950,TEST_FULL_SUITE_PLUS_DEFAULT,DEFEND_ONE_FROM_MANY,175,6,,,0,1
3951,TEST_FULL_SUITE_PLUS_DEFAULT,DEFEND_ONE_FROM_MANY,175,6,,1678,0,1
3952,MUTANT_ANNOTATED_SINGLE_METHOD,ATTACK_DEFAULT,173,5,,,0,1
3953,MUTANT_ANNOTATED_SINGLE_METHOD,ATTACK_DEPENDENCIES,173,5,1277,,0,1
3954,TEST_FULL_SUITE_PLUS_DEFAULT,DEFEND_ONE_FROM_MANY,173,6,,1676,0,1
3955,MUTANT_ANNOTATED_SINGLE_METHOD,ATTACK_DEFAULT,175,5,,,0,1
3956,MUTANT_ANNOTATED_SINGLE_METHOD,ATTACK_DEPENDENCIES,175,5,1278,,0,1
3957,TEST_FULL_SUITE_PLUS_DEFAULT,DEFEND_ONE_FROM_MANY,174,6,,,0,1
3958,TEST_FULL_SUITE_PLUS_DEFAULT,DEFEND_ONE_FROM_MANY,174,6,,1677,0,1
3959,MUTANT_ANNOTATED_SINGLE_METHOD,ATTACK_DEFAULT,173,5,,,0,1
3960,MUTANT_ANNOTATED_SINGLE_METHOD,ATTACK_DEPENDENCIES,173,5,1281,,0,1
3961,TEST_FULL_SUITE_PLUS_DEFAULT,DEFEND_ONE_FROM_MANY,173,6,,1679,0,1
3962,MUTANT_ANNOTATED_SINGLE_METHOD,ATTACK_DEFAULT,175,5,,,0,1
3963,MUTANT_ANNOTATED_SINGLE_METHOD,ATTACK_DEPENDENCIES,175,5,1280,,0,1
3964,TEST_FULL_SUITE_PLUS_DEFAULT,DEFEND_ONE_FROM_MANY,174,6,,1683,0,1
3965,MUTANT_ANNOTATED_SINGLE_METHOD,ATTACK_DEFAULT,174,5,,,0,1
3966,MUTANT_ANNOTATED_SINGLE_METHOD,ATTACK_DEPENDENCIES,174,5,1282,,0,1
3967,TEST_FULL_SUITE_PLUS_DEFAULT,DEFEND_ONE_FROM_MANY,175,6,,,0,1
3968,TEST_FULL_SUITE_PLUS_DEFAULT,DEFEND_ONE_FROM_MANY,175,6,,1684,0,1
3969,TEST_FULL_SUITE_PLUS_DEFAULT,DEFEND_ONE_FROM_MANY,173,6,,1682,0,1
3970,MUTANT_ANNOTATED_SINGLE_METHOD,ATTACK_DEFAULT,175,5,,,0,1
3971,MUTANT_ANNOTATED_SINGLE_METHOD,ATTACK_DEPENDENCIES,175,5,1283,,0,1
3972,MUTANT_ANNOTATED_SINGLE_METHOD,ATTACK_DEFAULT,173,5,,,0,1
3973,MUTANT_ANNOTATED_SINGLE_METHOD,ATTACK_DEPENDENCIES,173,5,,,0,0
3974,TEST_FULL_SUITE_PLUS_DEFAULT,DEFEND_ONE_FROM_MANY,173,6,,1685,0,1
3975,TEST_FULL_SUITE_PLUS_DEFAULT,DEFEND_ONE_FROM_MANY,174,6,,,0,1
3976,TEST_FULL_SUITE_PLUS_DEFAULT,DEFEND_ONE_FROM_MANY,174,6,,1689,0,1
3977,MUTANT_ANNOTATED_SINGLE_METHOD,ATTACK_DEFAULT,174,5,,,0,1
3978,MUTANT_ANNOTATED_SINGLE_METHOD,ATTACK_DEPENDENCIES,174,5,1285,,0,1
3979,TEST_FULL_SUITE_PLUS_DEFAULT,DEFEND_ONE_FROM_MANY,175,6,,,0,1
3980,TEST_FULL_SUITE_PLUS_DEFAULT,DEFEND_ONE_FROM_MANY,175,6,,1693,0,1
3981,MUTANT_ANNOTATED_SINGLE_METHOD,ATTACK_DEFAULT,175,5,,,0,1
3982,MUTANT_ANNOTATED_SINGLE_METHOD,ATTACK_DEPENDENCIES,175,5,1284,,0,1
3983,TEST_FULL_SUITE_PLUS_DEFAULT,DEFEND_ONE_FROM_MANY,173,6,,1688,0,1
3984,MUTANT_ANNOTATED_SINGLE_METHOD,ATTACK_DEFAULT,175,5,,,0,1
3985,MUTANT_ANNOTATED_SINGLE_METHOD,ATTACK_DEPENDENCIES,175,5,1286,,0,1
3986,MUTANT_ANNOTATED_SINGLE_METHOD,ATTACK_DEFAULT,174,5,,,0,1
3987,MUTANT_ANNOTATED_SINGLE_METHOD,ATTACK_DEPENDENCIES,174,5,1287,,0,1
3988,TEST_FULL_SUITE_PLUS_DEFAULT,DEFEND_ONE_FROM_MANY,173,6,,1691,0,1
3989,TEST_FULL_SUITE_PLUS_DEFAULT,DEFEND_ONE_FROM_MANY,174,6,,,0,1
3990,TEST_FULL_SUITE_PLUS_DEFAULT,DEFEND_ONE_FROM_MANY,174,6,,1692,0,1
3991,MUTANT_ANNOTATED_SINGLE_METHOD,ATTACK_DEPENDENCIES,173,5,1288,,0,1
3992,MUTANT_ANNOTATED_SINGLE_METHOD,ATTACK_DEFAULT,175,5,,,0,1
3993,MUTANT_ANNOTATED_SINGLE_METHOD,ATTACK_DEPENDENCIES,175,5,1289,,0,1
3994,MUTANT_ANNOTATED_SINGLE_METHOD,ATTACK_DEFAULT,174,5,,,0,1
3995,MUTANT_ANNOTATED_SINGLE_METHOD,ATTACK_DEPENDENCIES,174,5,1290,,0,1
3996,TEST_FULL_SUITE_PLUS_DEFAULT,DEFEND_ONE_FROM_MANY,173,6,,1694,0,1
3997,TEST_FULL_SUITE_PLUS_DEFAULT,DEFEND_ONE_FROM_MANY,174,6,,,1,0
3998,MUTANT_ANNOTATED_SINGLE_METHOD,ATTACK_DEFAULT,173,5,,,0,1
3999,MUTANT_ANNOTATED_SINGLE_METHOD,ATTACK_DEPENDENCIES,173,5,1291,,0,1
4000,TEST_FULL_SUITE_PLUS_DEFAULT,DEFEND_ONE_FROM_MANY,175,6,,,0,1
4001,TEST_FULL_SUITE_PLUS_DEFAULT,DEFEND_ONE_FROM_MANY,175,6,,1699,0,1
4002,MUTANT_ANNOTATED_SINGLE_METHOD,ATTACK_DEFAULT,175,5,,,0,1
4003,TEST_FULL_SUITE_PLUS_DEFAULT,DEFEND_ONE_FROM_MANY,173,6,,1697,0,1
4004,MUTANT_ANNOTATED_SINGLE_METHOD,ATTACK_DEPENDENCIES,175,5,1292,,0,1
4005,TEST_FULL_SUITE_PLUS_DEFAULT,DEFEND_FOCUS,174,6,,1701,0,1
4006,MUTANT_ANNOTATED_SINGLE_METHOD,ATTACK_DEFAULT,174,5,,,0,1
4007,MUTANT_ANNOTATED_SINGLE_METHOD,ATTACK_DEPENDENCIES,174,5,1294,,0,1
4008,MUTANT_ANNOTATED_SINGLE_METHOD,ATTACK_DEFAULT,173,5,,,0,1
4009,MUTANT_ANNOTATED_SINGLE_METHOD,ATTACK_DEPENDENCIES,173,5,1293,,0,1
4010,MUTANT_ANNOTATED_SINGLE_METHOD,ATTACK_DEFAULT,175,5,,,0,1
4011,TEST_FULL_SUITE_PLUS_DEFAULT,DEFEND_ONE_FROM_MANY,173,6,,1700,0,1
4012,MUTANT_ANNOTATED_SINGLE_METHOD,ATTACK_DEPENDENCIES,175,5,1295,,0,1
4013,TEST_FULL_SUITE_PLUS_DEFAULT,DEFEND_ONE_FROM_MANY,175,6,,,0,1
4014,TEST_FULL_SUITE_PLUS_DEFAULT,DEFEND_ONE_FROM_MANY,175,6,,1710,0,1
4015,MUTANT_ANNOTATED_SINGLE_METHOD,ATTACK_DEFAULT,174,5,,,0,1
4016,MUTANT_ANNOTATED_SINGLE_METHOD,ATTACK_DEPENDENCIES,174,5,1297,,0,1
4017,MUTANT_ANNOTATED_SINGLE_METHOD,ATTACK_DEFAULT,173,5,,,0,1
4018,MUTANT_ANNOTATED_SINGLE_METHOD,ATTACK_DEPENDENCIES,173,5,1299,,0,1
4019,TEST_FULL_SUITE_PLUS_DEFAULT,DEFEND_ONE_FROM_MANY,173,6,,1703,0,1
4020,MUTANT_ANNOTATED_SINGLE_METHOD,ATTACK_DEFAULT,175,5,,,0,1
4021,MUTANT_ANNOTATED_SINGLE_METHOD,ATTACK_DEPENDENCIES,175,5,1296,,0,1
4022,TEST_FULL_SUITE_PLUS_DEFAULT,DEFEND_FOCUS,174,6,,1704,0,1
4023,TEST_FULL_SUITE_PLUS_DEFAULT,DEFEND_ONE_FROM_MANY,173,6,,1705,0,1
4024,MUTANT_ANNOTATED_SINGLE_METHOD,ATTACK_DEFAULT,175,5,,,0,1
4025,MUTANT_ANNOTATED_SINGLE_METHOD,ATTACK_DEPENDENCIES,175,5,1298,,0,1
4026,TEST_FULL_SUITE_PLUS_DEFAULT,DEFEND_FOCUS,174,6,,1709,0,1
4027,MUTANT_ANNOTATED_SINGLE_METHOD,ATTACK_DEFAULT,174,5,,,0,1
4028,MUTANT_ANNOTATED_SINGLE_METHOD,ATTACK_DEPENDENCIES,174,5,1300,,0,1
4029,TEST_FULL_SUITE_PLUS_DEFAULT,DEFEND_ONE_FROM_MANY,173,6,,1708,0,1
4030,MUTANT_ANNOTATED_SINGLE_METHOD,ATTACK_DEFAULT,175,5,,,0,1
4031,MUTANT_ANNOTATED_SINGLE_METHOD,ATTACK_DEPENDENCIES,175,5,1302,,0,1
4032,MUTANT_ANNOTATED_SINGLE_METHOD,ATTACK_DEFAULT,173,5,,,0,1
4033,MUTANT_ANNOTATED_SINGLE_METHOD,ATTACK_DEPENDENCIES,173,5,1301,,0,1
4034,MUTANT_ANNOTATED_SINGLE_METHOD,ATTACK_DEFAULT,174,5,,,0,1
4035,MUTANT_ANNOTATED_SINGLE_METHOD,ATTACK_DEPENDENCIES,174,5,1303,,0,1
4036,TEST_FULL_SUITE_PLUS_DEFAULT,DEFEND_ONE_FROM_MANY,173,6,,1711,0,1
4037,TEST_FULL_SUITE_PLUS_DEFAULT,DEFEND_FOCUS,174,6,,1712,0,1
4038,MUTANT_ANNOTATED_SINGLE_METHOD,ATTACK_DEFAULT,173,5,,,0,1
4039,MUTANT_ANNOTATED_SINGLE_METHOD,ATTACK_DEPENDENCIES,173,5,,,0,0
4040,TEST_FULL_SUITE_PLUS_DEFAULT,DEFEND_ONE_FROM_MANY,175,6,,,0,1
4041,TEST_FULL_SUITE_PLUS_DEFAULT,DEFEND_ONE_FROM_MANY,175,6,,1716,0,1
4042,MUTANT_ANNOTATED_SINGLE_METHOD,ATTACK_DEFAULT,175,5,,,0,1
4043,MUTANT_ANNOTATED_SINGLE_METHOD,ATTACK_DEPENDENCIES,175,5,1304,,0,1
4044,TEST_FULL_SUITE_PLUS_DEFAULT,DEFEND_FOCUS,173,6,,1714,0,1
4045,TEST_FULL_SUITE_PLUS_DEFAULT,DEFEND_FOCUS,174,6,,1715,0,1
4046,MUTANT_ANNOTATED_SINGLE_METHOD,ATTACK_DEFAULT,174,5,,,0,1
4047,MUTANT_ANNOTATED_SINGLE_METHOD,ATTACK_DEPENDENCIES,174,5,1305,,0,1
4048,MUTANT_ANNOTATED_SINGLE_METHOD,ATTACK_DEFAULT,175,5,,,0,1
4049,MUTANT_ANNOTATED_SINGLE_METHOD,ATTACK_DEPENDENCIES,175,5,1306,,0,1
4050,TEST_FULL_SUITE_PLUS_DEFAULT,DEFEND_FOCUS,173,6,,1717,0,1
4051,TEST_FULL_SUITE_PLUS_DEFAULT,DEFEND_DEFAULT,174,6,,1718,0,1
4052,TEST_FULL_SUITE_PLUS_DEFAULT,DEFEND_ONE_FROM_MANY,175,6,,,0,1
4053,MUTANT_ANNOTATED_SINGLE_METHOD,ATTACK_EQUIVALENCE,174,5,,,0,1
4054,MUTANT_ANNOTATED_SINGLE_METHOD,ATTACK_DEPENDENCIES,173,5,1307,,0,1
4055,TEST_FULL_SUITE_PLUS_DEFAULT,DEFEND_ONE_FROM_MANY,175,6,,1730,0,1
4056,TEST_FULL_SUITE_PLUS_DEFAULT,DEFEND_FOCUS,173,6,,1721,0,1
4057,TEST_FULL_SUITE_PLUS_DEFAULT,DEFEND_DEFAULT,174,6,,1729,0,1
4058,MUTANT_ANNOTATED_SINGLE_METHOD,ATTACK_DEFAULT,175,5,,,0,1
4059,MUTANT_ANNOTATED_SINGLE_METHOD,ATTACK_DEPENDENCIES,175,5,1308,,0,1
4060,MUTANT_ANNOTATED_SINGLE_METHOD,ATTACK_DEFAULT,173,5,,,0,1
4061,MUTANT_ANNOTATED_SINGLE_METHOD,ATTACK_DEPENDENCIES,173,5,1309,,0,1
4062,MUTANT_ANNOTATED_SINGLE_METHOD,ATTACK_EQUIVALENCE,174,5,,,0,1
4063,MUTANT_ANNOTATED_SINGLE_METHOD,ATTACK_EQUIVALENCE,174,5,,,0,1
4064,TEST_FULL_SUITE_PLUS_DEFAULT,DEFEND_DEFAULT,173,6,,1738,0,1
4065,MUTANT_ANNOTATED_SINGLE_METHOD,ATTACK_DEFAULT,175,5,,,0,1
4066,MUTANT_ANNOTATED_SINGLE_METHOD,ATTACK_DEPENDENCIES,175,5,1310,,0,1
4067,MUTANT_ANNOTATED_SINGLE_METHOD,ATTACK_EQUIVALENCE,174,5,,,0,1
4068,MUTANT_ANNOTATED_SINGLE_METHOD,ATTACK_DEFAULT,173,5,,,0,1
4069,MUTANT_ANNOTATED_SINGLE_METHOD,ATTACK_DEPENDENCIES,173,5,1311,,0,1
4070,MUTANT_ANNOTATED_SINGLE_METHOD,ATTACK_EQUIVALENCE,174,5,,,0,1
4071,MUTANT_ANNOTATED_SINGLE_METHOD,ATTACK_DEFAULT,175,5,,,0,1
4072,MUTANT_ANNOTATED_SINGLE_METHOD,ATTACK_DEPENDENCIES,175,5,1313,,0,1
4073,MUTANT_ANNOTATED_SINGLE_METHOD,ATTACK_EQUIVALENCE,174,5,,,0,1
4074,MUTANT_ANNOTATED_SINGLE_METHOD,ATTACK_DEFAULT,173,5,,,0,1
4075,MUTANT_ANNOTATED_SINGLE_METHOD,ATTACK_DEPENDENCIES,173,5,1312,,0,1
4076,TEST_FULL_SUITE_PLUS_DEFAULT,DEFEND_DEFAULT,174,6,,1737,0,1
4077,MUTANT_ANNOTATED_SINGLE_METHOD,ATTACK_EQUIVALENCE,174,5,,,0,1
4078,TEST_FULL_SUITE_PLUS_DEFAULT,DEFEND_ONE_FROM_MANY,175,6,,,0,1
4079,TEST_FULL_SUITE_PLUS_DEFAULT,DEFEND_FOCUS,173,6,,1744,0,1
4080,TEST_FULL_SUITE_PLUS_DEFAULT,DEFEND_ONE_FROM_MANY,175,6,,1740,0,1
4081,MUTANT_ANNOTATED_SINGLE_METHOD,ATTACK_EQUIVALENCE,174,5,,,0,1
4082,MUTANT_ANNOTATED_SINGLE_METHOD,ATTACK_DEFAULT,173,5,,,0,1
4083,MUTANT_ANNOTATED_SINGLE_METHOD,ATTACK_DEPENDENCIES,173,5,1315,,0,1
4084,MUTANT_ANNOTATED_SINGLE_METHOD,ATTACK_DEFAULT,175,5,,,0,1
4085,MUTANT_ANNOTATED_SINGLE_METHOD,ATTACK_DEFAULT,174,5,,,0,1
4086,MUTANT_ANNOTATED_SINGLE_METHOD,ATTACK_DEPENDENCIES,175,5,1316,,0,1
4087,MUTANT_ANNOTATED_SINGLE_METHOD,ATTACK_DEPENDENCIES,174,5,1314,,0,1
4088,MUTANT_ANNOTATED_SINGLE_METHOD,ATTACK_EQUIVALENCE,173,5,,,0,1
4089,TEST_FULL_SUITE_PLUS_DEFAULT,DEFEND_FOCUS,174,6,,,1,0
4090,MUTANT_ANNOTATED_SINGLE_METHOD,ATTACK_DEFAULT,173,5,,,0,1
4091,MUTANT_ANNOTATED_SINGLE_METHOD,ATTACK_DEPENDENCIES,173,5,1317,,0,1
4092,MUTANT_ANNOTATED_SINGLE_METHOD,ATTACK_DEFAULT,174,5,,,0,1
4093,MUTANT_ANNOTATED_SINGLE_METHOD,ATTACK_DEPENDENCIES,174,5,1319,,0,1
4094,TEST_FULL_SUITE_PLUS_DEFAULT,DEFEND_DEFAULT,173,6,,,0,0
4095,MUTANT_ANNOTATED_SINGLE_METHOD,ATTACK_DEFAULT,175,5,,,0,1
4096,MUTANT_ANNOTATED_SINGLE_METHOD,ATTACK_DEPENDENCIES,175,5,1318,,0,1
4097,TEST_FULL_SUITE_PLUS_DEFAULT,DEFEND_DEFAULT,174,6,,1745,0,1
4098,MUTANT_ANNOTATED_SINGLE_METHOD,ATTACK_EQUIVALENCE,174,5,,,0,1
4099,TEST_FULL_SUITE_PLUS_DEFAULT,DEFEND_ONE_FROM_MANY,175,6,,,0,1
4100,TEST_FULL_SUITE_PLUS_DEFAULT,DEFEND_ONE_FROM_MANY,175,6,,1746,0,1
4101,MUTANT_ANNOTATED_SINGLE_METHOD,ATTACK_DEFAULT,173,5,,,0,1
4102,MUTANT_ANNOTATED_SINGLE_METHOD,ATTACK_DEFAULT,175,5,,,0,1
4103,MUTANT_ANNOTATED_SINGLE_METHOD,ATTACK_DEPENDENCIES,173,5,1321,,0,1
4104,MUTANT_ANNOTATED_SINGLE_METHOD,ATTACK_DEPENDENCIES,175,5,1320,,0,1
4105,MUTANT_ANNOTATED_SINGLE_METHOD,ATTACK_DEFAULT,174,5,,,0,1
4106,MUTANT_ANNOTATED_SINGLE_METHOD,ATTACK_DEPENDENCIES,174,5,,,0,0
4107,MUTANT_ANNOTATED_SINGLE_METHOD,ATTACK_EQUIVALENCE,173,5,,,0,1
4108,TEST_FULL_SUITE_PLUS_DEFAULT,DEFEND_DEFAULT,174,6,,,0,0
4109,TEST_FULL_SUITE_PLUS_DEFAULT,DEFEND_ONE_FROM_MANY,175,6,,,0,1
4110,TEST_FULL_SUITE_PLUS_DEFAULT,DEFEND_ONE_FROM_MANY,175,6,,1750,0,1
4111,MUTANT_ANNOTATED_SINGLE_METHOD,ATTACK_DEFAULT,175,5,,,0,1
4112,MUTANT_ANNOTATED_SINGLE_METHOD,ATTACK_DEPENDENCIES,175,5,1322,,0,1
4113,MUTANT_ANNOTATED_SINGLE_METHOD,ATTACK_DEFAULT,173,5,,,0,1
4114,MUTANT_ANNOTATED_SINGLE_METHOD,ATTACK_DEPENDENCIES,173,5,1323,,0,1
4115,MUTANT_ANNOTATED_SINGLE_METHOD,ATTACK_DEFAULT,175,5,,,0,1
4116,MUTANT_ANNOTATED_SINGLE_METHOD,ATTACK_DEPENDENCIES,175,5,1326,,0,1
4117,MUTANT_ANNOTATED_SINGLE_METHOD,ATTACK_DEPENDENCIES,174,5,1324,,0,1
4118,MUTANT_ANNOTATED_SINGLE_METHOD,ATTACK_DEFAULT,173,5,,,0,1
4119,TEST_FULL_SUITE_PLUS_DEFAULT,DEFEND_ONE_FROM_MANY,175,6,,,0,1
4120,MUTANT_ANNOTATED_SINGLE_METHOD,ATTACK_DEPENDENCIES,173,5,1327,,0,1
4121,MUTANT_ANNOTATED_SINGLE_METHOD,ATTACK_DEFAULT,174,5,,,0,1
4122,MUTANT_ANNOTATED_SINGLE_METHOD,ATTACK_DEPENDENCIES,174,5,1325,,0,1
4123,TEST_FULL_SUITE_PLUS_DEFAULT,DEFEND_ONE_FROM_MANY,175,6,,1754,0,1
4124,TEST_FULL_SUITE_PLUS_DEFAULT,DEFEND_DEFAULT,173,6,,1752,0,1
4125,MUTANT_ANNOTATED_SINGLE_METHOD,ATTACK_DEFAULT,174,5,,,0,1
4126,TEST_FULL_SUITE_PLUS_DEFAULT,DEFEND_DEFAULT,173,6,,1755,0,1
4127,MUTANT_ANNOTATED_SINGLE_METHOD,ATTACK_DEPENDENCIES,174,5,1328,,0,1
4128,MUTANT_ANNOTATED_SINGLE_METHOD,ATTACK_DEFAULT,175,5,,,0,1
4129,MUTANT_ANNOTATED_SINGLE_METHOD,ATTACK_DEPENDENCIES,175,5,1330,,0,1
4130,TEST_FULL_SUITE_PLUS_DEFAULT,DEFEND_DEFAULT,174,6,,,1,0
4131,MUTANT_ANNOTATED_SINGLE_METHOD,ATTACK_DEFAULT,176,5,,,0,1
4132,TEST_FULL_SUITE_PLUS_DEFAULT,DEFEND_DEFAULT,176,6,,,0,1
4133,MUTANT_ANNOTATED_SINGLE_METHOD,ATTACK_DEPENDENCIES,176,5,1329,,0,1
4134,TEST_FULL_SUITE_PLUS_DEFAULT,DEFEND_ONE_FROM_MANY,175,6,,,0,1
4135,TEST_FULL_SUITE_PLUS_DEFAULT,DEFEND_ONE_FROM_MANY,175,6,,1760,0,1
4136,TEST_FULL_SUITE_PLUS_DEFAULT,DEFEND_ONE_FROM_MANY,176,6,,,0,1
4137,TEST_FULL_SUITE_PLUS_DEFAULT,DEFEND_ONE_FROM_MANY,176,6,,1758,0,1
4138,MUTANT_ANNOTATED_SINGLE_METHOD,ATTACK_DEFAULT,176,5,,,0,1
4139,MUTANT_ANNOTATED_SINGLE_METHOD,ATTACK_DEPENDENCIES,176,5,1331,,0,1
4140,TEST_FULL_SUITE_PLUS_DEFAULT,DEFEND_ONE_FROM_MANY,176,6,,1759,0,1
4141,MUTANT_ANNOTATED_SINGLE_METHOD,ATTACK_DEFAULT,175,5,,,0,1
4142,MUTANT_ANNOTATED_SINGLE_METHOD,ATTACK_DEPENDENCIES,175,5,1333,,0,1
4143,MUTANT_ANNOTATED_SINGLE_METHOD,ATTACK_DEFAULT,176,5,,,0,1
4144,MUTANT_ANNOTATED_SINGLE_METHOD,ATTACK_DEPENDENCIES,176,5,1332,,0,1
4145,TEST_FULL_SUITE_PLUS_DEFAULT,DEFEND_ONE_FROM_MANY,176,6,,1761,0,1
4146,TEST_FULL_SUITE_PLUS_DEFAULT,DEFEND_ONE_FROM_MANY,175,6,,,0,1
4147,TEST_FULL_SUITE_PLUS_DEFAULT,DEFEND_ONE_FROM_MANY,175,6,,,1,0
4148,MUTANT_ANNOTATED_SINGLE_METHOD,ATTACK_DEFAULT,176,5,,,0,1
4149,MUTANT_ANNOTATED_SINGLE_METHOD,ATTACK_DEPENDENCIES,176,5,1334,,0,1
4150,TEST_FULL_SUITE_PLUS_DEFAULT,DEFEND_FOCUS,175,6,,1764,0,1
4151,TEST_FULL_SUITE_PLUS_DEFAULT,DEFEND_ONE_FROM_MANY,176,6,,1763,0,1
4152,MUTANT_ANNOTATED_SINGLE_METHOD,ATTACK_DEFAULT,175,5,,,0,1
4153,MUTANT_ANNOTATED_SINGLE_METHOD,ATTACK_DEPENDENCIES,175,5,1336,,0,1
4154,MUTANT_ANNOTATED_SINGLE_METHOD,ATTACK_DEFAULT,176,5,,,0,1
4155,MUTANT_ANNOTATED_SINGLE_METHOD,ATTACK_DEPENDENCIES,176,5,1335,,0,1
4156,TEST_FULL_SUITE_PLUS_DEFAULT,DEFEND_FOCUS,175,6,,1766,0,1
4157,TEST_FULL_SUITE_PLUS_DEFAULT,DEFEND_ONE_FROM_MANY,176,6,,1765,0,1
4158,MUTANT_ANNOTATED_SINGLE_METHOD,ATTACK_DEFAULT,175,5,,,0,1
4159,MUTANT_ANNOTATED_SINGLE_METHOD,ATTACK_DEFAULT,176,5,,,0,1
4160,MUTANT_ANNOTATED_SINGLE_METHOD,ATTACK_DEPENDENCIES,175,5,1338,,0,1
4161,MUTANT_ANNOTATED_SINGLE_METHOD,ATTACK_DEPENDENCIES,176,5,1337,,0,1
4162,TEST_FULL_SUITE_PLUS_DEFAULT,DEFEND_ONE_FROM_MANY,176,6,,1771,0,1
4163,TEST_FULL_SUITE_PLUS_DEFAULT,DEFEND_FOCUS,175,6,,1770,0,1
4164,MUTANT_ANNOTATED_SINGLE_METHOD,ATTACK_DEFAULT,176,5,,,0,1
4165,MUTANT_ANNOTATED_SINGLE_METHOD,ATTACK_DEPENDENCIES,176,5,1339,,0,1
4166,MUTANT_ANNOTATED_SINGLE_METHOD,ATTACK_DEFAULT,175,5,,,0,1
4167,MUTANT_ANNOTATED_SINGLE_METHOD,ATTACK_DEPENDENCIES,175,5,1340,,0,1
4168,MUTANT_ANNOTATED_SINGLE_METHOD,ATTACK_DEFAULT,175,5,,,0,1
4169,MUTANT_ANNOTATED_SINGLE_METHOD,ATTACK_DEFAULT,176,5,,,0,1
4170,MUTANT_ANNOTATED_SINGLE_METHOD,ATTACK_DEPENDENCIES,176,5,1341,,0,1
4171,MUTANT_ANNOTATED_SINGLE_METHOD,ATTACK_DEPENDENCIES,175,5,1342,,0,1
4172,TEST_FULL_SUITE_PLUS_DEFAULT,DEFEND_FOCUS,175,6,,,0,0
4173,MUTANT_ANNOTATED_SINGLE_METHOD,ATTACK_DEFAULT,175,5,,,0,1
4174,MUTANT_ANNOTATED_SINGLE_METHOD,ATTACK_DEFAULT,176,5,,,0,1
4175,TEST_FULL_SUITE_PLUS_DEFAULT,DEFEND_ONE_FROM_MANY,176,6,,,0,1
4176,MUTANT_ANNOTATED_SINGLE_METHOD,ATTACK_DEPENDENCIES,175,5,1344,,0,1
4177,MUTANT_ANNOTATED_SINGLE_METHOD,ATTACK_DEPENDENCIES,176,5,1343,,0,1
4178,TEST_FULL_SUITE_PLUS_DEFAULT,DEFEND_ONE_FROM_MANY,176,6,,1772,0,1
4179,TEST_FULL_SUITE_PLUS_DEFAULT,DEFEND_ONE_FROM_MANY,176,6,,1773,0,1
4180,MUTANT_ANNOTATED_SINGLE_METHOD,ATTACK_DEFAULT,176,5,,,0,1
4181,MUTANT_ANNOTATED_SINGLE_METHOD,ATTACK_DEPENDENCIES,176,5,1345,,0,1
4182,MUTANT_ANNOTATED_SINGLE_METHOD,ATTACK_DEFAULT,175,5,,,0,1
4183,MUTANT_ANNOTATED_SINGLE_METHOD,ATTACK_DEPENDENCIES,175,5,1346,,0,1
4184,TEST_FULL_SUITE_PLUS_DEFAULT,DEFEND_ONE_FROM_MANY,176,6,,1775,0,1
4185,MUTANT_ANNOTATED_SINGLE_METHOD,ATTACK_DEFAULT,176,5,,,0,1
4186,MUTANT_ANNOTATED_SINGLE_METHOD,ATTACK_DEPENDENCIES,176,5,1347,,0,1
4187,TEST_FULL_SUITE_PLUS_DEFAULT,DEFEND_FOCUS,175,6,,,1,0
4188,TEST_FULL_SUITE_PLUS_DEFAULT,DEFEND_ONE_FROM_MANY,176,6,,1777,0,1
4189,MUTANT_ANNOTATED_SINGLE_METHOD,ATTACK_DEFAULT,175,5,,,0,1
4190,MUTANT_ANNOTATED_SINGLE_METHOD,ATTACK_DEPENDENCIES,175,5,1348,,0,1
4191,TEST_FULL_SUITE_PLUS_DEFAULT,DEFEND_ONE_FROM_MANY,176,6,,1779,0,1
4192,MUTANT_ANNOTATED_SINGLE_METHOD,ATTACK_DEFAULT,175,5,,,0,1
4193,MUTANT_ANNOTATED_SINGLE_METHOD,ATTACK_DEFAULT,176,5,,,0,1
4194,MUTANT_ANNOTATED_SINGLE_METHOD,ATTACK_DEPENDENCIES,175,5,,,1,0
4195,MUTANT_ANNOTATED_SINGLE_METHOD,ATTACK_DEPENDENCIES,176,5,1349,,0,1
4196,TEST_FULL_SUITE_PLUS_DEFAULT,DEFEND_ONE_FROM_MANY,176,6,,1781,0,1
4197,MUTANT_ANNOTATED_SINGLE_METHOD,ATTACK_DEFAULT,176,5,,,0,1
4198,MUTANT_ANNOTATED_SINGLE_METHOD,ATTACK_DEPENDENCIES,176,5,1350,,0,1
4199,TEST_FULL_SUITE_PLUS_DEFAULT,DEFEND_ONE_FROM_MANY,176,6,,1782,0,1
4200,MUTANT_ANNOTATED_SINGLE_METHOD,ATTACK_DEFAULT,176,5,,,0,1
4201,MUTANT_ANNOTATED_SINGLE_METHOD,ATTACK_DEPENDENCIES,176,5,1351,,0,1
4202,TEST_FULL_SUITE_PLUS_DEFAULT,DEFEND_ONE_FROM_MANY,176,6,,1784,0,1
4203,MUTANT_ANNOTATED_SINGLE_METHOD,ATTACK_DEFAULT,176,5,,,0,1
4204,MUTANT_ANNOTATED_SINGLE_METHOD,ATTACK_DEPENDENCIES,176,5,1352,,0,1
4205,TEST_FULL_SUITE_PLUS_DEFAULT,DEFEND_ONE_FROM_MANY,176,6,,1785,0,1
4206,MUTANT_ANNOTATED_SINGLE_METHOD,ATTACK_DEFAULT,176,5,,,0,1
4207,TEST_FULL_SUITE_PLUS_DEFAULT,DEFEND_FOCUS,176,6,,1786,0,1
4208,MUTANT_ANNOTATED_SINGLE_METHOD,ATTACK_DEPENDENCIES,176,5,1353,,0,1
4209,MUTANT_ANNOTATED_SINGLE_METHOD,ATTACK_DEFAULT,176,5,,,0,1
4210,MUTANT_ANNOTATED_SINGLE_METHOD,ATTACK_DEPENDENCIES,176,5,1354,,0,1
4211,MUTANT_ANNOTATED_SINGLE_METHOD,ATTACK_DEFAULT,176,5,,,0,1
4212,TEST_FULL_SUITE_PLUS_DEFAULT,DEFEND_FOCUS,176,6,,1787,0,1
4213,MUTANT_ANNOTATED_SINGLE_METHOD,ATTACK_DEPENDENCIES,176,5,1355,,0,1
4214,TEST_FULL_SUITE_PLUS_DEFAULT,DEFEND_FOCUS,176,6,,1788,0,1
4215,MUTANT_ANNOTATED_SINGLE_METHOD,ATTACK_DEFAULT,176,5,,,0,1
4216,MUTANT_ANNOTATED_SINGLE_METHOD,ATTACK_DEPENDENCIES,176,5,1356,,0,1
4217,TEST_FULL_SUITE_PLUS_DEFAULT,DEFEND_FOCUS,176,6,,1789,0,1
4218,MUTANT_ANNOTATED_SINGLE_METHOD,ATTACK_DEFAULT,176,5,,,0,1
4219,MUTANT_ANNOTATED_SINGLE_METHOD,ATTACK_DEPENDENCIES,176,5,1357,,0,1
4220,TEST_FULL_SUITE_PLUS_DEFAULT,DEFEND_FOCUS,176,6,,1792,0,1
4221,MUTANT_ANNOTATED_SINGLE_METHOD,ATTACK_EQUIVALENCE,176,5,,,0,1
4222,MUTANT_ANNOTATED_SINGLE_METHOD,ATTACK_DEFAULT,176,5,,,0,1
4223,MUTANT_ANNOTATED_SINGLE_METHOD,ATTACK_DEPENDENCIES,176,5,1358,,0,1
4224,TEST_FULL_SUITE_PLUS_DEFAULT,DEFEND_FOCUS,176,6,,1794,0,1
4225,MUTANT_ANNOTATED_SINGLE_METHOD,ATTACK_DEFAULT,176,5,,,0,1
4226,MUTANT_ANNOTATED_SINGLE_METHOD,ATTACK_DEPENDENCIES,176,5,1359,,0,1
4227,MUTANT_ANNOTATED_SINGLE_METHOD,ATTACK_DEFAULT,176,5,,,0,1
4228,MUTANT_ANNOTATED_SINGLE_METHOD,ATTACK_DEPENDENCIES,176,5,1360,,0,1
4229,TEST_FULL_SUITE_PLUS_DEFAULT,DEFEND_DEFAULT,176,6,,1795,0,1
4230,MUTANT_ANNOTATED_SINGLE_METHOD,ATTACK_DEFAULT,176,5,,,0,1
4231,MUTANT_ANNOTATED_SINGLE_METHOD,ATTACK_DEPENDENCIES,176,5,1361,,0,1
4232,MUTANT_ANNOTATED_SINGLE_METHOD,ATTACK_DEFAULT,176,5,,,0,1
4233,MUTANT_ANNOTATED_SINGLE_METHOD,ATTACK_DEPENDENCIES,176,5,1362,,0,1
4234,TEST_FULL_SUITE_PLUS_DEFAULT,DEFEND_DEFAULT,176,6,,1797,0,1
4235,MUTANT_ANNOTATED_SINGLE_METHOD,ATTACK_EQUIVALENCE,176,5,,,0,1
4236,MUTANT_ANNOTATED_SINGLE_METHOD,ATTACK_DEFAULT,176,5,,,0,1
4237,MUTANT_ANNOTATED_SINGLE_METHOD,ATTACK_DEPENDENCIES,176,5,1363,,0,1
4238,MUTANT_ANNOTATED_SINGLE_METHOD,ATTACK_DEFAULT,176,5,,,0,1
4239,MUTANT_ANNOTATED_SINGLE_METHOD,ATTACK_DEPENDENCIES,176,5,1364,,0,1
4240,TEST_FULL_SUITE_PLUS_DEFAULT,DEFEND_DEFAULT,176,6,,1798,0,1
4241,MUTANT_ANNOTATED_SINGLE_METHOD,ATTACK_DEFAULT,176,5,,,0,1
4242,MUTANT_ANNOTATED_SINGLE_METHOD,ATTACK_DEPENDENCIES,176,5,1365,,0,1
4243,MUTANT_ANNOTATED_SINGLE_METHOD,ATTACK_DEFAULT,176,5,,,0,1
4244,MUTANT_ANNOTATED_SINGLE_METHOD,ATTACK_DEPENDENCIES,176,5,1366,,0,1
4245,TEST_FULL_SUITE_PLUS_DEFAULT,DEFEND_FOCUS,176,6,,1799,0,1
4246,MUTANT_ANNOTATED_SINGLE_METHOD,ATTACK_DEFAULT,176,5,,,0,1
4247,MUTANT_ANNOTATED_SINGLE_METHOD,ATTACK_DEPENDENCIES,176,5,1367,,0,1
4248,TEST_FULL_SUITE_PLUS_DEFAULT,DEFEND_FOCUS,176,6,,1800,0,1
4249,TEST_FULL_SUITE_PLUS_DEFAULT,DEFEND_FOCUS,176,6,,1801,0,1
4250,MUTANT_ANNOTATED_SINGLE_METHOD,ATTACK_DEFAULT,176,5,,,0,1
4251,MUTANT_ANNOTATED_SINGLE_METHOD,ATTACK_DEPENDENCIES,176,5,1368,,0,1
4252,TEST_FULL_SUITE_PLUS_DEFAULT,DEFEND_DEFAULT,176,6,,1802,0,1
4253,MUTANT_ANNOTATED_SINGLE_METHOD,ATTACK_DEFAULT,176,5,,,0,1
4254,MUTANT_ANNOTATED_SINGLE_METHOD,ATTACK_DEPENDENCIES,176,5,1369,,0,1
4255,MUTANT_ANNOTATED_SINGLE_METHOD,ATTACK_DEFAULT,176,5,,,0,1
4256,MUTANT_ANNOTATED_SINGLE_METHOD,ATTACK_DEPENDENCIES,176,5,1370,,0,1
4257,MUTANT_ANNOTATED_SINGLE_METHOD,ATTACK_DEFAULT,176,5,,,0,1
4258,MUTANT_ANNOTATED_SINGLE_METHOD,ATTACK_DEPENDENCIES,176,5,1371,,0,1
4259,TEST_FULL_SUITE_PLUS_DEFAULT,DEFEND_DEFAULT,176,6,,,0,0
4260,MUTANT_ANNOTATED_SINGLE_METHOD,ATTACK_DEFAULT,176,5,,,0,1
4261,MUTANT_ANNOTATED_SINGLE_METHOD,ATTACK_DEPENDENCIES,176,5,1372,,0,1
4262,MUTANT_ANNOTATED_SINGLE_METHOD,ATTACK_DEFAULT,176,5,,,0,1
4263,MUTANT_ANNOTATED_SINGLE_METHOD,ATTACK_DEPENDENCIES,176,5,1373,,0,1
4264,MUTANT_ANNOTATED_SINGLE_METHOD,ATTACK_DEFAULT,176,5,,,0,1
4265,MUTANT_ANNOTATED_SINGLE_METHOD,ATTACK_DEPENDENCIES,176,5,1374,,0,1
4266,MUTANT_ANNOTATED_SINGLE_METHOD,ATTACK_DEFAULT,176,5,,,0,1
4267,MUTANT_ANNOTATED_SINGLE_METHOD,ATTACK_DEPENDENCIES,176,5,1375,,0,1
4268,TEST_FULL_SUITE_PLUS_DEFAULT,DEFEND_DEFAULT,176,6,,1803,0,1
4269,MUTANT_ANNOTATED_SINGLE_METHOD,ATTACK_DEFAULT,176,5,,,0,1
4270,MUTANT_ANNOTATED_SINGLE_METHOD,ATTACK_DEPENDENCIES,176,5,1376,,0,1
4271,TEST_FULL_SUITE_PLUS_DEFAULT,DEFEND_DEFAULT,176,6,,,0,0
4272,MUTANT_ANNOTATED_SINGLE_METHOD,ATTACK_DEFAULT,176,5,,,0,1
4273,MUTANT_ANNOTATED_SINGLE_METHOD,ATTACK_DEPENDENCIES,176,5,1377,,0,1
4274,MUTANT_ANNOTATED_SINGLE_METHOD,ATTACK_DEFAULT,176,5,,,0,1
4275,MUTANT_ANNOTATED_SINGLE_METHOD,ATTACK_DEPENDENCIES,176,5,1378,,0,1
4276,MUTANT_ANNOTATED_SINGLE_METHOD,ATTACK_DEFAULT,176,5,,,0,1
4277,MUTANT_ANNOTATED_SINGLE_METHOD,ATTACK_DEPENDENCIES,176,5,1379,,0,1
4278,TEST_FULL_SUITE_PLUS_DEFAULT,DEFEND_DEFAULT,176,6,,1804,0,1
4279,MUTANT_ANNOTATED_SINGLE_METHOD,ATTACK_DEFAULT,176,5,,,0,1
4280,MUTANT_ANNOTATED_SINGLE_METHOD,ATTACK_DEPENDENCIES,176,5,1380,,0,1
4281,TEST_FULL_SUITE_PLUS_DEFAULT,DEFEND_DEFAULT,176,6,,1806,0,1
4282,MUTANT_ANNOTATED_SINGLE_METHOD,ATTACK_DEFAULT,176,5,,,0,1
4283,MUTANT_ANNOTATED_SINGLE_METHOD,ATTACK_DEPENDENCIES,176,5,1381,,0,1
4284,TEST_FULL_SUITE_PLUS_DEFAULT,DEFEND_DEFAULT,176,6,,1807,0,1
4285,MUTANT_ANNOTATED_SINGLE_METHOD,ATTACK_DEFAULT,176,5,,,0,1
4286,MUTANT_ANNOTATED_SINGLE_METHOD,ATTACK_DEPENDENCIES,176,5,,,0,0
4287,MUTANT_ANNOTATED_SINGLE_METHOD,ATTACK_DEPENDENCIES,176,5,,,1,0
4288,MUTANT_ANNOTATED_SINGLE_METHOD,ATTACK_DEFAULT,177,5,,,0,1
4289,TEST_FULL_SUITE_PLUS_DEFAULT,DEFEND_DEFAULT,177,6,,,0,1
4290,MUTANT_ANNOTATED_SINGLE_METHOD,ATTACK_DEPENDENCIES,177,5,1382,,0,1
4291,TEST_FULL_SUITE_PLUS_DEFAULT,DEFEND_ONE_FROM_MANY,177,6,,,0,1
4292,TEST_FULL_SUITE_PLUS_DEFAULT,DEFEND_ONE_FROM_MANY,177,6,,1808,0,1
4293,MUTANT_ANNOTATED_SINGLE_METHOD,ATTACK_DEFAULT,177,5,,,0,1
4294,MUTANT_ANNOTATED_SINGLE_METHOD,ATTACK_DEPENDENCIES,177,5,1383,,0,1
4295,TEST_FULL_SUITE_PLUS_DEFAULT,DEFEND_ONE_FROM_MANY,177,6,,1809,0,1
4296,MUTANT_ANNOTATED_SINGLE_METHOD,ATTACK_DEFAULT,177,5,,,0,1
4297,MUTANT_ANNOTATED_SINGLE_METHOD,ATTACK_DEPENDENCIES,177,5,1384,,0,1
4298,TEST_FULL_SUITE_PLUS_DEFAULT,DEFEND_ONE_FROM_MANY,177,6,,1810,0,1
4299,MUTANT_ANNOTATED_SINGLE_METHOD,ATTACK_DEFAULT,177,5,,,0,1
4300,MUTANT_ANNOTATED_SINGLE_METHOD,ATTACK_DEPENDENCIES,177,5,1385,,0,1
4301,TEST_FULL_SUITE_PLUS_DEFAULT,DEFEND_ONE_FROM_MANY,177,6,,1812,0,1
4302,MUTANT_ANNOTATED_SINGLE_METHOD,ATTACK_DEFAULT,177,5,,,0,1
4303,MUTANT_ANNOTATED_SINGLE_METHOD,ATTACK_DEPENDENCIES,177,5,1386,,0,1
4304,MUTANT_ANNOTATED_SINGLE_METHOD,ATTACK_DEFAULT,177,5,,,0,1
4305,TEST_FULL_SUITE_PLUS_DEFAULT,DEFEND_ONE_FROM_MANY,177,6,,,0,1
4306,TEST_FULL_SUITE_PLUS_DEFAULT,DEFEND_ONE_FROM_MANY,177,6,,1814,0,1
4307,MUTANT_ANNOTATED_SINGLE_METHOD,ATTACK_DEPENDENCIES,177,5,1387,,0,1
4308,MUTANT_ANNOTATED_SINGLE_METHOD,ATTACK_DEFAULT,177,5,,,0,1
4309,MUTANT_ANNOTATED_SINGLE_METHOD,ATTACK_DEPENDENCIES,177,5,1388,,0,1
4310,TEST_FULL_SUITE_PLUS_DEFAULT,DEFEND_ONE_FROM_MANY,177,6,,,0,1
4311,TEST_FULL_SUITE_PLUS_DEFAULT,DEFEND_ONE_FROM_MANY,177,6,,1817,0,1
4312,MUTANT_ANNOTATED_SINGLE_METHOD,ATTACK_DEFAULT,177,5,,,0,1
4313,MUTANT_ANNOTATED_SINGLE_METHOD,ATTACK_DEPENDENCIES,177,5,1389,,0,1
4314,MUTANT_ANNOTATED_SINGLE_METHOD,ATTACK_DEFAULT,177,5,,,0,1
4315,MUTANT_ANNOTATED_SINGLE_METHOD,ATTACK_DEPENDENCIES,177,5,1390,,0,1
4316,MUTANT_ANNOTATED_SINGLE_METHOD,ATTACK_DEFAULT,177,5,,,0,1
4317,MUTANT_ANNOTATED_SINGLE_METHOD,ATTACK_DEPENDENCIES,177,5,1391,,0,1
4318,TEST_FULL_SUITE_PLUS_DEFAULT,DEFEND_ONE_FROM_MANY,177,6,,,0,1
4319,TEST_FULL_SUITE_PLUS_DEFAULT,DEFEND_ONE_FROM_MANY,177,6,,1819,0,1
4320,MUTANT_ANNOTATED_SINGLE_METHOD,ATTACK_DEFAULT,177,5,,,0,1
4321,MUTANT_ANNOTATED_SINGLE_METHOD,ATTACK_DEPENDENCIES,177,5,1392,,0,1
4322,TEST_FULL_SUITE_PLUS_DEFAULT,DEFEND_ONE_FROM_MANY,177,6,,,0,1
4323,MUTANT_ANNOTATED_SINGLE_METHOD,ATTACK_DEFAULT,177,5,,,0,1
4324,TEST_FULL_SUITE_PLUS_DEFAULT,DEFEND_ONE_FROM_MANY,177,6,,1821,0,1
4325,MUTANT_ANNOTATED_SINGLE_METHOD,ATTACK_DEPENDENCIES,177,5,1393,,0,1
4326,MUTANT_ANNOTATED_SINGLE_METHOD,ATTACK_DEFAULT,177,5,,,0,1
4327,MUTANT_ANNOTATED_SINGLE_METHOD,ATTACK_DEPENDENCIES,177,5,1394,,0,1
4328,TEST_FULL_SUITE_PLUS_DEFAULT,DEFEND_ONE_FROM_MANY,177,6,,,0,1
4329,TEST_FULL_SUITE_PLUS_DEFAULT,DEFEND_ONE_FROM_MANY,177,6,,1823,0,1
4330,MUTANT_ANNOTATED_SINGLE_METHOD,ATTACK_DEFAULT,177,5,,,0,1
4331,MUTANT_ANNOTATED_SINGLE_METHOD,ATTACK_DEPENDENCIES,177,5,1395,,0,1
4332,TEST_FULL_SUITE_PLUS_DEFAULT,DEFEND_ONE_FROM_MANY,177,6,,,0,1
4333,TEST_FULL_SUITE_PLUS_DEFAULT,DEFEND_ONE_FROM_MANY,177,6,,1825,0,1
4334,MUTANT_ANNOTATED_SINGLE_METHOD,ATTACK_DEFAULT,177,5,,,0,1
4335,MUTANT_ANNOTATED_SINGLE_METHOD,ATTACK_DEPENDENCIES,177,5,1396,,0,1
4336,MUTANT_ANNOTATED_SINGLE_METHOD,ATTACK_DEFAULT,177,5,,,0,1
4337,MUTANT_ANNOTATED_SINGLE_METHOD,ATTACK_DEPENDENCIES,177,5,1397,,0,1
4338,TEST_FULL_SUITE_PLUS_DEFAULT,DEFEND_ONE_FROM_MANY,177,6,,,0,1
4339,TEST_FULL_SUITE_PLUS_DEFAULT,DEFEND_ONE_FROM_MANY,177,6,,1827,0,1
4340,MUTANT_ANNOTATED_SINGLE_METHOD,ATTACK_DEFAULT,177,5,,,0,1
4341,MUTANT_ANNOTATED_SINGLE_METHOD,ATTACK_DEPENDENCIES,177,5,1398,,0,1
4342,TEST_FULL_SUITE_PLUS_DEFAULT,DEFEND_ONE_FROM_MANY,177,6,,,0,1
4343,MUTANT_ANNOTATED_SINGLE_METHOD,ATTACK_DEFAULT,177,5,,,0,1
4344,MUTANT_ANNOTATED_SINGLE_METHOD,ATTACK_DEPENDENCIES,177,5,1399,,0,1
4345,TEST_FULL_SUITE_PLUS_DEFAULT,DEFEND_ONE_FROM_MANY,177,6,,1829,0,1
4346,MUTANT_ANNOTATED_SINGLE_METHOD,ATTACK_DEFAULT,177,5,,,0,1
4347,MUTANT_ANNOTATED_SINGLE_METHOD,ATTACK_DEPENDENCIES,177,5,1400,,0,1
4348,TEST_FULL_SUITE_PLUS_DEFAULT,DEFEND_ONE_FROM_MANY,177,6,,,0,1
4349,MUTANT_ANNOTATED_SINGLE_METHOD,ATTACK_DEFAULT,177,5,,,0,1
4350,MUTANT_ANNOTATED_SINGLE_METHOD,ATTACK_DEPENDENCIES,177,5,1401,,0,1
4351,TEST_FULL_SUITE_PLUS_DEFAULT,DEFEND_ONE_FROM_MANY,177,6,,1831,0,1
4352,MUTANT_ANNOTATED_SINGLE_METHOD,ATTACK_DEFAULT,177,5,,,0,1
4353,MUTANT_ANNOTATED_SINGLE_METHOD,ATTACK_DEPENDENCIES,177,5,1402,,0,1
4354,TEST_FULL_SUITE_PLUS_DEFAULT,DEFEND_ONE_FROM_MANY,177,6,,,0,1
4355,TEST_FULL_SUITE_PLUS_DEFAULT,DEFEND_ONE_FROM_MANY,177,6,,1833,0,1
4356,MUTANT_ANNOTATED_SINGLE_METHOD,ATTACK_DEFAULT,177,5,,,0,1
4357,MUTANT_ANNOTATED_SINGLE_METHOD,ATTACK_DEPENDENCIES,177,5,1403,,0,1
4358,TEST_FULL_SUITE_PLUS_DEFAULT,DEFEND_ONE_FROM_MANY,177,6,,,0,1
4359,MUTANT_ANNOTATED_SINGLE_METHOD,ATTACK_DEFAULT,177,5,,,0,1
4360,MUTANT_ANNOTATED_SINGLE_METHOD,ATTACK_DEPENDENCIES,177,5,1404,,0,1
4361,TEST_FULL_SUITE_PLUS_DEFAULT,DEFEND_ONE_FROM_MANY,177,6,,1834,0,1
4362,MUTANT_ANNOTATED_SINGLE_METHOD,ATTACK_DEFAULT,177,5,,,0,1
4363,MUTANT_ANNOTATED_SINGLE_METHOD,ATTACK_DEPENDENCIES,177,5,1405,,0,1
4364,TEST_FULL_SUITE_PLUS_DEFAULT,DEFEND_ONE_FROM_MANY,177,6,,1836,0,1
4365,MUTANT_ANNOTATED_SINGLE_METHOD,ATTACK_DEFAULT,177,5,,,0,1
4366,MUTANT_ANNOTATED_SINGLE_METHOD,ATTACK_DEPENDENCIES,177,5,1406,,0,1
4367,TEST_FULL_SUITE_PLUS_DEFAULT,DEFEND_ONE_FROM_MANY,177,6,,,0,1
4368,TEST_FULL_SUITE_PLUS_DEFAULT,DEFEND_ONE_FROM_MANY,177,6,,1838,0,1
4369,MUTANT_ANNOTATED_SINGLE_METHOD,ATTACK_DEFAULT,177,5,,,0,1
4370,MUTANT_ANNOTATED_SINGLE_METHOD,ATTACK_DEPENDENCIES,177,5,1407,,0,1
4371,TEST_FULL_SUITE_PLUS_DEFAULT,DEFEND_ONE_FROM_MANY,177,6,,,0,1
4372,TEST_FULL_SUITE_PLUS_DEFAULT,DEFEND_ONE_FROM_MANY,177,6,,1841,0,1
4373,MUTANT_ANNOTATED_SINGLE_METHOD,ATTACK_DEFAULT,177,5,,,0,1
4374,MUTANT_ANNOTATED_SINGLE_METHOD,ATTACK_DEPENDENCIES,177,5,1408,,0,1
4375,MUTANT_ANNOTATED_SINGLE_METHOD,ATTACK_DEFAULT,177,5,,,0,1
4376,MUTANT_ANNOTATED_SINGLE_METHOD,ATTACK_DEPENDENCIES,177,5,1409,,0,1
4377,MUTANT_ANNOTATED_SINGLE_METHOD,ATTACK_DEFAULT,177,5,,,0,1
4378,MUTANT_ANNOTATED_SINGLE_METHOD,ATTACK_DEPENDENCIES,177,5,1410,,0,1
4379,MUTANT_ANNOTATED_SINGLE_METHOD,ATTACK_DEFAULT,177,5,,,0,1
4380,MUTANT_ANNOTATED_SINGLE_METHOD,ATTACK_DEPENDENCIES,177,5,1411,,0,1
4381,TEST_FULL_SUITE_PLUS_DEFAULT,DEFEND_ONE_FROM_MANY,177,6,,,0,1
4382,TEST_FULL_SUITE_PLUS_DEFAULT,DEFEND_ONE_FROM_MANY,177,6,,1844,0,1
4383,MUTANT_ANNOTATED_SINGLE_METHOD,ATTACK_DEFAULT,177,5,,,0,1
4384,MUTANT_ANNOTATED_SINGLE_METHOD,ATTACK_DEPENDENCIES,177,5,1412,,0,1
4385,MUTANT_ANNOTATED_SINGLE_METHOD,ATTACK_DEFAULT,177,5,,,0,1
4386,MUTANT_ANNOTATED_SINGLE_METHOD,ATTACK_DEPENDENCIES,177,5,1413,,0,1
4387,MUTANT_ANNOTATED_SINGLE_METHOD,ATTACK_DEFAULT,177,5,,,0,1
4388,MUTANT_ANNOTATED_SINGLE_METHOD,ATTACK_DEPENDENCIES,177,5,1414,,0,1
4389,MUTANT_ANNOTATED_SINGLE_METHOD,ATTACK_DEFAULT,177,5,,,0,1
4390,MUTANT_ANNOTATED_SINGLE_METHOD,ATTACK_DEPENDENCIES,177,5,1415,,0,1
4391,TEST_FULL_SUITE_PLUS_DEFAULT,DEFEND_ONE_FROM_MANY,177,6,,,0,1
4392,TEST_FULL_SUITE_PLUS_DEFAULT,DEFEND_ONE_FROM_MANY,177,6,,1845,0,1
4393,TEST_FULL_SUITE_PLUS_DEFAULT,DEFEND_ONE_FROM_MANY,177,6,,1847,0,1
4394,MUTANT_ANNOTATED_SINGLE_METHOD,ATTACK_DEFAULT,177,5,,,0,1
4395,MUTANT_ANNOTATED_SINGLE_METHOD,ATTACK_DEPENDENCIES,177,5,1416,,0,1
4396,TEST_FULL_SUITE_PLUS_DEFAULT,DEFEND_ONE_FROM_MANY,177,6,,,0,1
4397,TEST_FULL_SUITE_PLUS_DEFAULT,DEFEND_ONE_FROM_MANY,177,6,,1849,0,1
4398,MUTANT_ANNOTATED_SINGLE_METHOD,ATTACK_DEFAULT,177,5,,,0,1
4399,MUTANT_ANNOTATED_SINGLE_METHOD,ATTACK_DEPENDENCIES,177,5,1417,,0,1
4400,MUTANT_ANNOTATED_SINGLE_METHOD,ATTACK_DEFAULT,177,5,,,0,1
4401,MUTANT_ANNOTATED_SINGLE_METHOD,ATTACK_DEPENDENCIES,177,5,1418,,0,1
4402,TEST_FULL_SUITE_PLUS_DEFAULT,DEFEND_ONE_FROM_MANY,177,6,,,0,1
4403,TEST_FULL_SUITE_PLUS_DEFAULT,DEFEND_ONE_FROM_MANY,177,6,,1851,0,1
4404,MUTANT_ANNOTATED_SINGLE_METHOD,ATTACK_DEFAULT,177,5,,,0,1
4405,MUTANT_ANNOTATED_SINGLE_METHOD,ATTACK_DEPENDENCIES,177,5,,,0,0
4406,TEST_FULL_SUITE_PLUS_DEFAULT,DEFEND_ONE_FROM_MANY,177,6,,,0,1
4407,TEST_FULL_SUITE_PLUS_DEFAULT,DEFEND_ONE_FROM_MANY,177,6,,,0,0
4408,MUTANT_ANNOTATED_SINGLE_METHOD,ATTACK_DEPENDENCIES,177,5,1419,,0,1
4409,MUTANT_ANNOTATED_SINGLE_METHOD,ATTACK_DEFAULT,177,5,,,0,1
4410,MUTANT_ANNOTATED_SINGLE_METHOD,ATTACK_DEPENDENCIES,177,5,1420,,0,1
4411,MUTANT_ANNOTATED_SINGLE_METHOD,ATTACK_DEFAULT,177,5,,,0,1
4412,MUTANT_ANNOTATED_SINGLE_METHOD,ATTACK_DEPENDENCIES,177,5,1421,,0,1
4413,TEST_FULL_SUITE_PLUS_DEFAULT,DEFEND_DEFAULT,177,6,,,0,1
4414,MUTANT_ANNOTATED_SINGLE_METHOD,ATTACK_DEFAULT,177,5,,,0,1
4415,MUTANT_ANNOTATED_SINGLE_METHOD,ATTACK_DEPENDENCIES,177,5,1422,,0,1
4416,TEST_FULL_SUITE_PLUS_DEFAULT,DEFEND_ONE_FROM_MANY,177,6,,,0,1
4417,TEST_FULL_SUITE_PLUS_DEFAULT,DEFEND_ONE_FROM_MANY,177,6,,1855,0,1
4418,MUTANT_ANNOTATED_SINGLE_METHOD,ATTACK_DEFAULT,177,5,,,0,1
4419,MUTANT_ANNOTATED_SINGLE_METHOD,ATTACK_DEPENDENCIES,177,5,1423,,0,1
4420,MUTANT_ANNOTATED_SINGLE_METHOD,ATTACK_DEFAULT,177,5,,,0,1
4421,MUTANT_ANNOTATED_SINGLE_METHOD,ATTACK_DEPENDENCIES,177,5,1424,,0,1
4422,MUTANT_ANNOTATED_SINGLE_METHOD,ATTACK_DEFAULT,179,5,,,0,1
4423,MUTANT_ANNOTATED_SINGLE_METHOD,ATTACK_DEFAULT,178,5,,,0,1
4424,MUTANT_ANNOTATED_SINGLE_METHOD,ATTACK_DEFAULT,180,5,,,0,1
4425,TEST_FULL_SUITE_PLUS_DEFAULT,DEFEND_DEFAULT,178,6,,,0,1
4426,TEST_FULL_SUITE_PLUS_DEFAULT,DEFEND_DEFAULT,179,6,,,0,1
4427,TEST_FULL_SUITE_PLUS_DEFAULT,DEFEND_DEFAULT,180,6,,,0,1
4428,MUTANT_ANNOTATED_SINGLE_METHOD,ATTACK_DEPENDENCIES,180,5,1425,,0,1
4429,MUTANT_ANNOTATED_SINGLE_METHOD,ATTACK_DEPENDENCIES,179,5,1427,,0,1
4430,MUTANT_ANNOTATED_SINGLE_METHOD,ATTACK_DEPENDENCIES,178,5,1426,,0,1
4431,TEST_FULL_SUITE_PLUS_DEFAULT,DEFEND_ONE_FROM_MANY,180,6,,,0,1
4432,TEST_FULL_SUITE_PLUS_DEFAULT,DEFEND_ONE_FROM_MANY,179,6,,,0,1
4433,TEST_FULL_SUITE_PLUS_DEFAULT,DEFEND_ONE_FROM_MANY,178,6,,,0,1
4434,TEST_FULL_SUITE_PLUS_DEFAULT,DEFEND_ONE_FROM_MANY,180,6,,1856,0,1
4435,TEST_FULL_SUITE_PLUS_DEFAULT,DEFEND_ONE_FROM_MANY,179,6,,1857,0,1
4436,TEST_FULL_SUITE_PLUS_DEFAULT,DEFEND_ONE_FROM_MANY,178,6,,1858,0,1
4437,MUTANT_ANNOTATED_SINGLE_METHOD,ATTACK_DEFAULT,180,5,,,0,1
4438,MUTANT_ANNOTATED_SINGLE_METHOD,ATTACK_DEFAULT,179,5,,,0,1
4439,MUTANT_ANNOTATED_SINGLE_METHOD,ATTACK_DEFAULT,178,5,,,0,1
4440,MUTANT_ANNOTATED_SINGLE_METHOD,ATTACK_DEPENDENCIES,180,5,1430,,0,1
4441,MUTANT_ANNOTATED_SINGLE_METHOD,ATTACK_DEPENDENCIES,178,5,1428,,0,1
4442,MUTANT_ANNOTATED_SINGLE_METHOD,ATTACK_DEPENDENCIES,179,5,1429,,0,1
4443,TEST_FULL_SUITE_PLUS_DEFAULT,DEFEND_ONE_FROM_MANY,180,6,,1859,0,1
4444,TEST_FULL_SUITE_PLUS_DEFAULT,DEFEND_ONE_FROM_MANY,179,6,,1860,0,1
4445,TEST_FULL_SUITE_PLUS_DEFAULT,DEFEND_ONE_FROM_MANY,178,6,,1861,0,1
4446,MUTANT_ANNOTATED_SINGLE_METHOD,ATTACK_DEFAULT,180,5,,,0,1
4447,MUTANT_ANNOTATED_SINGLE_METHOD,ATTACK_DEFAULT,178,5,,,0,1
4448,MUTANT_ANNOTATED_SINGLE_METHOD,ATTACK_DEFAULT,179,5,,,0,1
4449,MUTANT_ANNOTATED_SINGLE_METHOD,ATTACK_DEPENDENCIES,180,5,1432,,0,1
4450,MUTANT_ANNOTATED_SINGLE_METHOD,ATTACK_DEPENDENCIES,179,5,1431,,0,1
4451,MUTANT_ANNOTATED_SINGLE_METHOD,ATTACK_DEPENDENCIES,178,5,1433,,0,1
4452,TEST_FULL_SUITE_PLUS_DEFAULT,DEFEND_ONE_FROM_MANY,178,6,,1862,0,1
4453,TEST_FULL_SUITE_PLUS_DEFAULT,DEFEND_ONE_FROM_MANY,180,6,,1864,0,1
4454,TEST_FULL_SUITE_PLUS_DEFAULT,DEFEND_ONE_FROM_MANY,179,6,,1863,0,1
4455,MUTANT_ANNOTATED_SINGLE_METHOD,ATTACK_DEFAULT,180,5,,,0,1
4456,MUTANT_ANNOTATED_SINGLE_METHOD,ATTACK_DEFAULT,179,5,,,0,1
4457,MUTANT_ANNOTATED_SINGLE_METHOD,ATTACK_DEPENDENCIES,180,5,1435,,0,1
4458,MUTANT_ANNOTATED_SINGLE_METHOD,ATTACK_DEPENDENCIES,179,5,1434,,0,1
4459,TEST_FULL_SUITE_PLUS_DEFAULT,DEFEND_ONE_FROM_MANY,178,6,,1865,0,1
4460,TEST_FULL_SUITE_PLUS_DEFAULT,DEFEND_ONE_FROM_MANY,179,6,,1866,0,1
4461,TEST_FULL_SUITE_PLUS_DEFAULT,DEFEND_ONE_FROM_MANY,180,6,,1867,0,1
4462,MUTANT_ANNOTATED_SINGLE_METHOD,ATTACK_DEFAULT,178,5,,,0,1
4463,MUTANT_ANNOTATED_SINGLE_METHOD,ATTACK_DEPENDENCIES,178,5,1436,,0,1
4464,MUTANT_ANNOTATED_SINGLE_METHOD,ATTACK_DEFAULT,180,5,,,0,1
4465,MUTANT_ANNOTATED_SINGLE_METHOD,ATTACK_DEFAULT,179,5,,,0,1
4466,MUTANT_ANNOTATED_SINGLE_METHOD,ATTACK_DEPENDENCIES,179,5,1438,,0,1
4467,MUTANT_ANNOTATED_SINGLE_METHOD,ATTACK_DEPENDENCIES,180,5,1437,,0,1
4468,TEST_FULL_SUITE_PLUS_DEFAULT,DEFEND_ONE_FROM_MANY,178,6,,1868,0,1
4469,TEST_FULL_SUITE_PLUS_DEFAULT,DEFEND_ONE_FROM_MANY,179,6,,1869,0,1
4470,TEST_FULL_SUITE_PLUS_DEFAULT,DEFEND_ONE_FROM_MANY,180,6,,1870,0,1
4471,MUTANT_ANNOTATED_SINGLE_METHOD,ATTACK_DEFAULT,178,5,,,0,1
4472,MUTANT_ANNOTATED_SINGLE_METHOD,ATTACK_DEPENDENCIES,178,5,1439,,0,1
4473,MUTANT_ANNOTATED_SINGLE_METHOD,ATTACK_DEFAULT,180,5,,,0,1
4474,MUTANT_ANNOTATED_SINGLE_METHOD,ATTACK_DEPENDENCIES,180,5,1442,,0,1
4475,TEST_FULL_SUITE_PLUS_DEFAULT,DEFEND_ONE_FROM_MANY,180,6,,1871,0,1
4476,TEST_FULL_SUITE_PLUS_DEFAULT,DEFEND_ONE_FROM_MANY,178,6,,1873,0,1
4477,TEST_FULL_SUITE_PLUS_DEFAULT,DEFEND_ONE_FROM_MANY,179,6,,1872,0,1
4478,MUTANT_ANNOTATED_SINGLE_METHOD,ATTACK_DEFAULT,179,5,,,0,1
4479,MUTANT_ANNOTATED_SINGLE_METHOD,ATTACK_DEFAULT,178,5,,,0,1
4480,MUTANT_ANNOTATED_SINGLE_METHOD,ATTACK_DEPENDENCIES,178,5,1440,,0,1
4481,MUTANT_ANNOTATED_SINGLE_METHOD,ATTACK_DEPENDENCIES,179,5,1441,,0,1
4482,TEST_FULL_SUITE_PLUS_DEFAULT,DEFEND_ONE_FROM_MANY,178,6,,1875,0,1
4483,TEST_FULL_SUITE_PLUS_DEFAULT,DEFEND_ONE_FROM_MANY,180,6,,1874,0,1
4484,TEST_FULL_SUITE_PLUS_DEFAULT,DEFEND_ONE_FROM_MANY,179,6,,1876,0,1
4485,MUTANT_ANNOTATED_SINGLE_METHOD,ATTACK_DEFAULT,180,5,,,0,1
4486,MUTANT_ANNOTATED_SINGLE_METHOD,ATTACK_DEFAULT,178,5,,,0,1
4487,MUTANT_ANNOTATED_SINGLE_METHOD,ATTACK_DEFAULT,179,5,,,0,1
4488,MUTANT_ANNOTATED_SINGLE_METHOD,ATTACK_DEPENDENCIES,179,5,1443,,0,1
4489,MUTANT_ANNOTATED_SINGLE_METHOD,ATTACK_DEPENDENCIES,178,5,1445,,0,1
4490,MUTANT_ANNOTATED_SINGLE_METHOD,ATTACK_DEPENDENCIES,180,5,1444,,0,1
4491,TEST_FULL_SUITE_PLUS_DEFAULT,DEFEND_ONE_FROM_MANY,178,6,,1877,0,1
4492,TEST_FULL_SUITE_PLUS_DEFAULT,DEFEND_ONE_FROM_MANY,180,6,,1878,0,1
4493,TEST_FULL_SUITE_PLUS_DEFAULT,DEFEND_ONE_FROM_MANY,179,6,,1879,0,1
4494,MUTANT_ANNOTATED_SINGLE_METHOD,ATTACK_DEFAULT,180,5,,,0,1
4495,MUTANT_ANNOTATED_SINGLE_METHOD,ATTACK_DEFAULT,179,5,,,0,1
4496,MUTANT_ANNOTATED_SINGLE_METHOD,ATTACK_DEPENDENCIES,180,5,1447,,0,1
4497,MUTANT_ANNOTATED_SINGLE_METHOD,ATTACK_DEPENDENCIES,179,5,1446,,0,1
4498,MUTANT_ANNOTATED_SINGLE_METHOD,ATTACK_DEFAULT,178,5,,,0,1
4499,MUTANT_ANNOTATED_SINGLE_METHOD,ATTACK_DEPENDENCIES,178,5,1448,,0,1
4500,TEST_FULL_SUITE_PLUS_DEFAULT,DEFEND_ONE_FROM_MANY,180,6,,1880,0,1
4501,TEST_FULL_SUITE_PLUS_DEFAULT,DEFEND_ONE_FROM_MANY,179,6,,1882,0,1
4502,TEST_FULL_SUITE_PLUS_DEFAULT,DEFEND_ONE_FROM_MANY,178,6,,1881,0,1
4503,MUTANT_ANNOTATED_SINGLE_METHOD,ATTACK_DEFAULT,179,5,,,0,1
4504,MUTANT_ANNOTATED_SINGLE_METHOD,ATTACK_DEFAULT,180,5,,,0,1
4505,MUTANT_ANNOTATED_SINGLE_METHOD,ATTACK_DEPENDENCIES,180,5,1451,,0,1
4506,MUTANT_ANNOTATED_SINGLE_METHOD,ATTACK_DEPENDENCIES,179,5,1449,,0,1
4507,MUTANT_ANNOTATED_SINGLE_METHOD,ATTACK_DEFAULT,178,5,,,0,1
4508,MUTANT_ANNOTATED_SINGLE_METHOD,ATTACK_DEPENDENCIES,178,5,1450,,0,1
4509,TEST_FULL_SUITE_PLUS_DEFAULT,DEFEND_ONE_FROM_MANY,180,6,,1884,0,1
4510,TEST_FULL_SUITE_PLUS_DEFAULT,DEFEND_ONE_FROM_MANY,179,6,,1883,0,1
4511,TEST_FULL_SUITE_PLUS_DEFAULT,DEFEND_ONE_FROM_MANY,178,6,,1885,0,1
4512,MUTANT_ANNOTATED_SINGLE_METHOD,ATTACK_DEFAULT,179,5,,,0,1
4513,MUTANT_ANNOTATED_SINGLE_METHOD,ATTACK_DEFAULT,178,5,,,0,1
4514,MUTANT_ANNOTATED_SINGLE_METHOD,ATTACK_DEPENDENCIES,178,5,1452,,0,1
4515,MUTANT_ANNOTATED_SINGLE_METHOD,ATTACK_DEPENDENCIES,179,5,1453,,0,1
4516,TEST_FULL_SUITE_PLUS_DEFAULT,DEFEND_ONE_FROM_MANY,178,6,,1887,0,1
4517,TEST_FULL_SUITE_PLUS_DEFAULT,DEFEND_ONE_FROM_MANY,180,6,,1888,0,1
4518,TEST_FULL_SUITE_PLUS_DEFAULT,DEFEND_ONE_FROM_MANY,179,6,,1886,0,1
4519,MUTANT_ANNOTATED_SINGLE_METHOD,ATTACK_DEFAULT,180,5,,,0,1
4520,MUTANT_ANNOTATED_SINGLE_METHOD,ATTACK_DEPENDENCIES,180,5,1454,,0,1
4521,TEST_FULL_SUITE_PLUS_DEFAULT,DEFEND_ONE_FROM_MANY,180,6,,1889,0,1
4522,TEST_FULL_SUITE_PLUS_DEFAULT,DEFEND_ONE_FROM_MANY,178,6,,1891,0,1
4523,TEST_FULL_SUITE_PLUS_DEFAULT,DEFEND_ONE_FROM_MANY,179,6,,1890,0,1
4524,MUTANT_ANNOTATED_SINGLE_METHOD,ATTACK_DEFAULT,179,5,,,0,1
4525,MUTANT_ANNOTATED_SINGLE_METHOD,ATTACK_DEFAULT,178,5,,,0,1
4526,MUTANT_ANNOTATED_SINGLE_METHOD,ATTACK_DEPENDENCIES,179,5,1456,,0,1
4527,MUTANT_ANNOTATED_SINGLE_METHOD,ATTACK_DEPENDENCIES,178,5,1455,,0,1
4528,MUTANT_ANNOTATED_SINGLE_METHOD,ATTACK_DEFAULT,180,5,,,0,1
4529,MUTANT_ANNOTATED_SINGLE_METHOD,ATTACK_DEPENDENCIES,180,5,1457,,0,1
4530,TEST_FULL_SUITE_PLUS_DEFAULT,DEFEND_ONE_FROM_MANY,178,6,,1893,0,1
4531,TEST_FULL_SUITE_PLUS_DEFAULT,DEFEND_ONE_FROM_MANY,180,6,,1892,0,1
4532,TEST_FULL_SUITE_PLUS_DEFAULT,DEFEND_ONE_FROM_MANY,179,6,,1894,0,1
4533,MUTANT_ANNOTATED_SINGLE_METHOD,ATTACK_DEFAULT,179,5,,,0,1
4534,MUTANT_ANNOTATED_SINGLE_METHOD,ATTACK_DEFAULT,178,5,,,0,1
4535,MUTANT_ANNOTATED_SINGLE_METHOD,ATTACK_DEPENDENCIES,179,5,1461,,0,1
4536,MUTANT_ANNOTATED_SINGLE_METHOD,ATTACK_DEPENDENCIES,178,5,1458,,0,1
4537,MUTANT_ANNOTATED_SINGLE_METHOD,ATTACK_DEFAULT,180,5,,,0,1
4538,MUTANT_ANNOTATED_SINGLE_METHOD,ATTACK_DEPENDENCIES,180,5,1459,,0,1
4539,TEST_FULL_SUITE_PLUS_DEFAULT,DEFEND_ONE_FROM_MANY,180,6,,1895,0,1
4540,TEST_FULL_SUITE_PLUS_DEFAULT,DEFEND_ONE_FROM_MANY,178,6,,1896,0,1
4541,TEST_FULL_SUITE_PLUS_DEFAULT,DEFEND_ONE_FROM_MANY,179,6,,1897,0,1
4542,MUTANT_ANNOTATED_SINGLE_METHOD,ATTACK_DEFAULT,178,5,,,0,1
4543,MUTANT_ANNOTATED_SINGLE_METHOD,ATTACK_DEPENDENCIES,178,5,1460,,0,1
4544,MUTANT_ANNOTATED_SINGLE_METHOD,ATTACK_DEFAULT,180,5,,,0,1
4545,MUTANT_ANNOTATED_SINGLE_METHOD,ATTACK_DEPENDENCIES,180,5,1462,,0,1
4546,TEST_FULL_SUITE_PLUS_DEFAULT,DEFEND_ONE_FROM_MANY,179,6,,1898,0,1
4547,TEST_FULL_SUITE_PLUS_DEFAULT,DEFEND_ONE_FROM_MANY,180,6,,1899,0,1
4548,TEST_FULL_SUITE_PLUS_DEFAULT,DEFEND_ONE_FROM_MANY,178,6,,1900,0,1
4549,MUTANT_ANNOTATED_SINGLE_METHOD,ATTACK_DEFAULT,178,5,,,0,1
4550,MUTANT_ANNOTATED_SINGLE_METHOD,ATTACK_DEFAULT,179,5,,,0,1
4551,MUTANT_ANNOTATED_SINGLE_METHOD,ATTACK_DEPENDENCIES,178,5,1464,,0,1
4552,MUTANT_ANNOTATED_SINGLE_METHOD,ATTACK_DEPENDENCIES,179,5,1463,,0,1
4553,MUTANT_ANNOTATED_SINGLE_METHOD,ATTACK_DEFAULT,180,5,,,0,1
4554,MUTANT_ANNOTATED_SINGLE_METHOD,ATTACK_DEPENDENCIES,180,5,1465,,0,1
4555,TEST_FULL_SUITE_PLUS_DEFAULT,DEFEND_ONE_FROM_MANY,179,6,,1903,0,1
4556,TEST_FULL_SUITE_PLUS_DEFAULT,DEFEND_ONE_FROM_MANY,180,6,,1901,0,1
4557,TEST_FULL_SUITE_PLUS_DEFAULT,DEFEND_ONE_FROM_MANY,178,6,,1902,0,1
4558,MUTANT_ANNOTATED_SINGLE_METHOD,ATTACK_DEFAULT,178,5,,,0,1
4559,MUTANT_ANNOTATED_SINGLE_METHOD,ATTACK_DEFAULT,179,5,,,0,1
4560,MUTANT_ANNOTATED_SINGLE_METHOD,ATTACK_DEPENDENCIES,178,5,1466,,0,1
4561,MUTANT_ANNOTATED_SINGLE_METHOD,ATTACK_DEPENDENCIES,179,5,1467,,0,1
4562,MUTANT_ANNOTATED_SINGLE_METHOD,ATTACK_DEFAULT,180,5,,,0,1
4563,MUTANT_ANNOTATED_SINGLE_METHOD,ATTACK_DEPENDENCIES,180,5,1468,,0,1
4564,TEST_FULL_SUITE_PLUS_DEFAULT,DEFEND_ONE_FROM_MANY,179,6,,1904,0,1
4565,TEST_FULL_SUITE_PLUS_DEFAULT,DEFEND_ONE_FROM_MANY,180,6,,1905,0,1
4566,TEST_FULL_SUITE_PLUS_DEFAULT,DEFEND_ONE_FROM_MANY,178,6,,1906,0,1
4567,MUTANT_ANNOTATED_SINGLE_METHOD,ATTACK_DEFAULT,178,5,,,0,1
4568,MUTANT_ANNOTATED_SINGLE_METHOD,ATTACK_DEFAULT,179,5,,,0,1
4569,MUTANT_ANNOTATED_SINGLE_METHOD,ATTACK_DEPENDENCIES,178,5,1469,,0,1
4570,MUTANT_ANNOTATED_SINGLE_METHOD,ATTACK_DEPENDENCIES,179,5,1470,,0,1
4571,MUTANT_ANNOTATED_SINGLE_METHOD,ATTACK_DEFAULT,180,5,,,0,1
4572,MUTANT_ANNOTATED_SINGLE_METHOD,ATTACK_DEPENDENCIES,180,5,1471,,0,1
4573,TEST_FULL_SUITE_PLUS_DEFAULT,DEFEND_ONE_FROM_MANY,179,6,,1908,0,1
4574,TEST_FULL_SUITE_PLUS_DEFAULT,DEFEND_ONE_FROM_MANY,180,6,,1907,0,1
4575,TEST_FULL_SUITE_PLUS_DEFAULT,DEFEND_ONE_FROM_MANY,178,6,,1909,0,1
4576,MUTANT_ANNOTATED_SINGLE_METHOD,ATTACK_DEFAULT,178,5,,,0,1
4577,MUTANT_ANNOTATED_SINGLE_METHOD,ATTACK_DEPENDENCIES,178,5,1474,,0,1
4578,MUTANT_ANNOTATED_SINGLE_METHOD,ATTACK_DEFAULT,179,5,,,0,1
4579,MUTANT_ANNOTATED_SINGLE_METHOD,ATTACK_DEPENDENCIES,179,5,1472,,0,1
4580,MUTANT_ANNOTATED_SINGLE_METHOD,ATTACK_DEFAULT,180,5,,,0,1
4581,MUTANT_ANNOTATED_SINGLE_METHOD,ATTACK_DEPENDENCIES,180,5,1473,,0,1
4582,TEST_FULL_SUITE_PLUS_DEFAULT,DEFEND_ONE_FROM_MANY,179,6,,1911,0,1
4583,TEST_FULL_SUITE_PLUS_DEFAULT,DEFEND_ONE_FROM_MANY,180,6,,1910,0,1
4584,TEST_FULL_SUITE_PLUS_DEFAULT,DEFEND_ONE_FROM_MANY,178,6,,1912,0,1
4585,MUTANT_ANNOTATED_SINGLE_METHOD,ATTACK_DEFAULT,179,5,,,0,1
4586,MUTANT_ANNOTATED_SINGLE_METHOD,ATTACK_DEPENDENCIES,179,5,1475,,0,1
4587,MUTANT_ANNOTATED_SINGLE_METHOD,ATTACK_DEFAULT,180,5,,,0,1
4588,TEST_FULL_SUITE_PLUS_DEFAULT,DEFEND_FOCUS,179,6,,1915,0,1
4589,MUTANT_ANNOTATED_SINGLE_METHOD,ATTACK_DEPENDENCIES,180,5,1476,,0,1
4590,TEST_FULL_SUITE_PLUS_DEFAULT,DEFEND_ONE_FROM_MANY,178,6,,1913,0,1
4591,TEST_FULL_SUITE_PLUS_DEFAULT,DEFEND_ONE_FROM_MANY,180,6,,1914,0,1
4592,MUTANT_ANNOTATED_SINGLE_METHOD,ATTACK_DEFAULT,178,5,,,0,1
4593,MUTANT_ANNOTATED_SINGLE_METHOD,ATTACK_DEPENDENCIES,178,5,1477,,0,1
4594,MUTANT_ANNOTATED_SINGLE_METHOD,ATTACK_DEFAULT,179,5,,,0,1
4595,MUTANT_ANNOTATED_SINGLE_METHOD,ATTACK_DEPENDENCIES,179,5,1478,,0,1
4596,MUTANT_ANNOTATED_SINGLE_METHOD,ATTACK_DEFAULT,180,5,,,0,1
4597,TEST_FULL_SUITE_PLUS_DEFAULT,DEFEND_FOCUS,179,6,,1922,0,1
4598,MUTANT_ANNOTATED_SINGLE_METHOD,ATTACK_DEPENDENCIES,180,5,1479,,0,1
4599,TEST_FULL_SUITE_PLUS_DEFAULT,DEFEND_ONE_FROM_MANY,178,6,,1916,0,1
4600,TEST_FULL_SUITE_PLUS_DEFAULT,DEFEND_ONE_FROM_MANY,180,6,,1917,0,1
4601,MUTANT_ANNOTATED_SINGLE_METHOD,ATTACK_DEFAULT,178,5,,,0,1
4602,MUTANT_ANNOTATED_SINGLE_METHOD,ATTACK_DEPENDENCIES,178,5,1480,,0,1
4603,TEST_FULL_SUITE_PLUS_DEFAULT,DEFEND_ONE_FROM_MANY,178,6,,1918,0,1
4604,TEST_FULL_SUITE_PLUS_DEFAULT,DEFEND_ONE_FROM_MANY,180,6,,1919,0,1
4605,MUTANT_ANNOTATED_SINGLE_METHOD,ATTACK_DEFAULT,179,5,,,0,1
4606,MUTANT_ANNOTATED_SINGLE_METHOD,ATTACK_DEPENDENCIES,179,5,1481,,0,1
4607,MUTANT_ANNOTATED_SINGLE_METHOD,ATTACK_DEFAULT,180,5,,,0,1
4608,MUTANT_ANNOTATED_SINGLE_METHOD,ATTACK_DEPENDENCIES,180,5,1482,,0,1
4609,MUTANT_ANNOTATED_SINGLE_METHOD,ATTACK_DEFAULT,178,5,,,0,1
4610,MUTANT_ANNOTATED_SINGLE_METHOD,ATTACK_DEPENDENCIES,178,5,1483,,0,1
4611,TEST_FULL_SUITE_PLUS_DEFAULT,DEFEND_FOCUS,180,6,,1928,0,1
4612,TEST_FULL_SUITE_PLUS_DEFAULT,DEFEND_ONE_FROM_MANY,178,6,,1921,0,1
4613,MUTANT_ANNOTATED_SINGLE_METHOD,ATTACK_DEFAULT,179,5,,,0,1
4614,MUTANT_ANNOTATED_SINGLE_METHOD,ATTACK_DEPENDENCIES,179,5,1484,,0,1
4615,MUTANT_ANNOTATED_SINGLE_METHOD,ATTACK_DEFAULT,180,5,,,0,1
4616,TEST_FULL_SUITE_PLUS_DEFAULT,DEFEND_FOCUS,179,6,,1927,0,1
4617,TEST_FULL_SUITE_PLUS_DEFAULT,DEFEND_FOCUS,178,6,,1925,0,1
4618,MUTANT_ANNOTATED_SINGLE_METHOD,ATTACK_DEPENDENCIES,180,5,1485,,0,1
4619,MUTANT_ANNOTATED_SINGLE_METHOD,ATTACK_DEFAULT,178,5,,,0,1
4620,MUTANT_ANNOTATED_SINGLE_METHOD,ATTACK_DEPENDENCIES,178,5,1487,,0,1
4621,MUTANT_ANNOTATED_SINGLE_METHOD,ATTACK_DEFAULT,179,5,,,0,1
4622,MUTANT_ANNOTATED_SINGLE_METHOD,ATTACK_DEPENDENCIES,179,5,1486,,0,1
4623,TEST_FULL_SUITE_PLUS_DEFAULT,DEFEND_FOCUS,178,6,,1929,0,1
4624,MUTANT_ANNOTATED_SINGLE_METHOD,ATTACK_DEFAULT,180,5,,,0,1
4625,MUTANT_ANNOTATED_SINGLE_METHOD,ATTACK_DEPENDENCIES,180,5,1488,,0,1
4626,MUTANT_ANNOTATED_SINGLE_METHOD,ATTACK_DEFAULT,179,5,,,0,1
4627,MUTANT_ANNOTATED_SINGLE_METHOD,ATTACK_DEPENDENCIES,179,5,1490,,0,1
4628,TEST_FULL_SUITE_PLUS_DEFAULT,DEFEND_FOCUS,179,6,,1931,0,1
4629,TEST_FULL_SUITE_PLUS_DEFAULT,DEFEND_FOCUS,178,6,,1941,0,1
4630,TEST_FULL_SUITE_PLUS_DEFAULT,DEFEND_FOCUS,180,6,,1972,0,1
4631,MUTANT_ANNOTATED_SINGLE_METHOD,ATTACK_DEFAULT,178,5,,,0,1
4632,MUTANT_ANNOTATED_SINGLE_METHOD,ATTACK_DEPENDENCIES,178,5,1489,,0,1
4633,MUTANT_ANNOTATED_SINGLE_METHOD,ATTACK_EQUIVALENCE,180,5,,,0,1
4634,TEST_FULL_SUITE_PLUS_DEFAULT,DEFEND_DEFAULT,180,6,,1940,0,1
4635,MUTANT_ANNOTATED_SINGLE_METHOD,ATTACK_DEFAULT,178,5,,,0,1
4636,MUTANT_ANNOTATED_SINGLE_METHOD,ATTACK_EQUIVALENCE,179,5,,,0,1
4637,MUTANT_ANNOTATED_SINGLE_METHOD,ATTACK_DEPENDENCIES,178,5,1491,,0,1
4638,MUTANT_ANNOTATED_SINGLE_METHOD,ATTACK_DEFAULT,180,5,,,0,1
4639,MUTANT_ANNOTATED_SINGLE_METHOD,ATTACK_DEPENDENCIES,180,5,1492,,0,1
4640,MUTANT_ANNOTATED_SINGLE_METHOD,ATTACK_EQUIVALENCE,180,5,,,0,1
4641,MUTANT_ANNOTATED_SINGLE_METHOD,ATTACK_EQUIVALENCE,179,5,,,0,1
4642,MUTANT_ANNOTATED_SINGLE_METHOD,ATTACK_DEFAULT,178,5,,,0,1
4643,MUTANT_ANNOTATED_SINGLE_METHOD,ATTACK_DEPENDENCIES,178,5,1494,,0,1
4644,MUTANT_ANNOTATED_SINGLE_METHOD,ATTACK_DEFAULT,179,5,,,0,1
4645,MUTANT_ANNOTATED_SINGLE_METHOD,ATTACK_DEPENDENCIES,179,5,1493,,0,1
4646,MUTANT_ANNOTATED_SINGLE_METHOD,ATTACK_DEFAULT,180,5,,,0,1
4647,MUTANT_ANNOTATED_SINGLE_METHOD,ATTACK_DEPENDENCIES,180,5,1495,,0,1
4648,TEST_FULL_SUITE_PLUS_DEFAULT,DEFEND_DEFAULT,180,6,,1942,0,1
4649,MUTANT_ANNOTATED_SINGLE_METHOD,ATTACK_DEFAULT,179,5,,,0,1
4650,MUTANT_ANNOTATED_SINGLE_METHOD,ATTACK_DEPENDENCIES,179,5,1496,,0,1
4651,MUTANT_ANNOTATED_SINGLE_METHOD,ATTACK_DEFAULT,178,5,,,0,1
4652,MUTANT_ANNOTATED_SINGLE_METHOD,ATTACK_DEPENDENCIES,178,5,1497,,0,1
4653,MUTANT_ANNOTATED_SINGLE_METHOD,ATTACK_DEFAULT,180,5,,,0,1
4654,MUTANT_ANNOTATED_SINGLE_METHOD,ATTACK_DEPENDENCIES,180,5,1498,,0,1
4655,TEST_FULL_SUITE_PLUS_DEFAULT,DEFEND_FOCUS,178,6,,1943,0,1
4656,MUTANT_ANNOTATED_SINGLE_METHOD,ATTACK_DEFAULT,179,5,,,0,1
4657,MUTANT_ANNOTATED_SINGLE_METHOD,ATTACK_DEPENDENCIES,179,5,1499,,0,1
4658,MUTANT_ANNOTATED_SINGLE_METHOD,ATTACK_DEFAULT,178,5,,,0,1
4659,MUTANT_ANNOTATED_SINGLE_METHOD,ATTACK_DEPENDENCIES,178,5,1500,,0,1
4660,MUTANT_ANNOTATED_SINGLE_METHOD,ATTACK_DEFAULT,180,5,,,0,1
4661,MUTANT_ANNOTATED_SINGLE_METHOD,ATTACK_DEPENDENCIES,180,5,1501,,0,1
4662,MUTANT_ANNOTATED_SINGLE_METHOD,ATTACK_DEFAULT,179,5,,,0,1
4663,MUTANT_ANNOTATED_SINGLE_METHOD,ATTACK_DEPENDENCIES,179,5,1502,,0,1
4664,MUTANT_ANNOTATED_SINGLE_METHOD,ATTACK_DEFAULT,178,5,,,0,1
4665,MUTANT_ANNOTATED_SINGLE_METHOD,ATTACK_DEPENDENCIES,178,5,1503,,0,1
4666,MUTANT_ANNOTATED_SINGLE_METHOD,ATTACK_DEFAULT,180,5,,,0,1
4667,MUTANT_ANNOTATED_SINGLE_METHOD,ATTACK_DEPENDENCIES,180,5,1504,,0,1
4668,TEST_FULL_SUITE_PLUS_DEFAULT,DEFEND_DEFAULT,180,6,,1944,0,1
4669,MUTANT_ANNOTATED_SINGLE_METHOD,ATTACK_DEFAULT,179,5,,,0,1
4670,MUTANT_ANNOTATED_SINGLE_METHOD,ATTACK_DEPENDENCIES,179,5,1505,,0,1
4671,MUTANT_ANNOTATED_SINGLE_METHOD,ATTACK_DEFAULT,178,5,,,0,1
4672,MUTANT_ANNOTATED_SINGLE_METHOD,ATTACK_DEPENDENCIES,178,5,1506,,0,1
4673,MUTANT_ANNOTATED_SINGLE_METHOD,ATTACK_DEFAULT,180,5,,,0,1
4674,MUTANT_ANNOTATED_SINGLE_METHOD,ATTACK_DEPENDENCIES,180,5,1507,,0,1
4675,TEST_FULL_SUITE_PLUS_DEFAULT,DEFEND_DEFAULT,180,6,,1945,0,1
4676,TEST_FULL_SUITE_PLUS_DEFAULT,DEFEND_DEFAULT,178,6,,1946,0,1
4677,MUTANT_ANNOTATED_SINGLE_METHOD,ATTACK_DEFAULT,179,5,,,0,1
4678,MUTANT_ANNOTATED_SINGLE_METHOD,ATTACK_DEPENDENCIES,179,5,1508,,0,1
4679,MUTANT_ANNOTATED_SINGLE_METHOD,ATTACK_EQUIVALENCE,178,5,,,0,1
4680,MUTANT_ANNOTATED_SINGLE_METHOD,ATTACK_EQUIVALENCE,178,5,,,0,1
4681,MUTANT_ANNOTATED_SINGLE_METHOD,ATTACK_DEFAULT,180,5,,,0,1
4682,MUTANT_ANNOTATED_SINGLE_METHOD,ATTACK_DEPENDENCIES,180,5,1510,,0,1
4683,TEST_FULL_SUITE_PLUS_DEFAULT,DEFEND_DEFAULT,178,6,,1950,0,1
4684,TEST_FULL_SUITE_PLUS_DEFAULT,DEFEND_DEFAULT,180,6,,1949,0,1
4685,MUTANT_ANNOTATED_SINGLE_METHOD,ATTACK_EQUIVALENCE,180,5,,,0,1
4686,MUTANT_ANNOTATED_SINGLE_METHOD,ATTACK_EQUIVALENCE,178,5,,,0,1
4687,TEST_FULL_SUITE_PLUS_DEFAULT,DEFEND_DEFAULT,178,6,,1955,0,1
4688,TEST_FULL_SUITE_PLUS_DEFAULT,DEFEND_DEFAULT,180,6,,1954,0,1
4689,MUTANT_ANNOTATED_SINGLE_METHOD,ATTACK_DEFAULT,179,5,,,0,1
4690,MUTANT_ANNOTATED_SINGLE_METHOD,ATTACK_DEPENDENCIES,179,5,1509,,0,1
4691,MUTANT_ANNOTATED_SINGLE_METHOD,ATTACK_EQUIVALENCE,178,5,,,0,1
4692,MUTANT_ANNOTATED_SINGLE_METHOD,ATTACK_DEFAULT,178,5,,,0,1
4693,MUTANT_ANNOTATED_SINGLE_METHOD,ATTACK_DEPENDENCIES,178,5,1511,,0,1
4694,TEST_FULL_SUITE_PLUS_DEFAULT,DEFEND_DEFAULT,180,6,,1957,0,1
4695,TEST_FULL_SUITE_PLUS_DEFAULT,DEFEND_FOCUS,178,6,,,1,0
4696,MUTANT_ANNOTATED_SINGLE_METHOD,ATTACK_DEFAULT,179,5,,,0,1
4697,MUTANT_ANNOTATED_SINGLE_METHOD,ATTACK_DEPENDENCIES,179,5,1514,,0,1
4698,MUTANT_ANNOTATED_SINGLE_METHOD,ATTACK_DEFAULT,180,5,,,0,1
4699,MUTANT_ANNOTATED_SINGLE_METHOD,ATTACK_DEPENDENCIES,180,5,1512,,0,1
4700,MUTANT_ANNOTATED_SINGLE_METHOD,ATTACK_DEFAULT,178,5,,,0,1
4701,MUTANT_ANNOTATED_SINGLE_METHOD,ATTACK_DEPENDENCIES,178,5,1513,,0,1
4702,TEST_FULL_SUITE_PLUS_DEFAULT,DEFEND_DEFAULT,180,6,,1960,0,1
4703,TEST_FULL_SUITE_PLUS_DEFAULT,DEFEND_DEFAULT,178,6,,1958,0,1
4704,MUTANT_ANNOTATED_SINGLE_METHOD,ATTACK_DEFAULT,180,5,,,0,1
4705,MUTANT_ANNOTATED_SINGLE_METHOD,ATTACK_DEPENDENCIES,180,5,1515,,0,1
4706,MUTANT_ANNOTATED_SINGLE_METHOD,ATTACK_DEFAULT,178,5,,,0,1
4707,MUTANT_ANNOTATED_SINGLE_METHOD,ATTACK_DEPENDENCIES,178,5,1517,,0,1
4708,MUTANT_ANNOTATED_SINGLE_METHOD,ATTACK_DEFAULT,179,5,,,0,1
4709,MUTANT_ANNOTATED_SINGLE_METHOD,ATTACK_DEPENDENCIES,179,5,1516,,0,1
4710,TEST_FULL_SUITE_PLUS_DEFAULT,DEFEND_DEFAULT,178,6,,1961,0,1
4711,MUTANT_ANNOTATED_SINGLE_METHOD,ATTACK_DEFAULT,180,5,,,0,1
4712,MUTANT_ANNOTATED_SINGLE_METHOD,ATTACK_DEPENDENCIES,180,5,1518,,0,1
4713,MUTANT_ANNOTATED_SINGLE_METHOD,ATTACK_DEFAULT,179,5,,,0,1
4714,MUTANT_ANNOTATED_SINGLE_METHOD,ATTACK_DEPENDENCIES,179,5,1519,,0,1
4715,MUTANT_ANNOTATED_SINGLE_METHOD,ATTACK_DEFAULT,178,5,,,0,1
4716,MUTANT_ANNOTATED_SINGLE_METHOD,ATTACK_DEPENDENCIES,178,5,1520,,0,1
4717,TEST_FULL_SUITE_PLUS_DEFAULT,DEFEND_DEFAULT,180,6,,1963,0,1
4718,TEST_FULL_SUITE_PLUS_DEFAULT,DEFEND_DEFAULT,178,6,,1964,0,1
4719,MUTANT_ANNOTATED_SINGLE_METHOD,ATTACK_DEFAULT,180,5,,,0,1
4720,MUTANT_ANNOTATED_SINGLE_METHOD,ATTACK_DEPENDENCIES,180,5,1521,,0,1
4721,MUTANT_ANNOTATED_SINGLE_METHOD,ATTACK_DEFAULT,179,5,,,0,1
4722,MUTANT_ANNOTATED_SINGLE_METHOD,ATTACK_DEPENDENCIES,179,5,1523,,0,1
4723,MUTANT_ANNOTATED_SINGLE_METHOD,ATTACK_DEFAULT,178,5,,,0,1
4724,MUTANT_ANNOTATED_SINGLE_METHOD,ATTACK_DEPENDENCIES,178,5,1522,,0,1
4725,TEST_FULL_SUITE_PLUS_DEFAULT,DEFEND_DEFAULT,180,6,,1965,0,1
4726,MUTANT_ANNOTATED_SINGLE_METHOD,ATTACK_DEFAULT,180,5,,,0,1
4727,MUTANT_ANNOTATED_SINGLE_METHOD,ATTACK_DEPENDENCIES,180,5,1525,,0,1
4728,MUTANT_ANNOTATED_SINGLE_METHOD,ATTACK_DEFAULT,178,5,,,0,1
4729,MUTANT_ANNOTATED_SINGLE_METHOD,ATTACK_DEPENDENCIES,178,5,1524,,0,1
4730,TEST_FULL_SUITE_PLUS_DEFAULT,DEFEND_DEFAULT,180,6,,1969,0,1
4731,TEST_FULL_SUITE_PLUS_DEFAULT,DEFEND_DEFAULT,178,6,,1966,0,1
4732,MUTANT_ANNOTATED_SINGLE_METHOD,ATTACK_DEFAULT,179,5,,,0,1
4733,MUTANT_ANNOTATED_SINGLE_METHOD,ATTACK_DEPENDENCIES,179,5,1526,,0,1
4734,MUTANT_ANNOTATED_SINGLE_METHOD,ATTACK_DEFAULT,178,5,,,0,1
4735,MUTANT_ANNOTATED_SINGLE_METHOD,ATTACK_DEPENDENCIES,178,5,1527,,0,1
4736,TEST_FULL_SUITE_PLUS_DEFAULT,DEFEND_DEFAULT,178,6,,1968,0,1
4737,MUTANT_ANNOTATED_SINGLE_METHOD,ATTACK_DEFAULT,180,5,,,0,1
4738,MUTANT_ANNOTATED_SINGLE_METHOD,ATTACK_DEPENDENCIES,180,5,1528,,0,1
4739,MUTANT_ANNOTATED_SINGLE_METHOD,ATTACK_DEFAULT,179,5,,,0,1
4740,MUTANT_ANNOTATED_SINGLE_METHOD,ATTACK_DEPENDENCIES,179,5,1529,,0,1
4741,TEST_FULL_SUITE_PLUS_DEFAULT,DEFEND_DEFAULT,178,6,,1970,0,1
4742,MUTANT_ANNOTATED_SINGLE_METHOD,ATTACK_EQUIVALENCE,180,5,,,0,1
4743,MUTANT_ANNOTATED_SINGLE_METHOD,ATTACK_DEFAULT,178,5,,,0,1
4744,MUTANT_ANNOTATED_SINGLE_METHOD,ATTACK_DEPENDENCIES,178,5,1531,,0,1
4745,TEST_FULL_SUITE_PLUS_DEFAULT,DEFEND_DEFAULT,178,6,,1973,0,1
4746,MUTANT_ANNOTATED_SINGLE_METHOD,ATTACK_DEFAULT,180,5,,,0,1
4747,MUTANT_ANNOTATED_SINGLE_METHOD,ATTACK_DEPENDENCIES,180,5,1530,,0,1
4748,MUTANT_ANNOTATED_SINGLE_METHOD,ATTACK_EQUIVALENCE,178,5,,,0,1
4749,MUTANT_ANNOTATED_SINGLE_METHOD,ATTACK_DEFAULT,179,5,,,0,1
4750,MUTANT_ANNOTATED_SINGLE_METHOD,ATTACK_DEPENDENCIES,179,5,1532,,0,1
4751,TEST_FULL_SUITE_PLUS_DEFAULT,DEFEND_DEFAULT,178,6,,1976,0,1
4752,TEST_FULL_SUITE_PLUS_DEFAULT,DEFEND_FOCUS,180,6,,1975,0,1
4753,MUTANT_ANNOTATED_SINGLE_METHOD,ATTACK_DEFAULT,180,5,,,0,1
4754,MUTANT_ANNOTATED_SINGLE_METHOD,ATTACK_DEPENDENCIES,180,5,1533,,0,1
4755,MUTANT_ANNOTATED_SINGLE_METHOD,ATTACK_DEFAULT,178,5,,,0,1
4756,MUTANT_ANNOTATED_SINGLE_METHOD,ATTACK_DEPENDENCIES,178,5,1534,,0,1
4757,MUTANT_ANNOTATED_SINGLE_METHOD,ATTACK_DEFAULT,179,5,,,0,1
4758,MUTANT_ANNOTATED_SINGLE_METHOD,ATTACK_DEPENDENCIES,179,5,1536,,0,1
4759,TEST_FULL_SUITE_PLUS_DEFAULT,DEFEND_DEFAULT,180,6,,1978,0,1
4760,TEST_FULL_SUITE_PLUS_DEFAULT,DEFEND_DEFAULT,178,6,,1977,0,1
4761,MUTANT_ANNOTATED_SINGLE_METHOD,ATTACK_DEFAULT,180,5,,,0,1
4762,MUTANT_ANNOTATED_SINGLE_METHOD,ATTACK_DEPENDENCIES,180,5,1535,,0,1
4763,MUTANT_ANNOTATED_SINGLE_METHOD,ATTACK_DEFAULT,178,5,,,0,1
4764,MUTANT_ANNOTATED_SINGLE_METHOD,ATTACK_DEPENDENCIES,178,5,,,0,0
4765,TEST_FULL_SUITE_PLUS_DEFAULT,DEFEND_DEFAULT,180,6,,1980,0,1
4766,TEST_FULL_SUITE_PLUS_DEFAULT,DEFEND_DEFAULT,178,6,,1979,0,1
4767,MUTANT_ANNOTATED_SINGLE_METHOD,ATTACK_DEFAULT,180,5,,,0,1
4768,MUTANT_ANNOTATED_SINGLE_METHOD,ATTACK_DEPENDENCIES,180,5,1537,,0,1
4769,MUTANT_ANNOTATED_SINGLE_METHOD,ATTACK_DEFAULT,179,5,,,0,1
4770,MUTANT_ANNOTATED_SINGLE_METHOD,ATTACK_DEPENDENCIES,179,5,1538,,0,1
4771,TEST_FULL_SUITE_PLUS_DEFAULT,DEFEND_DEFAULT,180,6,,1981,0,1
4772,TEST_FULL_SUITE_PLUS_DEFAULT,DEFEND_DEFAULT,178,6,,1982,0,1
4773,MUTANT_ANNOTATED_SINGLE_METHOD,ATTACK_DEFAULT,180,5,,,0,1
4774,MUTANT_ANNOTATED_SINGLE_METHOD,ATTACK_DEPENDENCIES,180,5,1539,,0,1
4775,MUTANT_ANNOTATED_SINGLE_METHOD,ATTACK_DEPENDENCIES,178,5,1540,,0,1
4776,MUTANT_ANNOTATED_SINGLE_METHOD,ATTACK_DEFAULT,179,5,,,0,1
4777,MUTANT_ANNOTATED_SINGLE_METHOD,ATTACK_DEPENDENCIES,179,5,,,0,0
4778,TEST_FULL_SUITE_PLUS_DEFAULT,DEFEND_DEFAULT,180,6,,1983,0,1
4779,TEST_FULL_SUITE_PLUS_DEFAULT,DEFEND_DEFAULT,178,6,,1984,0,1
4780,MUTANT_ANNOTATED_SINGLE_METHOD,ATTACK_DEFAULT,180,5,,,0,1
4781,MUTANT_ANNOTATED_SINGLE_METHOD,ATTACK_DEPENDENCIES,180,5,1541,,0,1
4782,MUTANT_ANNOTATED_SINGLE_METHOD,ATTACK_DEFAULT,178,5,,,0,1
4783,MUTANT_ANNOTATED_SINGLE_METHOD,ATTACK_DEPENDENCIES,178,5,1542,,0,1
4784,TEST_FULL_SUITE_PLUS_DEFAULT,DEFEND_DEFAULT,178,6,,1986,0,1
4785,TEST_FULL_SUITE_PLUS_DEFAULT,DEFEND_FOCUS,180,6,,1985,0,1
4786,MUTANT_ANNOTATED_SINGLE_METHOD,ATTACK_DEFAULT,180,5,,,0,1
4787,MUTANT_ANNOTATED_SINGLE_METHOD,ATTACK_DEPENDENCIES,180,5,1544,,0,1
4788,MUTANT_ANNOTATED_SINGLE_METHOD,ATTACK_DEFAULT,178,5,,,0,1
4789,MUTANT_ANNOTATED_SINGLE_METHOD,ATTACK_DEPENDENCIES,178,5,1543,,0,1
4790,TEST_FULL_SUITE_PLUS_DEFAULT,DEFEND_DEFAULT,180,6,,1987,0,1
4791,TEST_FULL_SUITE_PLUS_DEFAULT,DEFEND_DEFAULT,178,6,,1988,0,1
4792,MUTANT_ANNOTATED_SINGLE_METHOD,ATTACK_DEPENDENCIES,179,5,,,0,0
4793,MUTANT_ANNOTATED_SINGLE_METHOD,ATTACK_DEFAULT,178,5,,,0,1
4794,MUTANT_ANNOTATED_SINGLE_METHOD,ATTACK_DEPENDENCIES,178,5,1545,,0,1
4795,TEST_FULL_SUITE_PLUS_DEFAULT,DEFEND_DEFAULT,180,6,,1989,0,1
4796,TEST_FULL_SUITE_PLUS_DEFAULT,DEFEND_DEFAULT,178,6,,1990,0,1
4797,MUTANT_ANNOTATED_SINGLE_METHOD,ATTACK_DEFAULT,180,5,,,0,1
4798,MUTANT_ANNOTATED_SINGLE_METHOD,ATTACK_DEPENDENCIES,180,5,1546,,0,1
4799,TEST_FULL_SUITE_PLUS_DEFAULT,DEFEND_DEFAULT,180,6,,1992,0,1
4800,TEST_FULL_SUITE_PLUS_DEFAULT,DEFEND_DEFAULT,178,6,,1991,0,1
4801,MUTANT_ANNOTATED_SINGLE_METHOD,ATTACK_DEPENDENCIES,179,5,1548,,0,1
4802,MUTANT_ANNOTATED_SINGLE_METHOD,ATTACK_DEFAULT,178,5,,,0,1
4803,MUTANT_ANNOTATED_SINGLE_METHOD,ATTACK_DEPENDENCIES,178,5,1547,,0,1
4804,TEST_FULL_SUITE_PLUS_DEFAULT,DEFEND_DEFAULT,180,6,,1995,0,1
4805,TEST_FULL_SUITE_PLUS_DEFAULT,DEFEND_DEFAULT,178,6,,1993,0,1
4806,MUTANT_ANNOTATED_SINGLE_METHOD,ATTACK_DEFAULT,180,5,,,0,1
4807,MUTANT_ANNOTATED_SINGLE_METHOD,ATTACK_DEPENDENCIES,180,5,1550,,0,1
4808,MUTANT_ANNOTATED_SINGLE_METHOD,ATTACK_DEFAULT,178,5,,,0,1
4809,TEST_FULL_SUITE_PLUS_DEFAULT,DEFEND_DEFAULT,178,6,,2000,0,1
4810,MUTANT_ANNOTATED_SINGLE_METHOD,ATTACK_DEPENDENCIES,178,5,1549,,0,1
4811,MUTANT_ANNOTATED_SINGLE_METHOD,ATTACK_DEFAULT,179,5,,,0,1
4812,MUTANT_ANNOTATED_SINGLE_METHOD,ATTACK_DEPENDENCIES,179,5,1552,,0,1
4813,MUTANT_ANNOTATED_SINGLE_METHOD,ATTACK_DEFAULT,178,5,,,0,1
4814,MUTANT_ANNOTATED_SINGLE_METHOD,ATTACK_DEPENDENCIES,178,5,1551,,0,1
4815,TEST_FULL_SUITE_PLUS_DEFAULT,DEFEND_FOCUS,180,6,,1998,0,1
4816,MUTANT_ANNOTATED_SINGLE_METHOD,ATTACK_DEFAULT,180,5,,,0,1
4817,MUTANT_ANNOTATED_SINGLE_METHOD,ATTACK_DEPENDENCIES,180,5,1553,,0,1
4818,TEST_FULL_SUITE_PLUS_DEFAULT,DEFEND_DEFAULT,180,6,,1999,0,1
4819,MUTANT_ANNOTATED_SINGLE_METHOD,ATTACK_DEFAULT,178,5,,,0,1
4820,MUTANT_ANNOTATED_SINGLE_METHOD,ATTACK_DEPENDENCIES,178,5,1555,,0,1
4821,MUTANT_ANNOTATED_SINGLE_METHOD,ATTACK_DEFAULT,179,5,,,0,1
4822,MUTANT_ANNOTATED_SINGLE_METHOD,ATTACK_DEPENDENCIES,179,5,1554,,0,1
4823,MUTANT_ANNOTATED_SINGLE_METHOD,ATTACK_DEFAULT,180,5,,,0,1
4824,MUTANT_ANNOTATED_SINGLE_METHOD,ATTACK_DEPENDENCIES,180,5,1556,,0,1
4825,TEST_FULL_SUITE_PLUS_DEFAULT,DEFEND_DEFAULT,180,6,,2001,0,1
4826,TEST_FULL_SUITE_PLUS_DEFAULT,DEFEND_DEFAULT,178,6,,2002,0,1
4827,MUTANT_ANNOTATED_SINGLE_METHOD,ATTACK_DEFAULT,178,5,,,0,1
4828,MUTANT_ANNOTATED_SINGLE_METHOD,ATTACK_DEFAULT,179,5,,,0,1
4829,MUTANT_ANNOTATED_SINGLE_METHOD,ATTACK_DEPENDENCIES,178,5,1557,,0,1
4830,MUTANT_ANNOTATED_SINGLE_METHOD,ATTACK_DEPENDENCIES,179,5,1558,,0,1
4831,TEST_FULL_SUITE_PLUS_DEFAULT,DEFEND_DEFAULT,180,6,,2003,0,1
4832,MUTANT_ANNOTATED_SINGLE_METHOD,ATTACK_DEFAULT,180,5,,,0,1
4833,MUTANT_ANNOTATED_SINGLE_METHOD,ATTACK_DEPENDENCIES,180,5,1559,,0,1
4834,TEST_FULL_SUITE_PLUS_DEFAULT,DEFEND_DEFAULT,178,6,,2004,0,1
4835,TEST_FULL_SUITE_PLUS_DEFAULT,DEFEND_DEFAULT,180,6,,,1,0
4836,MUTANT_ANNOTATED_SINGLE_METHOD,ATTACK_DEFAULT,178,5,,,0,1
4837,MUTANT_ANNOTATED_SINGLE_METHOD,ATTACK_DEPENDENCIES,178,5,,,1,0
4838,MUTANT_ANNOTATED_SINGLE_METHOD,ATTACK_DEFAULT,181,5,,,0,1
4839,MUTANT_ANNOTATED_SINGLE_METHOD,ATTACK_DEFAULT,182,5,,,0,1
4840,TEST_FULL_SUITE_PLUS_DEFAULT,DEFEND_DEFAULT,181,6,,,0,1
4841,TEST_FULL_SUITE_PLUS_DEFAULT,DEFEND_DEFAULT,182,6,,,0,1
4842,MUTANT_ANNOTATED_SINGLE_METHOD,ATTACK_DEFAULT,183,5,,,0,1
4843,TEST_FULL_SUITE_PLUS_DEFAULT,DEFEND_DEFAULT,183,6,,,0,1
4844,MUTANT_ANNOTATED_SINGLE_METHOD,ATTACK_DEPENDENCIES,182,5,1560,,0,1
4845,MUTANT_ANNOTATED_SINGLE_METHOD,ATTACK_DEPENDENCIES,183,5,1562,,0,1
4846,MUTANT_ANNOTATED_SINGLE_METHOD,ATTACK_DEPENDENCIES,181,5,1561,,0,1
4847,TEST_FULL_SUITE_PLUS_DEFAULT,DEFEND_ONE_FROM_MANY,183,6,,,0,1
4848,TEST_FULL_SUITE_PLUS_DEFAULT,DEFEND_ONE_FROM_MANY,182,6,,,0,1
4849,TEST_FULL_SUITE_PLUS_DEFAULT,DEFEND_ONE_FROM_MANY,183,6,,2006,0,1
4850,TEST_FULL_SUITE_PLUS_DEFAULT,DEFEND_ONE_FROM_MANY,181,6,,,0,1
4851,TEST_FULL_SUITE_PLUS_DEFAULT,DEFEND_ONE_FROM_MANY,182,6,,2007,0,1
4852,TEST_FULL_SUITE_PLUS_DEFAULT,DEFEND_ONE_FROM_MANY,181,6,,2008,0,1
4853,MUTANT_ANNOTATED_SINGLE_METHOD,ATTACK_DEFAULT,181,5,,,0,1
4854,MUTANT_ANNOTATED_SINGLE_METHOD,ATTACK_DEFAULT,182,5,,,0,1
4855,MUTANT_ANNOTATED_SINGLE_METHOD,ATTACK_DEFAULT,183,5,,,0,1
4856,MUTANT_ANNOTATED_SINGLE_METHOD,ATTACK_DEPENDENCIES,183,5,1564,,0,1
4857,MUTANT_ANNOTATED_SINGLE_METHOD,ATTACK_DEPENDENCIES,182,5,1565,,0,1
4858,MUTANT_ANNOTATED_SINGLE_METHOD,ATTACK_DEPENDENCIES,181,5,1563,,0,1
4859,TEST_FULL_SUITE_PLUS_DEFAULT,DEFEND_ONE_FROM_MANY,181,6,,2009,0,1
4860,TEST_FULL_SUITE_PLUS_DEFAULT,DEFEND_ONE_FROM_MANY,182,6,,2010,0,1
4861,TEST_FULL_SUITE_PLUS_DEFAULT,DEFEND_ONE_FROM_MANY,183,6,,2011,0,1
4862,MUTANT_ANNOTATED_SINGLE_METHOD,ATTACK_DEFAULT,181,5,,,0,1
4863,MUTANT_ANNOTATED_SINGLE_METHOD,ATTACK_DEFAULT,183,5,,,0,1
4864,MUTANT_ANNOTATED_SINGLE_METHOD,ATTACK_DEPENDENCIES,181,5,1566,,0,1
4865,MUTANT_ANNOTATED_SINGLE_METHOD,ATTACK_DEPENDENCIES,183,5,1567,,0,1
4866,TEST_FULL_SUITE_PLUS_DEFAULT,DEFEND_ONE_FROM_MANY,182,6,,2012,0,1
4867,TEST_FULL_SUITE_PLUS_DEFAULT,DEFEND_ONE_FROM_MANY,181,6,,2013,0,1
4868,TEST_FULL_SUITE_PLUS_DEFAULT,DEFEND_ONE_FROM_MANY,183,6,,2014,0,1
4869,MUTANT_ANNOTATED_SINGLE_METHOD,ATTACK_DEFAULT,182,5,,,0,1
4870,MUTANT_ANNOTATED_SINGLE_METHOD,ATTACK_DEPENDENCIES,182,5,1570,,0,1
4871,MUTANT_ANNOTATED_SINGLE_METHOD,ATTACK_DEFAULT,181,5,,,0,1
4872,MUTANT_ANNOTATED_SINGLE_METHOD,ATTACK_DEFAULT,183,5,,,0,1
4873,MUTANT_ANNOTATED_SINGLE_METHOD,ATTACK_DEPENDENCIES,181,5,1568,,0,1
4874,MUTANT_ANNOTATED_SINGLE_METHOD,ATTACK_DEPENDENCIES,183,5,1569,,0,1
4875,TEST_FULL_SUITE_PLUS_DEFAULT,DEFEND_ONE_FROM_MANY,181,6,,2015,0,1
4876,TEST_FULL_SUITE_PLUS_DEFAULT,DEFEND_ONE_FROM_MANY,182,6,,2016,0,1
4877,TEST_FULL_SUITE_PLUS_DEFAULT,DEFEND_ONE_FROM_MANY,183,6,,2017,0,1
4878,MUTANT_ANNOTATED_SINGLE_METHOD,ATTACK_DEFAULT,181,5,,,0,1
4879,MUTANT_ANNOTATED_SINGLE_METHOD,ATTACK_DEFAULT,182,5,,,0,1
4880,MUTANT_ANNOTATED_SINGLE_METHOD,ATTACK_DEFAULT,183,5,,,0,1
4881,MUTANT_ANNOTATED_SINGLE_METHOD,ATTACK_DEPENDENCIES,183,5,1572,,0,1
4882,MUTANT_ANNOTATED_SINGLE_METHOD,ATTACK_DEPENDENCIES,181,5,1573,,0,1
4883,MUTANT_ANNOTATED_SINGLE_METHOD,ATTACK_DEPENDENCIES,182,5,1571,,0,1
4884,TEST_FULL_SUITE_PLUS_DEFAULT,DEFEND_ONE_FROM_MANY,183,6,,2023,0,1
4885,TEST_FULL_SUITE_PLUS_DEFAULT,DEFEND_ONE_FROM_MANY,182,6,,2019,0,1
4886,TEST_FULL_SUITE_PLUS_DEFAULT,DEFEND_ONE_FROM_MANY,181,6,,2018,0,1
4887,MUTANT_ANNOTATED_SINGLE_METHOD,ATTACK_DEFAULT,181,5,,,0,1
4888,MUTANT_ANNOTATED_SINGLE_METHOD,ATTACK_DEFAULT,182,5,,,0,1
4889,MUTANT_ANNOTATED_SINGLE_METHOD,ATTACK_DEFAULT,183,5,,,0,1
4890,MUTANT_ANNOTATED_SINGLE_METHOD,ATTACK_DEPENDENCIES,181,5,1575,,0,1
4891,MUTANT_ANNOTATED_SINGLE_METHOD,ATTACK_DEPENDENCIES,182,5,1576,,0,1
4892,MUTANT_ANNOTATED_SINGLE_METHOD,ATTACK_DEPENDENCIES,183,5,1574,,0,1
4893,TEST_FULL_SUITE_PLUS_DEFAULT,DEFEND_ONE_FROM_MANY,181,6,,2022,0,1
4894,TEST_FULL_SUITE_PLUS_DEFAULT,DEFEND_ONE_FROM_MANY,182,6,,2021,0,1
4895,MUTANT_ANNOTATED_SINGLE_METHOD,ATTACK_DEFAULT,181,5,,,0,1
4896,MUTANT_ANNOTATED_SINGLE_METHOD,ATTACK_DEFAULT,183,5,,,0,1
4897,TEST_FULL_SUITE_PLUS_DEFAULT,DEFEND_ONE_FROM_MANY,183,6,,,0,1
4898,MUTANT_ANNOTATED_SINGLE_METHOD,ATTACK_DEPENDENCIES,181,5,1577,,0,1
4899,MUTANT_ANNOTATED_SINGLE_METHOD,ATTACK_DEPENDENCIES,183,5,1578,,0,1
4900,TEST_FULL_SUITE_PLUS_DEFAULT,DEFEND_ONE_FROM_MANY,183,6,,2029,0,1
4901,TEST_FULL_SUITE_PLUS_DEFAULT,DEFEND_ONE_FROM_MANY,182,6,,2024,0,1
4902,TEST_FULL_SUITE_PLUS_DEFAULT,DEFEND_ONE_FROM_MANY,181,6,,2025,0,1
4903,MUTANT_ANNOTATED_SINGLE_METHOD,ATTACK_DEFAULT,182,5,,,0,1
4904,MUTANT_ANNOTATED_SINGLE_METHOD,ATTACK_DEPENDENCIES,182,5,1579,,0,1
4905,MUTANT_ANNOTATED_SINGLE_METHOD,ATTACK_DEFAULT,181,5,,,0,1
4906,MUTANT_ANNOTATED_SINGLE_METHOD,ATTACK_DEFAULT,183,5,,,0,1
4907,MUTANT_ANNOTATED_SINGLE_METHOD,ATTACK_DEPENDENCIES,181,5,1581,,0,1
4908,MUTANT_ANNOTATED_SINGLE_METHOD,ATTACK_DEPENDENCIES,183,5,1580,,0,1
4909,TEST_FULL_SUITE_PLUS_DEFAULT,DEFEND_ONE_FROM_MANY,182,6,,2028,0,1
4910,TEST_FULL_SUITE_PLUS_DEFAULT,DEFEND_ONE_FROM_MANY,181,6,,2027,0,1
4911,MUTANT_ANNOTATED_SINGLE_METHOD,ATTACK_DEFAULT,182,5,,,0,1
4912,MUTANT_ANNOTATED_SINGLE_METHOD,ATTACK_DEPENDENCIES,182,5,1582,,0,1
4913,MUTANT_ANNOTATED_SINGLE_METHOD,ATTACK_DEFAULT,181,5,,,0,1
4914,MUTANT_ANNOTATED_SINGLE_METHOD,ATTACK_DEFAULT,183,5,,,0,1
4915,TEST_FULL_SUITE_PLUS_DEFAULT,DEFEND_ONE_FROM_MANY,183,6,,,0,1
4916,MUTANT_ANNOTATED_SINGLE_METHOD,ATTACK_DEPENDENCIES,181,5,1583,,0,1
4917,MUTANT_ANNOTATED_SINGLE_METHOD,ATTACK_DEPENDENCIES,183,5,1584,,0,1
4918,TEST_FULL_SUITE_PLUS_DEFAULT,DEFEND_ONE_FROM_MANY,183,6,,2041,0,1
4919,TEST_FULL_SUITE_PLUS_DEFAULT,DEFEND_ONE_FROM_MANY,181,6,,2030,0,1
4920,TEST_FULL_SUITE_PLUS_DEFAULT,DEFEND_ONE_FROM_MANY,182,6,,2031,0,1
4921,MUTANT_ANNOTATED_SINGLE_METHOD,ATTACK_DEFAULT,182,5,,,0,1
4922,MUTANT_ANNOTATED_SINGLE_METHOD,ATTACK_DEPENDENCIES,182,5,1585,,0,1
4923,MUTANT_ANNOTATED_SINGLE_METHOD,ATTACK_DEFAULT,181,5,,,0,1
4924,MUTANT_ANNOTATED_SINGLE_METHOD,ATTACK_DEFAULT,183,5,,,0,1
4925,MUTANT_ANNOTATED_SINGLE_METHOD,ATTACK_DEPENDENCIES,183,5,1587,,0,1
4926,MUTANT_ANNOTATED_SINGLE_METHOD,ATTACK_DEPENDENCIES,181,5,1586,,0,1
4927,TEST_FULL_SUITE_PLUS_DEFAULT,DEFEND_ONE_FROM_MANY,182,6,,2033,0,1
4928,TEST_FULL_SUITE_PLUS_DEFAULT,DEFEND_ONE_FROM_MANY,181,6,,2034,0,1
4929,MUTANT_ANNOTATED_SINGLE_METHOD,ATTACK_DEFAULT,182,5,,,0,1
4930,MUTANT_ANNOTATED_SINGLE_METHOD,ATTACK_DEFAULT,181,5,,,0,1
4931,MUTANT_ANNOTATED_SINGLE_METHOD,ATTACK_DEFAULT,183,5,,,0,1
4932,MUTANT_ANNOTATED_SINGLE_METHOD,ATTACK_DEPENDENCIES,182,5,1588,,0,1
4933,MUTANT_ANNOTATED_SINGLE_METHOD,ATTACK_DEPENDENCIES,181,5,1589,,0,1
4934,MUTANT_ANNOTATED_SINGLE_METHOD,ATTACK_DEPENDENCIES,183,5,1590,,0,1
4935,TEST_FULL_SUITE_PLUS_DEFAULT,DEFEND_ONE_FROM_MANY,182,6,,2046,0,1
4936,TEST_FULL_SUITE_PLUS_DEFAULT,DEFEND_ONE_FROM_MANY,181,6,,2037,0,1
4937,TEST_FULL_SUITE_PLUS_DEFAULT,DEFEND_ONE_FROM_MANY,181,6,,2039,0,1
4938,MUTANT_ANNOTATED_SINGLE_METHOD,ATTACK_DEFAULT,182,5,,,0,1
4939,MUTANT_ANNOTATED_SINGLE_METHOD,ATTACK_DEPENDENCIES,182,5,1591,,0,1
4940,MUTANT_ANNOTATED_SINGLE_METHOD,ATTACK_DEFAULT,181,5,,,0,1
4941,MUTANT_ANNOTATED_SINGLE_METHOD,ATTACK_DEFAULT,183,5,,,0,1
4942,TEST_FULL_SUITE_PLUS_DEFAULT,DEFEND_ONE_FROM_MANY,183,6,,,0,1
4943,MUTANT_ANNOTATED_SINGLE_METHOD,ATTACK_DEPENDENCIES,181,5,1592,,0,1
4944,MUTANT_ANNOTATED_SINGLE_METHOD,ATTACK_DEPENDENCIES,183,5,1593,,0,1
4945,TEST_FULL_SUITE_PLUS_DEFAULT,DEFEND_ONE_FROM_MANY,183,6,,2047,0,1
4946,TEST_FULL_SUITE_PLUS_DEFAULT,DEFEND_ONE_FROM_MANY,181,6,,2042,0,1
4947,MUTANT_ANNOTATED_SINGLE_METHOD,ATTACK_DEFAULT,182,5,,,0,1
4948,MUTANT_ANNOTATED_SINGLE_METHOD,ATTACK_DEFAULT,181,5,,,0,1
4949,MUTANT_ANNOTATED_SINGLE_METHOD,ATTACK_DEFAULT,183,5,,,0,1
4950,MUTANT_ANNOTATED_SINGLE_METHOD,ATTACK_DEPENDENCIES,182,5,1596,,0,1
4951,MUTANT_ANNOTATED_SINGLE_METHOD,ATTACK_DEPENDENCIES,181,5,1594,,0,1
4952,MUTANT_ANNOTATED_SINGLE_METHOD,ATTACK_DEPENDENCIES,183,5,1595,,0,1
4953,TEST_FULL_SUITE_PLUS_DEFAULT,DEFEND_ONE_FROM_MANY,181,6,,2045,0,1
4954,MUTANT_ANNOTATED_SINGLE_METHOD,ATTACK_DEFAULT,181,5,,,0,1
4955,TEST_FULL_SUITE_PLUS_DEFAULT,DEFEND_ONE_FROM_MANY,182,6,,,0,1
4956,MUTANT_ANNOTATED_SINGLE_METHOD,ATTACK_DEFAULT,183,5,,,0,1
4957,TEST_FULL_SUITE_PLUS_DEFAULT,DEFEND_ONE_FROM_MANY,183,6,,,0,1
4958,MUTANT_ANNOTATED_SINGLE_METHOD,ATTACK_DEPENDENCIES,181,5,1597,,0,1
4959,MUTANT_ANNOTATED_SINGLE_METHOD,ATTACK_DEPENDENCIES,183,5,1598,,0,1
4960,TEST_FULL_SUITE_PLUS_DEFAULT,DEFEND_ONE_FROM_MANY,183,6,,2053,0,1
4961,TEST_FULL_SUITE_PLUS_DEFAULT,DEFEND_ONE_FROM_MANY,182,6,,2048,0,1
4962,TEST_FULL_SUITE_PLUS_DEFAULT,DEFEND_ONE_FROM_MANY,181,6,,2049,0,1
4963,MUTANT_ANNOTATED_SINGLE_METHOD,ATTACK_DEFAULT,182,5,,,0,1
4964,MUTANT_ANNOTATED_SINGLE_METHOD,ATTACK_DEPENDENCIES,182,5,1599,,0,1
4965,MUTANT_ANNOTATED_SINGLE_METHOD,ATTACK_DEFAULT,181,5,,,0,1
4966,MUTANT_ANNOTATED_SINGLE_METHOD,ATTACK_DEPENDENCIES,181,5,1600,,0,1
4967,TEST_FULL_SUITE_PLUS_DEFAULT,DEFEND_ONE_FROM_MANY,182,6,,2051,0,1
4968,TEST_FULL_SUITE_PLUS_DEFAULT,DEFEND_ONE_FROM_MANY,181,6,,2052,0,1
4969,MUTANT_ANNOTATED_SINGLE_METHOD,ATTACK_DEFAULT,183,5,,,0,1
4970,MUTANT_ANNOTATED_SINGLE_METHOD,ATTACK_DEPENDENCIES,183,5,1601,,0,1
4971,MUTANT_ANNOTATED_SINGLE_METHOD,ATTACK_DEFAULT,182,5,,,0,1
4972,MUTANT_ANNOTATED_SINGLE_METHOD,ATTACK_DEFAULT,181,5,,,0,1
4973,TEST_FULL_SUITE_PLUS_DEFAULT,DEFEND_ONE_FROM_MANY,183,6,,,0,1
4974,MUTANT_ANNOTATED_SINGLE_METHOD,ATTACK_DEPENDENCIES,182,5,1602,,0,1
4975,MUTANT_ANNOTATED_SINGLE_METHOD,ATTACK_DEPENDENCIES,181,5,1603,,0,1
4976,TEST_FULL_SUITE_PLUS_DEFAULT,DEFEND_ONE_FROM_MANY,183,6,,2059,0,1
4977,TEST_FULL_SUITE_PLUS_DEFAULT,DEFEND_ONE_FROM_MANY,182,6,,2054,0,1
4978,TEST_FULL_SUITE_PLUS_DEFAULT,DEFEND_ONE_FROM_MANY,181,6,,2055,0,1
4979,MUTANT_ANNOTATED_SINGLE_METHOD,ATTACK_DEFAULT,183,5,,,0,1
4980,MUTANT_ANNOTATED_SINGLE_METHOD,ATTACK_DEPENDENCIES,183,5,1604,,0,1
4981,MUTANT_ANNOTATED_SINGLE_METHOD,ATTACK_DEFAULT,182,5,,,0,1
4982,MUTANT_ANNOTATED_SINGLE_METHOD,ATTACK_DEFAULT,181,5,,,0,1
4983,MUTANT_ANNOTATED_SINGLE_METHOD,ATTACK_DEPENDENCIES,182,5,1605,,0,1
4984,MUTANT_ANNOTATED_SINGLE_METHOD,ATTACK_DEPENDENCIES,181,5,1606,,0,1
4985,TEST_FULL_SUITE_PLUS_DEFAULT,DEFEND_ONE_FROM_MANY,182,6,,2057,0,1
4986,TEST_FULL_SUITE_PLUS_DEFAULT,DEFEND_ONE_FROM_MANY,181,6,,2058,0,1
4987,MUTANT_ANNOTATED_SINGLE_METHOD,ATTACK_DEFAULT,183,5,,,0,1
4988,MUTANT_ANNOTATED_SINGLE_METHOD,ATTACK_DEPENDENCIES,183,5,1607,,0,1
4989,TEST_FULL_SUITE_PLUS_DEFAULT,DEFEND_ONE_FROM_MANY,183,6,,,0,1
4990,TEST_FULL_SUITE_PLUS_DEFAULT,DEFEND_ONE_FROM_MANY,183,6,,2065,0,1
4991,TEST_FULL_SUITE_PLUS_DEFAULT,DEFEND_ONE_FROM_MANY,182,6,,2060,0,1
4992,TEST_FULL_SUITE_PLUS_DEFAULT,DEFEND_ONE_FROM_MANY,181,6,,2061,0,1
4993,MUTANT_ANNOTATED_SINGLE_METHOD,ATTACK_DEFAULT,182,5,,,0,1
4994,MUTANT_ANNOTATED_SINGLE_METHOD,ATTACK_DEFAULT,181,5,,,0,1
4995,MUTANT_ANNOTATED_SINGLE_METHOD,ATTACK_DEFAULT,183,5,,,0,1
4996,MUTANT_ANNOTATED_SINGLE_METHOD,ATTACK_DEPENDENCIES,182,5,1608,,0,1
4997,MUTANT_ANNOTATED_SINGLE_METHOD,ATTACK_DEPENDENCIES,181,5,1610,,0,1
4998,MUTANT_ANNOTATED_SINGLE_METHOD,ATTACK_DEPENDENCIES,183,5,1609,,0,1
4999,TEST_FULL_SUITE_PLUS_DEFAULT,DEFEND_ONE_FROM_MANY,182,6,,2063,0,1
5000,TEST_FULL_SUITE_PLUS_DEFAULT,DEFEND_ONE_FROM_MANY,181,6,,2064,0,1
5001,MUTANT_ANNOTATED_SINGLE_METHOD,ATTACK_DEFAULT,182,5,,,0,1
5002,MUTANT_ANNOTATED_SINGLE_METHOD,ATTACK_DEFAULT,181,5,,,0,1
5003,MUTANT_ANNOTATED_SINGLE_METHOD,ATTACK_DEFAULT,183,5,,,0,1
5004,MUTANT_ANNOTATED_SINGLE_METHOD,ATTACK_DEPENDENCIES,181,5,1613,,0,1
5005,MUTANT_ANNOTATED_SINGLE_METHOD,ATTACK_DEPENDENCIES,182,5,1611,,0,1
5006,MUTANT_ANNOTATED_SINGLE_METHOD,ATTACK_DEPENDENCIES,183,5,1612,,0,1
5007,TEST_FULL_SUITE_PLUS_DEFAULT,DEFEND_ONE_FROM_MANY,183,6,,,0,1
5008,TEST_FULL_SUITE_PLUS_DEFAULT,DEFEND_ONE_FROM_MANY,183,6,,2076,0,1
5009,TEST_FULL_SUITE_PLUS_DEFAULT,DEFEND_ONE_FROM_MANY,181,6,,2067,0,1
5010,TEST_FULL_SUITE_PLUS_DEFAULT,DEFEND_ONE_FROM_MANY,182,6,,2066,0,1
5011,MUTANT_ANNOTATED_SINGLE_METHOD,ATTACK_DEFAULT,182,5,,,0,1
5012,MUTANT_ANNOTATED_SINGLE_METHOD,ATTACK_DEFAULT,181,5,,,0,1
5013,MUTANT_ANNOTATED_SINGLE_METHOD,ATTACK_DEFAULT,183,5,,,0,1
5014,MUTANT_ANNOTATED_SINGLE_METHOD,ATTACK_DEPENDENCIES,182,5,1614,,0,1
5015,MUTANT_ANNOTATED_SINGLE_METHOD,ATTACK_DEPENDENCIES,181,5,1616,,0,1
5016,MUTANT_ANNOTATED_SINGLE_METHOD,ATTACK_DEPENDENCIES,183,5,1615,,0,1
5017,TEST_FULL_SUITE_PLUS_DEFAULT,DEFEND_ONE_FROM_MANY,182,6,,2069,0,1
5018,TEST_FULL_SUITE_PLUS_DEFAULT,DEFEND_ONE_FROM_MANY,181,6,,2070,0,1
5019,MUTANT_ANNOTATED_SINGLE_METHOD,ATTACK_DEFAULT,182,5,,,0,1
5020,MUTANT_ANNOTATED_SINGLE_METHOD,ATTACK_DEFAULT,183,5,,,0,1
5021,MUTANT_ANNOTATED_SINGLE_METHOD,ATTACK_DEPENDENCIES,183,5,1618,,0,1
5022,MUTANT_ANNOTATED_SINGLE_METHOD,ATTACK_DEPENDENCIES,182,5,1617,,0,1
5023,MUTANT_ANNOTATED_SINGLE_METHOD,ATTACK_DEFAULT,181,5,,,0,1
5024,MUTANT_ANNOTATED_SINGLE_METHOD,ATTACK_DEPENDENCIES,181,5,,,0,0
5025,TEST_FULL_SUITE_PLUS_DEFAULT,DEFEND_ONE_FROM_MANY,181,6,,2073,0,1
5026,TEST_FULL_SUITE_PLUS_DEFAULT,DEFEND_ONE_FROM_MANY,182,6,,2072,0,1
5027,MUTANT_ANNOTATED_SINGLE_METHOD,ATTACK_DEFAULT,182,5,,,0,1
5028,MUTANT_ANNOTATED_SINGLE_METHOD,ATTACK_DEFAULT,183,5,,,0,1
5029,MUTANT_ANNOTATED_SINGLE_METHOD,ATTACK_DEPENDENCIES,182,5,1619,,0,1
5030,MUTANT_ANNOTATED_SINGLE_METHOD,ATTACK_DEPENDENCIES,183,5,1620,,0,1
5031,TEST_FULL_SUITE_PLUS_DEFAULT,DEFEND_FOCUS,181,6,,,0,0
5032,TEST_FULL_SUITE_PLUS_DEFAULT,DEFEND_ONE_FROM_MANY,182,6,,2075,0,1
5033,MUTANT_ANNOTATED_SINGLE_METHOD,ATTACK_DEFAULT,182,5,,,0,1
5034,MUTANT_ANNOTATED_SINGLE_METHOD,ATTACK_DEPENDENCIES,182,5,1621,,0,1
5035,MUTANT_ANNOTATED_SINGLE_METHOD,ATTACK_DEFAULT,183,5,,,0,1
5036,MUTANT_ANNOTATED_SINGLE_METHOD,ATTACK_DEPENDENCIES,183,5,1622,,0,1
5037,TEST_FULL_SUITE_PLUS_DEFAULT,DEFEND_ONE_FROM_MANY,183,6,,,0,1
5038,TEST_FULL_SUITE_PLUS_DEFAULT,DEFEND_ONE_FROM_MANY,183,6,,2080,0,1
5039,TEST_FULL_SUITE_PLUS_DEFAULT,DEFEND_ONE_FROM_MANY,182,6,,2077,0,1
5040,MUTANT_ANNOTATED_SINGLE_METHOD,ATTACK_DEFAULT,182,5,,,0,1
5041,MUTANT_ANNOTATED_SINGLE_METHOD,ATTACK_DEPENDENCIES,181,5,1624,,0,1
5042,MUTANT_ANNOTATED_SINGLE_METHOD,ATTACK_DEPENDENCIES,182,5,1623,,0,1
5043,MUTANT_ANNOTATED_SINGLE_METHOD,ATTACK_DEFAULT,183,5,,,0,1
5044,MUTANT_ANNOTATED_SINGLE_METHOD,ATTACK_DEPENDENCIES,183,5,1625,,0,1
5045,TEST_FULL_SUITE_PLUS_DEFAULT,DEFEND_ONE_FROM_MANY,182,6,,2079,0,1
5046,MUTANT_ANNOTATED_SINGLE_METHOD,ATTACK_DEFAULT,182,5,,,0,1
5047,MUTANT_ANNOTATED_SINGLE_METHOD,ATTACK_DEPENDENCIES,182,5,1627,,0,1
5048,MUTANT_ANNOTATED_SINGLE_METHOD,ATTACK_DEFAULT,181,5,,,0,1
5049,TEST_FULL_SUITE_PLUS_DEFAULT,DEFEND_ONE_FROM_MANY,183,6,,,0,1
5050,MUTANT_ANNOTATED_SINGLE_METHOD,ATTACK_DEPENDENCIES,181,5,1626,,0,1
5051,MUTANT_ANNOTATED_SINGLE_METHOD,ATTACK_DEFAULT,183,5,,,0,1
5052,TEST_FULL_SUITE_PLUS_DEFAULT,DEFEND_ONE_FROM_MANY,183,6,,2087,0,1
5053,MUTANT_ANNOTATED_SINGLE_METHOD,ATTACK_DEPENDENCIES,183,5,1628,,0,1
5054,TEST_FULL_SUITE_PLUS_DEFAULT,DEFEND_ONE_FROM_MANY,182,6,,2081,0,1
5055,MUTANT_ANNOTATED_SINGLE_METHOD,ATTACK_EQUIVALENCE,182,5,,,0,1
5056,TEST_FULL_SUITE_PLUS_DEFAULT,DEFEND_FOCUS,181,6,,,0,0
5057,MUTANT_ANNOTATED_SINGLE_METHOD,ATTACK_DEFAULT,181,5,,,0,1
5058,MUTANT_ANNOTATED_SINGLE_METHOD,ATTACK_DEPENDENCIES,181,5,1629,,0,1
5059,TEST_FULL_SUITE_PLUS_DEFAULT,DEFEND_ONE_FROM_MANY,182,6,,2084,0,1
5060,MUTANT_ANNOTATED_SINGLE_METHOD,ATTACK_DEFAULT,182,5,,,0,1
5061,MUTANT_ANNOTATED_SINGLE_METHOD,ATTACK_DEPENDENCIES,182,5,1630,,0,1
5062,MUTANT_ANNOTATED_SINGLE_METHOD,ATTACK_DEFAULT,183,5,,,0,1
5063,MUTANT_ANNOTATED_SINGLE_METHOD,ATTACK_DEPENDENCIES,183,5,1631,,0,1
5064,TEST_FULL_SUITE_PLUS_DEFAULT,DEFEND_FOCUS,182,6,,2085,0,1
5065,MUTANT_ANNOTATED_SINGLE_METHOD,ATTACK_DEFAULT,181,5,,,0,1
5066,MUTANT_ANNOTATED_SINGLE_METHOD,ATTACK_DEPENDENCIES,181,5,1632,,0,1
5067,MUTANT_ANNOTATED_SINGLE_METHOD,ATTACK_DEFAULT,183,5,,,0,1
5068,MUTANT_ANNOTATED_SINGLE_METHOD,ATTACK_DEPENDENCIES,183,5,1634,,0,1
5069,MUTANT_ANNOTATED_SINGLE_METHOD,ATTACK_DEFAULT,182,5,,,0,1
5070,MUTANT_ANNOTATED_SINGLE_METHOD,ATTACK_DEPENDENCIES,182,5,1633,,0,1
5071,TEST_FULL_SUITE_PLUS_DEFAULT,DEFEND_FOCUS,182,6,,2086,0,1
5072,MUTANT_ANNOTATED_SINGLE_METHOD,ATTACK_DEFAULT,181,5,,,0,1
5073,MUTANT_ANNOTATED_SINGLE_METHOD,ATTACK_DEPENDENCIES,181,5,1635,,0,1
5074,MUTANT_ANNOTATED_SINGLE_METHOD,ATTACK_DEFAULT,182,5,,,0,1
5075,MUTANT_ANNOTATED_SINGLE_METHOD,ATTACK_DEPENDENCIES,182,5,1636,,0,1
5076,TEST_FULL_SUITE_PLUS_DEFAULT,DEFEND_DEFAULT,182,6,,2089,0,1
5077,TEST_FULL_SUITE_PLUS_DEFAULT,DEFEND_ONE_FROM_MANY,183,6,,,0,1
5078,TEST_FULL_SUITE_PLUS_DEFAULT,DEFEND_ONE_FROM_MANY,183,6,,,0,0
5079,MUTANT_ANNOTATED_SINGLE_METHOD,ATTACK_DEFAULT,183,5,,,0,1
5080,MUTANT_ANNOTATED_SINGLE_METHOD,ATTACK_DEPENDENCIES,183,5,1638,,0,1
5081,MUTANT_ANNOTATED_SINGLE_METHOD,ATTACK_DEFAULT,181,5,,,0,1
5082,MUTANT_ANNOTATED_SINGLE_METHOD,ATTACK_DEPENDENCIES,181,5,1637,,0,1
5083,TEST_FULL_SUITE_PLUS_DEFAULT,DEFEND_DEFAULT,182,6,,,0,0
5084,TEST_FULL_SUITE_PLUS_DEFAULT,DEFEND_FOCUS,181,6,,,0,0
5085,MUTANT_ANNOTATED_SINGLE_METHOD,ATTACK_DEFAULT,182,5,,,0,1
5086,MUTANT_ANNOTATED_SINGLE_METHOD,ATTACK_DEPENDENCIES,182,5,1639,,0,1
5087,MUTANT_ANNOTATED_SINGLE_METHOD,ATTACK_DEFAULT,181,5,,,0,1
5088,MUTANT_ANNOTATED_SINGLE_METHOD,ATTACK_DEPENDENCIES,181,5,1640,,0,1
5089,MUTANT_ANNOTATED_SINGLE_METHOD,ATTACK_DEFAULT,183,5,,,0,1
5090,MUTANT_ANNOTATED_SINGLE_METHOD,ATTACK_DEPENDENCIES,183,5,,,0,0
5091,MUTANT_ANNOTATED_SINGLE_METHOD,ATTACK_DEFAULT,182,5,,,0,1
5092,MUTANT_ANNOTATED_SINGLE_METHOD,ATTACK_DEPENDENCIES,182,5,1641,,0,1
5093,MUTANT_ANNOTATED_SINGLE_METHOD,ATTACK_DEFAULT,181,5,,,0,1
5094,MUTANT_ANNOTATED_SINGLE_METHOD,ATTACK_DEPENDENCIES,181,5,1643,,0,1
5095,MUTANT_ANNOTATED_SINGLE_METHOD,ATTACK_DEPENDENCIES,183,5,1642,,0,1
5096,MUTANT_ANNOTATED_SINGLE_METHOD,ATTACK_DEFAULT,182,5,,,0,1
5097,MUTANT_ANNOTATED_SINGLE_METHOD,ATTACK_DEPENDENCIES,182,5,1645,,0,1
5098,TEST_FULL_SUITE_PLUS_DEFAULT,DEFEND_DEFAULT,182,6,,2096,0,1
5099,TEST_FULL_SUITE_PLUS_DEFAULT,DEFEND_DEFAULT,183,6,,,0,1
5100,TEST_FULL_SUITE_PLUS_DEFAULT,DEFEND_FOCUS,181,6,,,0,0
5101,TEST_FULL_SUITE_PLUS_DEFAULT,DEFEND_ONE_FROM_MANY,183,6,,,0,1
5102,MUTANT_ANNOTATED_SINGLE_METHOD,ATTACK_DEFAULT,183,5,,,0,1
5103,TEST_FULL_SUITE_PLUS_DEFAULT,DEFEND_ONE_FROM_MANY,183,6,,2097,0,1
5104,MUTANT_ANNOTATED_SINGLE_METHOD,ATTACK_DEPENDENCIES,183,5,1644,,0,1
5105,MUTANT_ANNOTATED_SINGLE_METHOD,ATTACK_DEFAULT,181,5,,,0,1
5106,MUTANT_ANNOTATED_SINGLE_METHOD,ATTACK_DEPENDENCIES,181,5,1646,,0,1
5107,MUTANT_ANNOTATED_SINGLE_METHOD,ATTACK_DEFAULT,183,5,,,0,1
5108,MUTANT_ANNOTATED_SINGLE_METHOD,ATTACK_DEPENDENCIES,183,5,1647,,0,1
5109,TEST_FULL_SUITE_PLUS_DEFAULT,DEFEND_DEFAULT,182,6,,,0,0
5110,TEST_FULL_SUITE_PLUS_DEFAULT,DEFEND_ONE_FROM_MANY,183,6,,,0,1
5111,TEST_FULL_SUITE_PLUS_DEFAULT,DEFEND_ONE_FROM_MANY,183,6,,2099,0,1
5112,MUTANT_ANNOTATED_SINGLE_METHOD,ATTACK_DEFAULT,181,5,,,0,1
5113,MUTANT_ANNOTATED_SINGLE_METHOD,ATTACK_DEPENDENCIES,181,5,1648,,0,1
5114,MUTANT_ANNOTATED_SINGLE_METHOD,ATTACK_DEFAULT,182,5,,,0,1
5115,MUTANT_ANNOTATED_SINGLE_METHOD,ATTACK_DEPENDENCIES,182,5,,,0,0
5116,MUTANT_ANNOTATED_SINGLE_METHOD,ATTACK_DEFAULT,183,5,,,0,1
5117,MUTANT_ANNOTATED_SINGLE_METHOD,ATTACK_DEPENDENCIES,183,5,1649,,0,1
5118,MUTANT_ANNOTATED_SINGLE_METHOD,ATTACK_DEFAULT,181,5,,,0,1
5119,MUTANT_ANNOTATED_SINGLE_METHOD,ATTACK_DEPENDENCIES,181,5,1650,,0,1
5120,TEST_FULL_SUITE_PLUS_DEFAULT,DEFEND_ONE_FROM_MANY,183,6,,,0,1
5121,TEST_FULL_SUITE_PLUS_DEFAULT,DEFEND_FOCUS,181,6,,2101,0,1
5122,TEST_FULL_SUITE_PLUS_DEFAULT,DEFEND_ONE_FROM_MANY,183,6,,2107,0,1
5123,MUTANT_ANNOTATED_SINGLE_METHOD,ATTACK_DEFAULT,183,5,,,0,1
5124,MUTANT_ANNOTATED_SINGLE_METHOD,ATTACK_DEPENDENCIES,183,5,1652,,0,1
5125,MUTANT_ANNOTATED_SINGLE_METHOD,ATTACK_DEFAULT,181,5,,,0,1
5126,MUTANT_ANNOTATED_SINGLE_METHOD,ATTACK_DEPENDENCIES,181,5,1654,,0,1
5127,MUTANT_ANNOTATED_SINGLE_METHOD,ATTACK_DEPENDENCIES,182,5,1651,,0,1
5128,TEST_FULL_SUITE_PLUS_DEFAULT,DEFEND_FOCUS,181,6,,2103,0,1
5129,MUTANT_ANNOTATED_SINGLE_METHOD,ATTACK_DEFAULT,183,5,,,0,1
5130,MUTANT_ANNOTATED_SINGLE_METHOD,ATTACK_DEPENDENCIES,183,5,1655,,0,1
5131,MUTANT_ANNOTATED_SINGLE_METHOD,ATTACK_DEFAULT,182,5,,,0,1
5132,MUTANT_ANNOTATED_SINGLE_METHOD,ATTACK_DEPENDENCIES,182,5,1653,,0,1
5133,TEST_FULL_SUITE_PLUS_DEFAULT,DEFEND_DEFAULT,182,6,,,0,0
5134,TEST_FULL_SUITE_PLUS_DEFAULT,DEFEND_FOCUS,181,6,,2108,0,1
5135,MUTANT_ANNOTATED_SINGLE_METHOD,ATTACK_EQUIVALENCE,182,5,,,0,1
5136,MUTANT_ANNOTATED_SINGLE_METHOD,ATTACK_DEFAULT,181,5,,,0,1
5137,MUTANT_ANNOTATED_SINGLE_METHOD,ATTACK_DEPENDENCIES,181,5,1656,,0,1
5138,MUTANT_ANNOTATED_SINGLE_METHOD,ATTACK_DEFAULT,183,5,,,0,1
5139,MUTANT_ANNOTATED_SINGLE_METHOD,ATTACK_DEPENDENCIES,183,5,1658,,0,1
5140,MUTANT_ANNOTATED_SINGLE_METHOD,ATTACK_DEFAULT,182,5,,,0,1
5141,MUTANT_ANNOTATED_SINGLE_METHOD,ATTACK_DEPENDENCIES,182,5,1657,,0,1
5142,MUTANT_ANNOTATED_SINGLE_METHOD,ATTACK_DEFAULT,181,5,,,0,1
5143,MUTANT_ANNOTATED_SINGLE_METHOD,ATTACK_DEPENDENCIES,181,5,1659,,0,1
5144,MUTANT_ANNOTATED_SINGLE_METHOD,ATTACK_DEFAULT,182,5,,,0,1
5145,MUTANT_ANNOTATED_SINGLE_METHOD,ATTACK_DEPENDENCIES,182,5,1663,,0,1
5146,MUTANT_ANNOTATED_SINGLE_METHOD,ATTACK_DEFAULT,183,5,,,0,1
5147,MUTANT_ANNOTATED_SINGLE_METHOD,ATTACK_DEPENDENCIES,183,5,1660,,0,1
5148,MUTANT_ANNOTATED_SINGLE_METHOD,ATTACK_DEFAULT,181,5,,,0,1
5149,MUTANT_ANNOTATED_SINGLE_METHOD,ATTACK_DEPENDENCIES,181,5,1667,,0,1
5150,TEST_FULL_SUITE_PLUS_DEFAULT,DEFEND_ONE_FROM_MANY,183,6,,,0,1
5151,TEST_FULL_SUITE_PLUS_DEFAULT,DEFEND_FOCUS,181,6,,2110,0,1
5152,TEST_FULL_SUITE_PLUS_DEFAULT,DEFEND_ONE_FROM_MANY,183,6,,2109,0,1
5153,MUTANT_ANNOTATED_SINGLE_METHOD,ATTACK_DEFAULT,183,5,,,0,1
5154,MUTANT_ANNOTATED_SINGLE_METHOD,ATTACK_DEPENDENCIES,183,5,1662,,0,1
5155,TEST_FULL_SUITE_PLUS_DEFAULT,DEFEND_DEFAULT,182,6,,2115,0,1
5156,TEST_FULL_SUITE_PLUS_DEFAULT,DEFEND_DEFAULT,181,6,,2112,0,1
5157,TEST_FULL_SUITE_PLUS_DEFAULT,DEFEND_ONE_FROM_MANY,183,6,,2111,0,1
5158,MUTANT_ANNOTATED_SINGLE_METHOD,ATTACK_EQUIVALENCE,181,5,,,0,1
5159,MUTANT_ANNOTATED_SINGLE_METHOD,ATTACK_DEFAULT,183,5,,,0,1
5160,MUTANT_ANNOTATED_SINGLE_METHOD,ATTACK_DEPENDENCIES,183,5,1664,,0,1
5161,MUTANT_ANNOTATED_SINGLE_METHOD,ATTACK_DEFAULT,182,5,,,0,1
5162,MUTANT_ANNOTATED_SINGLE_METHOD,ATTACK_DEPENDENCIES,182,5,,,0,0
5163,MUTANT_ANNOTATED_SINGLE_METHOD,ATTACK_EQUIVALENCE,181,5,,,0,1
5164,TEST_FULL_SUITE_PLUS_DEFAULT,DEFEND_DEFAULT,181,6,,2117,0,1
5165,TEST_FULL_SUITE_PLUS_DEFAULT,DEFEND_ONE_FROM_MANY,183,6,,2114,0,1
5166,MUTANT_ANNOTATED_SINGLE_METHOD,ATTACK_DEFAULT,183,5,,,0,1
5167,MUTANT_ANNOTATED_SINGLE_METHOD,ATTACK_DEPENDENCIES,183,5,1665,,0,1
5168,MUTANT_ANNOTATED_SINGLE_METHOD,ATTACK_EQUIVALENCE,181,5,,,0,1
5169,TEST_FULL_SUITE_PLUS_DEFAULT,DEFEND_DEFAULT,182,6,,,0,0
5170,TEST_FULL_SUITE_PLUS_DEFAULT,DEFEND_DEFAULT,181,6,,2122,0,1
5171,TEST_FULL_SUITE_PLUS_DEFAULT,DEFEND_ONE_FROM_MANY,183,6,,2120,0,1
5172,MUTANT_ANNOTATED_SINGLE_METHOD,ATTACK_EQUIVALENCE,181,5,,,0,1
5173,TEST_FULL_SUITE_PLUS_DEFAULT,DEFEND_DEFAULT,181,6,,2125,0,1
5174,MUTANT_ANNOTATED_SINGLE_METHOD,ATTACK_DEPENDENCIES,182,5,,,0,0
5175,TEST_FULL_SUITE_PLUS_DEFAULT,DEFEND_ONE_FROM_MANY,183,6,,2124,0,1
5176,MUTANT_ANNOTATED_SINGLE_METHOD,ATTACK_EQUIVALENCE,181,5,,,0,1
5177,MUTANT_ANNOTATED_SINGLE_METHOD,ATTACK_DEFAULT,183,5,,,0,1
5178,MUTANT_ANNOTATED_SINGLE_METHOD,ATTACK_DEPENDENCIES,183,5,1666,,0,1
5179,MUTANT_ANNOTATED_SINGLE_METHOD,ATTACK_EQUIVALENCE,181,5,,,0,1
5180,TEST_FULL_SUITE_PLUS_DEFAULT,DEFEND_DEFAULT,181,6,,2134,0,1
5181,TEST_FULL_SUITE_PLUS_DEFAULT,DEFEND_ONE_FROM_MANY,183,6,,2128,0,1
5182,MUTANT_ANNOTATED_SINGLE_METHOD,ATTACK_DEFAULT,183,5,,,0,1
5183,MUTANT_ANNOTATED_SINGLE_METHOD,ATTACK_DEFAULT,181,5,,,0,1
5184,MUTANT_ANNOTATED_SINGLE_METHOD,ATTACK_DEPENDENCIES,183,5,1668,,0,1
5185,MUTANT_ANNOTATED_SINGLE_METHOD,ATTACK_DEPENDENCIES,181,5,1669,,0,1
5186,TEST_FULL_SUITE_PLUS_DEFAULT,DEFEND_ONE_FROM_MANY,183,6,,2129,0,1
5187,MUTANT_ANNOTATED_SINGLE_METHOD,ATTACK_DEPENDENCIES,182,5,,,0,0
5188,MUTANT_ANNOTATED_SINGLE_METHOD,ATTACK_DEFAULT,183,5,,,0,1
5189,MUTANT_ANNOTATED_SINGLE_METHOD,ATTACK_DEPENDENCIES,183,5,1671,,0,1
5190,MUTANT_ANNOTATED_SINGLE_METHOD,ATTACK_DEFAULT,181,5,,,0,1
5191,MUTANT_ANNOTATED_SINGLE_METHOD,ATTACK_DEPENDENCIES,181,5,1670,,0,1
5192,TEST_FULL_SUITE_PLUS_DEFAULT,DEFEND_DEFAULT,182,6,,2133,0,1
5193,TEST_FULL_SUITE_PLUS_DEFAULT,DEFEND_ONE_FROM_MANY,183,6,,2132,0,1
5194,MUTANT_ANNOTATED_SINGLE_METHOD,ATTACK_DEFAULT,183,5,,,0,1
5195,MUTANT_ANNOTATED_SINGLE_METHOD,ATTACK_DEFAULT,181,5,,,0,1
5196,MUTANT_ANNOTATED_SINGLE_METHOD,ATTACK_DEPENDENCIES,183,5,1672,,0,1
5197,MUTANT_ANNOTATED_SINGLE_METHOD,ATTACK_DEPENDENCIES,181,5,1676,,0,1
5198,TEST_FULL_SUITE_PLUS_DEFAULT,DEFEND_DEFAULT,182,6,,2140,0,1
5199,TEST_FULL_SUITE_PLUS_DEFAULT,DEFEND_DEFAULT,181,6,,,0,0
5200,TEST_FULL_SUITE_PLUS_DEFAULT,DEFEND_ONE_FROM_MANY,183,6,,2135,0,1
5201,MUTANT_ANNOTATED_SINGLE_METHOD,ATTACK_DEPENDENCIES,182,5,1673,,0,1
5202,MUTANT_ANNOTATED_SINGLE_METHOD,ATTACK_DEFAULT,183,5,,,0,1
5203,MUTANT_ANNOTATED_SINGLE_METHOD,ATTACK_DEPENDENCIES,183,5,1674,,0,1
5204,MUTANT_ANNOTATED_SINGLE_METHOD,ATTACK_DEFAULT,182,5,,,0,1
5205,MUTANT_ANNOTATED_SINGLE_METHOD,ATTACK_DEPENDENCIES,182,5,1675,,0,1
5206,TEST_FULL_SUITE_PLUS_DEFAULT,DEFEND_ONE_FROM_MANY,183,6,,2137,0,1
5207,MUTANT_ANNOTATED_SINGLE_METHOD,ATTACK_DEFAULT,183,5,,,0,1
5208,MUTANT_ANNOTATED_SINGLE_METHOD,ATTACK_DEPENDENCIES,183,5,1677,,0,1
5209,MUTANT_ANNOTATED_SINGLE_METHOD,ATTACK_DEFAULT,182,5,,,0,1
5210,MUTANT_ANNOTATED_SINGLE_METHOD,ATTACK_DEPENDENCIES,182,5,1678,,0,1
5211,MUTANT_ANNOTATED_SINGLE_METHOD,ATTACK_DEFAULT,181,5,,,0,1
5212,MUTANT_ANNOTATED_SINGLE_METHOD,ATTACK_DEPENDENCIES,181,5,1679,,0,1
5213,MUTANT_ANNOTATED_SINGLE_METHOD,ATTACK_EQUIVALENCE,182,5,,,0,1
5214,MUTANT_ANNOTATED_SINGLE_METHOD,ATTACK_EQUIVALENCE,181,5,,,0,1
5215,TEST_FULL_SUITE_PLUS_DEFAULT,DEFEND_ONE_FROM_MANY,183,6,,2139,0,1
5216,TEST_FULL_SUITE_PLUS_DEFAULT,DEFEND_DEFAULT,182,6,,2145,0,1
5217,TEST_FULL_SUITE_PLUS_DEFAULT,DEFEND_ONE_FROM_MANY,183,6,,2146,0,1
5218,MUTANT_ANNOTATED_SINGLE_METHOD,ATTACK_DEFAULT,183,5,,,0,1
5219,MUTANT_ANNOTATED_SINGLE_METHOD,ATTACK_DEPENDENCIES,183,5,1681,,0,1
5220,MUTANT_ANNOTATED_SINGLE_METHOD,ATTACK_DEFAULT,182,5,,,0,1
5221,MUTANT_ANNOTATED_SINGLE_METHOD,ATTACK_DEPENDENCIES,182,5,1680,,0,1
5222,MUTANT_ANNOTATED_SINGLE_METHOD,ATTACK_DEFAULT,181,5,,,0,1
5223,MUTANT_ANNOTATED_SINGLE_METHOD,ATTACK_DEPENDENCIES,181,5,1682,,0,1
5224,TEST_FULL_SUITE_PLUS_DEFAULT,DEFEND_DEFAULT,181,6,,2147,0,1
5225,MUTANT_ANNOTATED_SINGLE_METHOD,ATTACK_DEFAULT,182,5,,,0,1
5226,MUTANT_ANNOTATED_SINGLE_METHOD,ATTACK_DEPENDENCIES,182,5,1685,,0,1
5227,TEST_FULL_SUITE_PLUS_DEFAULT,DEFEND_DEFAULT,182,6,,2150,0,1
5228,TEST_FULL_SUITE_PLUS_DEFAULT,DEFEND_DEFAULT,181,6,,2149,0,1
5229,TEST_FULL_SUITE_PLUS_DEFAULT,DEFEND_ONE_FROM_MANY,183,6,,,0,1
5230,TEST_FULL_SUITE_PLUS_DEFAULT,DEFEND_ONE_FROM_MANY,183,6,,2154,0,1
5231,MUTANT_ANNOTATED_SINGLE_METHOD,ATTACK_DEFAULT,183,5,,,0,1
5232,MUTANT_ANNOTATED_SINGLE_METHOD,ATTACK_DEPENDENCIES,183,5,1683,,0,1
5233,MUTANT_ANNOTATED_SINGLE_METHOD,ATTACK_DEFAULT,181,5,,,0,1
5234,MUTANT_ANNOTATED_SINGLE_METHOD,ATTACK_DEPENDENCIES,181,5,1684,,0,1
5235,TEST_FULL_SUITE_PLUS_DEFAULT,DEFEND_DEFAULT,181,6,,2152,0,1
5236,MUTANT_ANNOTATED_SINGLE_METHOD,ATTACK_DEFAULT,183,5,,,0,1
5237,MUTANT_ANNOTATED_SINGLE_METHOD,ATTACK_DEPENDENCIES,183,5,1688,,0,1
5238,MUTANT_ANNOTATED_SINGLE_METHOD,ATTACK_DEFAULT,181,5,,,0,1
5239,MUTANT_ANNOTATED_SINGLE_METHOD,ATTACK_DEPENDENCIES,181,5,1686,,0,1
5240,MUTANT_ANNOTATED_SINGLE_METHOD,ATTACK_DEFAULT,182,5,,,0,1
5241,MUTANT_ANNOTATED_SINGLE_METHOD,ATTACK_DEPENDENCIES,182,5,1687,,0,1
5242,TEST_FULL_SUITE_PLUS_DEFAULT,DEFEND_DEFAULT,182,6,,2153,0,1
5243,TEST_FULL_SUITE_PLUS_DEFAULT,DEFEND_DEFAULT,181,6,,,1,0
5244,MUTANT_ANNOTATED_SINGLE_METHOD,ATTACK_DEFAULT,181,5,,,0,1
5245,MUTANT_ANNOTATED_SINGLE_METHOD,ATTACK_DEPENDENCIES,181,5,,,1,0
5246,MUTANT_ANNOTATED_SINGLE_METHOD,ATTACK_DEFAULT,182,5,,,0,1
5247,MUTANT_ANNOTATED_SINGLE_METHOD,ATTACK_DEPENDENCIES,182,5,,,1,0
5248,MUTANT_ANNOTATED_SINGLE_METHOD,ATTACK_DEFAULT,183,5,,,0,1
5249,MUTANT_ANNOTATED_SINGLE_METHOD,ATTACK_DEPENDENCIES,183,5,,,1,0
5250,MUTANT_ANNOTATED_SINGLE_METHOD,ATTACK_DEFAULT,184,5,,,0,1
5251,TEST_FULL_SUITE_PLUS_DEFAULT,DEFEND_DEFAULT,184,6,,,0,1
5252,MUTANT_ANNOTATED_SINGLE_METHOD,ATTACK_DEPENDENCIES,184,5,1689,,0,1
5253,MUTANT_ANNOTATED_SINGLE_METHOD,ATTACK_DEFAULT,185,5,,,0,1
5254,TEST_FULL_SUITE_PLUS_DEFAULT,DEFEND_DEFAULT,185,6,,,0,1
5255,MUTANT_ANNOTATED_SINGLE_METHOD,ATTACK_DEPENDENCIES,185,5,1690,,0,1
5256,TEST_FULL_SUITE_PLUS_DEFAULT,DEFEND_ONE_FROM_MANY,184,6,,,0,1
5257,TEST_FULL_SUITE_PLUS_DEFAULT,DEFEND_ONE_FROM_MANY,184,6,,2155,0,1
5258,MUTANT_ANNOTATED_SINGLE_METHOD,ATTACK_DEFAULT,184,5,,,0,1
5259,MUTANT_ANNOTATED_SINGLE_METHOD,ATTACK_DEPENDENCIES,184,5,1691,,0,1
5260,TEST_FULL_SUITE_PLUS_DEFAULT,DEFEND_ONE_FROM_MANY,185,6,,,0,1
5261,TEST_FULL_SUITE_PLUS_DEFAULT,DEFEND_ONE_FROM_MANY,184,6,,2156,0,1
5262,TEST_FULL_SUITE_PLUS_DEFAULT,DEFEND_ONE_FROM_MANY,185,6,,2157,0,1
5263,MUTANT_ANNOTATED_SINGLE_METHOD,ATTACK_DEFAULT,185,5,,,0,1
5264,MUTANT_ANNOTATED_SINGLE_METHOD,ATTACK_DEPENDENCIES,185,5,1692,,0,1
5265,TEST_FULL_SUITE_PLUS_DEFAULT,DEFEND_ONE_FROM_MANY,185,6,,2158,0,1
5266,MUTANT_ANNOTATED_SINGLE_METHOD,ATTACK_DEFAULT,184,5,,,0,1
5267,MUTANT_ANNOTATED_SINGLE_METHOD,ATTACK_DEPENDENCIES,184,5,1694,,0,1
5268,TEST_FULL_SUITE_PLUS_DEFAULT,DEFEND_ONE_FROM_MANY,184,6,,2159,0,1
5269,MUTANT_ANNOTATED_SINGLE_METHOD,ATTACK_DEFAULT,185,5,,,0,1
5270,MUTANT_ANNOTATED_SINGLE_METHOD,ATTACK_DEPENDENCIES,185,5,1693,,0,1
5271,TEST_FULL_SUITE_PLUS_DEFAULT,DEFEND_ONE_FROM_MANY,185,6,,2160,0,1
5272,TEST_FULL_SUITE_PLUS_DEFAULT,DEFEND_ONE_FROM_MANY,184,6,,2161,0,1
5273,MUTANT_ANNOTATED_SINGLE_METHOD,ATTACK_DEFAULT,185,5,,,0,1
5274,MUTANT_ANNOTATED_SINGLE_METHOD,ATTACK_DEPENDENCIES,185,5,1695,,0,1
5275,TEST_FULL_SUITE_PLUS_DEFAULT,DEFEND_ONE_FROM_MANY,185,6,,2162,0,1
5276,MUTANT_ANNOTATED_SINGLE_METHOD,ATTACK_DEFAULT,184,5,,,0,1
5277,MUTANT_ANNOTATED_SINGLE_METHOD,ATTACK_DEPENDENCIES,184,5,1696,,0,1
5278,TEST_FULL_SUITE_PLUS_DEFAULT,DEFEND_ONE_FROM_MANY,184,6,,2163,0,1
5279,MUTANT_ANNOTATED_SINGLE_METHOD,ATTACK_DEFAULT,185,5,,,0,1
5280,MUTANT_ANNOTATED_SINGLE_METHOD,ATTACK_DEPENDENCIES,185,5,1697,,0,1
5281,TEST_FULL_SUITE_PLUS_DEFAULT,DEFEND_ONE_FROM_MANY,185,6,,2164,0,1
5282,MUTANT_ANNOTATED_SINGLE_METHOD,ATTACK_DEFAULT,184,5,,,0,1
5283,MUTANT_ANNOTATED_SINGLE_METHOD,ATTACK_DEPENDENCIES,184,5,1698,,0,1
5284,TEST_FULL_SUITE_PLUS_DEFAULT,DEFEND_ONE_FROM_MANY,184,6,,2165,0,1
5285,MUTANT_ANNOTATED_SINGLE_METHOD,ATTACK_DEFAULT,185,5,,,0,1
5286,MUTANT_ANNOTATED_SINGLE_METHOD,ATTACK_DEPENDENCIES,185,5,1699,,0,1
5287,TEST_FULL_SUITE_PLUS_DEFAULT,DEFEND_ONE_FROM_MANY,185,6,,2166,0,1
5288,MUTANT_ANNOTATED_SINGLE_METHOD,ATTACK_DEFAULT,184,5,,,0,1
5289,MUTANT_ANNOTATED_SINGLE_METHOD,ATTACK_DEPENDENCIES,184,5,1701,,0,1
5290,TEST_FULL_SUITE_PLUS_DEFAULT,DEFEND_ONE_FROM_MANY,184,6,,2167,0,1
5291,MUTANT_ANNOTATED_SINGLE_METHOD,ATTACK_DEFAULT,185,5,,,0,1
5292,MUTANT_ANNOTATED_SINGLE_METHOD,ATTACK_DEPENDENCIES,185,5,1700,,0,1
5293,TEST_FULL_SUITE_PLUS_DEFAULT,DEFEND_ONE_FROM_MANY,185,6,,2168,0,1
5294,TEST_FULL_SUITE_PLUS_DEFAULT,DEFEND_ONE_FROM_MANY,184,6,,2169,0,1
5295,MUTANT_ANNOTATED_SINGLE_METHOD,ATTACK_DEFAULT,185,5,,,0,1
5296,MUTANT_ANNOTATED_SINGLE_METHOD,ATTACK_DEPENDENCIES,185,5,1702,,0,1
5297,TEST_FULL_SUITE_PLUS_DEFAULT,DEFEND_ONE_FROM_MANY,185,6,,2170,0,1
5298,MUTANT_ANNOTATED_SINGLE_METHOD,ATTACK_DEFAULT,184,5,,,0,1
5299,MUTANT_ANNOTATED_SINGLE_METHOD,ATTACK_DEPENDENCIES,184,5,1703,,0,1
5300,TEST_FULL_SUITE_PLUS_DEFAULT,DEFEND_ONE_FROM_MANY,184,6,,2171,0,1
5301,TEST_FULL_SUITE_PLUS_DEFAULT,DEFEND_ONE_FROM_MANY,185,6,,2172,0,1
5302,MUTANT_ANNOTATED_SINGLE_METHOD,ATTACK_DEFAULT,185,5,,,0,1
5303,MUTANT_ANNOTATED_SINGLE_METHOD,ATTACK_DEPENDENCIES,185,5,1704,,0,1
5304,MUTANT_ANNOTATED_SINGLE_METHOD,ATTACK_DEFAULT,184,5,,,0,1
5305,MUTANT_ANNOTATED_SINGLE_METHOD,ATTACK_DEPENDENCIES,184,5,1705,,0,1
5306,TEST_FULL_SUITE_PLUS_DEFAULT,DEFEND_ONE_FROM_MANY,184,6,,2173,0,1
5307,TEST_FULL_SUITE_PLUS_DEFAULT,DEFEND_ONE_FROM_MANY,185,6,,2174,0,1
5308,MUTANT_ANNOTATED_SINGLE_METHOD,ATTACK_DEFAULT,185,5,,,0,1
5309,MUTANT_ANNOTATED_SINGLE_METHOD,ATTACK_DEPENDENCIES,185,5,1706,,0,1
5310,TEST_FULL_SUITE_PLUS_DEFAULT,DEFEND_ONE_FROM_MANY,184,6,,2175,0,1
5311,TEST_FULL_SUITE_PLUS_DEFAULT,DEFEND_ONE_FROM_MANY,185,6,,2176,0,1
5312,MUTANT_ANNOTATED_SINGLE_METHOD,ATTACK_DEFAULT,184,5,,,0,1
5313,MUTANT_ANNOTATED_SINGLE_METHOD,ATTACK_DEPENDENCIES,184,5,1707,,0,1
5314,MUTANT_ANNOTATED_SINGLE_METHOD,ATTACK_DEFAULT,185,5,,,0,1
5315,MUTANT_ANNOTATED_SINGLE_METHOD,ATTACK_DEPENDENCIES,185,5,1708,,0,1
5316,TEST_FULL_SUITE_PLUS_DEFAULT,DEFEND_ONE_FROM_MANY,184,6,,2177,0,1
5317,TEST_FULL_SUITE_PLUS_DEFAULT,DEFEND_ONE_FROM_MANY,185,6,,2178,0,1
5318,MUTANT_ANNOTATED_SINGLE_METHOD,ATTACK_DEFAULT,184,5,,,0,1
5319,MUTANT_ANNOTATED_SINGLE_METHOD,ATTACK_DEPENDENCIES,184,5,1710,,0,1
5320,MUTANT_ANNOTATED_SINGLE_METHOD,ATTACK_DEFAULT,185,5,,,0,1
5321,MUTANT_ANNOTATED_SINGLE_METHOD,ATTACK_DEPENDENCIES,185,5,1709,,0,1
5322,TEST_FULL_SUITE_PLUS_DEFAULT,DEFEND_ONE_FROM_MANY,184,6,,2179,0,1
5323,TEST_FULL_SUITE_PLUS_DEFAULT,DEFEND_ONE_FROM_MANY,185,6,,2180,0,1
5324,MUTANT_ANNOTATED_SINGLE_METHOD,ATTACK_DEFAULT,185,5,,,0,1
5325,MUTANT_ANNOTATED_SINGLE_METHOD,ATTACK_DEPENDENCIES,185,5,1711,,0,1
5326,MUTANT_ANNOTATED_SINGLE_METHOD,ATTACK_DEFAULT,184,5,,,0,1
5327,MUTANT_ANNOTATED_SINGLE_METHOD,ATTACK_DEPENDENCIES,184,5,1713,,0,1
5328,TEST_FULL_SUITE_PLUS_DEFAULT,DEFEND_ONE_FROM_MANY,184,6,,2181,0,1
5329,TEST_FULL_SUITE_PLUS_DEFAULT,DEFEND_ONE_FROM_MANY,185,6,,2182,0,1
5330,MUTANT_ANNOTATED_SINGLE_METHOD,ATTACK_DEFAULT,185,5,,,0,1
5331,MUTANT_ANNOTATED_SINGLE_METHOD,ATTACK_DEPENDENCIES,185,5,1712,,0,1
5332,TEST_FULL_SUITE_PLUS_DEFAULT,DEFEND_ONE_FROM_MANY,184,6,,2183,0,1
5333,TEST_FULL_SUITE_PLUS_DEFAULT,DEFEND_ONE_FROM_MANY,185,6,,2184,0,1
5334,MUTANT_ANNOTATED_SINGLE_METHOD,ATTACK_DEFAULT,185,5,,,0,1
5335,MUTANT_ANNOTATED_SINGLE_METHOD,ATTACK_DEPENDENCIES,185,5,1714,,0,1
5336,MUTANT_ANNOTATED_SINGLE_METHOD,ATTACK_DEFAULT,184,5,,,0,1
5337,MUTANT_ANNOTATED_SINGLE_METHOD,ATTACK_DEPENDENCIES,184,5,1716,,0,1
5338,TEST_FULL_SUITE_PLUS_DEFAULT,DEFEND_ONE_FROM_MANY,184,6,,2185,0,1
5339,TEST_FULL_SUITE_PLUS_DEFAULT,DEFEND_ONE_FROM_MANY,185,6,,2186,0,1
5340,MUTANT_ANNOTATED_SINGLE_METHOD,ATTACK_DEFAULT,185,5,,,0,1
5341,MUTANT_ANNOTATED_SINGLE_METHOD,ATTACK_DEPENDENCIES,185,5,1715,,0,1
5342,TEST_FULL_SUITE_PLUS_DEFAULT,DEFEND_ONE_FROM_MANY,184,6,,2187,0,1
5343,TEST_FULL_SUITE_PLUS_DEFAULT,DEFEND_ONE_FROM_MANY,185,6,,2188,0,1
5344,MUTANT_ANNOTATED_SINGLE_METHOD,ATTACK_DEFAULT,185,5,,,0,1
5345,MUTANT_ANNOTATED_SINGLE_METHOD,ATTACK_DEPENDENCIES,185,5,1718,,0,1
5346,MUTANT_ANNOTATED_SINGLE_METHOD,ATTACK_DEFAULT,184,5,,,0,1
5347,MUTANT_ANNOTATED_SINGLE_METHOD,ATTACK_DEPENDENCIES,184,5,1717,,0,1
5348,TEST_FULL_SUITE_PLUS_DEFAULT,DEFEND_ONE_FROM_MANY,184,6,,2189,0,1
5349,TEST_FULL_SUITE_PLUS_DEFAULT,DEFEND_ONE_FROM_MANY,185,6,,2190,0,1
5350,MUTANT_ANNOTATED_SINGLE_METHOD,ATTACK_DEFAULT,185,5,,,0,1
5351,MUTANT_ANNOTATED_SINGLE_METHOD,ATTACK_DEPENDENCIES,185,5,1720,,0,1
5352,MUTANT_ANNOTATED_SINGLE_METHOD,ATTACK_DEFAULT,184,5,,,0,1
5353,MUTANT_ANNOTATED_SINGLE_METHOD,ATTACK_DEPENDENCIES,184,5,1719,,0,1
5354,TEST_FULL_SUITE_PLUS_DEFAULT,DEFEND_ONE_FROM_MANY,184,6,,2191,0,1
5355,TEST_FULL_SUITE_PLUS_DEFAULT,DEFEND_ONE_FROM_MANY,185,6,,2192,0,1
5356,MUTANT_ANNOTATED_SINGLE_METHOD,ATTACK_DEFAULT,185,5,,,0,1
5357,MUTANT_ANNOTATED_SINGLE_METHOD,ATTACK_DEPENDENCIES,185,5,1722,,0,1
5358,MUTANT_ANNOTATED_SINGLE_METHOD,ATTACK_DEFAULT,184,5,,,0,1
5359,MUTANT_ANNOTATED_SINGLE_METHOD,ATTACK_DEPENDENCIES,184,5,1721,,0,1
5360,TEST_FULL_SUITE_PLUS_DEFAULT,DEFEND_ONE_FROM_MANY,184,6,,2193,0,1
5361,TEST_FULL_SUITE_PLUS_DEFAULT,DEFEND_ONE_FROM_MANY,185,6,,2194,0,1
5362,MUTANT_ANNOTATED_SINGLE_METHOD,ATTACK_DEFAULT,185,5,,,0,1
5363,MUTANT_ANNOTATED_SINGLE_METHOD,ATTACK_DEPENDENCIES,185,5,1723,,0,1
5364,MUTANT_ANNOTATED_SINGLE_METHOD,ATTACK_DEFAULT,184,5,,,0,1
5365,MUTANT_ANNOTATED_SINGLE_METHOD,ATTACK_DEPENDENCIES,184,5,1724,,0,1
5366,TEST_FULL_SUITE_PLUS_DEFAULT,DEFEND_ONE_FROM_MANY,184,6,,2195,0,1
5367,TEST_FULL_SUITE_PLUS_DEFAULT,DEFEND_ONE_FROM_MANY,185,6,,2196,0,1
5368,TEST_FULL_SUITE_PLUS_DEFAULT,DEFEND_ONE_FROM_MANY,184,6,,2197,0,1
5369,MUTANT_ANNOTATED_SINGLE_METHOD,ATTACK_DEFAULT,185,5,,,0,1
5370,MUTANT_ANNOTATED_SINGLE_METHOD,ATTACK_DEPENDENCIES,185,5,1726,,0,1
5371,TEST_FULL_SUITE_PLUS_DEFAULT,DEFEND_ONE_FROM_MANY,185,6,,2198,0,1
5372,MUTANT_ANNOTATED_SINGLE_METHOD,ATTACK_DEFAULT,184,5,,,0,1
5373,MUTANT_ANNOTATED_SINGLE_METHOD,ATTACK_DEPENDENCIES,184,5,1725,,0,1
5374,TEST_FULL_SUITE_PLUS_DEFAULT,DEFEND_ONE_FROM_MANY,184,6,,2199,0,1
5375,MUTANT_ANNOTATED_SINGLE_METHOD,ATTACK_DEFAULT,185,5,,,0,1
5376,MUTANT_ANNOTATED_SINGLE_METHOD,ATTACK_DEPENDENCIES,185,5,1727,,0,1
5377,TEST_FULL_SUITE_PLUS_DEFAULT,DEFEND_ONE_FROM_MANY,185,6,,2200,0,1
5378,MUTANT_ANNOTATED_SINGLE_METHOD,ATTACK_DEFAULT,184,5,,,0,1
5379,MUTANT_ANNOTATED_SINGLE_METHOD,ATTACK_DEPENDENCIES,184,5,1728,,0,1
5380,TEST_FULL_SUITE_PLUS_DEFAULT,DEFEND_FOCUS,184,6,,2201,0,1
5381,TEST_FULL_SUITE_PLUS_DEFAULT,DEFEND_FOCUS,185,6,,2204,0,1
5382,MUTANT_ANNOTATED_SINGLE_METHOD,ATTACK_DEFAULT,185,5,,,0,1
5383,MUTANT_ANNOTATED_SINGLE_METHOD,ATTACK_DEPENDENCIES,185,5,1729,,0,1
5384,TEST_FULL_SUITE_PLUS_DEFAULT,DEFEND_DEFAULT,184,6,,2203,0,1
5385,MUTANT_ANNOTATED_SINGLE_METHOD,ATTACK_DEFAULT,184,5,,,0,1
5386,MUTANT_ANNOTATED_SINGLE_METHOD,ATTACK_DEPENDENCIES,184,5,1730,,0,1
5387,TEST_FULL_SUITE_PLUS_DEFAULT,DEFEND_DEFAULT,184,6,,2205,0,1
5388,TEST_FULL_SUITE_PLUS_DEFAULT,DEFEND_FOCUS,185,6,,,0,0
5389,MUTANT_ANNOTATED_SINGLE_METHOD,ATTACK_DEFAULT,185,5,,,0,1
5390,MUTANT_ANNOTATED_SINGLE_METHOD,ATTACK_DEPENDENCIES,185,5,1731,,0,1
5391,MUTANT_ANNOTATED_SINGLE_METHOD,ATTACK_DEFAULT,184,5,,,0,1
5392,MUTANT_ANNOTATED_SINGLE_METHOD,ATTACK_DEPENDENCIES,184,5,1732,,0,1
5393,MUTANT_ANNOTATED_SINGLE_METHOD,ATTACK_DEFAULT,185,5,,,0,1
5394,MUTANT_ANNOTATED_SINGLE_METHOD,ATTACK_DEPENDENCIES,185,5,1734,,0,1
5395,MUTANT_ANNOTATED_SINGLE_METHOD,ATTACK_DEFAULT,184,5,,,0,1
5396,TEST_FULL_SUITE_PLUS_DEFAULT,DEFEND_DEFAULT,184,6,,2206,0,1
5397,MUTANT_ANNOTATED_SINGLE_METHOD,ATTACK_DEPENDENCIES,184,5,1733,,0,1
5398,MUTANT_ANNOTATED_SINGLE_METHOD,ATTACK_DEFAULT,185,5,,,0,1
5399,MUTANT_ANNOTATED_SINGLE_METHOD,ATTACK_DEPENDENCIES,185,5,1736,,0,1
5400,MUTANT_ANNOTATED_SINGLE_METHOD,ATTACK_DEFAULT,184,5,,,0,1
5401,TEST_FULL_SUITE_PLUS_DEFAULT,DEFEND_DEFAULT,184,6,,2208,0,1
5402,MUTANT_ANNOTATED_SINGLE_METHOD,ATTACK_DEPENDENCIES,184,5,1735,,0,1
5403,MUTANT_ANNOTATED_SINGLE_METHOD,ATTACK_EQUIVALENCE,184,5,,,0,1
5404,MUTANT_ANNOTATED_SINGLE_METHOD,ATTACK_DEFAULT,185,5,,,0,1
5405,TEST_FULL_SUITE_PLUS_DEFAULT,DEFEND_FOCUS,185,6,,,0,0
5406,MUTANT_ANNOTATED_SINGLE_METHOD,ATTACK_DEPENDENCIES,185,5,1737,,0,1
5407,MUTANT_ANNOTATED_SINGLE_METHOD,ATTACK_DEFAULT,184,5,,,0,1
5408,MUTANT_ANNOTATED_SINGLE_METHOD,ATTACK_DEPENDENCIES,184,5,1738,,0,1
5409,TEST_FULL_SUITE_PLUS_DEFAULT,DEFEND_DEFAULT,184,6,,2209,0,1
5410,MUTANT_ANNOTATED_SINGLE_METHOD,ATTACK_DEFAULT,185,5,,,0,1
5411,MUTANT_ANNOTATED_SINGLE_METHOD,ATTACK_DEPENDENCIES,185,5,1740,,0,1
5412,MUTANT_ANNOTATED_SINGLE_METHOD,ATTACK_DEFAULT,184,5,,,0,1
5413,MUTANT_ANNOTATED_SINGLE_METHOD,ATTACK_DEPENDENCIES,184,5,1739,,0,1
5414,TEST_FULL_SUITE_PLUS_DEFAULT,DEFEND_DEFAULT,184,6,,2216,0,1
5415,MUTANT_ANNOTATED_SINGLE_METHOD,ATTACK_DEFAULT,184,5,,,0,1
5416,MUTANT_ANNOTATED_SINGLE_METHOD,ATTACK_DEPENDENCIES,184,5,1741,,0,1
5417,MUTANT_ANNOTATED_SINGLE_METHOD,ATTACK_EQUIVALENCE,184,5,,,0,1
5418,MUTANT_ANNOTATED_SINGLE_METHOD,ATTACK_DEFAULT,185,5,,,0,1
5419,MUTANT_ANNOTATED_SINGLE_METHOD,ATTACK_DEPENDENCIES,185,5,1743,,0,1
5420,MUTANT_ANNOTATED_SINGLE_METHOD,ATTACK_DEFAULT,184,5,,,0,1
5421,MUTANT_ANNOTATED_SINGLE_METHOD,ATTACK_DEPENDENCIES,184,5,1742,,0,1
5422,TEST_FULL_SUITE_PLUS_DEFAULT,DEFEND_FOCUS,185,6,,,0,0
5423,MUTANT_ANNOTATED_SINGLE_METHOD,ATTACK_DEFAULT,184,5,,,0,1
5424,MUTANT_ANNOTATED_SINGLE_METHOD,ATTACK_DEPENDENCIES,184,5,1744,,0,1
5425,MUTANT_ANNOTATED_SINGLE_METHOD,ATTACK_DEFAULT,185,5,,,0,1
5426,MUTANT_ANNOTATED_SINGLE_METHOD,ATTACK_DEPENDENCIES,185,5,1745,,0,1
5427,TEST_FULL_SUITE_PLUS_DEFAULT,DEFEND_FOCUS,184,6,,,1,0
5428,MUTANT_ANNOTATED_SINGLE_METHOD,ATTACK_DEFAULT,184,5,,,0,1
5429,MUTANT_ANNOTATED_SINGLE_METHOD,ATTACK_DEPENDENCIES,184,5,1747,,0,1
5430,MUTANT_ANNOTATED_SINGLE_METHOD,ATTACK_DEFAULT,185,5,,,0,1
5431,MUTANT_ANNOTATED_SINGLE_METHOD,ATTACK_DEPENDENCIES,185,5,1746,,0,1
5432,TEST_FULL_SUITE_PLUS_DEFAULT,DEFEND_DEFAULT,184,6,,,0,0
5433,MUTANT_ANNOTATED_SINGLE_METHOD,ATTACK_EQUIVALENCE,184,5,,,0,1
5434,MUTANT_ANNOTATED_SINGLE_METHOD,ATTACK_DEFAULT,185,5,,,0,1
5435,MUTANT_ANNOTATED_SINGLE_METHOD,ATTACK_DEPENDENCIES,185,5,1748,,0,1
5436,MUTANT_ANNOTATED_SINGLE_METHOD,ATTACK_DEFAULT,184,5,,,0,1
5437,MUTANT_ANNOTATED_SINGLE_METHOD,ATTACK_DEPENDENCIES,184,5,1749,,0,1
5438,TEST_FULL_SUITE_PLUS_DEFAULT,DEFEND_FOCUS,185,6,,2221,0,1
5439,MUTANT_ANNOTATED_SINGLE_METHOD,ATTACK_DEFAULT,185,5,,,0,1
5440,MUTANT_ANNOTATED_SINGLE_METHOD,ATTACK_DEPENDENCIES,185,5,1750,,0,1
5441,TEST_FULL_SUITE_PLUS_DEFAULT,DEFEND_FOCUS,185,6,,2222,0,1
5442,MUTANT_ANNOTATED_SINGLE_METHOD,ATTACK_DEFAULT,184,5,,,0,1
5443,MUTANT_ANNOTATED_SINGLE_METHOD,ATTACK_DEPENDENCIES,184,5,1751,,0,1
5444,MUTANT_ANNOTATED_SINGLE_METHOD,ATTACK_DEFAULT,185,5,,,0,1
5445,MUTANT_ANNOTATED_SINGLE_METHOD,ATTACK_DEPENDENCIES,185,5,1752,,0,1
5446,TEST_FULL_SUITE_PLUS_DEFAULT,DEFEND_FOCUS,185,6,,,0,0
5447,TEST_FULL_SUITE_PLUS_DEFAULT,DEFEND_DEFAULT,184,6,,2224,0,1
5448,MUTANT_ANNOTATED_SINGLE_METHOD,ATTACK_DEFAULT,184,5,,,0,1
5449,MUTANT_ANNOTATED_SINGLE_METHOD,ATTACK_DEPENDENCIES,184,5,1753,,0,1
5450,MUTANT_ANNOTATED_SINGLE_METHOD,ATTACK_DEFAULT,185,5,,,0,1
5451,MUTANT_ANNOTATED_SINGLE_METHOD,ATTACK_DEPENDENCIES,185,5,1754,,0,1
5452,TEST_FULL_SUITE_PLUS_DEFAULT,DEFEND_DEFAULT,184,6,,2226,0,1
5453,MUTANT_ANNOTATED_SINGLE_METHOD,ATTACK_DEFAULT,184,5,,,0,1
5454,MUTANT_ANNOTATED_SINGLE_METHOD,ATTACK_DEPENDENCIES,184,5,1756,,0,1
5455,MUTANT_ANNOTATED_SINGLE_METHOD,ATTACK_DEFAULT,185,5,,,0,1
5456,MUTANT_ANNOTATED_SINGLE_METHOD,ATTACK_DEPENDENCIES,185,5,1755,,0,1
5457,TEST_FULL_SUITE_PLUS_DEFAULT,DEFEND_DEFAULT,184,6,,2229,0,1
5458,TEST_FULL_SUITE_PLUS_DEFAULT,DEFEND_FOCUS,185,6,,2228,0,1
5459,MUTANT_ANNOTATED_SINGLE_METHOD,ATTACK_DEFAULT,185,5,,,0,1
5460,MUTANT_ANNOTATED_SINGLE_METHOD,ATTACK_DEPENDENCIES,185,5,1758,,0,1
5461,TEST_FULL_SUITE_PLUS_DEFAULT,DEFEND_DEFAULT,185,6,,2230,0,1
5462,MUTANT_ANNOTATED_SINGLE_METHOD,ATTACK_EQUIVALENCE,185,5,,,0,1
5463,MUTANT_ANNOTATED_SINGLE_METHOD,ATTACK_DEFAULT,184,5,,,0,1
5464,MUTANT_ANNOTATED_SINGLE_METHOD,ATTACK_DEPENDENCIES,184,5,,,0,0
5465,TEST_FULL_SUITE_PLUS_DEFAULT,DEFEND_DEFAULT,184,6,,,0,0
5466,MUTANT_ANNOTATED_SINGLE_METHOD,ATTACK_EQUIVALENCE,185,5,,,0,1
5467,TEST_FULL_SUITE_PLUS_DEFAULT,DEFEND_DEFAULT,185,6,,2232,0,1
5468,MUTANT_ANNOTATED_SINGLE_METHOD,ATTACK_EQUIVALENCE,185,5,,,0,1
5469,TEST_FULL_SUITE_PLUS_DEFAULT,DEFEND_DEFAULT,185,6,,2235,0,1
5470,MUTANT_ANNOTATED_SINGLE_METHOD,ATTACK_EQUIVALENCE,185,5,,,0,1
5471,MUTANT_ANNOTATED_SINGLE_METHOD,ATTACK_EQUIVALENCE,185,5,,,0,1
5472,MUTANT_ANNOTATED_SINGLE_METHOD,ATTACK_DEPENDENCIES,184,5,1757,,0,1
5473,TEST_FULL_SUITE_PLUS_DEFAULT,DEFEND_DEFAULT,185,6,,2238,0,1
5474,MUTANT_ANNOTATED_SINGLE_METHOD,ATTACK_EQUIVALENCE,185,5,,,0,1
5475,MUTANT_ANNOTATED_SINGLE_METHOD,ATTACK_EQUIVALENCE,185,5,,,0,1
5476,TEST_FULL_SUITE_PLUS_DEFAULT,DEFEND_DEFAULT,185,6,,2241,0,1
5477,MUTANT_ANNOTATED_SINGLE_METHOD,ATTACK_EQUIVALENCE,185,5,,,0,1
5478,MUTANT_ANNOTATED_SINGLE_METHOD,ATTACK_DEFAULT,184,5,,,0,1
5479,MUTANT_ANNOTATED_SINGLE_METHOD,ATTACK_DEPENDENCIES,184,5,,,0,0
5480,TEST_FULL_SUITE_PLUS_DEFAULT,DEFEND_DEFAULT,184,6,,2243,0,1
5481,MUTANT_ANNOTATED_SINGLE_METHOD,ATTACK_EQUIVALENCE,185,5,,,0,1
5482,TEST_FULL_SUITE_PLUS_DEFAULT,DEFEND_DEFAULT,185,6,,2245,0,1
5483,TEST_FULL_SUITE_PLUS_DEFAULT,DEFEND_DEFAULT,184,6,,2248,0,1
5484,MUTANT_ANNOTATED_SINGLE_METHOD,ATTACK_DEFAULT,185,5,,,0,1
5485,MUTANT_ANNOTATED_SINGLE_METHOD,ATTACK_DEPENDENCIES,185,5,1759,,0,1
5486,TEST_FULL_SUITE_PLUS_DEFAULT,DEFEND_DEFAULT,185,6,,2246,0,1
5487,MUTANT_ANNOTATED_SINGLE_METHOD,ATTACK_EQUIVALENCE,185,5,,,0,1
5488,MUTANT_ANNOTATED_SINGLE_METHOD,ATTACK_DEPENDENCIES,184,5,1760,,0,1
5489,TEST_FULL_SUITE_PLUS_DEFAULT,DEFEND_DEFAULT,185,6,,2249,0,1
5490,MUTANT_ANNOTATED_SINGLE_METHOD,ATTACK_DEFAULT,185,5,,,0,1
5491,MUTANT_ANNOTATED_SINGLE_METHOD,ATTACK_DEPENDENCIES,185,5,1761,,0,1
5492,TEST_FULL_SUITE_PLUS_DEFAULT,DEFEND_DEFAULT,184,6,,2252,0,1
5493,TEST_FULL_SUITE_PLUS_DEFAULT,DEFEND_DEFAULT,185,6,,2251,0,1
5494,MUTANT_ANNOTATED_SINGLE_METHOD,ATTACK_DEFAULT,184,5,,,0,1
5495,MUTANT_ANNOTATED_SINGLE_METHOD,ATTACK_DEPENDENCIES,184,5,,,0,0
5496,MUTANT_ANNOTATED_SINGLE_METHOD,ATTACK_DEFAULT,185,5,,,0,1
5497,MUTANT_ANNOTATED_SINGLE_METHOD,ATTACK_DEPENDENCIES,185,5,1762,,0,1
5498,MUTANT_ANNOTATED_SINGLE_METHOD,ATTACK_EQUIVALENCE,184,5,,,0,1
5499,TEST_FULL_SUITE_PLUS_DEFAULT,DEFEND_DEFAULT,185,6,,2254,0,1
5500,TEST_FULL_SUITE_PLUS_DEFAULT,DEFEND_DEFAULT,184,6,,2255,0,1
5501,MUTANT_ANNOTATED_SINGLE_METHOD,ATTACK_DEFAULT,185,5,,,0,1
5502,MUTANT_ANNOTATED_SINGLE_METHOD,ATTACK_DEPENDENCIES,185,5,1763,,0,1
5503,TEST_FULL_SUITE_PLUS_DEFAULT,DEFEND_DEFAULT,185,6,,2256,0,1
5504,TEST_FULL_SUITE_PLUS_DEFAULT,DEFEND_DEFAULT,184,6,,,0,0
5505,MUTANT_ANNOTATED_SINGLE_METHOD,ATTACK_DEPENDENCIES,184,5,,,0,0
5506,TEST_FULL_SUITE_PLUS_DEFAULT,DEFEND_DEFAULT,185,6,,2257,0,1
5507,MUTANT_ANNOTATED_SINGLE_METHOD,ATTACK_DEFAULT,185,5,,,0,1
5508,MUTANT_ANNOTATED_SINGLE_METHOD,ATTACK_DEPENDENCIES,185,5,1764,,0,1
5509,TEST_FULL_SUITE_PLUS_DEFAULT,DEFEND_DEFAULT,185,6,,2258,0,1
5510,MUTANT_ANNOTATED_SINGLE_METHOD,ATTACK_DEFAULT,185,5,,,0,1
5511,MUTANT_ANNOTATED_SINGLE_METHOD,ATTACK_DEPENDENCIES,185,5,1765,,0,1
5512,MUTANT_ANNOTATED_SINGLE_METHOD,ATTACK_DEPENDENCIES,184,5,,,0,0
5513,TEST_FULL_SUITE_PLUS_DEFAULT,DEFEND_DEFAULT,185,6,,2259,0,1
5514,TEST_FULL_SUITE_PLUS_DEFAULT,DEFEND_DEFAULT,185,6,,2260,0,1
5515,MUTANT_ANNOTATED_SINGLE_METHOD,ATTACK_DEFAULT,185,5,,,0,1
5516,MUTANT_ANNOTATED_SINGLE_METHOD,ATTACK_DEPENDENCIES,185,5,1766,,0,1
5517,TEST_FULL_SUITE_PLUS_DEFAULT,DEFEND_DEFAULT,184,6,,2261,0,1
5518,MUTANT_ANNOTATED_SINGLE_METHOD,ATTACK_DEPENDENCIES,184,5,1767,,0,1
5519,TEST_FULL_SUITE_PLUS_DEFAULT,DEFEND_DEFAULT,185,6,,,1,0
5520,MUTANT_ANNOTATED_SINGLE_METHOD,ATTACK_DEFAULT,185,5,,,0,1
5521,MUTANT_ANNOTATED_SINGLE_METHOD,ATTACK_DEPENDENCIES,185,5,,,1,0
5522,MUTANT_ANNOTATED_SINGLE_METHOD,ATTACK_DEFAULT,184,5,,,0,1
5523,MUTANT_ANNOTATED_SINGLE_METHOD,ATTACK_DEPENDENCIES,184,5,,,1,0
5524,MUTANT_ANNOTATED_SINGLE_METHOD,ATTACK_DEFAULT,186,5,,,0,1
5525,TEST_FULL_SUITE_PLUS_DEFAULT,DEFEND_DEFAULT,186,6,,,0,1
5526,MUTANT_ANNOTATED_SINGLE_METHOD,ATTACK_DEPENDENCIES,186,5,1768,,0,1
5527,MUTANT_ANNOTATED_SINGLE_METHOD,ATTACK_DEFAULT,187,5,,,0,1
5528,TEST_FULL_SUITE_PLUS_DEFAULT,DEFEND_DEFAULT,187,6,,,0,1
5529,MUTANT_ANNOTATED_SINGLE_METHOD,ATTACK_DEPENDENCIES,187,5,1770,,0,1
5530,TEST_FULL_SUITE_PLUS_DEFAULT,DEFEND_ONE_FROM_MANY,186,6,,,0,1
5531,TEST_FULL_SUITE_PLUS_DEFAULT,DEFEND_ONE_FROM_MANY,186,6,,2263,0,1
5532,TEST_FULL_SUITE_PLUS_DEFAULT,DEFEND_ONE_FROM_MANY,187,6,,,0,1
5533,MUTANT_ANNOTATED_SINGLE_METHOD,ATTACK_DEFAULT,186,5,,,0,1
5534,MUTANT_ANNOTATED_SINGLE_METHOD,ATTACK_DEPENDENCIES,186,5,1769,,0,1
5535,TEST_FULL_SUITE_PLUS_DEFAULT,DEFEND_ONE_FROM_MANY,187,6,,2264,0,1
5536,TEST_FULL_SUITE_PLUS_DEFAULT,DEFEND_ONE_FROM_MANY,186,6,,2265,0,1
5537,TEST_FULL_SUITE_PLUS_DEFAULT,DEFEND_ONE_FROM_MANY,187,6,,2266,0,1
5538,MUTANT_ANNOTATED_SINGLE_METHOD,ATTACK_DEFAULT,186,5,,,0,1
5539,TEST_FULL_SUITE_PLUS_DEFAULT,DEFEND_ONE_FROM_MANY,186,6,,2267,0,1
5540,MUTANT_ANNOTATED_SINGLE_METHOD,ATTACK_DEPENDENCIES,186,5,1771,,0,1
5541,MUTANT_ANNOTATED_SINGLE_METHOD,ATTACK_DEFAULT,187,5,,,0,1
5542,MUTANT_ANNOTATED_SINGLE_METHOD,ATTACK_DEPENDENCIES,187,5,1772,,0,1
5543,TEST_FULL_SUITE_PLUS_DEFAULT,DEFEND_ONE_FROM_MANY,187,6,,2268,0,1
5544,MUTANT_ANNOTATED_SINGLE_METHOD,ATTACK_DEFAULT,186,5,,,0,1
5545,MUTANT_ANNOTATED_SINGLE_METHOD,ATTACK_DEPENDENCIES,186,5,1774,,0,1
5546,TEST_FULL_SUITE_PLUS_DEFAULT,DEFEND_ONE_FROM_MANY,186,6,,2269,0,1
5547,MUTANT_ANNOTATED_SINGLE_METHOD,ATTACK_DEFAULT,187,5,,,0,1
5548,MUTANT_ANNOTATED_SINGLE_METHOD,ATTACK_DEPENDENCIES,187,5,1773,,0,1
5549,TEST_FULL_SUITE_PLUS_DEFAULT,DEFEND_ONE_FROM_MANY,187,6,,2270,0,1
5550,TEST_FULL_SUITE_PLUS_DEFAULT,DEFEND_ONE_FROM_MANY,186,6,,2271,0,1
5551,MUTANT_ANNOTATED_SINGLE_METHOD,ATTACK_DEFAULT,187,5,,,0,1
5552,MUTANT_ANNOTATED_SINGLE_METHOD,ATTACK_DEPENDENCIES,187,5,1775,,0,1
5553,TEST_FULL_SUITE_PLUS_DEFAULT,DEFEND_ONE_FROM_MANY,187,6,,2272,0,1
5554,MUTANT_ANNOTATED_SINGLE_METHOD,ATTACK_DEFAULT,186,5,,,0,1
5555,MUTANT_ANNOTATED_SINGLE_METHOD,ATTACK_DEPENDENCIES,186,5,1776,,0,1
5556,TEST_FULL_SUITE_PLUS_DEFAULT,DEFEND_ONE_FROM_MANY,186,6,,2273,0,1
5557,MUTANT_ANNOTATED_SINGLE_METHOD,ATTACK_DEFAULT,187,5,,,0,1
5558,MUTANT_ANNOTATED_SINGLE_METHOD,ATTACK_DEPENDENCIES,187,5,1777,,0,1
5559,TEST_FULL_SUITE_PLUS_DEFAULT,DEFEND_ONE_FROM_MANY,187,6,,2274,0,1
5560,MUTANT_ANNOTATED_SINGLE_METHOD,ATTACK_DEFAULT,186,5,,,0,1
5561,MUTANT_ANNOTATED_SINGLE_METHOD,ATTACK_DEPENDENCIES,186,5,1779,,0,1
5562,TEST_FULL_SUITE_PLUS_DEFAULT,DEFEND_ONE_FROM_MANY,186,6,,2275,0,1
5563,MUTANT_ANNOTATED_SINGLE_METHOD,ATTACK_DEFAULT,187,5,,,0,1
5564,MUTANT_ANNOTATED_SINGLE_METHOD,ATTACK_DEPENDENCIES,187,5,1778,,0,1
5565,TEST_FULL_SUITE_PLUS_DEFAULT,DEFEND_ONE_FROM_MANY,187,6,,2276,0,1
5566,TEST_FULL_SUITE_PLUS_DEFAULT,DEFEND_ONE_FROM_MANY,186,6,,2277,0,1
5567,MUTANT_ANNOTATED_SINGLE_METHOD,ATTACK_DEFAULT,187,5,,,0,1
5568,MUTANT_ANNOTATED_SINGLE_METHOD,ATTACK_DEPENDENCIES,187,5,1780,,0,1
5569,TEST_FULL_SUITE_PLUS_DEFAULT,DEFEND_ONE_FROM_MANY,187,6,,2278,0,1
5570,MUTANT_ANNOTATED_SINGLE_METHOD,ATTACK_DEFAULT,186,5,,,0,1
5571,MUTANT_ANNOTATED_SINGLE_METHOD,ATTACK_DEPENDENCIES,186,5,1781,,0,1
5572,TEST_FULL_SUITE_PLUS_DEFAULT,DEFEND_ONE_FROM_MANY,186,6,,2279,0,1
5573,MUTANT_ANNOTATED_SINGLE_METHOD,ATTACK_DEFAULT,187,5,,,0,1
5574,MUTANT_ANNOTATED_SINGLE_METHOD,ATTACK_DEPENDENCIES,187,5,1782,,0,1
5575,TEST_FULL_SUITE_PLUS_DEFAULT,DEFEND_ONE_FROM_MANY,187,6,,2280,0,1
5576,MUTANT_ANNOTATED_SINGLE_METHOD,ATTACK_DEFAULT,186,5,,,0,1
5577,MUTANT_ANNOTATED_SINGLE_METHOD,ATTACK_DEPENDENCIES,186,5,1783,,0,1
5578,TEST_FULL_SUITE_PLUS_DEFAULT,DEFEND_ONE_FROM_MANY,186,6,,2281,0,1
5579,TEST_FULL_SUITE_PLUS_DEFAULT,DEFEND_ONE_FROM_MANY,187,6,,2282,0,1
5580,MUTANT_ANNOTATED_SINGLE_METHOD,ATTACK_DEFAULT,187,5,,,0,1
5581,MUTANT_ANNOTATED_SINGLE_METHOD,ATTACK_DEPENDENCIES,187,5,1784,,0,1
5582,MUTANT_ANNOTATED_SINGLE_METHOD,ATTACK_DEFAULT,186,5,,,0,1
5583,MUTANT_ANNOTATED_SINGLE_METHOD,ATTACK_DEPENDENCIES,186,5,1785,,0,1
5584,TEST_FULL_SUITE_PLUS_DEFAULT,DEFEND_ONE_FROM_MANY,186,6,,2283,0,1
5585,TEST_FULL_SUITE_PLUS_DEFAULT,DEFEND_ONE_FROM_MANY,187,6,,2284,0,1
5586,MUTANT_ANNOTATED_SINGLE_METHOD,ATTACK_DEFAULT,187,5,,,0,1
5587,MUTANT_ANNOTATED_SINGLE_METHOD,ATTACK_DEPENDENCIES,187,5,1786,,0,1
5588,TEST_FULL_SUITE_PLUS_DEFAULT,DEFEND_ONE_FROM_MANY,186,6,,2285,0,1
5589,TEST_FULL_SUITE_PLUS_DEFAULT,DEFEND_ONE_FROM_MANY,187,6,,2286,0,1
5590,MUTANT_ANNOTATED_SINGLE_METHOD,ATTACK_DEFAULT,186,5,,,0,1
5591,MUTANT_ANNOTATED_SINGLE_METHOD,ATTACK_DEPENDENCIES,186,5,1787,,0,1
5592,MUTANT_ANNOTATED_SINGLE_METHOD,ATTACK_DEFAULT,187,5,,,0,1
5593,MUTANT_ANNOTATED_SINGLE_METHOD,ATTACK_DEPENDENCIES,187,5,1788,,0,1
5594,TEST_FULL_SUITE_PLUS_DEFAULT,DEFEND_ONE_FROM_MANY,186,6,,2287,0,1
5595,TEST_FULL_SUITE_PLUS_DEFAULT,DEFEND_ONE_FROM_MANY,187,6,,2288,0,1
5596,MUTANT_ANNOTATED_SINGLE_METHOD,ATTACK_DEFAULT,186,5,,,0,1
5597,MUTANT_ANNOTATED_SINGLE_METHOD,ATTACK_DEPENDENCIES,186,5,1789,,0,1
5598,MUTANT_ANNOTATED_SINGLE_METHOD,ATTACK_DEFAULT,187,5,,,0,1
5599,MUTANT_ANNOTATED_SINGLE_METHOD,ATTACK_DEPENDENCIES,187,5,1790,,0,1
5600,TEST_FULL_SUITE_PLUS_DEFAULT,DEFEND_ONE_FROM_MANY,186,6,,2289,0,1
5601,TEST_FULL_SUITE_PLUS_DEFAULT,DEFEND_ONE_FROM_MANY,187,6,,2290,0,1
5602,MUTANT_ANNOTATED_SINGLE_METHOD,ATTACK_DEFAULT,186,5,,,0,1
5603,MUTANT_ANNOTATED_SINGLE_METHOD,ATTACK_DEPENDENCIES,186,5,1791,,0,1
5604,MUTANT_ANNOTATED_SINGLE_METHOD,ATTACK_DEFAULT,187,5,,,0,1
5605,MUTANT_ANNOTATED_SINGLE_METHOD,ATTACK_DEPENDENCIES,187,5,1792,,0,1
5606,TEST_FULL_SUITE_PLUS_DEFAULT,DEFEND_ONE_FROM_MANY,186,6,,2291,0,1
5607,TEST_FULL_SUITE_PLUS_DEFAULT,DEFEND_ONE_FROM_MANY,187,6,,2292,0,1
5608,MUTANT_ANNOTATED_SINGLE_METHOD,ATTACK_DEFAULT,186,5,,,0,1
5609,MUTANT_ANNOTATED_SINGLE_METHOD,ATTACK_DEPENDENCIES,186,5,1794,,0,1
5610,MUTANT_ANNOTATED_SINGLE_METHOD,ATTACK_DEFAULT,187,5,,,0,1
5611,MUTANT_ANNOTATED_SINGLE_METHOD,ATTACK_DEPENDENCIES,187,5,1793,,0,1
5612,TEST_FULL_SUITE_PLUS_DEFAULT,DEFEND_ONE_FROM_MANY,186,6,,2293,0,1
5613,TEST_FULL_SUITE_PLUS_DEFAULT,DEFEND_ONE_FROM_MANY,187,6,,2294,0,1
5614,MUTANT_ANNOTATED_SINGLE_METHOD,ATTACK_DEFAULT,187,5,,,0,1
5615,MUTANT_ANNOTATED_SINGLE_METHOD,ATTACK_DEPENDENCIES,187,5,1796,,0,1
5616,MUTANT_ANNOTATED_SINGLE_METHOD,ATTACK_DEFAULT,186,5,,,0,1
5617,MUTANT_ANNOTATED_SINGLE_METHOD,ATTACK_DEPENDENCIES,186,5,1795,,0,1
5618,TEST_FULL_SUITE_PLUS_DEFAULT,DEFEND_ONE_FROM_MANY,186,6,,2295,0,1
5619,MUTANT_ANNOTATED_SINGLE_METHOD,ATTACK_EQUIVALENCE,186,5,,,0,1
5620,TEST_FULL_SUITE_PLUS_DEFAULT,DEFEND_ONE_FROM_MANY,187,6,,2296,0,1
5621,MUTANT_ANNOTATED_SINGLE_METHOD,ATTACK_DEFAULT,186,5,,,0,1
5622,MUTANT_ANNOTATED_SINGLE_METHOD,ATTACK_DEPENDENCIES,186,5,1797,,0,1
5623,TEST_FULL_SUITE_PLUS_DEFAULT,DEFEND_ONE_FROM_MANY,186,6,,2298,0,1
5624,MUTANT_ANNOTATED_SINGLE_METHOD,ATTACK_DEFAULT,187,5,,,0,1
5625,MUTANT_ANNOTATED_SINGLE_METHOD,ATTACK_DEPENDENCIES,187,5,1798,,0,1
5626,TEST_FULL_SUITE_PLUS_DEFAULT,DEFEND_ONE_FROM_MANY,187,6,,2299,0,1
5627,MUTANT_ANNOTATED_SINGLE_METHOD,ATTACK_DEFAULT,186,5,,,0,1
5628,MUTANT_ANNOTATED_SINGLE_METHOD,ATTACK_DEPENDENCIES,186,5,1800,,0,1
5629,TEST_FULL_SUITE_PLUS_DEFAULT,DEFEND_ONE_FROM_MANY,186,6,,2300,0,1
5630,MUTANT_ANNOTATED_SINGLE_METHOD,ATTACK_DEFAULT,187,5,,,0,1
5631,MUTANT_ANNOTATED_SINGLE_METHOD,ATTACK_DEPENDENCIES,187,5,1799,,0,1
5632,TEST_FULL_SUITE_PLUS_DEFAULT,DEFEND_ONE_FROM_MANY,187,6,,2301,0,1
5633,TEST_FULL_SUITE_PLUS_DEFAULT,DEFEND_ONE_FROM_MANY,186,6,,2302,0,1
5634,MUTANT_ANNOTATED_SINGLE_METHOD,ATTACK_DEFAULT,187,5,,,0,1
5635,MUTANT_ANNOTATED_SINGLE_METHOD,ATTACK_DEPENDENCIES,187,5,1801,,0,1
5636,TEST_FULL_SUITE_PLUS_DEFAULT,DEFEND_ONE_FROM_MANY,187,6,,2303,0,1
5637,MUTANT_ANNOTATED_SINGLE_METHOD,ATTACK_DEFAULT,186,5,,,0,1
5638,MUTANT_ANNOTATED_SINGLE_METHOD,ATTACK_DEPENDENCIES,186,5,1802,,0,1
5639,TEST_FULL_SUITE_PLUS_DEFAULT,DEFEND_FOCUS,186,6,,2306,0,1
5640,TEST_FULL_SUITE_PLUS_DEFAULT,DEFEND_ONE_FROM_MANY,187,6,,2305,0,1
5641,MUTANT_ANNOTATED_SINGLE_METHOD,ATTACK_DEFAULT,187,5,,,0,1
5642,MUTANT_ANNOTATED_SINGLE_METHOD,ATTACK_DEPENDENCIES,187,5,1804,,0,1
5643,MUTANT_ANNOTATED_SINGLE_METHOD,ATTACK_DEFAULT,186,5,,,0,1
5644,MUTANT_ANNOTATED_SINGLE_METHOD,ATTACK_DEPENDENCIES,186,5,1803,,0,1
5645,TEST_FULL_SUITE_PLUS_DEFAULT,DEFEND_ONE_FROM_MANY,187,6,,2307,0,1
5646,MUTANT_ANNOTATED_SINGLE_METHOD,ATTACK_DEFAULT,187,5,,,0,1
5647,MUTANT_ANNOTATED_SINGLE_METHOD,ATTACK_DEPENDENCIES,187,5,1806,,0,1
5648,TEST_FULL_SUITE_PLUS_DEFAULT,DEFEND_FOCUS,186,6,,2312,0,1
5649,MUTANT_ANNOTATED_SINGLE_METHOD,ATTACK_DEFAULT,186,5,,,0,1
5650,MUTANT_ANNOTATED_SINGLE_METHOD,ATTACK_DEPENDENCIES,186,5,1805,,0,1
5651,TEST_FULL_SUITE_PLUS_DEFAULT,DEFEND_ONE_FROM_MANY,187,6,,2309,0,1
5652,MUTANT_ANNOTATED_SINGLE_METHOD,ATTACK_DEFAULT,186,5,,,0,1
5653,MUTANT_ANNOTATED_SINGLE_METHOD,ATTACK_DEPENDENCIES,186,5,1807,,0,1
5654,TEST_FULL_SUITE_PLUS_DEFAULT,DEFEND_ONE_FROM_MANY,187,6,,2311,0,1
5655,MUTANT_ANNOTATED_SINGLE_METHOD,ATTACK_DEFAULT,187,5,,,0,1
5656,MUTANT_ANNOTATED_SINGLE_METHOD,ATTACK_DEPENDENCIES,187,5,1808,,0,1
5657,MUTANT_ANNOTATED_SINGLE_METHOD,ATTACK_DEFAULT,186,5,,,0,1
5658,MUTANT_ANNOTATED_SINGLE_METHOD,ATTACK_DEPENDENCIES,186,5,1809,,0,1
5659,TEST_FULL_SUITE_PLUS_DEFAULT,DEFEND_FOCUS,187,6,,,0,0
5660,MUTANT_ANNOTATED_SINGLE_METHOD,ATTACK_DEFAULT,187,5,,,0,1
5661,TEST_FULL_SUITE_PLUS_DEFAULT,DEFEND_FOCUS,186,6,,2317,0,1
5662,MUTANT_ANNOTATED_SINGLE_METHOD,ATTACK_DEPENDENCIES,187,5,1810,,0,1
5663,MUTANT_ANNOTATED_SINGLE_METHOD,ATTACK_EQUIVALENCE,186,5,,,0,1
5664,MUTANT_ANNOTATED_SINGLE_METHOD,ATTACK_DEFAULT,187,5,,,0,1
5665,MUTANT_ANNOTATED_SINGLE_METHOD,ATTACK_DEPENDENCIES,187,5,1812,,0,1
5666,MUTANT_ANNOTATED_SINGLE_METHOD,ATTACK_DEFAULT,186,5,,,0,1
5667,MUTANT_ANNOTATED_SINGLE_METHOD,ATTACK_DEPENDENCIES,186,5,1811,,0,1
5668,TEST_FULL_SUITE_PLUS_DEFAULT,DEFEND_FOCUS,186,6,,2318,0,1
5669,MUTANT_ANNOTATED_SINGLE_METHOD,ATTACK_DEFAULT,186,5,,,0,1
5670,MUTANT_ANNOTATED_SINGLE_METHOD,ATTACK_DEPENDENCIES,186,5,,,0,0
5671,TEST_FULL_SUITE_PLUS_DEFAULT,DEFEND_FOCUS,186,6,,2319,0,1
5672,TEST_FULL_SUITE_PLUS_DEFAULT,DEFEND_FOCUS,187,6,,2320,0,1
5673,MUTANT_ANNOTATED_SINGLE_METHOD,ATTACK_DEFAULT,187,5,,,0,1
5674,MUTANT_ANNOTATED_SINGLE_METHOD,ATTACK_DEPENDENCIES,187,5,1813,,0,1
5675,TEST_FULL_SUITE_PLUS_DEFAULT,DEFEND_FOCUS,186,6,,2323,0,1
5676,TEST_FULL_SUITE_PLUS_DEFAULT,DEFEND_FOCUS,187,6,,2327,0,1
5677,MUTANT_ANNOTATED_SINGLE_METHOD,ATTACK_DEFAULT,187,5,,,0,1
5678,MUTANT_ANNOTATED_SINGLE_METHOD,ATTACK_DEPENDENCIES,187,5,1814,,0,1
5679,MUTANT_ANNOTATED_SINGLE_METHOD,ATTACK_DEPENDENCIES,186,5,1815,,0,1
5680,MUTANT_ANNOTATED_SINGLE_METHOD,ATTACK_DEFAULT,187,5,,,0,1
5681,MUTANT_ANNOTATED_SINGLE_METHOD,ATTACK_DEPENDENCIES,187,5,1816,,0,1
5682,TEST_FULL_SUITE_PLUS_DEFAULT,DEFEND_FOCUS,186,6,,2326,0,1
5683,MUTANT_ANNOTATED_SINGLE_METHOD,ATTACK_DEFAULT,186,5,,,0,1
5684,MUTANT_ANNOTATED_SINGLE_METHOD,ATTACK_DEPENDENCIES,186,5,1817,,0,1
5685,MUTANT_ANNOTATED_SINGLE_METHOD,ATTACK_DEFAULT,187,5,,,0,1
5686,MUTANT_ANNOTATED_SINGLE_METHOD,ATTACK_DEPENDENCIES,187,5,1818,,0,1
5687,MUTANT_ANNOTATED_SINGLE_METHOD,ATTACK_DEFAULT,186,5,,,0,1
5688,MUTANT_ANNOTATED_SINGLE_METHOD,ATTACK_DEPENDENCIES,186,5,1819,,0,1
5689,TEST_FULL_SUITE_PLUS_DEFAULT,DEFEND_DEFAULT,186,6,,2328,0,1
5690,MUTANT_ANNOTATED_SINGLE_METHOD,ATTACK_EQUIVALENCE,186,5,,,0,1
5691,TEST_FULL_SUITE_PLUS_DEFAULT,DEFEND_FOCUS,187,6,,,0,0
5692,MUTANT_ANNOTATED_SINGLE_METHOD,ATTACK_DEFAULT,187,5,,,0,1
5693,MUTANT_ANNOTATED_SINGLE_METHOD,ATTACK_DEPENDENCIES,187,5,1820,,0,1
5694,MUTANT_ANNOTATED_SINGLE_METHOD,ATTACK_EQUIVALENCE,186,5,,,0,1
5695,MUTANT_ANNOTATED_SINGLE_METHOD,ATTACK_EQUIVALENCE,186,5,,,0,1
5696,TEST_FULL_SUITE_PLUS_DEFAULT,DEFEND_DEFAULT,186,6,,2332,0,1
5697,TEST_FULL_SUITE_PLUS_DEFAULT,DEFEND_DEFAULT,186,6,,2333,0,1
5698,MUTANT_ANNOTATED_SINGLE_METHOD,ATTACK_DEFAULT,186,5,,,0,1
5699,MUTANT_ANNOTATED_SINGLE_METHOD,ATTACK_DEPENDENCIES,186,5,1821,,0,1
5700,MUTANT_ANNOTATED_SINGLE_METHOD,ATTACK_DEFAULT,187,5,,,0,1
5701,MUTANT_ANNOTATED_SINGLE_METHOD,ATTACK_DEPENDENCIES,187,5,1822,,0,1
5702,TEST_FULL_SUITE_PLUS_DEFAULT,DEFEND_DEFAULT,186,6,,2334,0,1
5703,MUTANT_ANNOTATED_SINGLE_METHOD,ATTACK_DEFAULT,186,5,,,0,1
5704,MUTANT_ANNOTATED_SINGLE_METHOD,ATTACK_DEPENDENCIES,186,5,1823,,0,1
5705,MUTANT_ANNOTATED_SINGLE_METHOD,ATTACK_DEFAULT,187,5,,,0,1
5706,MUTANT_ANNOTATED_SINGLE_METHOD,ATTACK_DEPENDENCIES,187,5,1824,,0,1
5707,TEST_FULL_SUITE_PLUS_DEFAULT,DEFEND_DEFAULT,186,6,,2337,0,1
5708,TEST_FULL_SUITE_PLUS_DEFAULT,DEFEND_FOCUS,187,6,,2339,0,1
5709,MUTANT_ANNOTATED_SINGLE_METHOD,ATTACK_DEFAULT,186,5,,,0,1
5710,MUTANT_ANNOTATED_SINGLE_METHOD,ATTACK_DEPENDENCIES,186,5,1826,,0,1
5711,MUTANT_ANNOTATED_SINGLE_METHOD,ATTACK_DEFAULT,187,5,,,0,1
5712,MUTANT_ANNOTATED_SINGLE_METHOD,ATTACK_DEPENDENCIES,187,5,1825,,0,1
5713,MUTANT_ANNOTATED_SINGLE_METHOD,ATTACK_DEFAULT,187,5,,,0,1
5714,MUTANT_ANNOTATED_SINGLE_METHOD,ATTACK_DEPENDENCIES,187,5,1827,,0,1
5715,TEST_FULL_SUITE_PLUS_DEFAULT,DEFEND_DEFAULT,186,6,,2338,0,1
5716,MUTANT_ANNOTATED_SINGLE_METHOD,ATTACK_DEFAULT,186,5,,,0,1
5717,MUTANT_ANNOTATED_SINGLE_METHOD,ATTACK_DEPENDENCIES,186,5,1828,,0,1
5718,MUTANT_ANNOTATED_SINGLE_METHOD,ATTACK_DEFAULT,187,5,,,0,1
5719,MUTANT_ANNOTATED_SINGLE_METHOD,ATTACK_DEPENDENCIES,187,5,1829,,0,1
5720,TEST_FULL_SUITE_PLUS_DEFAULT,DEFEND_DEFAULT,186,6,,2340,0,1
5721,MUTANT_ANNOTATED_SINGLE_METHOD,ATTACK_DEFAULT,186,5,,,0,1
5722,MUTANT_ANNOTATED_SINGLE_METHOD,ATTACK_DEPENDENCIES,186,5,1830,,0,1
5723,TEST_FULL_SUITE_PLUS_DEFAULT,DEFEND_FOCUS,187,6,,2341,0,1
5724,MUTANT_ANNOTATED_SINGLE_METHOD,ATTACK_DEFAULT,187,5,,,0,1
5725,MUTANT_ANNOTATED_SINGLE_METHOD,ATTACK_DEPENDENCIES,187,5,1831,,0,1
5726,TEST_FULL_SUITE_PLUS_DEFAULT,DEFEND_DEFAULT,186,6,,2342,0,1
5727,MUTANT_ANNOTATED_SINGLE_METHOD,ATTACK_DEFAULT,186,5,,,0,1
5728,MUTANT_ANNOTATED_SINGLE_METHOD,ATTACK_DEPENDENCIES,186,5,1832,,0,1
5729,TEST_FULL_SUITE_PLUS_DEFAULT,DEFEND_DEFAULT,187,6,,2343,0,1
5730,MUTANT_ANNOTATED_SINGLE_METHOD,ATTACK_EQUIVALENCE,187,5,,,0,1
5731,TEST_FULL_SUITE_PLUS_DEFAULT,DEFEND_DEFAULT,186,6,,2351,0,1
5732,MUTANT_ANNOTATED_SINGLE_METHOD,ATTACK_EQUIVALENCE,187,5,,,0,1
5733,TEST_FULL_SUITE_PLUS_DEFAULT,DEFEND_DEFAULT,187,6,,2346,0,1
5734,MUTANT_ANNOTATED_SINGLE_METHOD,ATTACK_EQUIVALENCE,187,5,,,0,1
5735,MUTANT_ANNOTATED_SINGLE_METHOD,ATTACK_DEFAULT,186,5,,,0,1
5736,MUTANT_ANNOTATED_SINGLE_METHOD,ATTACK_DEPENDENCIES,186,5,1833,,0,1
5737,TEST_FULL_SUITE_PLUS_DEFAULT,DEFEND_DEFAULT,187,6,,2349,0,1
5738,MUTANT_ANNOTATED_SINGLE_METHOD,ATTACK_EQUIVALENCE,187,5,,,0,1
5739,MUTANT_ANNOTATED_SINGLE_METHOD,ATTACK_DEFAULT,186,5,,,0,1
5740,MUTANT_ANNOTATED_SINGLE_METHOD,ATTACK_DEPENDENCIES,186,5,1834,,0,1
5741,MUTANT_ANNOTATED_SINGLE_METHOD,ATTACK_EQUIVALENCE,187,5,,,0,1
5742,TEST_FULL_SUITE_PLUS_DEFAULT,DEFEND_DEFAULT,187,6,,2353,0,1
5743,MUTANT_ANNOTATED_SINGLE_METHOD,ATTACK_EQUIVALENCE,187,5,,,0,1
5744,TEST_FULL_SUITE_PLUS_DEFAULT,DEFEND_FOCUS,186,6,,2379,0,1
5745,MUTANT_ANNOTATED_SINGLE_METHOD,ATTACK_DEFAULT,186,5,,,0,1
5746,MUTANT_ANNOTATED_SINGLE_METHOD,ATTACK_DEFAULT,187,5,,,0,1
5747,TEST_FULL_SUITE_PLUS_DEFAULT,DEFEND_DEFAULT,187,6,,2356,0,1
5748,MUTANT_ANNOTATED_SINGLE_METHOD,ATTACK_DEPENDENCIES,186,5,1836,,0,1
5749,MUTANT_ANNOTATED_SINGLE_METHOD,ATTACK_DEPENDENCIES,187,5,1835,,0,1
5750,TEST_FULL_SUITE_PLUS_DEFAULT,DEFEND_DEFAULT,186,6,,2359,0,1
5751,MUTANT_ANNOTATED_SINGLE_METHOD,ATTACK_EQUIVALENCE,186,5,,,0,1
5752,TEST_FULL_SUITE_PLUS_DEFAULT,DEFEND_DEFAULT,187,6,,2358,0,1
5753,MUTANT_ANNOTATED_SINGLE_METHOD,ATTACK_DEFAULT,187,5,,,0,1
5754,MUTANT_ANNOTATED_SINGLE_METHOD,ATTACK_DEPENDENCIES,187,5,1837,,0,1
5755,MUTANT_ANNOTATED_SINGLE_METHOD,ATTACK_DEFAULT,186,5,,,0,1
5756,MUTANT_ANNOTATED_SINGLE_METHOD,ATTACK_DEPENDENCIES,186,5,1838,,0,1
5757,TEST_FULL_SUITE_PLUS_DEFAULT,DEFEND_FOCUS,187,6,,2360,0,1
5758,MUTANT_ANNOTATED_SINGLE_METHOD,ATTACK_DEFAULT,187,5,,,0,1
5759,MUTANT_ANNOTATED_SINGLE_METHOD,ATTACK_DEPENDENCIES,187,5,1841,,0,1
5760,TEST_FULL_SUITE_PLUS_DEFAULT,DEFEND_DEFAULT,186,6,,2363,0,1
5761,MUTANT_ANNOTATED_SINGLE_METHOD,ATTACK_DEFAULT,186,5,,,0,1
5762,MUTANT_ANNOTATED_SINGLE_METHOD,ATTACK_DEPENDENCIES,186,5,1840,,0,1
5763,TEST_FULL_SUITE_PLUS_DEFAULT,DEFEND_DEFAULT,187,6,,2361,0,1
5764,MUTANT_ANNOTATED_SINGLE_METHOD,ATTACK_EQUIVALENCE,187,5,,,0,1
5765,MUTANT_ANNOTATED_SINGLE_METHOD,ATTACK_DEFAULT,186,5,,,0,1
5766,TEST_FULL_SUITE_PLUS_DEFAULT,DEFEND_DEFAULT,187,6,,2364,0,1
5767,MUTANT_ANNOTATED_SINGLE_METHOD,ATTACK_DEPENDENCIES,186,5,1842,,0,1
5768,TEST_FULL_SUITE_PLUS_DEFAULT,DEFEND_DEFAULT,186,6,,2366,0,1
5769,MUTANT_ANNOTATED_SINGLE_METHOD,ATTACK_DEFAULT,187,5,,,0,1
5770,MUTANT_ANNOTATED_SINGLE_METHOD,ATTACK_DEPENDENCIES,187,5,1843,,0,1
5771,MUTANT_ANNOTATED_SINGLE_METHOD,ATTACK_DEFAULT,186,5,,,0,1
5772,TEST_FULL_SUITE_PLUS_DEFAULT,DEFEND_DEFAULT,187,6,,2365,0,1
5773,MUTANT_ANNOTATED_SINGLE_METHOD,ATTACK_DEPENDENCIES,186,5,1844,,0,1
5774,TEST_FULL_SUITE_PLUS_DEFAULT,DEFEND_DEFAULT,187,6,,2370,0,1
5775,MUTANT_ANNOTATED_SINGLE_METHOD,ATTACK_DEFAULT,187,5,,,0,1
5776,MUTANT_ANNOTATED_SINGLE_METHOD,ATTACK_DEPENDENCIES,187,5,1845,,0,1
5777,TEST_FULL_SUITE_PLUS_DEFAULT,DEFEND_DEFAULT,186,6,,2367,0,1
5778,MUTANT_ANNOTATED_SINGLE_METHOD,ATTACK_DEFAULT,186,5,,,0,1
5779,MUTANT_ANNOTATED_SINGLE_METHOD,ATTACK_DEPENDENCIES,186,5,1846,,0,1
5780,TEST_FULL_SUITE_PLUS_DEFAULT,DEFEND_FOCUS,187,6,,2368,0,1
5781,MUTANT_ANNOTATED_SINGLE_METHOD,ATTACK_DEFAULT,187,5,,,0,1
5782,MUTANT_ANNOTATED_SINGLE_METHOD,ATTACK_DEPENDENCIES,187,5,1847,,0,1
5783,TEST_FULL_SUITE_PLUS_DEFAULT,DEFEND_DEFAULT,186,6,,2369,0,1
5784,MUTANT_ANNOTATED_SINGLE_METHOD,ATTACK_DEFAULT,186,5,,,0,1
5785,MUTANT_ANNOTATED_SINGLE_METHOD,ATTACK_DEPENDENCIES,186,5,,,0,0
5786,MUTANT_ANNOTATED_SINGLE_METHOD,ATTACK_DEFAULT,187,5,,,0,1
5787,MUTANT_ANNOTATED_SINGLE_METHOD,ATTACK_DEPENDENCIES,187,5,1848,,0,1
5788,TEST_FULL_SUITE_PLUS_DEFAULT,DEFEND_DEFAULT,186,6,,2373,0,1
5789,TEST_FULL_SUITE_PLUS_DEFAULT,DEFEND_DEFAULT,187,6,,2372,0,1
5790,MUTANT_ANNOTATED_SINGLE_METHOD,ATTACK_DEFAULT,187,5,,,0,1
5791,MUTANT_ANNOTATED_SINGLE_METHOD,ATTACK_DEPENDENCIES,187,5,1849,,0,1
5792,TEST_FULL_SUITE_PLUS_DEFAULT,DEFEND_DEFAULT,187,6,,2378,0,1
5793,TEST_FULL_SUITE_PLUS_DEFAULT,DEFEND_DEFAULT,186,6,,2375,0,1
5794,MUTANT_ANNOTATED_SINGLE_METHOD,ATTACK_DEPENDENCIES,186,5,1851,,0,1
5795,MUTANT_ANNOTATED_SINGLE_METHOD,ATTACK_DEFAULT,187,5,,,0,1
5796,MUTANT_ANNOTATED_SINGLE_METHOD,ATTACK_DEPENDENCIES,187,5,1850,,0,1
5797,TEST_FULL_SUITE_PLUS_DEFAULT,DEFEND_DEFAULT,186,6,,,1,0
5798,MUTANT_ANNOTATED_SINGLE_METHOD,ATTACK_DEFAULT,187,5,,,0,1
5799,MUTANT_ANNOTATED_SINGLE_METHOD,ATTACK_DEPENDENCIES,187,5,,,1,0
5800,MUTANT_ANNOTATED_SINGLE_METHOD,ATTACK_DEFAULT,186,5,,,0,1
5801,MUTANT_ANNOTATED_SINGLE_METHOD,ATTACK_DEPENDENCIES,186,5,,,1,0
5802,TEST_FULL_SUITE_PLUS_DEFAULT,DEFEND_DEFAULT,187,6,,2380,0,1
5803,MUTANT_ANNOTATED_SINGLE_METHOD,ATTACK_DEFAULT,188,5,,,0,1
5804,TEST_FULL_SUITE_PLUS_DEFAULT,DEFEND_DEFAULT,188,6,,,0,1
5805,MUTANT_ANNOTATED_SINGLE_METHOD,ATTACK_DEPENDENCIES,188,5,1852,,0,1
5806,MUTANT_ANNOTATED_SINGLE_METHOD,ATTACK_DEFAULT,189,5,,,0,1
5807,TEST_FULL_SUITE_PLUS_DEFAULT,DEFEND_DEFAULT,189,6,,,0,1
5808,MUTANT_ANNOTATED_SINGLE_METHOD,ATTACK_DEPENDENCIES,189,5,1853,,0,1
5809,TEST_FULL_SUITE_PLUS_DEFAULT,DEFEND_ONE_FROM_MANY,188,6,,,0,1
5810,TEST_FULL_SUITE_PLUS_DEFAULT,DEFEND_ONE_FROM_MANY,188,6,,2381,0,1
5811,MUTANT_ANNOTATED_SINGLE_METHOD,ATTACK_DEFAULT,188,5,,,0,1
5812,MUTANT_ANNOTATED_SINGLE_METHOD,ATTACK_DEPENDENCIES,188,5,1854,,0,1
5813,TEST_FULL_SUITE_PLUS_DEFAULT,DEFEND_ONE_FROM_MANY,189,6,,,0,1
5814,TEST_FULL_SUITE_PLUS_DEFAULT,DEFEND_ONE_FROM_MANY,188,6,,2382,0,1
5815,TEST_FULL_SUITE_PLUS_DEFAULT,DEFEND_ONE_FROM_MANY,189,6,,2383,0,1
5816,TEST_FULL_SUITE_PLUS_DEFAULT,DEFEND_ONE_FROM_MANY,189,6,,2384,0,1
5817,MUTANT_ANNOTATED_SINGLE_METHOD,ATTACK_DEFAULT,189,5,,,0,1
5818,MUTANT_ANNOTATED_SINGLE_METHOD,ATTACK_DEPENDENCIES,189,5,1855,,0,1
5819,MUTANT_ANNOTATED_SINGLE_METHOD,ATTACK_DEFAULT,188,5,,,0,1
5820,MUTANT_ANNOTATED_SINGLE_METHOD,ATTACK_DEPENDENCIES,188,5,1856,,0,1
5821,TEST_FULL_SUITE_PLUS_DEFAULT,DEFEND_ONE_FROM_MANY,188,6,,2385,0,1
5822,TEST_FULL_SUITE_PLUS_DEFAULT,DEFEND_ONE_FROM_MANY,189,6,,2386,0,1
5823,MUTANT_ANNOTATED_SINGLE_METHOD,ATTACK_DEFAULT,189,5,,,0,1
5824,MUTANT_ANNOTATED_SINGLE_METHOD,ATTACK_DEPENDENCIES,189,5,1857,,0,1
5825,MUTANT_ANNOTATED_SINGLE_METHOD,ATTACK_DEFAULT,188,5,,,0,1
5826,MUTANT_ANNOTATED_SINGLE_METHOD,ATTACK_DEPENDENCIES,188,5,1858,,0,1
5827,TEST_FULL_SUITE_PLUS_DEFAULT,DEFEND_ONE_FROM_MANY,188,6,,2387,0,1
5828,TEST_FULL_SUITE_PLUS_DEFAULT,DEFEND_ONE_FROM_MANY,189,6,,2388,0,1
5829,MUTANT_ANNOTATED_SINGLE_METHOD,ATTACK_DEFAULT,189,5,,,0,1
5830,MUTANT_ANNOTATED_SINGLE_METHOD,ATTACK_DEPENDENCIES,189,5,1859,,0,1
5831,MUTANT_ANNOTATED_SINGLE_METHOD,ATTACK_DEFAULT,188,5,,,0,1
5832,MUTANT_ANNOTATED_SINGLE_METHOD,ATTACK_DEPENDENCIES,188,5,1860,,0,1
5833,TEST_FULL_SUITE_PLUS_DEFAULT,DEFEND_ONE_FROM_MANY,188,6,,2389,0,1
5834,TEST_FULL_SUITE_PLUS_DEFAULT,DEFEND_ONE_FROM_MANY,189,6,,2390,0,1
5835,MUTANT_ANNOTATED_SINGLE_METHOD,ATTACK_DEFAULT,189,5,,,0,1
5836,MUTANT_ANNOTATED_SINGLE_METHOD,ATTACK_DEPENDENCIES,189,5,1861,,0,1
5837,TEST_FULL_SUITE_PLUS_DEFAULT,DEFEND_ONE_FROM_MANY,188,6,,2391,0,1
5838,TEST_FULL_SUITE_PLUS_DEFAULT,DEFEND_ONE_FROM_MANY,189,6,,2392,0,1
5839,MUTANT_ANNOTATED_SINGLE_METHOD,ATTACK_DEFAULT,188,5,,,0,1
5840,MUTANT_ANNOTATED_SINGLE_METHOD,ATTACK_DEPENDENCIES,188,5,1862,,0,1
5841,MUTANT_ANNOTATED_SINGLE_METHOD,ATTACK_DEFAULT,189,5,,,0,1
5842,MUTANT_ANNOTATED_SINGLE_METHOD,ATTACK_DEPENDENCIES,189,5,1863,,0,1
5843,TEST_FULL_SUITE_PLUS_DEFAULT,DEFEND_ONE_FROM_MANY,188,6,,2393,0,1
5844,TEST_FULL_SUITE_PLUS_DEFAULT,DEFEND_ONE_FROM_MANY,189,6,,2394,0,1
5845,MUTANT_ANNOTATED_SINGLE_METHOD,ATTACK_DEFAULT,188,5,,,0,1
5846,MUTANT_ANNOTATED_SINGLE_METHOD,ATTACK_DEPENDENCIES,188,5,1864,,0,1
5847,MUTANT_ANNOTATED_SINGLE_METHOD,ATTACK_DEFAULT,189,5,,,0,1
5848,MUTANT_ANNOTATED_SINGLE_METHOD,ATTACK_DEPENDENCIES,189,5,1865,,0,1
5849,TEST_FULL_SUITE_PLUS_DEFAULT,DEFEND_ONE_FROM_MANY,188,6,,2395,0,1
5850,TEST_FULL_SUITE_PLUS_DEFAULT,DEFEND_ONE_FROM_MANY,189,6,,2396,0,1
5851,MUTANT_ANNOTATED_SINGLE_METHOD,ATTACK_DEFAULT,188,5,,,0,1
5852,MUTANT_ANNOTATED_SINGLE_METHOD,ATTACK_DEPENDENCIES,188,5,1866,,0,1
5853,MUTANT_ANNOTATED_SINGLE_METHOD,ATTACK_DEFAULT,189,5,,,0,1
5854,MUTANT_ANNOTATED_SINGLE_METHOD,ATTACK_DEPENDENCIES,189,5,1867,,0,1
5855,TEST_FULL_SUITE_PLUS_DEFAULT,DEFEND_ONE_FROM_MANY,188,6,,2403,0,1
5856,TEST_FULL_SUITE_PLUS_DEFAULT,DEFEND_ONE_FROM_MANY,189,6,,2398,0,1
5857,MUTANT_ANNOTATED_SINGLE_METHOD,ATTACK_DEFAULT,188,5,,,0,1
5858,MUTANT_ANNOTATED_SINGLE_METHOD,ATTACK_DEPENDENCIES,188,5,1868,,0,1
5859,MUTANT_ANNOTATED_SINGLE_METHOD,ATTACK_DEFAULT,189,5,,,0,1
5860,MUTANT_ANNOTATED_SINGLE_METHOD,ATTACK_DEPENDENCIES,189,5,1869,,0,1
5861,TEST_FULL_SUITE_PLUS_DEFAULT,DEFEND_ONE_FROM_MANY,189,6,,2400,0,1
5862,MUTANT_ANNOTATED_SINGLE_METHOD,ATTACK_DEFAULT,188,5,,,0,1
5863,MUTANT_ANNOTATED_SINGLE_METHOD,ATTACK_DEPENDENCIES,188,5,1870,,0,1
5864,MUTANT_ANNOTATED_SINGLE_METHOD,ATTACK_DEFAULT,189,5,,,0,1
5865,MUTANT_ANNOTATED_SINGLE_METHOD,ATTACK_DEPENDENCIES,189,5,1871,,0,1
5866,TEST_FULL_SUITE_PLUS_DEFAULT,DEFEND_ONE_FROM_MANY,189,6,,2402,0,1
5867,MUTANT_ANNOTATED_SINGLE_METHOD,ATTACK_DEFAULT,188,5,,,0,1
5868,MUTANT_ANNOTATED_SINGLE_METHOD,ATTACK_DEPENDENCIES,188,5,1873,,0,1
5869,MUTANT_ANNOTATED_SINGLE_METHOD,ATTACK_DEFAULT,189,5,,,0,1
5870,MUTANT_ANNOTATED_SINGLE_METHOD,ATTACK_DEPENDENCIES,189,5,1872,,0,1
5871,TEST_FULL_SUITE_PLUS_DEFAULT,DEFEND_ONE_FROM_MANY,189,6,,2404,0,1
5872,MUTANT_ANNOTATED_SINGLE_METHOD,ATTACK_DEFAULT,189,5,,,0,1
5873,MUTANT_ANNOTATED_SINGLE_METHOD,ATTACK_DEPENDENCIES,189,5,1875,,0,1
5874,MUTANT_ANNOTATED_SINGLE_METHOD,ATTACK_DEFAULT,188,5,,,0,1
5875,TEST_FULL_SUITE_PLUS_DEFAULT,DEFEND_ONE_FROM_MANY,188,6,,,0,1
5876,MUTANT_ANNOTATED_SINGLE_METHOD,ATTACK_DEPENDENCIES,188,5,1874,,0,1
5877,TEST_FULL_SUITE_PLUS_DEFAULT,DEFEND_ONE_FROM_MANY,188,6,,2405,0,1
5878,TEST_FULL_SUITE_PLUS_DEFAULT,DEFEND_ONE_FROM_MANY,189,6,,2406,0,1
5879,MUTANT_ANNOTATED_SINGLE_METHOD,ATTACK_DEFAULT,189,5,,,0,1
5880,MUTANT_ANNOTATED_SINGLE_METHOD,ATTACK_DEPENDENCIES,189,5,1876,,0,1
5881,MUTANT_ANNOTATED_SINGLE_METHOD,ATTACK_DEFAULT,188,5,,,0,1
5882,MUTANT_ANNOTATED_SINGLE_METHOD,ATTACK_DEPENDENCIES,188,5,1877,,0,1
5883,TEST_FULL_SUITE_PLUS_DEFAULT,DEFEND_ONE_FROM_MANY,188,6,,2407,0,1
5884,TEST_FULL_SUITE_PLUS_DEFAULT,DEFEND_ONE_FROM_MANY,189,6,,2408,0,1
5885,MUTANT_ANNOTATED_SINGLE_METHOD,ATTACK_DEFAULT,189,5,,,0,1
5886,MUTANT_ANNOTATED_SINGLE_METHOD,ATTACK_DEPENDENCIES,189,5,1878,,0,1
5887,TEST_FULL_SUITE_PLUS_DEFAULT,DEFEND_ONE_FROM_MANY,188,6,,2409,0,1
5888,MUTANT_ANNOTATED_SINGLE_METHOD,ATTACK_DEFAULT,188,5,,,0,1
5889,MUTANT_ANNOTATED_SINGLE_METHOD,ATTACK_DEPENDENCIES,188,5,1879,,0,1
5890,TEST_FULL_SUITE_PLUS_DEFAULT,DEFEND_ONE_FROM_MANY,189,6,,2410,0,1
5891,MUTANT_ANNOTATED_SINGLE_METHOD,ATTACK_DEFAULT,189,5,,,0,1
5892,MUTANT_ANNOTATED_SINGLE_METHOD,ATTACK_DEPENDENCIES,189,5,1880,,0,1
5893,TEST_FULL_SUITE_PLUS_DEFAULT,DEFEND_ONE_FROM_MANY,188,6,,2411,0,1
5894,MUTANT_ANNOTATED_SINGLE_METHOD,ATTACK_DEFAULT,188,5,,,0,1
5895,MUTANT_ANNOTATED_SINGLE_METHOD,ATTACK_DEPENDENCIES,188,5,1881,,0,1
5896,TEST_FULL_SUITE_PLUS_DEFAULT,DEFEND_ONE_FROM_MANY,189,6,,2412,0,1
5897,TEST_FULL_SUITE_PLUS_DEFAULT,DEFEND_ONE_FROM_MANY,188,6,,2413,0,1
5898,TEST_FULL_SUITE_PLUS_DEFAULT,DEFEND_ONE_FROM_MANY,189,6,,2414,0,1
5899,MUTANT_ANNOTATED_SINGLE_METHOD,ATTACK_DEFAULT,189,5,,,0,1
5900,MUTANT_ANNOTATED_SINGLE_METHOD,ATTACK_DEPENDENCIES,189,5,1882,,0,1
5901,MUTANT_ANNOTATED_SINGLE_METHOD,ATTACK_DEFAULT,188,5,,,0,1
5902,MUTANT_ANNOTATED_SINGLE_METHOD,ATTACK_DEPENDENCIES,188,5,1883,,0,1
5903,TEST_FULL_SUITE_PLUS_DEFAULT,DEFEND_ONE_FROM_MANY,188,6,,2415,0,1
5904,TEST_FULL_SUITE_PLUS_DEFAULT,DEFEND_ONE_FROM_MANY,189,6,,2416,0,1
5905,TEST_FULL_SUITE_PLUS_DEFAULT,DEFEND_ONE_FROM_MANY,188,6,,2417,0,1
5906,MUTANT_ANNOTATED_SINGLE_METHOD,ATTACK_DEFAULT,189,5,,,0,1
5907,MUTANT_ANNOTATED_SINGLE_METHOD,ATTACK_DEPENDENCIES,189,5,1884,,0,1
5908,TEST_FULL_SUITE_PLUS_DEFAULT,DEFEND_ONE_FROM_MANY,189,6,,2418,0,1
5909,MUTANT_ANNOTATED_SINGLE_METHOD,ATTACK_DEFAULT,188,5,,,0,1
5910,MUTANT_ANNOTATED_SINGLE_METHOD,ATTACK_DEPENDENCIES,188,5,1885,,0,1
5911,TEST_FULL_SUITE_PLUS_DEFAULT,DEFEND_ONE_FROM_MANY,188,6,,2419,0,1
5912,MUTANT_ANNOTATED_SINGLE_METHOD,ATTACK_DEFAULT,189,5,,,0,1
5913,MUTANT_ANNOTATED_SINGLE_METHOD,ATTACK_DEPENDENCIES,189,5,1886,,0,1
5914,TEST_FULL_SUITE_PLUS_DEFAULT,DEFEND_ONE_FROM_MANY,189,6,,2420,0,1
5915,MUTANT_ANNOTATED_SINGLE_METHOD,ATTACK_DEFAULT,188,5,,,0,1
5916,MUTANT_ANNOTATED_SINGLE_METHOD,ATTACK_DEPENDENCIES,188,5,1887,,0,1
5917,TEST_FULL_SUITE_PLUS_DEFAULT,DEFEND_ONE_FROM_MANY,188,6,,2421,0,1
5918,MUTANT_ANNOTATED_SINGLE_METHOD,ATTACK_DEFAULT,189,5,,,0,1
5919,MUTANT_ANNOTATED_SINGLE_METHOD,ATTACK_DEPENDENCIES,189,5,1888,,0,1
5920,TEST_FULL_SUITE_PLUS_DEFAULT,DEFEND_ONE_FROM_MANY,189,6,,2422,0,1
5921,MUTANT_ANNOTATED_SINGLE_METHOD,ATTACK_DEFAULT,188,5,,,0,1
5922,MUTANT_ANNOTATED_SINGLE_METHOD,ATTACK_DEPENDENCIES,188,5,1889,,0,1
5923,TEST_FULL_SUITE_PLUS_DEFAULT,DEFEND_ONE_FROM_MANY,188,6,,2423,0,1
5924,MUTANT_ANNOTATED_SINGLE_METHOD,ATTACK_DEFAULT,189,5,,,0,1
5925,MUTANT_ANNOTATED_SINGLE_METHOD,ATTACK_DEPENDENCIES,189,5,1890,,0,1
5926,TEST_FULL_SUITE_PLUS_DEFAULT,DEFEND_ONE_FROM_MANY,189,6,,2424,0,1
5927,MUTANT_ANNOTATED_SINGLE_METHOD,ATTACK_DEFAULT,188,5,,,0,1
5928,MUTANT_ANNOTATED_SINGLE_METHOD,ATTACK_DEPENDENCIES,188,5,1891,,0,1
5929,TEST_FULL_SUITE_PLUS_DEFAULT,DEFEND_ONE_FROM_MANY,188,6,,2425,0,1
5930,MUTANT_ANNOTATED_SINGLE_METHOD,ATTACK_DEFAULT,189,5,,,0,1
5931,MUTANT_ANNOTATED_SINGLE_METHOD,ATTACK_DEPENDENCIES,189,5,1892,,0,1
5932,TEST_FULL_SUITE_PLUS_DEFAULT,DEFEND_ONE_FROM_MANY,189,6,,2426,0,1
5933,MUTANT_ANNOTATED_SINGLE_METHOD,ATTACK_EQUIVALENCE,188,5,,,0,1
5934,TEST_FULL_SUITE_PLUS_DEFAULT,DEFEND_FOCUS,188,6,,2430,0,1
5935,MUTANT_ANNOTATED_SINGLE_METHOD,ATTACK_DEFAULT,189,5,,,0,1
5936,MUTANT_ANNOTATED_SINGLE_METHOD,ATTACK_DEPENDENCIES,189,5,1893,,0,1
5937,TEST_FULL_SUITE_PLUS_DEFAULT,DEFEND_ONE_FROM_MANY,189,6,,2428,0,1
5938,MUTANT_ANNOTATED_SINGLE_METHOD,ATTACK_EQUIVALENCE,188,5,,,0,1
5939,MUTANT_ANNOTATED_SINGLE_METHOD,ATTACK_DEFAULT,188,5,,,0,1
5940,MUTANT_ANNOTATED_SINGLE_METHOD,ATTACK_DEPENDENCIES,188,5,1895,,0,1
5941,MUTANT_ANNOTATED_SINGLE_METHOD,ATTACK_DEFAULT,189,5,,,0,1
5942,TEST_FULL_SUITE_PLUS_DEFAULT,DEFEND_FOCUS,189,6,,2433,0,1
5943,MUTANT_ANNOTATED_SINGLE_METHOD,ATTACK_DEPENDENCIES,189,5,1894,,0,1
5944,TEST_FULL_SUITE_PLUS_DEFAULT,DEFEND_FOCUS,188,6,,2434,0,1
5945,MUTANT_ANNOTATED_SINGLE_METHOD,ATTACK_DEFAULT,189,5,,,0,1
5946,MUTANT_ANNOTATED_SINGLE_METHOD,ATTACK_DEPENDENCIES,189,5,1897,,0,1
5947,MUTANT_ANNOTATED_SINGLE_METHOD,ATTACK_DEFAULT,188,5,,,0,1
5948,MUTANT_ANNOTATED_SINGLE_METHOD,ATTACK_DEPENDENCIES,188,5,1896,,0,1
5949,MUTANT_ANNOTATED_SINGLE_METHOD,ATTACK_DEFAULT,189,5,,,0,1
5950,TEST_FULL_SUITE_PLUS_DEFAULT,DEFEND_FOCUS,189,6,,2435,0,1
5951,MUTANT_ANNOTATED_SINGLE_METHOD,ATTACK_DEPENDENCIES,189,5,1899,,0,1
5952,MUTANT_ANNOTATED_SINGLE_METHOD,ATTACK_DEFAULT,188,5,,,0,1
5953,MUTANT_ANNOTATED_SINGLE_METHOD,ATTACK_DEPENDENCIES,188,5,1898,,0,1
5954,TEST_FULL_SUITE_PLUS_DEFAULT,DEFEND_FOCUS,188,6,,2437,0,1
5955,TEST_FULL_SUITE_PLUS_DEFAULT,DEFEND_FOCUS,189,6,,2439,0,1
5956,MUTANT_ANNOTATED_SINGLE_METHOD,ATTACK_DEFAULT,188,5,,,0,1
5957,MUTANT_ANNOTATED_SINGLE_METHOD,ATTACK_DEPENDENCIES,188,5,1900,,0,1
5958,MUTANT_ANNOTATED_SINGLE_METHOD,ATTACK_DEFAULT,189,5,,,0,1
5959,MUTANT_ANNOTATED_SINGLE_METHOD,ATTACK_DEPENDENCIES,189,5,1901,,0,1
5960,MUTANT_ANNOTATED_SINGLE_METHOD,ATTACK_DEFAULT,188,5,,,0,1
5961,MUTANT_ANNOTATED_SINGLE_METHOD,ATTACK_DEPENDENCIES,188,5,1902,,0,1
5962,TEST_FULL_SUITE_PLUS_DEFAULT,DEFEND_FOCUS,188,6,,2438,0,1
5963,MUTANT_ANNOTATED_SINGLE_METHOD,ATTACK_DEFAULT,189,5,,,0,1
5964,MUTANT_ANNOTATED_SINGLE_METHOD,ATTACK_DEPENDENCIES,189,5,1903,,0,1
5965,MUTANT_ANNOTATED_SINGLE_METHOD,ATTACK_DEFAULT,188,5,,,0,1
5966,MUTANT_ANNOTATED_SINGLE_METHOD,ATTACK_DEPENDENCIES,188,5,1904,,0,1
5967,TEST_FULL_SUITE_PLUS_DEFAULT,DEFEND_FOCUS,188,6,,2440,0,1
5968,MUTANT_ANNOTATED_SINGLE_METHOD,ATTACK_DEFAULT,189,5,,,0,1
5969,TEST_FULL_SUITE_PLUS_DEFAULT,DEFEND_FOCUS,189,6,,2443,0,1
5970,MUTANT_ANNOTATED_SINGLE_METHOD,ATTACK_DEPENDENCIES,189,5,1906,,0,1
5971,MUTANT_ANNOTATED_SINGLE_METHOD,ATTACK_DEFAULT,188,5,,,0,1
5972,TEST_FULL_SUITE_PLUS_DEFAULT,DEFEND_FOCUS,188,6,,2441,0,1
5973,MUTANT_ANNOTATED_SINGLE_METHOD,ATTACK_DEPENDENCIES,188,5,1905,,0,1
5974,MUTANT_ANNOTATED_SINGLE_METHOD,ATTACK_DEFAULT,188,5,,,0,1
5975,MUTANT_ANNOTATED_SINGLE_METHOD,ATTACK_DEPENDENCIES,188,5,1908,,0,1
5976,MUTANT_ANNOTATED_SINGLE_METHOD,ATTACK_DEFAULT,189,5,,,0,1
5977,MUTANT_ANNOTATED_SINGLE_METHOD,ATTACK_DEPENDENCIES,189,5,1907,,0,1
5978,TEST_FULL_SUITE_PLUS_DEFAULT,DEFEND_FOCUS,188,6,,2442,0,1
5979,MUTANT_ANNOTATED_SINGLE_METHOD,ATTACK_DEFAULT,189,5,,,0,1
5980,MUTANT_ANNOTATED_SINGLE_METHOD,ATTACK_DEPENDENCIES,189,5,1909,,0,1
5981,MUTANT_ANNOTATED_SINGLE_METHOD,ATTACK_DEFAULT,188,5,,,0,1
5982,TEST_FULL_SUITE_PLUS_DEFAULT,DEFEND_FOCUS,188,6,,2445,0,1
5983,MUTANT_ANNOTATED_SINGLE_METHOD,ATTACK_DEPENDENCIES,188,5,1910,,0,1
5984,TEST_FULL_SUITE_PLUS_DEFAULT,DEFEND_FOCUS,189,6,,,0,0
5985,MUTANT_ANNOTATED_SINGLE_METHOD,ATTACK_EQUIVALENCE,189,5,,,0,1
5986,MUTANT_ANNOTATED_SINGLE_METHOD,ATTACK_EQUIVALENCE,189,5,,,0,1
5987,MUTANT_ANNOTATED_SINGLE_METHOD,ATTACK_DEFAULT,188,5,,,0,1
5988,MUTANT_ANNOTATED_SINGLE_METHOD,ATTACK_DEPENDENCIES,188,5,1911,,0,1
5989,MUTANT_ANNOTATED_SINGLE_METHOD,ATTACK_EQUIVALENCE,189,5,,,0,1
5990,TEST_FULL_SUITE_PLUS_DEFAULT,DEFEND_FOCUS,188,6,,2450,0,1
5991,MUTANT_ANNOTATED_SINGLE_METHOD,ATTACK_EQUIVALENCE,189,5,,,0,1
5992,MUTANT_ANNOTATED_SINGLE_METHOD,ATTACK_DEFAULT,189,5,,,0,1
5993,MUTANT_ANNOTATED_SINGLE_METHOD,ATTACK_DEPENDENCIES,189,5,1912,,0,1
5994,MUTANT_ANNOTATED_SINGLE_METHOD,ATTACK_DEFAULT,189,5,,,0,1
5995,MUTANT_ANNOTATED_SINGLE_METHOD,ATTACK_DEPENDENCIES,189,5,1913,,0,1
5996,MUTANT_ANNOTATED_SINGLE_METHOD,ATTACK_DEFAULT,188,5,,,0,1
5997,MUTANT_ANNOTATED_SINGLE_METHOD,ATTACK_DEPENDENCIES,188,5,1914,,0,1
5998,TEST_FULL_SUITE_PLUS_DEFAULT,DEFEND_FOCUS,188,6,,2452,0,1
5999,TEST_FULL_SUITE_PLUS_DEFAULT,DEFEND_FOCUS,189,6,,2451,0,1
6000,MUTANT_ANNOTATED_SINGLE_METHOD,ATTACK_DEFAULT,189,5,,,0,1
6001,MUTANT_ANNOTATED_SINGLE_METHOD,ATTACK_DEPENDENCIES,189,5,1915,,0,1
6002,TEST_FULL_SUITE_PLUS_DEFAULT,DEFEND_FOCUS,189,6,,2453,0,1
6003,MUTANT_ANNOTATED_SINGLE_METHOD,ATTACK_DEFAULT,188,5,,,0,1
6004,MUTANT_ANNOTATED_SINGLE_METHOD,ATTACK_DEPENDENCIES,188,5,1916,,0,1
6005,MUTANT_ANNOTATED_SINGLE_METHOD,ATTACK_DEFAULT,189,5,,,0,1
6006,MUTANT_ANNOTATED_SINGLE_METHOD,ATTACK_DEPENDENCIES,189,5,1917,,0,1
6007,TEST_FULL_SUITE_PLUS_DEFAULT,DEFEND_DEFAULT,188,6,,2454,0,1
6008,TEST_FULL_SUITE_PLUS_DEFAULT,DEFEND_FOCUS,189,6,,2455,0,1
6009,MUTANT_ANNOTATED_SINGLE_METHOD,ATTACK_EQUIVALENCE,188,5,,,0,1
6010,TEST_FULL_SUITE_PLUS_DEFAULT,DEFEND_DEFAULT,188,6,,2458,0,1
6011,MUTANT_ANNOTATED_SINGLE_METHOD,ATTACK_DEFAULT,188,5,,,0,1
6012,MUTANT_ANNOTATED_SINGLE_METHOD,ATTACK_DEPENDENCIES,188,5,1918,,0,1
6013,TEST_FULL_SUITE_PLUS_DEFAULT,DEFEND_FOCUS,189,6,,2459,0,1
6014,MUTANT_ANNOTATED_SINGLE_METHOD,ATTACK_DEFAULT,189,5,,,0,1
6015,MUTANT_ANNOTATED_SINGLE_METHOD,ATTACK_DEPENDENCIES,189,5,1919,,0,1
6016,TEST_FULL_SUITE_PLUS_DEFAULT,DEFEND_DEFAULT,188,6,,2460,0,1
6017,MUTANT_ANNOTATED_SINGLE_METHOD,ATTACK_DEFAULT,188,5,,,0,1
6018,MUTANT_ANNOTATED_SINGLE_METHOD,ATTACK_DEPENDENCIES,188,5,1920,,0,1
6019,TEST_FULL_SUITE_PLUS_DEFAULT,DEFEND_FOCUS,189,6,,2461,0,1
6020,MUTANT_ANNOTATED_SINGLE_METHOD,ATTACK_DEFAULT,189,5,,,0,1
6021,MUTANT_ANNOTATED_SINGLE_METHOD,ATTACK_DEPENDENCIES,189,5,1921,,0,1
6022,TEST_FULL_SUITE_PLUS_DEFAULT,DEFEND_DEFAULT,188,6,,2462,0,1
6023,MUTANT_ANNOTATED_SINGLE_METHOD,ATTACK_DEFAULT,188,5,,,0,1
6024,MUTANT_ANNOTATED_SINGLE_METHOD,ATTACK_DEPENDENCIES,188,5,1923,,0,1
6025,TEST_FULL_SUITE_PLUS_DEFAULT,DEFEND_DEFAULT,189,6,,2466,0,1
6026,MUTANT_ANNOTATED_SINGLE_METHOD,ATTACK_EQUIVALENCE,189,5,,,0,1
6027,TEST_FULL_SUITE_PLUS_DEFAULT,DEFEND_DEFAULT,188,6,,2465,0,1
6028,MUTANT_ANNOTATED_SINGLE_METHOD,ATTACK_DEFAULT,189,5,,,0,1
6029,MUTANT_ANNOTATED_SINGLE_METHOD,ATTACK_DEPENDENCIES,189,5,1922,,0,1
6030,TEST_FULL_SUITE_PLUS_DEFAULT,DEFEND_FOCUS,188,6,,2467,0,1
6031,MUTANT_ANNOTATED_SINGLE_METHOD,ATTACK_DEFAULT,189,5,,,0,1
6032,MUTANT_ANNOTATED_SINGLE_METHOD,ATTACK_DEPENDENCIES,189,5,1924,,0,1
6033,MUTANT_ANNOTATED_SINGLE_METHOD,ATTACK_DEFAULT,188,5,,,0,1
6034,MUTANT_ANNOTATED_SINGLE_METHOD,ATTACK_DEPENDENCIES,188,5,1925,,0,1
6035,TEST_FULL_SUITE_PLUS_DEFAULT,DEFEND_DEFAULT,189,6,,2468,0,1
6036,TEST_FULL_SUITE_PLUS_DEFAULT,DEFEND_DEFAULT,188,6,,2469,0,1
6037,TEST_FULL_SUITE_PLUS_DEFAULT,DEFEND_DEFAULT,189,6,,2470,0,1
6038,TEST_FULL_SUITE_PLUS_DEFAULT,DEFEND_DEFAULT,188,6,,2471,0,1
6039,MUTANT_ANNOTATED_SINGLE_METHOD,ATTACK_DEFAULT,189,5,,,0,1
6040,MUTANT_ANNOTATED_SINGLE_METHOD,ATTACK_DEPENDENCIES,189,5,1926,,0,1
6041,TEST_FULL_SUITE_PLUS_DEFAULT,DEFEND_DEFAULT,189,6,,2472,0,1
6042,MUTANT_ANNOTATED_SINGLE_METHOD,ATTACK_EQUIVALENCE,189,5,,,0,1
6043,MUTANT_ANNOTATED_SINGLE_METHOD,ATTACK_DEFAULT,188,5,,,0,1
6044,MUTANT_ANNOTATED_SINGLE_METHOD,ATTACK_DEPENDENCIES,188,5,1927,,0,1
6045,TEST_FULL_SUITE_PLUS_DEFAULT,DEFEND_DEFAULT,188,6,,,0,0
6046,TEST_FULL_SUITE_PLUS_DEFAULT,DEFEND_DEFAULT,189,6,,2474,0,1
6047,MUTANT_ANNOTATED_SINGLE_METHOD,ATTACK_DEFAULT,189,5,,,0,1
6048,MUTANT_ANNOTATED_SINGLE_METHOD,ATTACK_DEPENDENCIES,189,5,1928,,0,1
6049,TEST_FULL_SUITE_PLUS_DEFAULT,DEFEND_DEFAULT,189,6,,2475,0,1
6050,MUTANT_ANNOTATED_SINGLE_METHOD,ATTACK_DEFAULT,188,5,,,0,1
6051,MUTANT_ANNOTATED_SINGLE_METHOD,ATTACK_DEPENDENCIES,188,5,1929,,0,1
6052,MUTANT_ANNOTATED_SINGLE_METHOD,ATTACK_DEFAULT,189,5,,,0,1
6053,MUTANT_ANNOTATED_SINGLE_METHOD,ATTACK_DEPENDENCIES,189,5,1930,,0,1
6054,TEST_FULL_SUITE_PLUS_DEFAULT,DEFEND_DEFAULT,189,6,,2476,0,1
6055,MUTANT_ANNOTATED_SINGLE_METHOD,ATTACK_DEFAULT,188,5,,,0,1
6056,MUTANT_ANNOTATED_SINGLE_METHOD,ATTACK_DEPENDENCIES,188,5,1932,,0,1
6057,MUTANT_ANNOTATED_SINGLE_METHOD,ATTACK_DEFAULT,189,5,,,0,1
6058,MUTANT_ANNOTATED_SINGLE_METHOD,ATTACK_DEPENDENCIES,189,5,1931,,0,1
6059,TEST_FULL_SUITE_PLUS_DEFAULT,DEFEND_DEFAULT,189,6,,2477,0,1
6060,TEST_FULL_SUITE_PLUS_DEFAULT,DEFEND_DEFAULT,188,6,,2478,0,1
6061,MUTANT_ANNOTATED_SINGLE_METHOD,ATTACK_DEFAULT,189,5,,,0,1
6062,MUTANT_ANNOTATED_SINGLE_METHOD,ATTACK_DEPENDENCIES,189,5,1933,,0,1
6063,TEST_FULL_SUITE_PLUS_DEFAULT,DEFEND_DEFAULT,189,6,,2479,0,1
6064,MUTANT_ANNOTATED_SINGLE_METHOD,ATTACK_DEFAULT,188,5,,,0,1
6065,MUTANT_ANNOTATED_SINGLE_METHOD,ATTACK_DEPENDENCIES,188,5,1934,,0,1
6066,TEST_FULL_SUITE_PLUS_DEFAULT,DEFEND_DEFAULT,188,6,,2480,0,1
6067,MUTANT_ANNOTATED_SINGLE_METHOD,ATTACK_DEFAULT,189,5,,,0,1
6068,MUTANT_ANNOTATED_SINGLE_METHOD,ATTACK_DEPENDENCIES,189,5,1935,,0,1
6069,TEST_FULL_SUITE_PLUS_DEFAULT,DEFEND_DEFAULT,189,6,,2481,0,1
6070,MUTANT_ANNOTATED_SINGLE_METHOD,ATTACK_DEFAULT,188,5,,,0,1
6071,MUTANT_ANNOTATED_SINGLE_METHOD,ATTACK_DEPENDENCIES,188,5,1936,,0,1
6072,TEST_FULL_SUITE_PLUS_DEFAULT,DEFEND_FOCUS,188,6,,2484,0,1
6073,MUTANT_ANNOTATED_SINGLE_METHOD,ATTACK_DEFAULT,189,5,,,0,1
6074,MUTANT_ANNOTATED_SINGLE_METHOD,ATTACK_DEPENDENCIES,189,5,1937,,0,1
6075,TEST_FULL_SUITE_PLUS_DEFAULT,DEFEND_DEFAULT,189,6,,2483,0,1
6076,MUTANT_ANNOTATED_SINGLE_METHOD,ATTACK_DEFAULT,188,5,,,0,1
6077,MUTANT_ANNOTATED_SINGLE_METHOD,ATTACK_DEPENDENCIES,188,5,1939,,0,1
6078,TEST_FULL_SUITE_PLUS_DEFAULT,DEFEND_DEFAULT,189,6,,2485,0,1
6079,MUTANT_ANNOTATED_SINGLE_METHOD,ATTACK_DEFAULT,189,5,,,0,1
6080,MUTANT_ANNOTATED_SINGLE_METHOD,ATTACK_DEPENDENCIES,189,5,1938,,0,1
6081,TEST_FULL_SUITE_PLUS_DEFAULT,DEFEND_DEFAULT,188,6,,2486,0,1
6082,TEST_FULL_SUITE_PLUS_DEFAULT,DEFEND_DEFAULT,189,6,,2487,0,1
6083,MUTANT_ANNOTATED_SINGLE_METHOD,ATTACK_DEFAULT,189,5,,,0,1
6084,MUTANT_ANNOTATED_SINGLE_METHOD,ATTACK_DEPENDENCIES,189,5,1941,,0,1
6085,TEST_FULL_SUITE_PLUS_DEFAULT,DEFEND_DEFAULT,188,6,,2488,0,1
6086,MUTANT_ANNOTATED_SINGLE_METHOD,ATTACK_DEFAULT,188,5,,,0,1
6087,MUTANT_ANNOTATED_SINGLE_METHOD,ATTACK_DEPENDENCIES,188,5,1940,,0,1
6088,TEST_FULL_SUITE_PLUS_DEFAULT,DEFEND_DEFAULT,189,6,,2489,0,1
6089,TEST_FULL_SUITE_PLUS_DEFAULT,DEFEND_DEFAULT,188,6,,2491,0,1
6090,MUTANT_ANNOTATED_SINGLE_METHOD,ATTACK_DEFAULT,188,5,,,0,1
6091,MUTANT_ANNOTATED_SINGLE_METHOD,ATTACK_DEPENDENCIES,188,5,1942,,0,1
6092,TEST_FULL_SUITE_PLUS_DEFAULT,DEFEND_DEFAULT,189,6,,2490,0,1
6093,MUTANT_ANNOTATED_SINGLE_METHOD,ATTACK_DEFAULT,189,5,,,0,1
6094,MUTANT_ANNOTATED_SINGLE_METHOD,ATTACK_DEPENDENCIES,189,5,,,1,0
6095,MUTANT_ANNOTATED_SINGLE_METHOD,ATTACK_DEFAULT,188,5,,,0,1
6096,MUTANT_ANNOTATED_SINGLE_METHOD,ATTACK_DEPENDENCIES,188,5,,,1,0
6097,TEST_FULL_SUITE_PLUS_DEFAULT,DEFEND_DEFAULT,189,6,,,1,0
6098,MUTANT_ANNOTATED_SINGLE_METHOD,ATTACK_DEFAULT,190,5,,,0,1
6099,TEST_FULL_SUITE_PLUS_DEFAULT,DEFEND_DEFAULT,190,6,,,0,1
6100,MUTANT_ANNOTATED_SINGLE_METHOD,ATTACK_DEPENDENCIES,190,5,1943,,0,1
6101,MUTANT_ANNOTATED_SINGLE_METHOD,ATTACK_DEFAULT,191,5,,,0,1
6102,TEST_FULL_SUITE_PLUS_DEFAULT,DEFEND_DEFAULT,191,6,,,0,1
6103,MUTANT_ANNOTATED_SINGLE_METHOD,ATTACK_DEPENDENCIES,191,5,1944,,0,1
6104,TEST_FULL_SUITE_PLUS_DEFAULT,DEFEND_ONE_FROM_MANY,190,6,,,0,1
6105,TEST_FULL_SUITE_PLUS_DEFAULT,DEFEND_ONE_FROM_MANY,190,6,,2493,0,1
6106,TEST_FULL_SUITE_PLUS_DEFAULT,DEFEND_ONE_FROM_MANY,191,6,,,0,1
6107,TEST_FULL_SUITE_PLUS_DEFAULT,DEFEND_ONE_FROM_MANY,191,6,,2494,0,1
6108,MUTANT_ANNOTATED_SINGLE_METHOD,ATTACK_DEFAULT,190,5,,,0,1
6109,MUTANT_ANNOTATED_SINGLE_METHOD,ATTACK_DEPENDENCIES,190,5,1945,,0,1
6110,TEST_FULL_SUITE_PLUS_DEFAULT,DEFEND_ONE_FROM_MANY,190,6,,2495,0,1
6111,MUTANT_ANNOTATED_SINGLE_METHOD,ATTACK_DEFAULT,191,5,,,0,1
6112,MUTANT_ANNOTATED_SINGLE_METHOD,ATTACK_DEPENDENCIES,191,5,1946,,0,1
6113,TEST_FULL_SUITE_PLUS_DEFAULT,DEFEND_ONE_FROM_MANY,191,6,,2496,0,1
6114,MUTANT_ANNOTATED_SINGLE_METHOD,ATTACK_DEFAULT,190,5,,,0,1
6115,MUTANT_ANNOTATED_SINGLE_METHOD,ATTACK_DEPENDENCIES,190,5,1947,,0,1
6116,TEST_FULL_SUITE_PLUS_DEFAULT,DEFEND_ONE_FROM_MANY,190,6,,2497,0,1
6117,MUTANT_ANNOTATED_SINGLE_METHOD,ATTACK_DEFAULT,191,5,,,0,1
6118,MUTANT_ANNOTATED_SINGLE_METHOD,ATTACK_DEPENDENCIES,191,5,1948,,0,1
6119,TEST_FULL_SUITE_PLUS_DEFAULT,DEFEND_ONE_FROM_MANY,191,6,,2498,0,1
6120,MUTANT_ANNOTATED_SINGLE_METHOD,ATTACK_DEFAULT,190,5,,,0,1
6121,MUTANT_ANNOTATED_SINGLE_METHOD,ATTACK_DEPENDENCIES,190,5,1950,,0,1
6122,TEST_FULL_SUITE_PLUS_DEFAULT,DEFEND_ONE_FROM_MANY,190,6,,2499,0,1
6123,MUTANT_ANNOTATED_SINGLE_METHOD,ATTACK_DEFAULT,191,5,,,0,1
6124,MUTANT_ANNOTATED_SINGLE_METHOD,ATTACK_DEPENDENCIES,191,5,1949,,0,1
6125,TEST_FULL_SUITE_PLUS_DEFAULT,DEFEND_ONE_FROM_MANY,191,6,,2500,0,1
6126,TEST_FULL_SUITE_PLUS_DEFAULT,DEFEND_ONE_FROM_MANY,190,6,,2501,0,1
6127,MUTANT_ANNOTATED_SINGLE_METHOD,ATTACK_DEFAULT,191,5,,,0,1
6128,TEST_FULL_SUITE_PLUS_DEFAULT,DEFEND_ONE_FROM_MANY,191,6,,2508,0,1
6129,MUTANT_ANNOTATED_SINGLE_METHOD,ATTACK_DEPENDENCIES,191,5,1951,,0,1
6130,MUTANT_ANNOTATED_SINGLE_METHOD,ATTACK_DEFAULT,190,5,,,0,1
6131,MUTANT_ANNOTATED_SINGLE_METHOD,ATTACK_DEPENDENCIES,190,5,1952,,0,1
6132,TEST_FULL_SUITE_PLUS_DEFAULT,DEFEND_ONE_FROM_MANY,190,6,,2503,0,1
6133,MUTANT_ANNOTATED_SINGLE_METHOD,ATTACK_DEFAULT,191,5,,,0,1
6134,MUTANT_ANNOTATED_SINGLE_METHOD,ATTACK_DEPENDENCIES,191,5,1953,,0,1
6135,MUTANT_ANNOTATED_SINGLE_METHOD,ATTACK_DEFAULT,190,5,,,0,1
6136,MUTANT_ANNOTATED_SINGLE_METHOD,ATTACK_DEPENDENCIES,190,5,1955,,0,1
6137,TEST_FULL_SUITE_PLUS_DEFAULT,DEFEND_ONE_FROM_MANY,190,6,,2505,0,1
6138,MUTANT_ANNOTATED_SINGLE_METHOD,ATTACK_DEFAULT,191,5,,,0,1
6139,MUTANT_ANNOTATED_SINGLE_METHOD,ATTACK_DEPENDENCIES,191,5,1954,,0,1
6140,TEST_FULL_SUITE_PLUS_DEFAULT,DEFEND_ONE_FROM_MANY,190,6,,2507,0,1
6141,MUTANT_ANNOTATED_SINGLE_METHOD,ATTACK_DEFAULT,191,5,,,0,1
6142,MUTANT_ANNOTATED_SINGLE_METHOD,ATTACK_DEPENDENCIES,191,5,1956,,0,1
6143,MUTANT_ANNOTATED_SINGLE_METHOD,ATTACK_DEFAULT,190,5,,,0,1
6144,MUTANT_ANNOTATED_SINGLE_METHOD,ATTACK_DEPENDENCIES,190,5,1957,,0,1
6145,TEST_FULL_SUITE_PLUS_DEFAULT,DEFEND_ONE_FROM_MANY,190,6,,2509,0,1
6146,TEST_FULL_SUITE_PLUS_DEFAULT,DEFEND_ONE_FROM_MANY,191,6,,,0,1
6147,TEST_FULL_SUITE_PLUS_DEFAULT,DEFEND_ONE_FROM_MANY,191,6,,2512,0,1
6148,MUTANT_ANNOTATED_SINGLE_METHOD,ATTACK_DEFAULT,191,5,,,0,1
6149,MUTANT_ANNOTATED_SINGLE_METHOD,ATTACK_DEPENDENCIES,191,5,1958,,0,1
6150,TEST_FULL_SUITE_PLUS_DEFAULT,DEFEND_ONE_FROM_MANY,190,6,,2511,0,1
6151,MUTANT_ANNOTATED_SINGLE_METHOD,ATTACK_DEFAULT,190,5,,,0,1
6152,MUTANT_ANNOTATED_SINGLE_METHOD,ATTACK_DEPENDENCIES,190,5,1960,,0,1
6153,MUTANT_ANNOTATED_SINGLE_METHOD,ATTACK_DEFAULT,191,5,,,0,1
6154,MUTANT_ANNOTATED_SINGLE_METHOD,ATTACK_DEPENDENCIES,191,5,1959,,0,1
6155,TEST_FULL_SUITE_PLUS_DEFAULT,DEFEND_ONE_FROM_MANY,190,6,,2513,0,1
6156,TEST_FULL_SUITE_PLUS_DEFAULT,DEFEND_ONE_FROM_MANY,191,6,,,0,1
6157,TEST_FULL_SUITE_PLUS_DEFAULT,DEFEND_ONE_FROM_MANY,191,6,,2514,0,1
6158,MUTANT_ANNOTATED_SINGLE_METHOD,ATTACK_DEFAULT,191,5,,,0,1
6159,MUTANT_ANNOTATED_SINGLE_METHOD,ATTACK_DEPENDENCIES,191,5,1962,,0,1
6160,MUTANT_ANNOTATED_SINGLE_METHOD,ATTACK_DEFAULT,190,5,,,0,1
6161,MUTANT_ANNOTATED_SINGLE_METHOD,ATTACK_DEPENDENCIES,190,5,1961,,0,1
6162,TEST_FULL_SUITE_PLUS_DEFAULT,DEFEND_ONE_FROM_MANY,190,6,,2515,0,1
6163,TEST_FULL_SUITE_PLUS_DEFAULT,DEFEND_ONE_FROM_MANY,191,6,,2518,0,1
6164,MUTANT_ANNOTATED_SINGLE_METHOD,ATTACK_DEFAULT,190,5,,,0,1
6165,MUTANT_ANNOTATED_SINGLE_METHOD,ATTACK_DEPENDENCIES,190,5,1963,,0,1
6166,TEST_FULL_SUITE_PLUS_DEFAULT,DEFEND_ONE_FROM_MANY,190,6,,2517,0,1
6167,MUTANT_ANNOTATED_SINGLE_METHOD,ATTACK_DEFAULT,191,5,,,0,1
6168,MUTANT_ANNOTATED_SINGLE_METHOD,ATTACK_DEPENDENCIES,191,5,1964,,0,1
6169,MUTANT_ANNOTATED_SINGLE_METHOD,ATTACK_DEFAULT,190,5,,,0,1
6170,MUTANT_ANNOTATED_SINGLE_METHOD,ATTACK_DEPENDENCIES,190,5,1965,,0,1
6171,TEST_FULL_SUITE_PLUS_DEFAULT,DEFEND_ONE_FROM_MANY,190,6,,2519,0,1
6172,MUTANT_ANNOTATED_SINGLE_METHOD,ATTACK_DEFAULT,191,5,,,0,1
6173,TEST_FULL_SUITE_PLUS_DEFAULT,DEFEND_ONE_FROM_MANY,191,6,,,0,1
6174,MUTANT_ANNOTATED_SINGLE_METHOD,ATTACK_DEPENDENCIES,191,5,1966,,0,1
6175,TEST_FULL_SUITE_PLUS_DEFAULT,DEFEND_ONE_FROM_MANY,191,6,,2520,0,1
6176,MUTANT_ANNOTATED_SINGLE_METHOD,ATTACK_DEFAULT,190,5,,,0,1
6177,MUTANT_ANNOTATED_SINGLE_METHOD,ATTACK_DEPENDENCIES,190,5,1967,,0,1
6178,TEST_FULL_SUITE_PLUS_DEFAULT,DEFEND_ONE_FROM_MANY,190,6,,2521,0,1
6179,MUTANT_ANNOTATED_SINGLE_METHOD,ATTACK_DEFAULT,191,5,,,0,1
6180,TEST_FULL_SUITE_PLUS_DEFAULT,DEFEND_ONE_FROM_MANY,191,6,,2524,0,1
6181,MUTANT_ANNOTATED_SINGLE_METHOD,ATTACK_DEPENDENCIES,191,5,1968,,0,1
6182,TEST_FULL_SUITE_PLUS_DEFAULT,DEFEND_ONE_FROM_MANY,190,6,,2523,0,1
6183,MUTANT_ANNOTATED_SINGLE_METHOD,ATTACK_DEFAULT,190,5,,,0,1
6184,MUTANT_ANNOTATED_SINGLE_METHOD,ATTACK_DEPENDENCIES,190,5,1970,,0,1
6185,MUTANT_ANNOTATED_SINGLE_METHOD,ATTACK_DEFAULT,191,5,,,0,1
6186,MUTANT_ANNOTATED_SINGLE_METHOD,ATTACK_DEPENDENCIES,191,5,1969,,0,1
6187,TEST_FULL_SUITE_PLUS_DEFAULT,DEFEND_ONE_FROM_MANY,190,6,,2525,0,1
6188,TEST_FULL_SUITE_PLUS_DEFAULT,DEFEND_ONE_FROM_MANY,191,6,,,0,1
6189,TEST_FULL_SUITE_PLUS_DEFAULT,DEFEND_ONE_FROM_MANY,191,6,,2526,0,1
6190,MUTANT_ANNOTATED_SINGLE_METHOD,ATTACK_DEFAULT,191,5,,,0,1
6191,MUTANT_ANNOTATED_SINGLE_METHOD,ATTACK_DEPENDENCIES,191,5,1971,,0,1
6192,MUTANT_ANNOTATED_SINGLE_METHOD,ATTACK_DEFAULT,190,5,,,0,1
6193,MUTANT_ANNOTATED_SINGLE_METHOD,ATTACK_DEPENDENCIES,190,5,1972,,0,1
6194,TEST_FULL_SUITE_PLUS_DEFAULT,DEFEND_ONE_FROM_MANY,190,6,,2527,0,1
6195,TEST_FULL_SUITE_PLUS_DEFAULT,DEFEND_ONE_FROM_MANY,191,6,,2530,0,1
6196,MUTANT_ANNOTATED_SINGLE_METHOD,ATTACK_DEFAULT,191,5,,,0,1
6197,MUTANT_ANNOTATED_SINGLE_METHOD,ATTACK_DEPENDENCIES,191,5,1974,,0,1
6198,MUTANT_ANNOTATED_SINGLE_METHOD,ATTACK_DEFAULT,190,5,,,0,1
6199,MUTANT_ANNOTATED_SINGLE_METHOD,ATTACK_DEPENDENCIES,190,5,1973,,0,1
6200,TEST_FULL_SUITE_PLUS_DEFAULT,DEFEND_ONE_FROM_MANY,190,6,,2529,0,1
6201,MUTANT_ANNOTATED_SINGLE_METHOD,ATTACK_DEFAULT,191,5,,,0,1
6202,MUTANT_ANNOTATED_SINGLE_METHOD,ATTACK_DEPENDENCIES,191,5,1976,,0,1
6203,MUTANT_ANNOTATED_SINGLE_METHOD,ATTACK_DEFAULT,190,5,,,0,1
6204,MUTANT_ANNOTATED_SINGLE_METHOD,ATTACK_DEPENDENCIES,190,5,1975,,0,1
6205,TEST_FULL_SUITE_PLUS_DEFAULT,DEFEND_ONE_FROM_MANY,190,6,,2531,0,1
6206,TEST_FULL_SUITE_PLUS_DEFAULT,DEFEND_ONE_FROM_MANY,191,6,,,0,1
6207,TEST_FULL_SUITE_PLUS_DEFAULT,DEFEND_ONE_FROM_MANY,191,6,,2532,0,1
6208,MUTANT_ANNOTATED_SINGLE_METHOD,ATTACK_EQUIVALENCE,190,5,,,0,1
6209,TEST_FULL_SUITE_PLUS_DEFAULT,DEFEND_ONE_FROM_MANY,190,6,,2534,0,1
6210,TEST_FULL_SUITE_PLUS_DEFAULT,DEFEND_ONE_FROM_MANY,191,6,,2541,0,1
6211,MUTANT_ANNOTATED_SINGLE_METHOD,ATTACK_DEFAULT,190,5,,,0,1
6212,MUTANT_ANNOTATED_SINGLE_METHOD,ATTACK_DEPENDENCIES,190,5,1978,,0,1
6213,MUTANT_ANNOTATED_SINGLE_METHOD,ATTACK_DEFAULT,191,5,,,0,1
6214,MUTANT_ANNOTATED_SINGLE_METHOD,ATTACK_DEPENDENCIES,191,5,1977,,0,1
6215,TEST_FULL_SUITE_PLUS_DEFAULT,DEFEND_ONE_FROM_MANY,190,6,,2536,0,1
6216,MUTANT_ANNOTATED_SINGLE_METHOD,ATTACK_DEFAULT,191,5,,,0,1
6217,MUTANT_ANNOTATED_SINGLE_METHOD,ATTACK_DEPENDENCIES,191,5,1979,,0,1
6218,MUTANT_ANNOTATED_SINGLE_METHOD,ATTACK_DEFAULT,190,5,,,0,1
6219,MUTANT_ANNOTATED_SINGLE_METHOD,ATTACK_DEPENDENCIES,190,5,1980,,0,1
6220,TEST_FULL_SUITE_PLUS_DEFAULT,DEFEND_ONE_FROM_MANY,190,6,,2538,0,1
6221,MUTANT_ANNOTATED_SINGLE_METHOD,ATTACK_DEFAULT,191,5,,,0,1
6222,MUTANT_ANNOTATED_SINGLE_METHOD,ATTACK_DEPENDENCIES,191,5,1981,,0,1
6223,TEST_FULL_SUITE_PLUS_DEFAULT,DEFEND_FOCUS,190,6,,2540,0,1
6224,MUTANT_ANNOTATED_SINGLE_METHOD,ATTACK_DEFAULT,190,5,,,0,1
6225,MUTANT_ANNOTATED_SINGLE_METHOD,ATTACK_DEPENDENCIES,190,5,1982,,0,1
6226,MUTANT_ANNOTATED_SINGLE_METHOD,ATTACK_DEFAULT,191,5,,,0,1
6227,MUTANT_ANNOTATED_SINGLE_METHOD,ATTACK_DEPENDENCIES,191,5,1983,,0,1
6228,TEST_FULL_SUITE_PLUS_DEFAULT,DEFEND_FOCUS,190,6,,2542,0,1
6229,TEST_FULL_SUITE_PLUS_DEFAULT,DEFEND_ONE_FROM_MANY,191,6,,,0,1
6230,TEST_FULL_SUITE_PLUS_DEFAULT,DEFEND_ONE_FROM_MANY,191,6,,2543,0,1
6231,MUTANT_ANNOTATED_SINGLE_METHOD,ATTACK_DEFAULT,190,5,,,0,1
6232,MUTANT_ANNOTATED_SINGLE_METHOD,ATTACK_DEPENDENCIES,190,5,1984,,0,1
6233,MUTANT_ANNOTATED_SINGLE_METHOD,ATTACK_DEFAULT,191,5,,,0,1
6234,MUTANT_ANNOTATED_SINGLE_METHOD,ATTACK_DEPENDENCIES,191,5,1985,,0,1
6235,TEST_FULL_SUITE_PLUS_DEFAULT,DEFEND_FOCUS,190,6,,2546,0,1
6236,TEST_FULL_SUITE_PLUS_DEFAULT,DEFEND_ONE_FROM_MANY,191,6,,2547,0,1
6237,MUTANT_ANNOTATED_SINGLE_METHOD,ATTACK_DEFAULT,190,5,,,0,1
6238,MUTANT_ANNOTATED_SINGLE_METHOD,ATTACK_DEPENDENCIES,190,5,1986,,0,1
6239,MUTANT_ANNOTATED_SINGLE_METHOD,ATTACK_DEFAULT,191,5,,,0,1
6240,MUTANT_ANNOTATED_SINGLE_METHOD,ATTACK_DEPENDENCIES,191,5,1988,,0,1
6241,MUTANT_ANNOTATED_SINGLE_METHOD,ATTACK_DEFAULT,190,5,,,0,1
6242,TEST_FULL_SUITE_PLUS_DEFAULT,DEFEND_DEFAULT,190,6,,,0,0
6243,MUTANT_ANNOTATED_SINGLE_METHOD,ATTACK_DEPENDENCIES,190,5,1987,,0,1
6244,TEST_FULL_SUITE_PLUS_DEFAULT,DEFEND_ONE_FROM_MANY,191,6,,,0,1
6245,TEST_FULL_SUITE_PLUS_DEFAULT,DEFEND_ONE_FROM_MANY,191,6,,,0,0
6246,MUTANT_ANNOTATED_SINGLE_METHOD,ATTACK_DEFAULT,191,5,,,0,1
6247,MUTANT_ANNOTATED_SINGLE_METHOD,ATTACK_DEPENDENCIES,191,5,1990,,0,1
6248,MUTANT_ANNOTATED_SINGLE_METHOD,ATTACK_DEFAULT,190,5,,,0,1
6249,MUTANT_ANNOTATED_SINGLE_METHOD,ATTACK_DEPENDENCIES,190,5,1989,,0,1
6250,MUTANT_ANNOTATED_SINGLE_METHOD,ATTACK_DEFAULT,190,5,,,0,1
6251,MUTANT_ANNOTATED_SINGLE_METHOD,ATTACK_DEPENDENCIES,190,5,1991,,0,1
6252,MUTANT_ANNOTATED_SINGLE_METHOD,ATTACK_DEFAULT,191,5,,,0,1
6253,MUTANT_ANNOTATED_SINGLE_METHOD,ATTACK_DEPENDENCIES,191,5,1993,,0,1
6254,MUTANT_ANNOTATED_SINGLE_METHOD,ATTACK_DEFAULT,190,5,,,0,1
6255,MUTANT_ANNOTATED_SINGLE_METHOD,ATTACK_DEPENDENCIES,190,5,1992,,0,1
6256,TEST_FULL_SUITE_PLUS_DEFAULT,DEFEND_DEFAULT,190,6,,2550,0,1
6257,MUTANT_ANNOTATED_SINGLE_METHOD,ATTACK_DEFAULT,191,5,,,0,1
6258,MUTANT_ANNOTATED_SINGLE_METHOD,ATTACK_DEPENDENCIES,191,5,1995,,0,1
6259,MUTANT_ANNOTATED_SINGLE_METHOD,ATTACK_DEFAULT,190,5,,,0,1
6260,TEST_FULL_SUITE_PLUS_DEFAULT,DEFEND_DEFAULT,190,6,,,0,0
6261,MUTANT_ANNOTATED_SINGLE_METHOD,ATTACK_DEPENDENCIES,190,5,1994,,0,1
6262,TEST_FULL_SUITE_PLUS_DEFAULT,DEFEND_DEFAULT,191,6,,,0,1
6263,TEST_FULL_SUITE_PLUS_DEFAULT,DEFEND_ONE_FROM_MANY,191,6,,,0,1
6264,TEST_FULL_SUITE_PLUS_DEFAULT,DEFEND_ONE_FROM_MANY,191,6,,2554,0,1
6265,MUTANT_ANNOTATED_SINGLE_METHOD,ATTACK_DEFAULT,190,5,,,0,1
6266,MUTANT_ANNOTATED_SINGLE_METHOD,ATTACK_DEPENDENCIES,190,5,1996,,0,1
6267,MUTANT_ANNOTATED_SINGLE_METHOD,ATTACK_DEFAULT,191,5,,,0,1
6268,MUTANT_ANNOTATED_SINGLE_METHOD,ATTACK_DEPENDENCIES,191,5,1997,,0,1
6269,MUTANT_ANNOTATED_SINGLE_METHOD,ATTACK_EQUIVALENCE,190,5,,,0,1
6270,MUTANT_ANNOTATED_SINGLE_METHOD,ATTACK_DEFAULT,190,5,,,0,1
6271,MUTANT_ANNOTATED_SINGLE_METHOD,ATTACK_DEPENDENCIES,190,5,1998,,0,1
6272,MUTANT_ANNOTATED_SINGLE_METHOD,ATTACK_DEFAULT,191,5,,,0,1
6273,MUTANT_ANNOTATED_SINGLE_METHOD,ATTACK_DEPENDENCIES,191,5,2000,,0,1
6274,TEST_FULL_SUITE_PLUS_DEFAULT,DEFEND_DEFAULT,190,6,,2557,0,1
6275,TEST_FULL_SUITE_PLUS_DEFAULT,DEFEND_ONE_FROM_MANY,191,6,,,0,1
6276,MUTANT_ANNOTATED_SINGLE_METHOD,ATTACK_DEFAULT,190,5,,,0,1
6277,MUTANT_ANNOTATED_SINGLE_METHOD,ATTACK_DEPENDENCIES,190,5,1999,,0,1
6278,TEST_FULL_SUITE_PLUS_DEFAULT,DEFEND_ONE_FROM_MANY,191,6,,2556,0,1
6279,TEST_FULL_SUITE_PLUS_DEFAULT,DEFEND_ONE_FROM_MANY,191,6,,2560,0,1
6280,MUTANT_ANNOTATED_SINGLE_METHOD,ATTACK_DEFAULT,190,5,,,0,1
6281,MUTANT_ANNOTATED_SINGLE_METHOD,ATTACK_DEPENDENCIES,190,5,2001,,0,1
6282,MUTANT_ANNOTATED_SINGLE_METHOD,ATTACK_DEFAULT,191,5,,,0,1
6283,MUTANT_ANNOTATED_SINGLE_METHOD,ATTACK_DEPENDENCIES,191,5,2002,,0,1
6284,TEST_FULL_SUITE_PLUS_DEFAULT,DEFEND_DEFAULT,190,6,,2561,0,1
6285,MUTANT_ANNOTATED_SINGLE_METHOD,ATTACK_DEFAULT,190,5,,,0,1
6286,MUTANT_ANNOTATED_SINGLE_METHOD,ATTACK_DEPENDENCIES,190,5,2003,,0,1
6287,MUTANT_ANNOTATED_SINGLE_METHOD,ATTACK_DEFAULT,191,5,,,0,1
6288,MUTANT_ANNOTATED_SINGLE_METHOD,ATTACK_DEPENDENCIES,191,5,2004,,0,1
6289,TEST_FULL_SUITE_PLUS_DEFAULT,DEFEND_ONE_FROM_MANY,191,6,,,0,1
6290,TEST_FULL_SUITE_PLUS_DEFAULT,DEFEND_ONE_FROM_MANY,191,6,,2563,0,1
6291,MUTANT_ANNOTATED_SINGLE_METHOD,ATTACK_DEFAULT,190,5,,,0,1
6292,MUTANT_ANNOTATED_SINGLE_METHOD,ATTACK_DEPENDENCIES,190,5,2005,,0,1
6293,MUTANT_ANNOTATED_SINGLE_METHOD,ATTACK_DEFAULT,191,5,,,0,1
6294,MUTANT_ANNOTATED_SINGLE_METHOD,ATTACK_DEPENDENCIES,191,5,2006,,0,1
6295,TEST_FULL_SUITE_PLUS_DEFAULT,DEFEND_DEFAULT,190,6,,2565,0,1
6296,MUTANT_ANNOTATED_SINGLE_METHOD,ATTACK_DEFAULT,191,5,,,0,1
6297,MUTANT_ANNOTATED_SINGLE_METHOD,ATTACK_DEPENDENCIES,191,5,2008,,0,1
6298,MUTANT_ANNOTATED_SINGLE_METHOD,ATTACK_DEFAULT,190,5,,,0,1
6299,MUTANT_ANNOTATED_SINGLE_METHOD,ATTACK_DEPENDENCIES,190,5,2007,,0,1
6300,TEST_FULL_SUITE_PLUS_DEFAULT,DEFEND_ONE_FROM_MANY,191,6,,,0,1
6301,TEST_FULL_SUITE_PLUS_DEFAULT,DEFEND_ONE_FROM_MANY,191,6,,,0,0
6302,MUTANT_ANNOTATED_SINGLE_METHOD,ATTACK_DEFAULT,190,5,,,0,1
6303,MUTANT_ANNOTATED_SINGLE_METHOD,ATTACK_DEPENDENCIES,190,5,2009,,0,1
6304,MUTANT_ANNOTATED_SINGLE_METHOD,ATTACK_DEFAULT,191,5,,,0,1
6305,MUTANT_ANNOTATED_SINGLE_METHOD,ATTACK_DEPENDENCIES,191,5,2010,,0,1
6306,TEST_FULL_SUITE_PLUS_DEFAULT,DEFEND_DEFAULT,190,6,,2568,0,1
6307,MUTANT_ANNOTATED_SINGLE_METHOD,ATTACK_DEFAULT,191,5,,,0,1
6308,MUTANT_ANNOTATED_SINGLE_METHOD,ATTACK_DEPENDENCIES,191,5,2011,,0,1
6309,MUTANT_ANNOTATED_SINGLE_METHOD,ATTACK_DEFAULT,190,5,,,0,1
6310,MUTANT_ANNOTATED_SINGLE_METHOD,ATTACK_DEPENDENCIES,190,5,2012,,0,1
6311,TEST_FULL_SUITE_PLUS_DEFAULT,DEFEND_DEFAULT,190,6,,2569,0,1
6312,MUTANT_ANNOTATED_SINGLE_METHOD,ATTACK_DEFAULT,191,5,,,0,1
6313,MUTANT_ANNOTATED_SINGLE_METHOD,ATTACK_DEPENDENCIES,191,5,2014,,0,1
6314,TEST_FULL_SUITE_PLUS_DEFAULT,DEFEND_DEFAULT,190,6,,2570,0,1
6315,TEST_FULL_SUITE_PLUS_DEFAULT,DEFEND_DEFAULT,191,6,,,0,1
6316,MUTANT_ANNOTATED_SINGLE_METHOD,ATTACK_DEFAULT,190,5,,,0,1
6317,MUTANT_ANNOTATED_SINGLE_METHOD,ATTACK_DEPENDENCIES,190,5,2013,,0,1
6318,TEST_FULL_SUITE_PLUS_DEFAULT,DEFEND_ONE_FROM_MANY,191,6,,,0,1
6319,TEST_FULL_SUITE_PLUS_DEFAULT,DEFEND_ONE_FROM_MANY,191,6,,2571,0,1
6320,TEST_FULL_SUITE_PLUS_DEFAULT,DEFEND_DEFAULT,190,6,,2574,0,1
6321,TEST_FULL_SUITE_PLUS_DEFAULT,DEFEND_ONE_FROM_MANY,191,6,,2572,0,1
6322,MUTANT_ANNOTATED_SINGLE_METHOD,ATTACK_DEFAULT,191,5,,,0,1
6323,MUTANT_ANNOTATED_SINGLE_METHOD,ATTACK_DEPENDENCIES,191,5,2015,,0,1
6324,MUTANT_ANNOTATED_SINGLE_METHOD,ATTACK_DEFAULT,190,5,,,0,1
6325,MUTANT_ANNOTATED_SINGLE_METHOD,ATTACK_DEPENDENCIES,190,5,2016,,0,1
6326,TEST_FULL_SUITE_PLUS_DEFAULT,DEFEND_ONE_FROM_MANY,191,6,,2573,0,1
6327,MUTANT_ANNOTATED_SINGLE_METHOD,ATTACK_DEFAULT,191,5,,,0,1
6328,MUTANT_ANNOTATED_SINGLE_METHOD,ATTACK_DEPENDENCIES,191,5,2017,,0,1
6329,MUTANT_ANNOTATED_SINGLE_METHOD,ATTACK_DEFAULT,191,5,,,0,1
6330,TEST_FULL_SUITE_PLUS_DEFAULT,DEFEND_ONE_FROM_MANY,191,6,,2575,0,1
6331,MUTANT_ANNOTATED_SINGLE_METHOD,ATTACK_DEPENDENCIES,191,5,2019,,0,1
6332,MUTANT_ANNOTATED_SINGLE_METHOD,ATTACK_DEFAULT,190,5,,,0,1
6333,MUTANT_ANNOTATED_SINGLE_METHOD,ATTACK_DEPENDENCIES,190,5,2018,,0,1
6334,TEST_FULL_SUITE_PLUS_DEFAULT,DEFEND_DEFAULT,190,6,,2576,0,1
6335,TEST_FULL_SUITE_PLUS_DEFAULT,DEFEND_ONE_FROM_MANY,191,6,,2577,0,1
6336,MUTANT_ANNOTATED_SINGLE_METHOD,ATTACK_DEFAULT,191,5,,,0,1
6337,MUTANT_ANNOTATED_SINGLE_METHOD,ATTACK_DEPENDENCIES,191,5,2021,,0,1
6338,MUTANT_ANNOTATED_SINGLE_METHOD,ATTACK_DEFAULT,190,5,,,0,1
6339,MUTANT_ANNOTATED_SINGLE_METHOD,ATTACK_DEPENDENCIES,190,5,2020,,0,1
6340,TEST_FULL_SUITE_PLUS_DEFAULT,DEFEND_DEFAULT,190,6,,2578,0,1
6341,TEST_FULL_SUITE_PLUS_DEFAULT,DEFEND_ONE_FROM_MANY,191,6,,2579,0,1
6342,MUTANT_ANNOTATED_SINGLE_METHOD,ATTACK_DEFAULT,190,5,,,0,1
6343,MUTANT_ANNOTATED_SINGLE_METHOD,ATTACK_DEPENDENCIES,190,5,2022,,0,1
6344,TEST_FULL_SUITE_PLUS_DEFAULT,DEFEND_DEFAULT,190,6,,,0,0
6345,TEST_FULL_SUITE_PLUS_DEFAULT,DEFEND_ONE_FROM_MANY,191,6,,2580,0,1
6346,MUTANT_ANNOTATED_SINGLE_METHOD,ATTACK_DEFAULT,191,5,,,0,1
6347,MUTANT_ANNOTATED_SINGLE_METHOD,ATTACK_DEPENDENCIES,191,5,2023,,0,1
6348,MUTANT_ANNOTATED_SINGLE_METHOD,ATTACK_DEFAULT,190,5,,,0,1
6349,MUTANT_ANNOTATED_SINGLE_METHOD,ATTACK_DEPENDENCIES,190,5,2024,,0,1
6350,TEST_FULL_SUITE_PLUS_DEFAULT,DEFEND_ONE_FROM_MANY,191,6,,2581,0,1
6351,MUTANT_ANNOTATED_SINGLE_METHOD,ATTACK_DEFAULT,191,5,,,0,1
6352,MUTANT_ANNOTATED_SINGLE_METHOD,ATTACK_DEPENDENCIES,191,5,2025,,0,1
6353,TEST_FULL_SUITE_PLUS_DEFAULT,DEFEND_ONE_FROM_MANY,191,6,,2582,0,1
6354,MUTANT_ANNOTATED_SINGLE_METHOD,ATTACK_DEFAULT,190,5,,,0,1
6355,MUTANT_ANNOTATED_SINGLE_METHOD,ATTACK_DEPENDENCIES,190,5,2027,,0,1
6356,MUTANT_ANNOTATED_SINGLE_METHOD,ATTACK_DEFAULT,191,5,,,0,1
6357,MUTANT_ANNOTATED_SINGLE_METHOD,ATTACK_DEPENDENCIES,191,5,2026,,0,1
6358,TEST_FULL_SUITE_PLUS_DEFAULT,DEFEND_ONE_FROM_MANY,191,6,,2583,0,1
6359,MUTANT_ANNOTATED_SINGLE_METHOD,ATTACK_DEFAULT,191,5,,,0,1
6360,MUTANT_ANNOTATED_SINGLE_METHOD,ATTACK_DEPENDENCIES,191,5,2028,,0,1
6361,TEST_FULL_SUITE_PLUS_DEFAULT,DEFEND_DEFAULT,190,6,,2585,0,1
6362,TEST_FULL_SUITE_PLUS_DEFAULT,DEFEND_ONE_FROM_MANY,191,6,,2584,0,1
6363,MUTANT_ANNOTATED_SINGLE_METHOD,ATTACK_DEFAULT,190,5,,,0,1
6364,MUTANT_ANNOTATED_SINGLE_METHOD,ATTACK_DEPENDENCIES,190,5,2029,,0,1
6365,TEST_FULL_SUITE_PLUS_DEFAULT,DEFEND_ONE_FROM_MANY,191,6,,2586,0,1
6366,MUTANT_ANNOTATED_SINGLE_METHOD,ATTACK_DEFAULT,191,5,,,0,1
6367,MUTANT_ANNOTATED_SINGLE_METHOD,ATTACK_DEPENDENCIES,191,5,2031,,0,1
6368,MUTANT_ANNOTATED_SINGLE_METHOD,ATTACK_DEFAULT,190,5,,,0,1
6369,TEST_FULL_SUITE_PLUS_DEFAULT,DEFEND_DEFAULT,190,6,,,1,0
6370,MUTANT_ANNOTATED_SINGLE_METHOD,ATTACK_DEPENDENCIES,190,5,2030,,0,1
6371,TEST_FULL_SUITE_PLUS_DEFAULT,DEFEND_ONE_FROM_MANY,191,6,,2587,1,0
6372,MUTANT_ANNOTATED_SINGLE_METHOD,ATTACK_DEFAULT,191,5,,,0,1
6373,MUTANT_ANNOTATED_SINGLE_METHOD,ATTACK_DEPENDENCIES,191,5,,,1,0
6374,MUTANT_ANNOTATED_SINGLE_METHOD,ATTACK_DEFAULT,192,5,,,0,1
6375,TEST_FULL_SUITE_PLUS_DEFAULT,DEFEND_DEFAULT,192,6,,,0,1
6376,MUTANT_ANNOTATED_SINGLE_METHOD,ATTACK_DEPENDENCIES,192,5,2032,,0,1
6377,TEST_FULL_SUITE_PLUS_DEFAULT,DEFEND_ONE_FROM_MANY,192,6,,,0,1
6378,TEST_FULL_SUITE_PLUS_DEFAULT,DEFEND_ONE_FROM_MANY,192,6,,2588,0,1
6379,MUTANT_ANNOTATED_SINGLE_METHOD,ATTACK_DEFAULT,192,5,,,0,1
6380,MUTANT_ANNOTATED_SINGLE_METHOD,ATTACK_DEPENDENCIES,192,5,2033,,0,1
6381,TEST_FULL_SUITE_PLUS_DEFAULT,DEFEND_ONE_FROM_MANY,192,6,,2589,0,1
6382,TEST_FULL_SUITE_PLUS_DEFAULT,DEFEND_ONE_FROM_MANY,192,6,,2590,0,1
6383,MUTANT_ANNOTATED_SINGLE_METHOD,ATTACK_DEFAULT,192,5,,,0,1
6384,MUTANT_ANNOTATED_SINGLE_METHOD,ATTACK_DEPENDENCIES,192,5,2034,,0,1
6385,TEST_FULL_SUITE_PLUS_DEFAULT,DEFEND_ONE_FROM_MANY,192,6,,2591,0,1
6386,MUTANT_ANNOTATED_SINGLE_METHOD,ATTACK_DEFAULT,192,5,,,0,1
6387,MUTANT_ANNOTATED_SINGLE_METHOD,ATTACK_DEPENDENCIES,192,5,2035,,0,1
6388,TEST_FULL_SUITE_PLUS_DEFAULT,DEFEND_ONE_FROM_MANY,192,6,,2592,0,1
6389,MUTANT_ANNOTATED_SINGLE_METHOD,ATTACK_DEFAULT,192,5,,,0,1
6390,MUTANT_ANNOTATED_SINGLE_METHOD,ATTACK_DEPENDENCIES,192,5,2036,,0,1
6391,TEST_FULL_SUITE_PLUS_DEFAULT,DEFEND_ONE_FROM_MANY,192,6,,2593,0,1
6392,MUTANT_ANNOTATED_SINGLE_METHOD,ATTACK_DEFAULT,192,5,,,0,1
6393,MUTANT_ANNOTATED_SINGLE_METHOD,ATTACK_DEPENDENCIES,192,5,2037,,0,1
6394,TEST_FULL_SUITE_PLUS_DEFAULT,DEFEND_ONE_FROM_MANY,192,6,,2594,0,1
6395,TEST_FULL_SUITE_PLUS_DEFAULT,DEFEND_ONE_FROM_MANY,192,6,,2595,0,1
6396,MUTANT_ANNOTATED_SINGLE_METHOD,ATTACK_DEFAULT,192,5,,,0,1
6397,MUTANT_ANNOTATED_SINGLE_METHOD,ATTACK_DEPENDENCIES,192,5,2038,,0,1
6398,TEST_FULL_SUITE_PLUS_DEFAULT,DEFEND_ONE_FROM_MANY,192,6,,2596,0,1
6399,MUTANT_ANNOTATED_SINGLE_METHOD,ATTACK_DEFAULT,192,5,,,0,1
6400,MUTANT_ANNOTATED_SINGLE_METHOD,ATTACK_DEPENDENCIES,192,5,2039,,0,1
6401,TEST_FULL_SUITE_PLUS_DEFAULT,DEFEND_ONE_FROM_MANY,192,6,,2597,0,1
6402,TEST_FULL_SUITE_PLUS_DEFAULT,DEFEND_ONE_FROM_MANY,192,6,,2598,0,1
6403,MUTANT_ANNOTATED_SINGLE_METHOD,ATTACK_DEFAULT,192,5,,,0,1
6404,MUTANT_ANNOTATED_SINGLE_METHOD,ATTACK_DEPENDENCIES,192,5,2040,,0,1
6405,TEST_FULL_SUITE_PLUS_DEFAULT,DEFEND_ONE_FROM_MANY,192,6,,2599,0,1
6406,MUTANT_ANNOTATED_SINGLE_METHOD,ATTACK_DEFAULT,192,5,,,0,1
6407,MUTANT_ANNOTATED_SINGLE_METHOD,ATTACK_DEPENDENCIES,192,5,2041,,0,1
6408,TEST_FULL_SUITE_PLUS_DEFAULT,DEFEND_ONE_FROM_MANY,192,6,,2600,0,1
6409,MUTANT_ANNOTATED_SINGLE_METHOD,ATTACK_DEFAULT,192,5,,,0,1
6410,MUTANT_ANNOTATED_SINGLE_METHOD,ATTACK_DEPENDENCIES,192,5,2042,,0,1
6411,TEST_FULL_SUITE_PLUS_DEFAULT,DEFEND_ONE_FROM_MANY,192,6,,2601,0,1
6412,MUTANT_ANNOTATED_SINGLE_METHOD,ATTACK_DEFAULT,192,5,,,0,1
6413,MUTANT_ANNOTATED_SINGLE_METHOD,ATTACK_DEPENDENCIES,192,5,2043,,0,1
6414,TEST_FULL_SUITE_PLUS_DEFAULT,DEFEND_ONE_FROM_MANY,192,6,,2602,0,1
6415,MUTANT_ANNOTATED_SINGLE_METHOD,ATTACK_DEFAULT,192,5,,,0,1
6416,MUTANT_ANNOTATED_SINGLE_METHOD,ATTACK_DEPENDENCIES,192,5,2044,,0,1
6417,TEST_FULL_SUITE_PLUS_DEFAULT,DEFEND_ONE_FROM_MANY,192,6,,2603,0,1
6418,MUTANT_ANNOTATED_SINGLE_METHOD,ATTACK_DEFAULT,192,5,,,0,1
6419,MUTANT_ANNOTATED_SINGLE_METHOD,ATTACK_DEPENDENCIES,192,5,2045,,0,1
6420,TEST_FULL_SUITE_PLUS_DEFAULT,DEFEND_ONE_FROM_MANY,192,6,,2604,0,1
6421,MUTANT_ANNOTATED_SINGLE_METHOD,ATTACK_EQUIVALENCE,192,5,,,0,1
6422,TEST_FULL_SUITE_PLUS_DEFAULT,DEFEND_ONE_FROM_MANY,192,6,,2606,0,1
6423,MUTANT_ANNOTATED_SINGLE_METHOD,ATTACK_DEFAULT,192,5,,,0,1
6424,MUTANT_ANNOTATED_SINGLE_METHOD,ATTACK_DEPENDENCIES,192,5,2046,,0,1
6425,TEST_FULL_SUITE_PLUS_DEFAULT,DEFEND_ONE_FROM_MANY,192,6,,2607,0,1
6426,MUTANT_ANNOTATED_SINGLE_METHOD,ATTACK_DEFAULT,192,5,,,0,1
6427,MUTANT_ANNOTATED_SINGLE_METHOD,ATTACK_DEPENDENCIES,192,5,2047,,0,1
6428,TEST_FULL_SUITE_PLUS_DEFAULT,DEFEND_ONE_FROM_MANY,192,6,,2608,0,1
6429,TEST_FULL_SUITE_PLUS_DEFAULT,DEFEND_FOCUS,192,6,,2610,0,1
6430,MUTANT_ANNOTATED_SINGLE_METHOD,ATTACK_DEFAULT,192,5,,,0,1
6431,MUTANT_ANNOTATED_SINGLE_METHOD,ATTACK_DEPENDENCIES,192,5,2048,,0,1
6432,TEST_FULL_SUITE_PLUS_DEFAULT,DEFEND_DEFAULT,192,6,,2611,0,1
6433,MUTANT_ANNOTATED_SINGLE_METHOD,ATTACK_EQUIVALENCE,192,5,,,0,1
6434,MUTANT_ANNOTATED_SINGLE_METHOD,ATTACK_DEFAULT,192,5,,,0,1
6435,MUTANT_ANNOTATED_SINGLE_METHOD,ATTACK_DEPENDENCIES,192,5,2049,,0,1
6436,TEST_FULL_SUITE_PLUS_DEFAULT,DEFEND_DEFAULT,192,6,,,0,0
6437,MUTANT_ANNOTATED_SINGLE_METHOD,ATTACK_DEFAULT,192,5,,,0,1
6438,MUTANT_ANNOTATED_SINGLE_METHOD,ATTACK_DEPENDENCIES,192,5,2050,,0,1
6439,MUTANT_ANNOTATED_SINGLE_METHOD,ATTACK_DEFAULT,192,5,,,0,1
6440,TEST_FULL_SUITE_PLUS_DEFAULT,DEFEND_DEFAULT,192,6,,2613,0,1
6441,MUTANT_ANNOTATED_SINGLE_METHOD,ATTACK_DEPENDENCIES,192,5,2051,,0,1
6442,TEST_FULL_SUITE_PLUS_DEFAULT,DEFEND_DEFAULT,192,6,,2616,0,1
6443,MUTANT_ANNOTATED_SINGLE_METHOD,ATTACK_DEFAULT,192,5,,,0,1
6444,MUTANT_ANNOTATED_SINGLE_METHOD,ATTACK_DEPENDENCIES,192,5,2052,,0,1
6445,MUTANT_ANNOTATED_SINGLE_METHOD,ATTACK_DEFAULT,192,5,,,0,1
6446,MUTANT_ANNOTATED_SINGLE_METHOD,ATTACK_DEPENDENCIES,192,5,2053,,0,1
6447,TEST_FULL_SUITE_PLUS_DEFAULT,DEFEND_FOCUS,192,6,,2614,0,1
6448,MUTANT_ANNOTATED_SINGLE_METHOD,ATTACK_DEFAULT,192,5,,,0,1
6449,MUTANT_ANNOTATED_SINGLE_METHOD,ATTACK_DEPENDENCIES,192,5,2054,,0,1
6450,TEST_FULL_SUITE_PLUS_DEFAULT,DEFEND_FOCUS,192,6,,2615,0,1
6451,MUTANT_ANNOTATED_SINGLE_METHOD,ATTACK_DEFAULT,192,5,,,0,1
6452,MUTANT_ANNOTATED_SINGLE_METHOD,ATTACK_DEPENDENCIES,192,5,2055,,0,1
6453,TEST_FULL_SUITE_PLUS_DEFAULT,DEFEND_DEFAULT,192,6,,2617,0,1
6454,MUTANT_ANNOTATED_SINGLE_METHOD,ATTACK_DEFAULT,192,5,,,0,1
6455,MUTANT_ANNOTATED_SINGLE_METHOD,ATTACK_DEPENDENCIES,192,5,2056,,0,1
6456,TEST_FULL_SUITE_PLUS_DEFAULT,DEFEND_DEFAULT,192,6,,2619,0,1
6457,MUTANT_ANNOTATED_SINGLE_METHOD,ATTACK_DEFAULT,192,5,,,0,1
6458,MUTANT_ANNOTATED_SINGLE_METHOD,ATTACK_DEPENDENCIES,192,5,2057,,0,1
6459,MUTANT_ANNOTATED_SINGLE_METHOD,ATTACK_EQUIVALENCE,192,5,,,0,1
6460,MUTANT_ANNOTATED_SINGLE_METHOD,ATTACK_DEFAULT,192,5,,,0,1
6461,TEST_FULL_SUITE_PLUS_DEFAULT,DEFEND_DEFAULT,192,6,,2620,0,1
6462,MUTANT_ANNOTATED_SINGLE_METHOD,ATTACK_DEPENDENCIES,192,5,2058,,0,1
6463,MUTANT_ANNOTATED_SINGLE_METHOD,ATTACK_DEFAULT,192,5,,,0,1
6464,MUTANT_ANNOTATED_SINGLE_METHOD,ATTACK_DEPENDENCIES,192,5,,,0,0
6465,TEST_FULL_SUITE_PLUS_DEFAULT,DEFEND_DEFAULT,192,6,,2621,0,1
6466,TEST_FULL_SUITE_PLUS_DEFAULT,DEFEND_DEFAULT,192,6,,2622,0,1
6467,MUTANT_ANNOTATED_SINGLE_METHOD,ATTACK_DEPENDENCIES,192,5,,,0,0
6468,TEST_FULL_SUITE_PLUS_DEFAULT,DEFEND_DEFAULT,192,6,,2624,0,1
6469,MUTANT_ANNOTATED_SINGLE_METHOD,ATTACK_DEPENDENCIES,192,5,,,0,0
6470,TEST_FULL_SUITE_PLUS_DEFAULT,DEFEND_DEFAULT,192,6,,2625,0,1
6471,MUTANT_ANNOTATED_SINGLE_METHOD,ATTACK_DEPENDENCIES,192,5,,,0,0
6472,TEST_FULL_SUITE_PLUS_DEFAULT,DEFEND_DEFAULT,192,6,,2626,0,1
6473,TEST_FULL_SUITE_PLUS_DEFAULT,DEFEND_DEFAULT,192,6,,2627,0,1
6474,MUTANT_ANNOTATED_SINGLE_METHOD,ATTACK_DEPENDENCIES,192,5,,,0,0
6475,TEST_FULL_SUITE_PLUS_DEFAULT,DEFEND_DEFAULT,192,6,,2628,0,1
6476,MUTANT_ANNOTATED_SINGLE_METHOD,ATTACK_DEPENDENCIES,192,5,,,0,0
6477,TEST_FULL_SUITE_PLUS_DEFAULT,DEFEND_DEFAULT,192,6,,2629,0,1
6478,MUTANT_ANNOTATED_SINGLE_METHOD,ATTACK_DEPENDENCIES,192,5,,,0,0
6479,TEST_FULL_SUITE_PLUS_DEFAULT,DEFEND_DEFAULT,192,6,,2630,0,1
6480,MUTANT_ANNOTATED_SINGLE_METHOD,ATTACK_DEPENDENCIES,192,5,,,0,0
6481,TEST_FULL_SUITE_PLUS_DEFAULT,DEFEND_DEFAULT,192,6,,2631,0,1
6482,TEST_FULL_SUITE_PLUS_DEFAULT,DEFEND_DEFAULT,192,6,,2632,0,1
6483,MUTANT_ANNOTATED_SINGLE_METHOD,ATTACK_DEPENDENCIES,192,5,,,0,0
6484,MUTANT_ANNOTATED_SINGLE_METHOD,ATTACK_DEPENDENCIES,192,5,,,0,0
6485,TEST_FULL_SUITE_PLUS_DEFAULT,DEFEND_DEFAULT,192,6,,,1,0
6486,MUTANT_ANNOTATED_SINGLE_METHOD,ATTACK_DEPENDENCIES,192,5,,,1,0
6487,MUTANT_ANNOTATED_SINGLE_METHOD,ATTACK_DEFAULT,193,5,,,0,1
6488,TEST_FULL_SUITE_PLUS_DEFAULT,DEFEND_DEFAULT,193,6,,,0,1
6489,MUTANT_ANNOTATED_SINGLE_METHOD,ATTACK_DEPENDENCIES,193,5,2059,,0,1
6490,TEST_FULL_SUITE_PLUS_DEFAULT,DEFEND_ONE_FROM_MANY,193,6,,,0,1
6491,TEST_FULL_SUITE_PLUS_DEFAULT,DEFEND_ONE_FROM_MANY,193,6,,2634,0,1
6492,MUTANT_ANNOTATED_SINGLE_METHOD,ATTACK_DEFAULT,193,5,,,0,1
6493,MUTANT_ANNOTATED_SINGLE_METHOD,ATTACK_DEPENDENCIES,193,5,2060,,0,1
6494,TEST_FULL_SUITE_PLUS_DEFAULT,DEFEND_ONE_FROM_MANY,193,6,,2635,0,1
6495,MUTANT_ANNOTATED_SINGLE_METHOD,ATTACK_DEFAULT,193,5,,,0,1
6496,MUTANT_ANNOTATED_SINGLE_METHOD,ATTACK_DEPENDENCIES,193,5,2061,,0,1
6497,TEST_FULL_SUITE_PLUS_DEFAULT,DEFEND_ONE_FROM_MANY,193,6,,2636,0,1
6498,MUTANT_ANNOTATED_SINGLE_METHOD,ATTACK_DEFAULT,193,5,,,0,1
6499,MUTANT_ANNOTATED_SINGLE_METHOD,ATTACK_DEPENDENCIES,193,5,2062,,0,1
6500,TEST_FULL_SUITE_PLUS_DEFAULT,DEFEND_ONE_FROM_MANY,193,6,,2637,0,1
6501,MUTANT_ANNOTATED_SINGLE_METHOD,ATTACK_DEFAULT,193,5,,,0,1
6502,MUTANT_ANNOTATED_SINGLE_METHOD,ATTACK_DEPENDENCIES,193,5,2063,,0,1
6503,TEST_FULL_SUITE_PLUS_DEFAULT,DEFEND_ONE_FROM_MANY,193,6,,2638,0,1
6504,MUTANT_ANNOTATED_SINGLE_METHOD,ATTACK_DEFAULT,193,5,,,0,1
6505,MUTANT_ANNOTATED_SINGLE_METHOD,ATTACK_DEPENDENCIES,193,5,2064,,0,1
6506,TEST_FULL_SUITE_PLUS_DEFAULT,DEFEND_ONE_FROM_MANY,193,6,,2639,0,1
6507,MUTANT_ANNOTATED_SINGLE_METHOD,ATTACK_DEFAULT,193,5,,,0,1
6508,MUTANT_ANNOTATED_SINGLE_METHOD,ATTACK_DEPENDENCIES,193,5,2065,,0,1
6509,TEST_FULL_SUITE_PLUS_DEFAULT,DEFEND_ONE_FROM_MANY,193,6,,2640,0,1
6510,MUTANT_ANNOTATED_SINGLE_METHOD,ATTACK_DEFAULT,193,5,,,0,1
6511,MUTANT_ANNOTATED_SINGLE_METHOD,ATTACK_DEPENDENCIES,193,5,2066,,0,1
6512,TEST_FULL_SUITE_PLUS_DEFAULT,DEFEND_ONE_FROM_MANY,193,6,,2641,0,1
6513,MUTANT_ANNOTATED_SINGLE_METHOD,ATTACK_DEFAULT,193,5,,,0,1
6514,MUTANT_ANNOTATED_SINGLE_METHOD,ATTACK_DEPENDENCIES,193,5,2067,,0,1
6515,TEST_FULL_SUITE_PLUS_DEFAULT,DEFEND_ONE_FROM_MANY,193,6,,2642,0,1
6516,MUTANT_ANNOTATED_SINGLE_METHOD,ATTACK_DEFAULT,193,5,,,0,1
6517,MUTANT_ANNOTATED_SINGLE_METHOD,ATTACK_DEPENDENCIES,193,5,2068,,0,1
6518,TEST_FULL_SUITE_PLUS_DEFAULT,DEFEND_ONE_FROM_MANY,193,6,,2643,0,1
6519,TEST_FULL_SUITE_PLUS_DEFAULT,DEFEND_ONE_FROM_MANY,193,6,,2644,0,1
6520,MUTANT_ANNOTATED_SINGLE_METHOD,ATTACK_DEFAULT,193,5,,,0,1
6521,MUTANT_ANNOTATED_SINGLE_METHOD,ATTACK_DEPENDENCIES,193,5,2069,,0,1
6522,TEST_FULL_SUITE_PLUS_DEFAULT,DEFEND_ONE_FROM_MANY,193,6,,2645,0,1
6523,TEST_FULL_SUITE_PLUS_DEFAULT,DEFEND_ONE_FROM_MANY,193,6,,2646,0,1
6524,MUTANT_ANNOTATED_SINGLE_METHOD,ATTACK_DEFAULT,193,5,,,0,1
6525,MUTANT_ANNOTATED_SINGLE_METHOD,ATTACK_DEPENDENCIES,193,5,2070,,0,1
6526,TEST_FULL_SUITE_PLUS_DEFAULT,DEFEND_ONE_FROM_MANY,193,6,,2647,0,1
6527,TEST_FULL_SUITE_PLUS_DEFAULT,DEFEND_ONE_FROM_MANY,193,6,,2648,0,1
6528,MUTANT_ANNOTATED_SINGLE_METHOD,ATTACK_DEFAULT,193,5,,,0,1
6529,MUTANT_ANNOTATED_SINGLE_METHOD,ATTACK_DEPENDENCIES,193,5,2071,,0,1
6530,TEST_FULL_SUITE_PLUS_DEFAULT,DEFEND_ONE_FROM_MANY,193,6,,2649,0,1
6531,MUTANT_ANNOTATED_SINGLE_METHOD,ATTACK_DEFAULT,193,5,,,0,1
6532,MUTANT_ANNOTATED_SINGLE_METHOD,ATTACK_DEPENDENCIES,193,5,2072,,0,1
6533,TEST_FULL_SUITE_PLUS_DEFAULT,DEFEND_ONE_FROM_MANY,193,6,,2650,0,1
6534,MUTANT_ANNOTATED_SINGLE_METHOD,ATTACK_DEFAULT,193,5,,,0,1
6535,MUTANT_ANNOTATED_SINGLE_METHOD,ATTACK_DEPENDENCIES,193,5,2073,,0,1
6536,TEST_FULL_SUITE_PLUS_DEFAULT,DEFEND_ONE_FROM_MANY,193,6,,2651,0,1
6537,MUTANT_ANNOTATED_SINGLE_METHOD,ATTACK_DEFAULT,193,5,,,0,1
6538,MUTANT_ANNOTATED_SINGLE_METHOD,ATTACK_DEPENDENCIES,193,5,2074,,0,1
6539,TEST_FULL_SUITE_PLUS_DEFAULT,DEFEND_ONE_FROM_MANY,193,6,,2652,0,1
6540,MUTANT_ANNOTATED_SINGLE_METHOD,ATTACK_DEFAULT,193,5,,,0,1
6541,MUTANT_ANNOTATED_SINGLE_METHOD,ATTACK_DEPENDENCIES,193,5,2075,,0,1
6542,TEST_FULL_SUITE_PLUS_DEFAULT,DEFEND_ONE_FROM_MANY,193,6,,2653,0,1
6543,MUTANT_ANNOTATED_SINGLE_METHOD,ATTACK_DEFAULT,193,5,,,0,1
6544,MUTANT_ANNOTATED_SINGLE_METHOD,ATTACK_DEPENDENCIES,193,5,2076,,0,1
6545,TEST_FULL_SUITE_PLUS_DEFAULT,DEFEND_ONE_FROM_MANY,193,6,,2654,0,1
6546,MUTANT_ANNOTATED_SINGLE_METHOD,ATTACK_DEFAULT,193,5,,,0,1
6547,MUTANT_ANNOTATED_SINGLE_METHOD,ATTACK_DEPENDENCIES,193,5,2077,,0,1
6548,TEST_FULL_SUITE_PLUS_DEFAULT,DEFEND_ONE_FROM_MANY,193,6,,2655,0,1
6549,MUTANT_ANNOTATED_SINGLE_METHOD,ATTACK_DEFAULT,193,5,,,0,1
6550,TEST_FULL_SUITE_PLUS_DEFAULT,DEFEND_FOCUS,193,6,,2656,0,1
6551,MUTANT_ANNOTATED_SINGLE_METHOD,ATTACK_DEPENDENCIES,193,5,2078,,0,1
6552,MUTANT_ANNOTATED_SINGLE_METHOD,ATTACK_DEFAULT,193,5,,,0,1
6553,TEST_FULL_SUITE_PLUS_DEFAULT,DEFEND_FOCUS,193,6,,2657,0,1
6554,MUTANT_ANNOTATED_SINGLE_METHOD,ATTACK_DEPENDENCIES,193,5,2079,,0,1
6555,TEST_FULL_SUITE_PLUS_DEFAULT,DEFEND_FOCUS,193,6,,2658,0,1
6556,MUTANT_ANNOTATED_SINGLE_METHOD,ATTACK_DEFAULT,193,5,,,0,1
6557,MUTANT_ANNOTATED_SINGLE_METHOD,ATTACK_DEPENDENCIES,193,5,2080,,0,1
6558,TEST_FULL_SUITE_PLUS_DEFAULT,DEFEND_FOCUS,193,6,,2659,0,1
6559,MUTANT_ANNOTATED_SINGLE_METHOD,ATTACK_DEFAULT,193,5,,,0,1
6560,MUTANT_ANNOTATED_SINGLE_METHOD,ATTACK_DEPENDENCIES,193,5,,,0,0
6561,TEST_FULL_SUITE_PLUS_DEFAULT,DEFEND_FOCUS,193,6,,2660,0,1
6562,MUTANT_ANNOTATED_SINGLE_METHOD,ATTACK_DEPENDENCIES,193,5,2081,,0,1
6563,TEST_FULL_SUITE_PLUS_DEFAULT,DEFEND_DEFAULT,193,6,,2661,0,1
6564,MUTANT_ANNOTATED_SINGLE_METHOD,ATTACK_EQUIVALENCE,193,5,,,0,1
6565,MUTANT_ANNOTATED_SINGLE_METHOD,ATTACK_EQUIVALENCE,193,5,,,0,1
6566,MUTANT_ANNOTATED_SINGLE_METHOD,ATTACK_EQUIVALENCE,193,5,,,0,1
6567,TEST_FULL_SUITE_PLUS_DEFAULT,DEFEND_DEFAULT,193,6,,2665,0,1
6568,MUTANT_ANNOTATED_SINGLE_METHOD,ATTACK_EQUIVALENCE,193,5,,,0,1
6569,TEST_FULL_SUITE_PLUS_DEFAULT,DEFEND_DEFAULT,193,6,,2669,0,1
6570,MUTANT_ANNOTATED_SINGLE_METHOD,ATTACK_DEFAULT,193,5,,,0,1
6571,MUTANT_ANNOTATED_SINGLE_METHOD,ATTACK_DEPENDENCIES,193,5,2082,,0,1
6572,MUTANT_ANNOTATED_SINGLE_METHOD,ATTACK_DEFAULT,193,5,,,0,1
6573,MUTANT_ANNOTATED_SINGLE_METHOD,ATTACK_DEPENDENCIES,193,5,2083,,0,1
6574,MUTANT_ANNOTATED_SINGLE_METHOD,ATTACK_DEFAULT,193,5,,,0,1
6575,MUTANT_ANNOTATED_SINGLE_METHOD,ATTACK_DEPENDENCIES,193,5,2084,,0,1
6576,TEST_FULL_SUITE_PLUS_DEFAULT,DEFEND_DEFAULT,193,6,,2670,0,1
6577,MUTANT_ANNOTATED_SINGLE_METHOD,ATTACK_DEFAULT,193,5,,,0,1
6578,MUTANT_ANNOTATED_SINGLE_METHOD,ATTACK_DEPENDENCIES,193,5,2085,,0,1
6579,TEST_FULL_SUITE_PLUS_DEFAULT,DEFEND_DEFAULT,193,6,,2671,0,1
6580,MUTANT_ANNOTATED_SINGLE_METHOD,ATTACK_DEFAULT,193,5,,,0,1
6581,MUTANT_ANNOTATED_SINGLE_METHOD,ATTACK_DEPENDENCIES,193,5,2086,,0,1
6582,TEST_FULL_SUITE_PLUS_DEFAULT,DEFEND_DEFAULT,193,6,,2672,0,1
6583,MUTANT_ANNOTATED_SINGLE_METHOD,ATTACK_DEFAULT,193,5,,,0,1
6584,MUTANT_ANNOTATED_SINGLE_METHOD,ATTACK_DEPENDENCIES,193,5,2087,,0,1
6585,TEST_FULL_SUITE_PLUS_DEFAULT,DEFEND_DEFAULT,193,6,,2673,0,1
6586,MUTANT_ANNOTATED_SINGLE_METHOD,ATTACK_DEFAULT,193,5,,,0,1
6587,MUTANT_ANNOTATED_SINGLE_METHOD,ATTACK_DEPENDENCIES,193,5,2088,,0,1
6588,TEST_FULL_SUITE_PLUS_DEFAULT,DEFEND_DEFAULT,193,6,,2674,0,1
6589,MUTANT_ANNOTATED_SINGLE_METHOD,ATTACK_DEFAULT,193,5,,,0,1
6590,MUTANT_ANNOTATED_SINGLE_METHOD,ATTACK_DEPENDENCIES,193,5,2089,,0,1
6591,TEST_FULL_SUITE_PLUS_DEFAULT,DEFEND_DEFAULT,193,6,,2675,0,1
6592,MUTANT_ANNOTATED_SINGLE_METHOD,ATTACK_DEFAULT,193,5,,,0,1
6593,MUTANT_ANNOTATED_SINGLE_METHOD,ATTACK_DEPENDENCIES,193,5,2090,,0,1
6594,TEST_FULL_SUITE_PLUS_DEFAULT,DEFEND_DEFAULT,193,6,,2676,0,1
6595,MUTANT_ANNOTATED_SINGLE_METHOD,ATTACK_EQUIVALENCE,193,5,,,0,1
6596,MUTANT_ANNOTATED_SINGLE_METHOD,ATTACK_DEFAULT,193,5,,,0,1
6597,MUTANT_ANNOTATED_SINGLE_METHOD,ATTACK_DEPENDENCIES,193,5,2091,,0,1
6598,TEST_FULL_SUITE_PLUS_DEFAULT,DEFEND_DEFAULT,193,6,,2678,0,1
6599,MUTANT_ANNOTATED_SINGLE_METHOD,ATTACK_DEFAULT,193,5,,,0,1
6600,MUTANT_ANNOTATED_SINGLE_METHOD,ATTACK_DEPENDENCIES,193,5,2092,,0,1
6601,TEST_FULL_SUITE_PLUS_DEFAULT,DEFEND_DEFAULT,193,6,,2680,0,1
6602,MUTANT_ANNOTATED_SINGLE_METHOD,ATTACK_DEFAULT,193,5,,,0,1
6603,MUTANT_ANNOTATED_SINGLE_METHOD,ATTACK_DEPENDENCIES,193,5,2093,,0,1
6604,MUTANT_ANNOTATED_SINGLE_METHOD,ATTACK_DEFAULT,193,5,,,0,1
6605,MUTANT_ANNOTATED_SINGLE_METHOD,ATTACK_DEPENDENCIES,193,5,2094,,0,1
6606,TEST_FULL_SUITE_PLUS_DEFAULT,DEFEND_DEFAULT,193,6,,2681,0,1
6607,MUTANT_ANNOTATED_SINGLE_METHOD,ATTACK_DEFAULT,193,5,,,0,1
6608,MUTANT_ANNOTATED_SINGLE_METHOD,ATTACK_DEPENDENCIES,193,5,2095,,0,1
6609,TEST_FULL_SUITE_PLUS_DEFAULT,DEFEND_DEFAULT,193,6,,2682,0,1
6610,MUTANT_ANNOTATED_SINGLE_METHOD,ATTACK_EQUIVALENCE,193,5,,,0,1
6611,MUTANT_ANNOTATED_SINGLE_METHOD,ATTACK_DEFAULT,193,5,,,0,1
6612,MUTANT_ANNOTATED_SINGLE_METHOD,ATTACK_DEPENDENCIES,193,5,2096,,0,1
6613,TEST_FULL_SUITE_PLUS_DEFAULT,DEFEND_DEFAULT,193,6,,2686,0,1
6614,MUTANT_ANNOTATED_SINGLE_METHOD,ATTACK_DEFAULT,193,5,,,0,1
6615,MUTANT_ANNOTATED_SINGLE_METHOD,ATTACK_DEPENDENCIES,193,5,2097,,0,1
6616,MUTANT_ANNOTATED_SINGLE_METHOD,ATTACK_DEFAULT,193,5,,,0,1
6617,MUTANT_ANNOTATED_SINGLE_METHOD,ATTACK_DEPENDENCIES,193,5,2098,,0,1
6618,MUTANT_ANNOTATED_SINGLE_METHOD,ATTACK_DEFAULT,193,5,,,0,1
6619,MUTANT_ANNOTATED_SINGLE_METHOD,ATTACK_DEPENDENCIES,193,5,2099,,0,1
6620,TEST_FULL_SUITE_PLUS_DEFAULT,DEFEND_DEFAULT,193,6,,2687,0,1
6621,MUTANT_ANNOTATED_SINGLE_METHOD,ATTACK_EQUIVALENCE,193,5,,,0,1
6622,TEST_FULL_SUITE_PLUS_DEFAULT,DEFEND_DEFAULT,193,6,,2689,0,1
6623,MUTANT_ANNOTATED_SINGLE_METHOD,ATTACK_DEFAULT,193,5,,,0,1
6624,TEST_FULL_SUITE_PLUS_DEFAULT,DEFEND_DEFAULT,193,6,,2690,0,1
6625,MUTANT_ANNOTATED_SINGLE_METHOD,ATTACK_DEPENDENCIES,193,5,2100,,0,1
6626,MUTANT_ANNOTATED_SINGLE_METHOD,ATTACK_DEFAULT,193,5,,,0,1
6627,TEST_FULL_SUITE_PLUS_DEFAULT,DEFEND_DEFAULT,193,6,,2691,0,1
6628,MUTANT_ANNOTATED_SINGLE_METHOD,ATTACK_DEPENDENCIES,193,5,2101,,0,1
6629,MUTANT_ANNOTATED_SINGLE_METHOD,ATTACK_DEFAULT,193,5,,,0,1
6630,TEST_FULL_SUITE_PLUS_DEFAULT,DEFEND_DEFAULT,193,6,,2692,0,1
6631,MUTANT_ANNOTATED_SINGLE_METHOD,ATTACK_DEPENDENCIES,193,5,2102,,0,1
6632,MUTANT_ANNOTATED_SINGLE_METHOD,ATTACK_DEFAULT,193,5,,,0,1
6633,TEST_FULL_SUITE_PLUS_DEFAULT,DEFEND_DEFAULT,193,6,,2693,0,1
6634,MUTANT_ANNOTATED_SINGLE_METHOD,ATTACK_DEPENDENCIES,193,5,2103,,0,1
6635,MUTANT_ANNOTATED_SINGLE_METHOD,ATTACK_DEFAULT,193,5,,,0,1
6636,TEST_FULL_SUITE_PLUS_DEFAULT,DEFEND_DEFAULT,193,6,,2694,0,1
6637,MUTANT_ANNOTATED_SINGLE_METHOD,ATTACK_DEPENDENCIES,193,5,2104,,0,1
6638,MUTANT_ANNOTATED_SINGLE_METHOD,ATTACK_DEFAULT,193,5,,,0,1
6639,TEST_FULL_SUITE_PLUS_DEFAULT,DEFEND_DEFAULT,193,6,,2695,0,1
6640,MUTANT_ANNOTATED_SINGLE_METHOD,ATTACK_DEPENDENCIES,193,5,2105,,0,1
6641,TEST_FULL_SUITE_PLUS_DEFAULT,DEFEND_DEFAULT,193,6,,2696,0,1
6642,MUTANT_ANNOTATED_SINGLE_METHOD,ATTACK_DEFAULT,193,5,,,0,1
6643,MUTANT_ANNOTATED_SINGLE_METHOD,ATTACK_DEPENDENCIES,193,5,2106,,0,1
6644,TEST_FULL_SUITE_PLUS_DEFAULT,DEFEND_DEFAULT,193,6,,2697,0,1
6645,MUTANT_ANNOTATED_SINGLE_METHOD,ATTACK_DEFAULT,193,5,,,0,1
6646,MUTANT_ANNOTATED_SINGLE_METHOD,ATTACK_DEPENDENCIES,193,5,2107,,0,1
6647,TEST_FULL_SUITE_PLUS_DEFAULT,DEFEND_DEFAULT,193,6,,2698,0,1
6648,MUTANT_ANNOTATED_SINGLE_METHOD,ATTACK_DEFAULT,193,5,,,0,1
6649,MUTANT_ANNOTATED_SINGLE_METHOD,ATTACK_DEPENDENCIES,193,5,,,1,0
6650,TEST_FULL_SUITE_PLUS_DEFAULT,DEFEND_DEFAULT,193,6,,2699,0,1
6651,MUTANT_ANNOTATED_SINGLE_METHOD,ATTACK_DEFAULT,194,5,,,0,1
6652,TEST_FULL_SUITE_PLUS_DEFAULT,DEFEND_DEFAULT,194,6,,,0,1
6653,MUTANT_ANNOTATED_SINGLE_METHOD,ATTACK_DEPENDENCIES,194,5,2108,,0,1
6654,TEST_FULL_SUITE_PLUS_DEFAULT,DEFEND_ONE_FROM_MANY,194,6,,,0,1
6655,TEST_FULL_SUITE_PLUS_DEFAULT,DEFEND_ONE_FROM_MANY,194,6,,2700,0,1
6656,MUTANT_ANNOTATED_SINGLE_METHOD,ATTACK_DEFAULT,194,5,,,0,1
6657,MUTANT_ANNOTATED_SINGLE_METHOD,ATTACK_DEPENDENCIES,194,5,2109,,0,1
6658,TEST_FULL_SUITE_PLUS_DEFAULT,DEFEND_ONE_FROM_MANY,194,6,,2701,0,1
6659,MUTANT_ANNOTATED_SINGLE_METHOD,ATTACK_DEFAULT,194,5,,,0,1
6660,MUTANT_ANNOTATED_SINGLE_METHOD,ATTACK_DEPENDENCIES,194,5,2110,,0,1
6661,TEST_FULL_SUITE_PLUS_DEFAULT,DEFEND_ONE_FROM_MANY,194,6,,2702,0,1
6662,MUTANT_ANNOTATED_SINGLE_METHOD,ATTACK_DEFAULT,194,5,,,0,1
6663,MUTANT_ANNOTATED_SINGLE_METHOD,ATTACK_DEPENDENCIES,194,5,2111,,0,1
6664,TEST_FULL_SUITE_PLUS_DEFAULT,DEFEND_ONE_FROM_MANY,194,6,,2703,0,1
6665,TEST_FULL_SUITE_PLUS_DEFAULT,DEFEND_ONE_FROM_MANY,194,6,,2704,0,1
6666,MUTANT_ANNOTATED_SINGLE_METHOD,ATTACK_DEFAULT,194,5,,,0,1
6667,MUTANT_ANNOTATED_SINGLE_METHOD,ATTACK_DEPENDENCIES,194,5,2112,,0,1
6668,TEST_FULL_SUITE_PLUS_DEFAULT,DEFEND_ONE_FROM_MANY,194,6,,2705,0,1
6669,MUTANT_ANNOTATED_SINGLE_METHOD,ATTACK_DEFAULT,194,5,,,0,1
6670,MUTANT_ANNOTATED_SINGLE_METHOD,ATTACK_DEPENDENCIES,194,5,2113,,0,1
6671,TEST_FULL_SUITE_PLUS_DEFAULT,DEFEND_ONE_FROM_MANY,194,6,,2706,0,1
6672,MUTANT_ANNOTATED_SINGLE_METHOD,ATTACK_DEFAULT,194,5,,,0,1
6673,MUTANT_ANNOTATED_SINGLE_METHOD,ATTACK_DEPENDENCIES,194,5,2114,,0,1
6674,TEST_FULL_SUITE_PLUS_DEFAULT,DEFEND_ONE_FROM_MANY,194,6,,2707,0,1
6675,TEST_FULL_SUITE_PLUS_DEFAULT,DEFEND_ONE_FROM_MANY,194,6,,2708,0,1
6676,MUTANT_ANNOTATED_SINGLE_METHOD,ATTACK_DEFAULT,194,5,,,0,1
6677,MUTANT_ANNOTATED_SINGLE_METHOD,ATTACK_DEPENDENCIES,194,5,2115,,0,1
6678,TEST_FULL_SUITE_PLUS_DEFAULT,DEFEND_ONE_FROM_MANY,194,6,,2712,0,1
6679,MUTANT_ANNOTATED_SINGLE_METHOD,ATTACK_DEFAULT,194,5,,,0,1
6680,MUTANT_ANNOTATED_SINGLE_METHOD,ATTACK_DEPENDENCIES,194,5,2116,,0,1
6681,MUTANT_ANNOTATED_SINGLE_METHOD,ATTACK_DEFAULT,194,5,,,0,1
6682,MUTANT_ANNOTATED_SINGLE_METHOD,ATTACK_DEPENDENCIES,194,5,2117,,0,1
6683,MUTANT_ANNOTATED_SINGLE_METHOD,ATTACK_DEFAULT,194,5,,,0,1
6684,MUTANT_ANNOTATED_SINGLE_METHOD,ATTACK_DEPENDENCIES,194,5,2118,,0,1
6685,TEST_FULL_SUITE_PLUS_DEFAULT,DEFEND_ONE_FROM_MANY,194,6,,,0,1
6686,TEST_FULL_SUITE_PLUS_DEFAULT,DEFEND_ONE_FROM_MANY,194,6,,2713,0,1
6687,MUTANT_ANNOTATED_SINGLE_METHOD,ATTACK_DEFAULT,194,5,,,0,1
6688,MUTANT_ANNOTATED_SINGLE_METHOD,ATTACK_DEPENDENCIES,194,5,2119,,0,1
6689,TEST_FULL_SUITE_PLUS_DEFAULT,DEFEND_ONE_FROM_MANY,194,6,,2714,0,1
6690,MUTANT_ANNOTATED_SINGLE_METHOD,ATTACK_DEFAULT,194,5,,,0,1
6691,MUTANT_ANNOTATED_SINGLE_METHOD,ATTACK_DEPENDENCIES,194,5,2120,,0,1
6692,TEST_FULL_SUITE_PLUS_DEFAULT,DEFEND_ONE_FROM_MANY,194,6,,2715,0,1
6693,TEST_FULL_SUITE_PLUS_DEFAULT,DEFEND_ONE_FROM_MANY,194,6,,2716,0,1
6694,MUTANT_ANNOTATED_SINGLE_METHOD,ATTACK_DEFAULT,194,5,,,0,1
6695,MUTANT_ANNOTATED_SINGLE_METHOD,ATTACK_DEPENDENCIES,194,5,2121,,0,1
6696,TEST_FULL_SUITE_PLUS_DEFAULT,DEFEND_ONE_FROM_MANY,194,6,,2717,0,1
6697,MUTANT_ANNOTATED_SINGLE_METHOD,ATTACK_DEFAULT,194,5,,,0,1
6698,MUTANT_ANNOTATED_SINGLE_METHOD,ATTACK_DEPENDENCIES,194,5,2122,,0,1
6699,TEST_FULL_SUITE_PLUS_DEFAULT,DEFEND_ONE_FROM_MANY,194,6,,2718,0,1
6700,MUTANT_ANNOTATED_SINGLE_METHOD,ATTACK_DEFAULT,194,5,,,0,1
6701,MUTANT_ANNOTATED_SINGLE_METHOD,ATTACK_DEPENDENCIES,194,5,2123,,0,1
6702,TEST_FULL_SUITE_PLUS_DEFAULT,DEFEND_ONE_FROM_MANY,194,6,,2719,0,1
6703,TEST_FULL_SUITE_PLUS_DEFAULT,DEFEND_ONE_FROM_MANY,194,6,,2720,0,1
6704,MUTANT_ANNOTATED_SINGLE_METHOD,ATTACK_DEFAULT,194,5,,,0,1
6705,MUTANT_ANNOTATED_SINGLE_METHOD,ATTACK_DEPENDENCIES,194,5,2124,,0,1
6706,TEST_FULL_SUITE_PLUS_DEFAULT,DEFEND_ONE_FROM_MANY,194,6,,2721,0,1
6707,MUTANT_ANNOTATED_SINGLE_METHOD,ATTACK_DEFAULT,194,5,,,0,1
6708,MUTANT_ANNOTATED_SINGLE_METHOD,ATTACK_DEPENDENCIES,194,5,2125,,0,1
6709,TEST_FULL_SUITE_PLUS_DEFAULT,DEFEND_ONE_FROM_MANY,194,6,,2722,0,1
6710,MUTANT_ANNOTATED_SINGLE_METHOD,ATTACK_DEFAULT,194,5,,,0,1
6711,MUTANT_ANNOTATED_SINGLE_METHOD,ATTACK_DEPENDENCIES,194,5,2126,,0,1
6712,TEST_FULL_SUITE_PLUS_DEFAULT,DEFEND_FOCUS,194,6,,2723,0,1
6713,MUTANT_ANNOTATED_SINGLE_METHOD,ATTACK_DEFAULT,194,5,,,0,1
6714,MUTANT_ANNOTATED_SINGLE_METHOD,ATTACK_DEPENDENCIES,194,5,2127,,0,1
6715,TEST_FULL_SUITE_PLUS_DEFAULT,DEFEND_FOCUS,194,6,,2725,0,1
6716,MUTANT_ANNOTATED_SINGLE_METHOD,ATTACK_DEFAULT,194,5,,,0,1
6717,MUTANT_ANNOTATED_SINGLE_METHOD,ATTACK_DEPENDENCIES,194,5,2128,,0,1
6718,MUTANT_ANNOTATED_SINGLE_METHOD,ATTACK_DEFAULT,194,5,,,0,1
6719,TEST_FULL_SUITE_PLUS_DEFAULT,DEFEND_DEFAULT,194,6,,2726,0,1
6720,MUTANT_ANNOTATED_SINGLE_METHOD,ATTACK_DEPENDENCIES,194,5,2129,,0,1
6721,MUTANT_ANNOTATED_SINGLE_METHOD,ATTACK_DEFAULT,194,5,,,0,1
6722,TEST_FULL_SUITE_PLUS_DEFAULT,DEFEND_DEFAULT,194,6,,2727,0,1
6723,MUTANT_ANNOTATED_SINGLE_METHOD,ATTACK_DEPENDENCIES,194,5,2130,,0,1
6724,MUTANT_ANNOTATED_SINGLE_METHOD,ATTACK_DEFAULT,194,5,,,0,1
6725,MUTANT_ANNOTATED_SINGLE_METHOD,ATTACK_DEPENDENCIES,194,5,2131,,0,1
6726,MUTANT_ANNOTATED_SINGLE_METHOD,ATTACK_DEFAULT,194,5,,,0,1
6727,TEST_FULL_SUITE_PLUS_DEFAULT,DEFEND_DEFAULT,194,6,,2728,0,1
6728,MUTANT_ANNOTATED_SINGLE_METHOD,ATTACK_DEPENDENCIES,194,5,2132,,0,1
6729,TEST_FULL_SUITE_PLUS_DEFAULT,DEFEND_DEFAULT,194,6,,2729,0,1
6730,MUTANT_ANNOTATED_SINGLE_METHOD,ATTACK_DEFAULT,194,5,,,0,1
6731,MUTANT_ANNOTATED_SINGLE_METHOD,ATTACK_DEPENDENCIES,194,5,2133,,0,1
6732,TEST_FULL_SUITE_PLUS_DEFAULT,DEFEND_DEFAULT,194,6,,2730,0,1
6733,MUTANT_ANNOTATED_SINGLE_METHOD,ATTACK_DEFAULT,194,5,,,0,1
6734,MUTANT_ANNOTATED_SINGLE_METHOD,ATTACK_DEPENDENCIES,194,5,2134,,0,1
6735,TEST_FULL_SUITE_PLUS_DEFAULT,DEFEND_DEFAULT,194,6,,,0,0
6736,MUTANT_ANNOTATED_SINGLE_METHOD,ATTACK_DEFAULT,194,5,,,0,1
6737,MUTANT_ANNOTATED_SINGLE_METHOD,ATTACK_DEPENDENCIES,194,5,2135,,0,1
6738,MUTANT_ANNOTATED_SINGLE_METHOD,ATTACK_DEFAULT,194,5,,,0,1
6739,MUTANT_ANNOTATED_SINGLE_METHOD,ATTACK_DEPENDENCIES,194,5,2136,,0,1
6740,MUTANT_ANNOTATED_SINGLE_METHOD,ATTACK_DEFAULT,194,5,,,0,1
6741,MUTANT_ANNOTATED_SINGLE_METHOD,ATTACK_DEPENDENCIES,194,5,2137,,0,1
6742,MUTANT_ANNOTATED_SINGLE_METHOD,ATTACK_DEFAULT,194,5,,,0,1
6743,TEST_FULL_SUITE_PLUS_DEFAULT,DEFEND_DEFAULT,194,6,,2731,0,1
6744,MUTANT_ANNOTATED_SINGLE_METHOD,ATTACK_DEPENDENCIES,194,5,2138,,0,1
6745,TEST_FULL_SUITE_PLUS_DEFAULT,DEFEND_DEFAULT,194,6,,2732,0,1
6746,MUTANT_ANNOTATED_SINGLE_METHOD,ATTACK_DEFAULT,194,5,,,0,1
6747,MUTANT_ANNOTATED_SINGLE_METHOD,ATTACK_DEPENDENCIES,194,5,2139,,0,1
6748,TEST_FULL_SUITE_PLUS_DEFAULT,DEFEND_DEFAULT,194,6,,2733,0,1
6749,MUTANT_ANNOTATED_SINGLE_METHOD,ATTACK_DEFAULT,194,5,,,0,1
6750,MUTANT_ANNOTATED_SINGLE_METHOD,ATTACK_DEPENDENCIES,194,5,2140,,0,1
6751,MUTANT_ANNOTATED_SINGLE_METHOD,ATTACK_DEFAULT,194,5,,,0,1
6752,TEST_FULL_SUITE_PLUS_DEFAULT,DEFEND_DEFAULT,194,6,,2734,0,1
6753,MUTANT_ANNOTATED_SINGLE_METHOD,ATTACK_DEPENDENCIES,194,5,2141,,0,1
6754,TEST_FULL_SUITE_PLUS_DEFAULT,DEFEND_DEFAULT,194,6,,2735,0,1
6755,MUTANT_ANNOTATED_SINGLE_METHOD,ATTACK_DEFAULT,194,5,,,0,1
6756,TEST_FULL_SUITE_PLUS_DEFAULT,DEFEND_DEFAULT,194,6,,2736,0,1
6757,MUTANT_ANNOTATED_SINGLE_METHOD,ATTACK_DEPENDENCIES,194,5,2142,,0,1
6758,MUTANT_ANNOTATED_SINGLE_METHOD,ATTACK_DEFAULT,194,5,,,0,1
6759,TEST_FULL_SUITE_PLUS_DEFAULT,DEFEND_DEFAULT,194,6,,2737,0,1
6760,MUTANT_ANNOTATED_SINGLE_METHOD,ATTACK_DEPENDENCIES,194,5,2143,,0,1
6761,MUTANT_ANNOTATED_SINGLE_METHOD,ATTACK_DEFAULT,194,5,,,0,1
6762,TEST_FULL_SUITE_PLUS_DEFAULT,DEFEND_DEFAULT,194,6,,2738,0,1
6763,MUTANT_ANNOTATED_SINGLE_METHOD,ATTACK_DEPENDENCIES,194,5,2144,,0,1
6764,TEST_FULL_SUITE_PLUS_DEFAULT,DEFEND_DEFAULT,194,6,,2739,0,1
6765,MUTANT_ANNOTATED_SINGLE_METHOD,ATTACK_DEFAULT,194,5,,,0,1
6766,TEST_FULL_SUITE_PLUS_DEFAULT,DEFEND_DEFAULT,194,6,,2742,0,1
6767,MUTANT_ANNOTATED_SINGLE_METHOD,ATTACK_DEPENDENCIES,194,5,2145,,0,1
6768,MUTANT_ANNOTATED_SINGLE_METHOD,ATTACK_DEFAULT,194,5,,,0,1
6769,TEST_FULL_SUITE_PLUS_DEFAULT,DEFEND_FOCUS,194,6,,2741,0,1
6770,MUTANT_ANNOTATED_SINGLE_METHOD,ATTACK_DEPENDENCIES,194,5,2146,,0,1
6771,MUTANT_ANNOTATED_SINGLE_METHOD,ATTACK_DEFAULT,194,5,,,0,1
6772,MUTANT_ANNOTATED_SINGLE_METHOD,ATTACK_DEPENDENCIES,194,5,2147,,0,1
6773,MUTANT_ANNOTATED_SINGLE_METHOD,ATTACK_DEFAULT,194,5,,,0,1
6774,MUTANT_ANNOTATED_SINGLE_METHOD,ATTACK_DEPENDENCIES,194,5,2148,,0,1
6775,MUTANT_ANNOTATED_SINGLE_METHOD,ATTACK_DEFAULT,194,5,,,0,1
6776,TEST_FULL_SUITE_PLUS_DEFAULT,DEFEND_DEFAULT,194,6,,2743,0,1
6777,MUTANT_ANNOTATED_SINGLE_METHOD,ATTACK_DEPENDENCIES,194,5,,,0,0
6778,MUTANT_ANNOTATED_SINGLE_METHOD,ATTACK_EQUIVALENCE,194,5,,,0,1
6779,TEST_FULL_SUITE_PLUS_DEFAULT,DEFEND_DEFAULT,194,6,,2745,0,1
6780,MUTANT_ANNOTATED_SINGLE_METHOD,ATTACK_DEPENDENCIES,194,5,2150,,0,1
6781,TEST_FULL_SUITE_PLUS_DEFAULT,DEFEND_DEFAULT,194,6,,2746,0,1
6782,MUTANT_ANNOTATED_SINGLE_METHOD,ATTACK_DEFAULT,194,5,,,0,1
6783,TEST_FULL_SUITE_PLUS_DEFAULT,DEFEND_DEFAULT,194,6,,2747,0,1
6784,MUTANT_ANNOTATED_SINGLE_METHOD,ATTACK_DEPENDENCIES,194,5,2151,,0,1
6785,MUTANT_ANNOTATED_SINGLE_METHOD,ATTACK_DEFAULT,194,5,,,0,1
6786,TEST_FULL_SUITE_PLUS_DEFAULT,DEFEND_DEFAULT,194,6,,2749,0,1
6787,MUTANT_ANNOTATED_SINGLE_METHOD,ATTACK_DEPENDENCIES,194,5,2152,,0,1
6788,MUTANT_ANNOTATED_SINGLE_METHOD,ATTACK_DEFAULT,194,5,,,0,1
6789,TEST_FULL_SUITE_PLUS_DEFAULT,DEFEND_DEFAULT,194,6,,,1,0
6790,MUTANT_ANNOTATED_SINGLE_METHOD,ATTACK_DEPENDENCIES,194,5,,,1,0
6791,MUTANT_ANNOTATED_SINGLE_METHOD,ATTACK_DEFAULT,195,5,,,0,1
6792,TEST_FULL_SUITE_PLUS_DEFAULT,DEFEND_DEFAULT,195,6,,,0,1
6793,MUTANT_ANNOTATED_SINGLE_METHOD,ATTACK_DEPENDENCIES,195,5,2153,,0,1
6794,TEST_FULL_SUITE_PLUS_DEFAULT,DEFEND_ONE_FROM_MANY,195,6,,,0,1
6795,TEST_FULL_SUITE_PLUS_DEFAULT,DEFEND_ONE_FROM_MANY,195,6,,2750,0,1
6796,MUTANT_ANNOTATED_SINGLE_METHOD,ATTACK_DEFAULT,195,5,,,0,1
6797,MUTANT_ANNOTATED_SINGLE_METHOD,ATTACK_DEPENDENCIES,195,5,2154,,0,1
6798,TEST_FULL_SUITE_PLUS_DEFAULT,DEFEND_ONE_FROM_MANY,195,6,,2751,0,1
6799,MUTANT_ANNOTATED_SINGLE_METHOD,ATTACK_DEFAULT,195,5,,,0,1
6800,MUTANT_ANNOTATED_SINGLE_METHOD,ATTACK_DEPENDENCIES,195,5,2155,,0,1
6801,TEST_FULL_SUITE_PLUS_DEFAULT,DEFEND_ONE_FROM_MANY,195,6,,2752,0,1
6802,MUTANT_ANNOTATED_SINGLE_METHOD,ATTACK_DEFAULT,195,5,,,0,1
6803,MUTANT_ANNOTATED_SINGLE_METHOD,ATTACK_DEPENDENCIES,195,5,2156,,0,1
6804,TEST_FULL_SUITE_PLUS_DEFAULT,DEFEND_ONE_FROM_MANY,195,6,,2753,0,1
6805,MUTANT_ANNOTATED_SINGLE_METHOD,ATTACK_DEFAULT,195,5,,,0,1
6806,MUTANT_ANNOTATED_SINGLE_METHOD,ATTACK_DEPENDENCIES,195,5,2157,,0,1
6807,TEST_FULL_SUITE_PLUS_DEFAULT,DEFEND_ONE_FROM_MANY,195,6,,2754,0,1
6808,MUTANT_ANNOTATED_SINGLE_METHOD,ATTACK_DEFAULT,195,5,,,0,1
6809,MUTANT_ANNOTATED_SINGLE_METHOD,ATTACK_DEPENDENCIES,195,5,2158,,0,1
6810,TEST_FULL_SUITE_PLUS_DEFAULT,DEFEND_ONE_FROM_MANY,195,6,,2755,0,1
6811,MUTANT_ANNOTATED_SINGLE_METHOD,ATTACK_DEFAULT,195,5,,,0,1
6812,MUTANT_ANNOTATED_SINGLE_METHOD,ATTACK_DEPENDENCIES,195,5,2159,,0,1
6813,TEST_FULL_SUITE_PLUS_DEFAULT,DEFEND_ONE_FROM_MANY,195,6,,2756,0,1
6814,MUTANT_ANNOTATED_SINGLE_METHOD,ATTACK_DEFAULT,195,5,,,0,1
6815,MUTANT_ANNOTATED_SINGLE_METHOD,ATTACK_DEPENDENCIES,195,5,2160,,0,1
6816,TEST_FULL_SUITE_PLUS_DEFAULT,DEFEND_ONE_FROM_MANY,195,6,,2757,0,1
6817,MUTANT_ANNOTATED_SINGLE_METHOD,ATTACK_DEFAULT,195,5,,,0,1
6818,MUTANT_ANNOTATED_SINGLE_METHOD,ATTACK_DEPENDENCIES,195,5,2161,,0,1
6819,TEST_FULL_SUITE_PLUS_DEFAULT,DEFEND_ONE_FROM_MANY,195,6,,2758,0,1
6820,MUTANT_ANNOTATED_SINGLE_METHOD,ATTACK_DEFAULT,195,5,,,0,1
6821,MUTANT_ANNOTATED_SINGLE_METHOD,ATTACK_DEPENDENCIES,195,5,2162,,0,1
6822,TEST_FULL_SUITE_PLUS_DEFAULT,DEFEND_ONE_FROM_MANY,195,6,,2759,0,1
6823,MUTANT_ANNOTATED_SINGLE_METHOD,ATTACK_DEFAULT,195,5,,,0,1
6824,MUTANT_ANNOTATED_SINGLE_METHOD,ATTACK_DEPENDENCIES,195,5,2163,,0,1
6825,TEST_FULL_SUITE_PLUS_DEFAULT,DEFEND_ONE_FROM_MANY,195,6,,2760,0,1
6826,MUTANT_ANNOTATED_SINGLE_METHOD,ATTACK_DEFAULT,195,5,,,0,1
6827,MUTANT_ANNOTATED_SINGLE_METHOD,ATTACK_DEPENDENCIES,195,5,2164,,0,1
6828,TEST_FULL_SUITE_PLUS_DEFAULT,DEFEND_ONE_FROM_MANY,195,6,,2761,0,1
6829,MUTANT_ANNOTATED_SINGLE_METHOD,ATTACK_DEFAULT,195,5,,,0,1
6830,MUTANT_ANNOTATED_SINGLE_METHOD,ATTACK_DEPENDENCIES,195,5,2165,,0,1
6831,TEST_FULL_SUITE_PLUS_DEFAULT,DEFEND_ONE_FROM_MANY,195,6,,2762,0,1
6832,MUTANT_ANNOTATED_SINGLE_METHOD,ATTACK_DEFAULT,195,5,,,0,1
6833,MUTANT_ANNOTATED_SINGLE_METHOD,ATTACK_DEPENDENCIES,195,5,2166,,0,1
6834,TEST_FULL_SUITE_PLUS_DEFAULT,DEFEND_ONE_FROM_MANY,195,6,,2763,0,1
6835,MUTANT_ANNOTATED_SINGLE_METHOD,ATTACK_DEFAULT,195,5,,,0,1
6836,MUTANT_ANNOTATED_SINGLE_METHOD,ATTACK_DEPENDENCIES,195,5,2167,,0,1
6837,TEST_FULL_SUITE_PLUS_DEFAULT,DEFEND_ONE_FROM_MANY,195,6,,2764,0,1
6838,MUTANT_ANNOTATED_SINGLE_METHOD,ATTACK_DEFAULT,195,5,,,0,1
6839,MUTANT_ANNOTATED_SINGLE_METHOD,ATTACK_DEPENDENCIES,195,5,2168,,0,1
6840,TEST_FULL_SUITE_PLUS_DEFAULT,DEFEND_ONE_FROM_MANY,195,6,,2765,0,1
6841,MUTANT_ANNOTATED_SINGLE_METHOD,ATTACK_DEFAULT,195,5,,,0,1
6842,MUTANT_ANNOTATED_SINGLE_METHOD,ATTACK_DEPENDENCIES,195,5,2169,,0,1
6843,TEST_FULL_SUITE_PLUS_DEFAULT,DEFEND_ONE_FROM_MANY,195,6,,2768,0,1
6844,MUTANT_ANNOTATED_SINGLE_METHOD,ATTACK_DEFAULT,195,5,,,0,1
6845,MUTANT_ANNOTATED_SINGLE_METHOD,ATTACK_DEPENDENCIES,195,5,2170,,0,1
6846,MUTANT_ANNOTATED_SINGLE_METHOD,ATTACK_DEFAULT,195,5,,,0,1
6847,MUTANT_ANNOTATED_SINGLE_METHOD,ATTACK_DEPENDENCIES,195,5,2171,,0,1
6848,MUTANT_ANNOTATED_SINGLE_METHOD,ATTACK_DEFAULT,195,5,,,0,1
6849,TEST_FULL_SUITE_PLUS_DEFAULT,DEFEND_ONE_FROM_MANY,195,6,,,0,1
6850,MUTANT_ANNOTATED_SINGLE_METHOD,ATTACK_DEPENDENCIES,195,5,2172,,0,1
6851,TEST_FULL_SUITE_PLUS_DEFAULT,DEFEND_ONE_FROM_MANY,195,6,,2769,0,1
6852,TEST_FULL_SUITE_PLUS_DEFAULT,DEFEND_ONE_FROM_MANY,195,6,,2770,0,1
6853,MUTANT_ANNOTATED_SINGLE_METHOD,ATTACK_DEFAULT,195,5,,,0,1
6854,MUTANT_ANNOTATED_SINGLE_METHOD,ATTACK_DEPENDENCIES,195,5,2173,,0,1
6855,TEST_FULL_SUITE_PLUS_DEFAULT,DEFEND_ONE_FROM_MANY,195,6,,2771,0,1
6856,MUTANT_ANNOTATED_SINGLE_METHOD,ATTACK_DEFAULT,195,5,,,0,1
6857,MUTANT_ANNOTATED_SINGLE_METHOD,ATTACK_DEPENDENCIES,195,5,2174,,0,1
6858,TEST_FULL_SUITE_PLUS_DEFAULT,DEFEND_ONE_FROM_MANY,195,6,,2772,0,1
6859,MUTANT_ANNOTATED_SINGLE_METHOD,ATTACK_DEFAULT,195,5,,,0,1
6860,MUTANT_ANNOTATED_SINGLE_METHOD,ATTACK_DEPENDENCIES,195,5,2175,,0,1
6861,TEST_FULL_SUITE_PLUS_DEFAULT,DEFEND_ONE_FROM_MANY,195,6,,2773,0,1
6862,TEST_FULL_SUITE_PLUS_DEFAULT,DEFEND_ONE_FROM_MANY,195,6,,2774,0,1
6863,MUTANT_ANNOTATED_SINGLE_METHOD,ATTACK_DEFAULT,195,5,,,0,1
6864,MUTANT_ANNOTATED_SINGLE_METHOD,ATTACK_DEPENDENCIES,195,5,2176,,0,1
6865,TEST_FULL_SUITE_PLUS_DEFAULT,DEFEND_ONE_FROM_MANY,195,6,,2775,0,1
6866,TEST_FULL_SUITE_PLUS_DEFAULT,DEFEND_ONE_FROM_MANY,195,6,,2776,0,1
6867,MUTANT_ANNOTATED_SINGLE_METHOD,ATTACK_EQUIVALENCE,195,5,,,0,1
6868,MUTANT_ANNOTATED_SINGLE_METHOD,ATTACK_EQUIVALENCE,195,5,,,0,1
6869,TEST_FULL_SUITE_PLUS_DEFAULT,DEFEND_ONE_FROM_MANY,195,6,,2778,0,1
6870,MUTANT_ANNOTATED_SINGLE_METHOD,ATTACK_EQUIVALENCE,195,5,,,0,1
6871,MUTANT_ANNOTATED_SINGLE_METHOD,ATTACK_EQUIVALENCE,195,5,,,0,1
6872,MUTANT_ANNOTATED_SINGLE_METHOD,ATTACK_DEFAULT,195,5,,,0,1
6873,TEST_FULL_SUITE_PLUS_DEFAULT,DEFEND_ONE_FROM_MANY,195,6,,2782,0,1
6874,MUTANT_ANNOTATED_SINGLE_METHOD,ATTACK_DEPENDENCIES,195,5,2177,,0,1
6875,TEST_FULL_SUITE_PLUS_DEFAULT,DEFEND_ONE_FROM_MANY,195,6,,2783,0,1
6876,MUTANT_ANNOTATED_SINGLE_METHOD,ATTACK_DEFAULT,195,5,,,0,1
6877,MUTANT_ANNOTATED_SINGLE_METHOD,ATTACK_DEPENDENCIES,195,5,2178,,0,1
6878,TEST_FULL_SUITE_PLUS_DEFAULT,DEFEND_ONE_FROM_MANY,195,6,,2784,0,1
6879,MUTANT_ANNOTATED_SINGLE_METHOD,ATTACK_DEFAULT,195,5,,,0,1
6880,MUTANT_ANNOTATED_SINGLE_METHOD,ATTACK_DEPENDENCIES,195,5,2179,,0,1
6881,TEST_FULL_SUITE_PLUS_DEFAULT,DEFEND_ONE_FROM_MANY,195,6,,2785,0,1
6882,MUTANT_ANNOTATED_SINGLE_METHOD,ATTACK_DEFAULT,195,5,,,0,1
6883,MUTANT_ANNOTATED_SINGLE_METHOD,ATTACK_DEPENDENCIES,195,5,2180,,0,1
6884,TEST_FULL_SUITE_PLUS_DEFAULT,DEFEND_DEFAULT,195,6,,2786,0,1
6885,MUTANT_ANNOTATED_SINGLE_METHOD,ATTACK_DEFAULT,195,5,,,0,1
6886,MUTANT_ANNOTATED_SINGLE_METHOD,ATTACK_DEPENDENCIES,195,5,2181,,0,1
6887,TEST_FULL_SUITE_PLUS_DEFAULT,DEFEND_DEFAULT,195,6,,2787,0,1
6888,MUTANT_ANNOTATED_SINGLE_METHOD,ATTACK_DEFAULT,195,5,,,0,1
6889,MUTANT_ANNOTATED_SINGLE_METHOD,ATTACK_DEPENDENCIES,195,5,2182,,0,1
6890,TEST_FULL_SUITE_PLUS_DEFAULT,DEFEND_DEFAULT,195,6,,2788,0,1
6891,MUTANT_ANNOTATED_SINGLE_METHOD,ATTACK_DEFAULT,195,5,,,0,1
6892,MUTANT_ANNOTATED_SINGLE_METHOD,ATTACK_DEPENDENCIES,195,5,2183,,0,1
6893,TEST_FULL_SUITE_PLUS_DEFAULT,DEFEND_DEFAULT,195,6,,2792,0,1
6894,MUTANT_ANNOTATED_SINGLE_METHOD,ATTACK_EQUIVALENCE,195,5,,,0,1
6895,MUTANT_ANNOTATED_SINGLE_METHOD,ATTACK_DEFAULT,195,5,,,0,1
6896,MUTANT_ANNOTATED_SINGLE_METHOD,ATTACK_DEPENDENCIES,195,5,2184,,0,1
6897,MUTANT_ANNOTATED_SINGLE_METHOD,ATTACK_DEFAULT,195,5,,,0,1
6898,MUTANT_ANNOTATED_SINGLE_METHOD,ATTACK_DEPENDENCIES,195,5,2185,,0,1
6899,MUTANT_ANNOTATED_SINGLE_METHOD,ATTACK_DEFAULT,195,5,,,0,1
6900,TEST_FULL_SUITE_PLUS_DEFAULT,DEFEND_DEFAULT,195,6,,2794,0,1
6901,MUTANT_ANNOTATED_SINGLE_METHOD,ATTACK_DEPENDENCIES,195,5,2186,,0,1
6902,MUTANT_ANNOTATED_SINGLE_METHOD,ATTACK_DEFAULT,195,5,,,0,1
6903,MUTANT_ANNOTATED_SINGLE_METHOD,ATTACK_DEPENDENCIES,195,5,2187,,0,1
6904,TEST_FULL_SUITE_PLUS_DEFAULT,DEFEND_DEFAULT,195,6,,2795,0,1
6905,MUTANT_ANNOTATED_SINGLE_METHOD,ATTACK_DEFAULT,195,5,,,0,1
6906,MUTANT_ANNOTATED_SINGLE_METHOD,ATTACK_DEPENDENCIES,195,5,2188,,0,1
6907,TEST_FULL_SUITE_PLUS_DEFAULT,DEFEND_DEFAULT,195,6,,2796,0,1
6908,MUTANT_ANNOTATED_SINGLE_METHOD,ATTACK_DEFAULT,195,5,,,0,1
6909,MUTANT_ANNOTATED_SINGLE_METHOD,ATTACK_DEPENDENCIES,195,5,2189,,0,1
6910,TEST_FULL_SUITE_PLUS_DEFAULT,DEFEND_DEFAULT,195,6,,2797,0,1
6911,TEST_FULL_SUITE_PLUS_DEFAULT,DEFEND_DEFAULT,195,6,,2798,0,1
6912,MUTANT_ANNOTATED_SINGLE_METHOD,ATTACK_DEFAULT,195,5,,,0,1
6913,MUTANT_ANNOTATED_SINGLE_METHOD,ATTACK_DEPENDENCIES,195,5,2190,,0,1
6914,TEST_FULL_SUITE_PLUS_DEFAULT,DEFEND_DEFAULT,195,6,,2799,0,1
6915,TEST_FULL_SUITE_PLUS_DEFAULT,DEFEND_DEFAULT,195,6,,2800,0,1
6916,MUTANT_ANNOTATED_SINGLE_METHOD,ATTACK_DEFAULT,195,5,,,0,1
6917,MUTANT_ANNOTATED_SINGLE_METHOD,ATTACK_DEPENDENCIES,195,5,2191,,0,1
6918,TEST_FULL_SUITE_PLUS_DEFAULT,DEFEND_DEFAULT,195,6,,2801,0,1
6919,MUTANT_ANNOTATED_SINGLE_METHOD,ATTACK_DEFAULT,195,5,,,0,1
6920,MUTANT_ANNOTATED_SINGLE_METHOD,ATTACK_DEPENDENCIES,195,5,2192,,0,1
6921,TEST_FULL_SUITE_PLUS_DEFAULT,DEFEND_DEFAULT,195,6,,2802,0,1
6922,MUTANT_ANNOTATED_SINGLE_METHOD,ATTACK_EQUIVALENCE,195,5,,,0,1
6923,MUTANT_ANNOTATED_SINGLE_METHOD,ATTACK_DEFAULT,195,5,,,0,1
6924,MUTANT_ANNOTATED_SINGLE_METHOD,ATTACK_DEPENDENCIES,195,5,2193,,0,1
6925,TEST_FULL_SUITE_PLUS_DEFAULT,DEFEND_DEFAULT,195,6,,2804,0,1
6926,MUTANT_ANNOTATED_SINGLE_METHOD,ATTACK_DEFAULT,195,5,,,0,1
6927,MUTANT_ANNOTATED_SINGLE_METHOD,ATTACK_DEPENDENCIES,195,5,2194,,0,1
6928,TEST_FULL_SUITE_PLUS_DEFAULT,DEFEND_DEFAULT,195,6,,2807,0,1
6929,MUTANT_ANNOTATED_SINGLE_METHOD,ATTACK_DEFAULT,195,5,,,0,1
6930,MUTANT_ANNOTATED_SINGLE_METHOD,ATTACK_DEPENDENCIES,195,5,2195,,0,1
6931,MUTANT_ANNOTATED_SINGLE_METHOD,ATTACK_EQUIVALENCE,195,5,,,0,1
6932,MUTANT_ANNOTATED_SINGLE_METHOD,ATTACK_DEFAULT,195,5,,,0,1
6933,MUTANT_ANNOTATED_SINGLE_METHOD,ATTACK_DEPENDENCIES,195,5,2196,,0,1
6934,TEST_FULL_SUITE_PLUS_DEFAULT,DEFEND_DEFAULT,195,6,,2808,0,1
6935,MUTANT_ANNOTATED_SINGLE_METHOD,ATTACK_DEFAULT,195,5,,,0,1
6936,MUTANT_ANNOTATED_SINGLE_METHOD,ATTACK_DEPENDENCIES,195,5,2197,,0,1
6937,TEST_FULL_SUITE_PLUS_DEFAULT,DEFEND_DEFAULT,195,6,,2809,0,1
6938,MUTANT_ANNOTATED_SINGLE_METHOD,ATTACK_DEFAULT,195,5,,,0,1
6939,MUTANT_ANNOTATED_SINGLE_METHOD,ATTACK_DEPENDENCIES,195,5,2198,,0,1
6940,TEST_FULL_SUITE_PLUS_DEFAULT,DEFEND_DEFAULT,195,6,,2810,0,1
6941,MUTANT_ANNOTATED_SINGLE_METHOD,ATTACK_DEFAULT,195,5,,,0,1
6942,MUTANT_ANNOTATED_SINGLE_METHOD,ATTACK_DEPENDENCIES,195,5,2199,,0,1
6943,TEST_FULL_SUITE_PLUS_DEFAULT,DEFEND_FOCUS,195,6,,,1,0
6944,MUTANT_ANNOTATED_SINGLE_METHOD,ATTACK_DEFAULT,195,5,,,0,1
6945,MUTANT_ANNOTATED_SINGLE_METHOD,ATTACK_DEPENDENCIES,195,5,2200,,0,1
6946,MUTANT_ANNOTATED_SINGLE_METHOD,ATTACK_EQUIVALENCE,195,5,,,0,1
6947,TEST_FULL_SUITE_PLUS_DEFAULT,DEFEND_DEFAULT,195,6,,2815,0,1
6948,MUTANT_ANNOTATED_SINGLE_METHOD,ATTACK_DEFAULT,195,5,,,0,1
6949,MUTANT_ANNOTATED_SINGLE_METHOD,ATTACK_DEPENDENCIES,195,5,2201,,0,1
6950,MUTANT_ANNOTATED_SINGLE_METHOD,ATTACK_DEFAULT,195,5,,,0,1
6951,MUTANT_ANNOTATED_SINGLE_METHOD,ATTACK_DEPENDENCIES,195,5,2202,,0,1
6952,MUTANT_ANNOTATED_SINGLE_METHOD,ATTACK_DEFAULT,195,5,,,0,1
6953,MUTANT_ANNOTATED_SINGLE_METHOD,ATTACK_DEPENDENCIES,195,5,2203,,0,1
6954,MUTANT_ANNOTATED_SINGLE_METHOD,ATTACK_DEFAULT,196,5,,,0,1
6955,TEST_FULL_SUITE_PLUS_DEFAULT,DEFEND_DEFAULT,196,6,,,0,1
6956,MUTANT_ANNOTATED_SINGLE_METHOD,ATTACK_DEPENDENCIES,196,5,2204,,0,1
6957,TEST_FULL_SUITE_PLUS_DEFAULT,DEFEND_ONE_FROM_MANY,196,6,,,0,1
6958,TEST_FULL_SUITE_PLUS_DEFAULT,DEFEND_ONE_FROM_MANY,196,6,,2816,0,1
6959,MUTANT_ANNOTATED_SINGLE_METHOD,ATTACK_DEFAULT,196,5,,,0,1
6960,MUTANT_ANNOTATED_SINGLE_METHOD,ATTACK_DEPENDENCIES,196,5,2205,,0,1
6961,TEST_FULL_SUITE_PLUS_DEFAULT,DEFEND_ONE_FROM_MANY,196,6,,2817,0,1
6962,MUTANT_ANNOTATED_SINGLE_METHOD,ATTACK_DEFAULT,196,5,,,0,1
6963,MUTANT_ANNOTATED_SINGLE_METHOD,ATTACK_DEPENDENCIES,196,5,2206,,0,1
6964,TEST_FULL_SUITE_PLUS_DEFAULT,DEFEND_ONE_FROM_MANY,196,6,,2818,0,1
6965,TEST_FULL_SUITE_PLUS_DEFAULT,DEFEND_ONE_FROM_MANY,196,6,,2819,0,1
6966,MUTANT_ANNOTATED_SINGLE_METHOD,ATTACK_DEFAULT,196,5,,,0,1
6967,MUTANT_ANNOTATED_SINGLE_METHOD,ATTACK_DEPENDENCIES,196,5,2207,,0,1
6968,TEST_FULL_SUITE_PLUS_DEFAULT,DEFEND_ONE_FROM_MANY,196,6,,2820,0,1
6969,MUTANT_ANNOTATED_SINGLE_METHOD,ATTACK_DEFAULT,196,5,,,0,1
6970,MUTANT_ANNOTATED_SINGLE_METHOD,ATTACK_DEPENDENCIES,196,5,2208,,0,1
6971,TEST_FULL_SUITE_PLUS_DEFAULT,DEFEND_ONE_FROM_MANY,196,6,,2821,0,1
6972,TEST_FULL_SUITE_PLUS_DEFAULT,DEFEND_ONE_FROM_MANY,196,6,,2822,0,1
6973,MUTANT_ANNOTATED_SINGLE_METHOD,ATTACK_DEFAULT,196,5,,,0,1
6974,MUTANT_ANNOTATED_SINGLE_METHOD,ATTACK_DEPENDENCIES,196,5,2209,,0,1
6975,TEST_FULL_SUITE_PLUS_DEFAULT,DEFEND_ONE_FROM_MANY,196,6,,2823,0,1
6976,MUTANT_ANNOTATED_SINGLE_METHOD,ATTACK_DEFAULT,196,5,,,0,1
6977,MUTANT_ANNOTATED_SINGLE_METHOD,ATTACK_DEPENDENCIES,196,5,2210,,0,1
6978,TEST_FULL_SUITE_PLUS_DEFAULT,DEFEND_ONE_FROM_MANY,196,6,,2824,0,1
6979,MUTANT_ANNOTATED_SINGLE_METHOD,ATTACK_DEFAULT,196,5,,,0,1
6980,MUTANT_ANNOTATED_SINGLE_METHOD,ATTACK_DEPENDENCIES,196,5,2211,,0,1
6981,TEST_FULL_SUITE_PLUS_DEFAULT,DEFEND_ONE_FROM_MANY,196,6,,2825,0,1
6982,MUTANT_ANNOTATED_SINGLE_METHOD,ATTACK_DEFAULT,196,5,,,0,1
6983,MUTANT_ANNOTATED_SINGLE_METHOD,ATTACK_DEPENDENCIES,196,5,2212,,0,1
6984,TEST_FULL_SUITE_PLUS_DEFAULT,DEFEND_ONE_FROM_MANY,196,6,,2829,0,1
6985,MUTANT_ANNOTATED_SINGLE_METHOD,ATTACK_DEFAULT,196,5,,,0,1
6986,MUTANT_ANNOTATED_SINGLE_METHOD,ATTACK_DEPENDENCIES,196,5,2213,,0,1
6987,MUTANT_ANNOTATED_SINGLE_METHOD,ATTACK_DEFAULT,196,5,,,0,1
6988,MUTANT_ANNOTATED_SINGLE_METHOD,ATTACK_DEPENDENCIES,196,5,2214,,0,1
6989,MUTANT_ANNOTATED_SINGLE_METHOD,ATTACK_DEFAULT,196,5,,,0,1
6990,TEST_FULL_SUITE_PLUS_DEFAULT,DEFEND_ONE_FROM_MANY,196,6,,,0,1
6991,MUTANT_ANNOTATED_SINGLE_METHOD,ATTACK_DEPENDENCIES,196,5,2215,,0,1
6992,TEST_FULL_SUITE_PLUS_DEFAULT,DEFEND_ONE_FROM_MANY,196,6,,2830,0,1
6993,MUTANT_ANNOTATED_SINGLE_METHOD,ATTACK_DEFAULT,196,5,,,0,1
6994,MUTANT_ANNOTATED_SINGLE_METHOD,ATTACK_DEPENDENCIES,196,5,2216,,0,1
6995,TEST_FULL_SUITE_PLUS_DEFAULT,DEFEND_ONE_FROM_MANY,196,6,,2831,0,1
6996,MUTANT_ANNOTATED_SINGLE_METHOD,ATTACK_DEFAULT,196,5,,,0,1
6997,MUTANT_ANNOTATED_SINGLE_METHOD,ATTACK_DEPENDENCIES,196,5,2217,,0,1
6998,TEST_FULL_SUITE_PLUS_DEFAULT,DEFEND_ONE_FROM_MANY,196,6,,2832,0,1
6999,TEST_FULL_SUITE_PLUS_DEFAULT,DEFEND_ONE_FROM_MANY,196,6,,2833,0,1
7000,MUTANT_ANNOTATED_SINGLE_METHOD,ATTACK_DEFAULT,196,5,,,0,1
7001,MUTANT_ANNOTATED_SINGLE_METHOD,ATTACK_DEPENDENCIES,196,5,2218,,0,1
7002,TEST_FULL_SUITE_PLUS_DEFAULT,DEFEND_ONE_FROM_MANY,196,6,,2834,0,1
7003,TEST_FULL_SUITE_PLUS_DEFAULT,DEFEND_ONE_FROM_MANY,196,6,,2835,0,1
7004,MUTANT_ANNOTATED_SINGLE_METHOD,ATTACK_EQUIVALENCE,196,5,,,0,1
7005,MUTANT_ANNOTATED_SINGLE_METHOD,ATTACK_DEFAULT,196,5,,,0,1
7006,MUTANT_ANNOTATED_SINGLE_METHOD,ATTACK_DEPENDENCIES,196,5,2219,,0,1
7007,TEST_FULL_SUITE_PLUS_DEFAULT,DEFEND_ONE_FROM_MANY,196,6,,2837,0,1
7008,MUTANT_ANNOTATED_SINGLE_METHOD,ATTACK_EQUIVALENCE,196,5,,,0,1
7009,TEST_FULL_SUITE_PLUS_DEFAULT,DEFEND_ONE_FROM_MANY,196,6,,2839,0,1
7010,MUTANT_ANNOTATED_SINGLE_METHOD,ATTACK_DEFAULT,196,5,,,0,1
7011,MUTANT_ANNOTATED_SINGLE_METHOD,ATTACK_DEPENDENCIES,196,5,2220,,0,1
7012,TEST_FULL_SUITE_PLUS_DEFAULT,DEFEND_ONE_FROM_MANY,196,6,,2840,0,1
7013,MUTANT_ANNOTATED_SINGLE_METHOD,ATTACK_DEFAULT,196,5,,,0,1
7014,MUTANT_ANNOTATED_SINGLE_METHOD,ATTACK_DEPENDENCIES,196,5,2221,,0,1
7015,TEST_FULL_SUITE_PLUS_DEFAULT,DEFEND_ONE_FROM_MANY,196,6,,2841,0,1
7016,MUTANT_ANNOTATED_SINGLE_METHOD,ATTACK_DEFAULT,196,5,,,0,1
7017,MUTANT_ANNOTATED_SINGLE_METHOD,ATTACK_DEPENDENCIES,196,5,2222,,0,1
7018,TEST_FULL_SUITE_PLUS_DEFAULT,DEFEND_ONE_FROM_MANY,196,6,,2842,0,1
7019,MUTANT_ANNOTATED_SINGLE_METHOD,ATTACK_DEFAULT,196,5,,,0,1
7020,MUTANT_ANNOTATED_SINGLE_METHOD,ATTACK_DEPENDENCIES,196,5,2223,,0,1
7021,TEST_FULL_SUITE_PLUS_DEFAULT,DEFEND_ONE_FROM_MANY,196,6,,2843,0,1
7022,MUTANT_ANNOTATED_SINGLE_METHOD,ATTACK_DEFAULT,196,5,,,0,1
7023,MUTANT_ANNOTATED_SINGLE_METHOD,ATTACK_DEPENDENCIES,196,5,2224,,0,1
7024,TEST_FULL_SUITE_PLUS_DEFAULT,DEFEND_ONE_FROM_MANY,196,6,,2844,0,1
7025,MUTANT_ANNOTATED_SINGLE_METHOD,ATTACK_DEFAULT,196,5,,,0,1
7026,MUTANT_ANNOTATED_SINGLE_METHOD,ATTACK_DEPENDENCIES,196,5,2225,,0,1
7027,TEST_FULL_SUITE_PLUS_DEFAULT,DEFEND_ONE_FROM_MANY,196,6,,2845,0,1
7028,MUTANT_ANNOTATED_SINGLE_METHOD,ATTACK_DEFAULT,196,5,,,0,1
7029,TEST_FULL_SUITE_PLUS_DEFAULT,DEFEND_ONE_FROM_MANY,196,6,,2846,0,1
7030,MUTANT_ANNOTATED_SINGLE_METHOD,ATTACK_DEPENDENCIES,196,5,2226,,0,1
7031,MUTANT_ANNOTATED_SINGLE_METHOD,ATTACK_DEFAULT,196,5,,,0,1
7032,TEST_FULL_SUITE_PLUS_DEFAULT,DEFEND_FOCUS,196,6,,2847,0,1
7033,MUTANT_ANNOTATED_SINGLE_METHOD,ATTACK_DEPENDENCIES,196,5,2227,,0,1
7034,TEST_FULL_SUITE_PLUS_DEFAULT,DEFEND_FOCUS,196,6,,2850,0,1
7035,MUTANT_ANNOTATED_SINGLE_METHOD,ATTACK_DEFAULT,196,5,,,0,1
7036,MUTANT_ANNOTATED_SINGLE_METHOD,ATTACK_DEPENDENCIES,196,5,2228,,0,1
7037,MUTANT_ANNOTATED_SINGLE_METHOD,ATTACK_DEFAULT,196,5,,,0,1
7038,MUTANT_ANNOTATED_SINGLE_METHOD,ATTACK_DEPENDENCIES,196,5,2229,,0,1
7039,TEST_FULL_SUITE_PLUS_DEFAULT,DEFEND_FOCUS,196,6,,2854,0,1
7040,MUTANT_ANNOTATED_SINGLE_METHOD,ATTACK_EQUIVALENCE,196,5,,,0,1
7041,MUTANT_ANNOTATED_SINGLE_METHOD,ATTACK_EQUIVALENCE,196,5,,,0,1
7042,MUTANT_ANNOTATED_SINGLE_METHOD,ATTACK_DEFAULT,196,5,,,0,1
7043,MUTANT_ANNOTATED_SINGLE_METHOD,ATTACK_DEPENDENCIES,196,5,2230,,0,1
7044,TEST_FULL_SUITE_PLUS_DEFAULT,DEFEND_FOCUS,196,6,,2855,0,1
7045,MUTANT_ANNOTATED_SINGLE_METHOD,ATTACK_DEFAULT,196,5,,,0,1
7046,TEST_FULL_SUITE_PLUS_DEFAULT,DEFEND_FOCUS,196,6,,2856,0,1
7047,MUTANT_ANNOTATED_SINGLE_METHOD,ATTACK_DEPENDENCIES,196,5,2231,,0,1
7048,MUTANT_ANNOTATED_SINGLE_METHOD,ATTACK_DEFAULT,196,5,,,0,1
7049,TEST_FULL_SUITE_PLUS_DEFAULT,DEFEND_FOCUS,196,6,,2857,0,1
7050,MUTANT_ANNOTATED_SINGLE_METHOD,ATTACK_DEPENDENCIES,196,5,2232,,0,1
7051,TEST_FULL_SUITE_PLUS_DEFAULT,DEFEND_FOCUS,196,6,,2858,0,1
7052,MUTANT_ANNOTATED_SINGLE_METHOD,ATTACK_DEFAULT,196,5,,,0,1
7053,TEST_FULL_SUITE_PLUS_DEFAULT,DEFEND_DEFAULT,196,6,,2860,0,1
7054,MUTANT_ANNOTATED_SINGLE_METHOD,ATTACK_DEPENDENCIES,196,5,2233,,0,1
7055,MUTANT_ANNOTATED_SINGLE_METHOD,ATTACK_DEFAULT,196,5,,,0,1
7056,MUTANT_ANNOTATED_SINGLE_METHOD,ATTACK_DEPENDENCIES,196,5,2234,,0,1
7057,TEST_FULL_SUITE_PLUS_DEFAULT,DEFEND_DEFAULT,196,6,,2861,0,1
7058,MUTANT_ANNOTATED_SINGLE_METHOD,ATTACK_DEFAULT,196,5,,,0,1
7059,MUTANT_ANNOTATED_SINGLE_METHOD,ATTACK_DEPENDENCIES,196,5,2235,,0,1
7060,TEST_FULL_SUITE_PLUS_DEFAULT,DEFEND_DEFAULT,196,6,,2863,0,1
7061,MUTANT_ANNOTATED_SINGLE_METHOD,ATTACK_DEFAULT,196,5,,,0,1
7062,MUTANT_ANNOTATED_SINGLE_METHOD,ATTACK_DEPENDENCIES,196,5,2236,,0,1
7063,MUTANT_ANNOTATED_SINGLE_METHOD,ATTACK_DEFAULT,196,5,,,0,1
7064,MUTANT_ANNOTATED_SINGLE_METHOD,ATTACK_DEPENDENCIES,196,5,2237,,0,1
7065,TEST_FULL_SUITE_PLUS_DEFAULT,DEFEND_DEFAULT,196,6,,,0,0
7066,MUTANT_ANNOTATED_SINGLE_METHOD,ATTACK_DEFAULT,196,5,,,0,1
7067,MUTANT_ANNOTATED_SINGLE_METHOD,ATTACK_DEPENDENCIES,196,5,2238,,0,1
7068,MUTANT_ANNOTATED_SINGLE_METHOD,ATTACK_DEFAULT,196,5,,,0,1
7069,MUTANT_ANNOTATED_SINGLE_METHOD,ATTACK_DEPENDENCIES,196,5,2239,,0,1
7070,MUTANT_ANNOTATED_SINGLE_METHOD,ATTACK_EQUIVALENCE,196,5,,,0,1
7071,MUTANT_ANNOTATED_SINGLE_METHOD,ATTACK_DEFAULT,196,5,,,0,1
7072,TEST_FULL_SUITE_PLUS_DEFAULT,DEFEND_DEFAULT,196,6,,2865,0,1
7073,MUTANT_ANNOTATED_SINGLE_METHOD,ATTACK_DEPENDENCIES,196,5,2240,,0,1
7074,TEST_FULL_SUITE_PLUS_DEFAULT,DEFEND_DEFAULT,196,6,,2866,0,1
7075,MUTANT_ANNOTATED_SINGLE_METHOD,ATTACK_DEFAULT,196,5,,,0,1
7076,MUTANT_ANNOTATED_SINGLE_METHOD,ATTACK_DEPENDENCIES,196,5,2241,,0,1
7077,TEST_FULL_SUITE_PLUS_DEFAULT,DEFEND_DEFAULT,196,6,,,0,0
7078,MUTANT_ANNOTATED_SINGLE_METHOD,ATTACK_DEFAULT,196,5,,,0,1
7079,MUTANT_ANNOTATED_SINGLE_METHOD,ATTACK_DEPENDENCIES,196,5,2242,,0,1
7080,MUTANT_ANNOTATED_SINGLE_METHOD,ATTACK_DEFAULT,196,5,,,0,1
7081,MUTANT_ANNOTATED_SINGLE_METHOD,ATTACK_DEPENDENCIES,196,5,2243,,0,1
7082,MUTANT_ANNOTATED_SINGLE_METHOD,ATTACK_DEFAULT,196,5,,,0,1
7083,TEST_FULL_SUITE_PLUS_DEFAULT,DEFEND_DEFAULT,196,6,,2867,0,1
7084,MUTANT_ANNOTATED_SINGLE_METHOD,ATTACK_DEPENDENCIES,196,5,2244,,0,1
7085,TEST_FULL_SUITE_PLUS_DEFAULT,DEFEND_FOCUS,196,6,,,1,0
7086,MUTANT_ANNOTATED_SINGLE_METHOD,ATTACK_DEFAULT,196,5,,,0,1
7087,MUTANT_ANNOTATED_SINGLE_METHOD,ATTACK_DEPENDENCIES,196,5,2245,,0,1
7088,TEST_FULL_SUITE_PLUS_DEFAULT,DEFEND_DEFAULT,196,6,,2870,0,1
7089,MUTANT_ANNOTATED_SINGLE_METHOD,ATTACK_EQUIVALENCE,196,5,,,0,1
7090,MUTANT_ANNOTATED_SINGLE_METHOD,ATTACK_DEFAULT,196,5,,,0,1
7091,MUTANT_ANNOTATED_SINGLE_METHOD,ATTACK_DEPENDENCIES,196,5,,,1,0
7092,TEST_FULL_SUITE_PLUS_DEFAULT,DEFEND_DEFAULT,196,6,,,1,0
7093,MUTANT_ANNOTATED_SINGLE_METHOD,ATTACK_DEFAULT,197,5,,,0,1
7094,TEST_FULL_SUITE_PLUS_DEFAULT,DEFEND_DEFAULT,197,6,,,0,1
7095,MUTANT_ANNOTATED_SINGLE_METHOD,ATTACK_DEPENDENCIES,197,5,2246,,0,1
7096,TEST_FULL_SUITE_PLUS_DEFAULT,DEFEND_ONE_FROM_MANY,197,6,,,0,1
7097,TEST_FULL_SUITE_PLUS_DEFAULT,DEFEND_ONE_FROM_MANY,197,6,,2871,0,1
7098,MUTANT_ANNOTATED_SINGLE_METHOD,ATTACK_DEFAULT,197,5,,,0,1
7099,MUTANT_ANNOTATED_SINGLE_METHOD,ATTACK_DEPENDENCIES,197,5,2247,,0,1
7100,TEST_FULL_SUITE_PLUS_DEFAULT,DEFEND_ONE_FROM_MANY,197,6,,2872,0,1
7101,MUTANT_ANNOTATED_SINGLE_METHOD,ATTACK_DEFAULT,197,5,,,0,1
7102,MUTANT_ANNOTATED_SINGLE_METHOD,ATTACK_DEPENDENCIES,197,5,2248,,0,1
7103,TEST_FULL_SUITE_PLUS_DEFAULT,DEFEND_ONE_FROM_MANY,197,6,,2873,0,1
7104,MUTANT_ANNOTATED_SINGLE_METHOD,ATTACK_DEFAULT,197,5,,,0,1
7105,MUTANT_ANNOTATED_SINGLE_METHOD,ATTACK_DEPENDENCIES,197,5,2249,,0,1
7106,TEST_FULL_SUITE_PLUS_DEFAULT,DEFEND_ONE_FROM_MANY,197,6,,2874,0,1
7107,MUTANT_ANNOTATED_SINGLE_METHOD,ATTACK_DEFAULT,197,5,,,0,1
7108,MUTANT_ANNOTATED_SINGLE_METHOD,ATTACK_DEPENDENCIES,197,5,2250,,0,1
7109,TEST_FULL_SUITE_PLUS_DEFAULT,DEFEND_ONE_FROM_MANY,197,6,,2875,0,1
7110,TEST_FULL_SUITE_PLUS_DEFAULT,DEFEND_ONE_FROM_MANY,197,6,,2876,0,1
7111,MUTANT_ANNOTATED_SINGLE_METHOD,ATTACK_DEFAULT,197,5,,,0,1
7112,MUTANT_ANNOTATED_SINGLE_METHOD,ATTACK_DEPENDENCIES,197,5,2251,,0,1
7113,TEST_FULL_SUITE_PLUS_DEFAULT,DEFEND_ONE_FROM_MANY,197,6,,2877,0,1
7114,MUTANT_ANNOTATED_SINGLE_METHOD,ATTACK_DEFAULT,197,5,,,0,1
7115,MUTANT_ANNOTATED_SINGLE_METHOD,ATTACK_DEPENDENCIES,197,5,2252,,0,1
7116,TEST_FULL_SUITE_PLUS_DEFAULT,DEFEND_ONE_FROM_MANY,197,6,,2878,0,1
7117,MUTANT_ANNOTATED_SINGLE_METHOD,ATTACK_DEFAULT,197,5,,,0,1
7118,MUTANT_ANNOTATED_SINGLE_METHOD,ATTACK_DEPENDENCIES,197,5,2253,,0,1
7119,TEST_FULL_SUITE_PLUS_DEFAULT,DEFEND_ONE_FROM_MANY,197,6,,2879,0,1
7120,MUTANT_ANNOTATED_SINGLE_METHOD,ATTACK_DEFAULT,197,5,,,0,1
7121,MUTANT_ANNOTATED_SINGLE_METHOD,ATTACK_DEPENDENCIES,197,5,2254,,0,1
7122,TEST_FULL_SUITE_PLUS_DEFAULT,DEFEND_ONE_FROM_MANY,197,6,,2880,1,0
7123,MUTANT_ANNOTATED_SINGLE_METHOD,ATTACK_DEFAULT,198,5,,,0,1
7124,MUTANT_ANNOTATED_SINGLE_METHOD,ATTACK_DEFAULT,199,5,,,0,1
7125,MUTANT_ANNOTATED_SINGLE_METHOD,ATTACK_DEFAULT,200,5,,,0,1
7126,MUTANT_ANNOTATED_SINGLE_METHOD,ATTACK_DEFAULT,201,5,,,0,1
7127,TEST_FULL_SUITE_PLUS_DEFAULT,DEFEND_DEFAULT,198,6,,,0,1
7128,TEST_FULL_SUITE_PLUS_DEFAULT,DEFEND_DEFAULT,199,6,,,0,1
7129,TEST_FULL_SUITE_PLUS_DEFAULT,DEFEND_DEFAULT,201,6,,,0,1
7130,TEST_FULL_SUITE_PLUS_DEFAULT,DEFEND_DEFAULT,200,6,,,0,1
7131,MUTANT_ANNOTATED_SINGLE_METHOD,ATTACK_DEPENDENCIES,200,5,2255,,0,1
7132,MUTANT_ANNOTATED_SINGLE_METHOD,ATTACK_DEPENDENCIES,198,5,2256,,0,1
7133,MUTANT_ANNOTATED_SINGLE_METHOD,ATTACK_DEPENDENCIES,201,5,2257,,0,1
7134,MUTANT_ANNOTATED_SINGLE_METHOD,ATTACK_DEPENDENCIES,199,5,2258,,0,1
7135,TEST_FULL_SUITE_PLUS_DEFAULT,DEFEND_ONE_FROM_MANY,199,6,,,0,1
7136,TEST_FULL_SUITE_PLUS_DEFAULT,DEFEND_ONE_FROM_MANY,198,6,,,0,1
7137,TEST_FULL_SUITE_PLUS_DEFAULT,DEFEND_ONE_FROM_MANY,199,6,,2881,0,1
7138,TEST_FULL_SUITE_PLUS_DEFAULT,DEFEND_ONE_FROM_MANY,198,6,,2882,0,1
7139,TEST_FULL_SUITE_PLUS_DEFAULT,DEFEND_ONE_FROM_MANY,200,6,,,0,1
7140,TEST_FULL_SUITE_PLUS_DEFAULT,DEFEND_ONE_FROM_MANY,201,6,,,0,1
7141,TEST_FULL_SUITE_PLUS_DEFAULT,DEFEND_ONE_FROM_MANY,200,6,,2883,0,1
7142,TEST_FULL_SUITE_PLUS_DEFAULT,DEFEND_ONE_FROM_MANY,201,6,,2884,0,1
7143,MUTANT_ANNOTATED_SINGLE_METHOD,ATTACK_DEFAULT,198,5,,,0,1
7144,MUTANT_ANNOTATED_SINGLE_METHOD,ATTACK_DEFAULT,200,5,,,0,1
7145,MUTANT_ANNOTATED_SINGLE_METHOD,ATTACK_DEFAULT,201,5,,,0,1
7146,MUTANT_ANNOTATED_SINGLE_METHOD,ATTACK_DEPENDENCIES,200,5,2260,,0,1
7147,MUTANT_ANNOTATED_SINGLE_METHOD,ATTACK_DEPENDENCIES,201,5,2259,,0,1
7148,MUTANT_ANNOTATED_SINGLE_METHOD,ATTACK_DEPENDENCIES,198,5,2261,,0,1
7149,TEST_FULL_SUITE_PLUS_DEFAULT,DEFEND_ONE_FROM_MANY,199,6,,2885,0,1
7150,TEST_FULL_SUITE_PLUS_DEFAULT,DEFEND_ONE_FROM_MANY,201,6,,2887,0,1
7151,TEST_FULL_SUITE_PLUS_DEFAULT,DEFEND_ONE_FROM_MANY,200,6,,2886,0,1
7152,TEST_FULL_SUITE_PLUS_DEFAULT,DEFEND_ONE_FROM_MANY,198,6,,2888,0,1
7153,MUTANT_ANNOTATED_SINGLE_METHOD,ATTACK_DEFAULT,199,5,,,0,1
7154,MUTANT_ANNOTATED_SINGLE_METHOD,ATTACK_DEPENDENCIES,199,5,2262,,0,1
7155,MUTANT_ANNOTATED_SINGLE_METHOD,ATTACK_DEFAULT,198,5,,,0,1
7156,MUTANT_ANNOTATED_SINGLE_METHOD,ATTACK_DEFAULT,200,5,,,0,1
7157,MUTANT_ANNOTATED_SINGLE_METHOD,ATTACK_DEFAULT,201,5,,,0,1
7158,MUTANT_ANNOTATED_SINGLE_METHOD,ATTACK_DEPENDENCIES,201,5,2263,,0,1
7159,MUTANT_ANNOTATED_SINGLE_METHOD,ATTACK_DEPENDENCIES,198,5,2264,,0,1
7160,MUTANT_ANNOTATED_SINGLE_METHOD,ATTACK_DEPENDENCIES,200,5,2265,,0,1
7161,TEST_FULL_SUITE_PLUS_DEFAULT,DEFEND_ONE_FROM_MANY,198,6,,2891,0,1
7162,TEST_FULL_SUITE_PLUS_DEFAULT,DEFEND_ONE_FROM_MANY,199,6,,2889,0,1
7163,TEST_FULL_SUITE_PLUS_DEFAULT,DEFEND_ONE_FROM_MANY,201,6,,2892,0,1
7164,TEST_FULL_SUITE_PLUS_DEFAULT,DEFEND_ONE_FROM_MANY,200,6,,2890,0,1
7165,MUTANT_ANNOTATED_SINGLE_METHOD,ATTACK_DEFAULT,199,5,,,0,1
7166,MUTANT_ANNOTATED_SINGLE_METHOD,ATTACK_DEPENDENCIES,199,5,2266,,0,1
7167,MUTANT_ANNOTATED_SINGLE_METHOD,ATTACK_DEFAULT,198,5,,,0,1
7168,MUTANT_ANNOTATED_SINGLE_METHOD,ATTACK_DEFAULT,201,5,,,0,1
7169,MUTANT_ANNOTATED_SINGLE_METHOD,ATTACK_DEPENDENCIES,198,5,2268,,0,1
7170,MUTANT_ANNOTATED_SINGLE_METHOD,ATTACK_DEPENDENCIES,201,5,2267,,0,1
7171,TEST_FULL_SUITE_PLUS_DEFAULT,DEFEND_ONE_FROM_MANY,199,6,,2894,0,1
7172,TEST_FULL_SUITE_PLUS_DEFAULT,DEFEND_ONE_FROM_MANY,198,6,,2893,0,1
7173,TEST_FULL_SUITE_PLUS_DEFAULT,DEFEND_ONE_FROM_MANY,201,6,,2895,0,1
7174,TEST_FULL_SUITE_PLUS_DEFAULT,DEFEND_ONE_FROM_MANY,200,6,,2896,0,1
7175,MUTANT_ANNOTATED_SINGLE_METHOD,ATTACK_DEFAULT,200,5,,,0,1
7176,MUTANT_ANNOTATED_SINGLE_METHOD,ATTACK_DEFAULT,199,5,,,0,1
7177,MUTANT_ANNOTATED_SINGLE_METHOD,ATTACK_DEPENDENCIES,200,5,2270,,0,1
7178,MUTANT_ANNOTATED_SINGLE_METHOD,ATTACK_DEPENDENCIES,199,5,2269,,0,1
7179,MUTANT_ANNOTATED_SINGLE_METHOD,ATTACK_DEFAULT,198,5,,,0,1
7180,MUTANT_ANNOTATED_SINGLE_METHOD,ATTACK_DEFAULT,201,5,,,0,1
7181,MUTANT_ANNOTATED_SINGLE_METHOD,ATTACK_DEPENDENCIES,201,5,2272,,0,1
7182,MUTANT_ANNOTATED_SINGLE_METHOD,ATTACK_DEPENDENCIES,198,5,2271,,0,1
7183,TEST_FULL_SUITE_PLUS_DEFAULT,DEFEND_ONE_FROM_MANY,199,6,,2898,0,1
7184,TEST_FULL_SUITE_PLUS_DEFAULT,DEFEND_ONE_FROM_MANY,198,6,,2897,0,1
7185,TEST_FULL_SUITE_PLUS_DEFAULT,DEFEND_ONE_FROM_MANY,201,6,,2899,0,1
7186,TEST_FULL_SUITE_PLUS_DEFAULT,DEFEND_ONE_FROM_MANY,200,6,,2900,0,1
7187,MUTANT_ANNOTATED_SINGLE_METHOD,ATTACK_DEFAULT,199,5,,,0,1
7188,MUTANT_ANNOTATED_SINGLE_METHOD,ATTACK_DEFAULT,200,5,,,0,1
7189,MUTANT_ANNOTATED_SINGLE_METHOD,ATTACK_DEPENDENCIES,199,5,2275,,0,1
7190,MUTANT_ANNOTATED_SINGLE_METHOD,ATTACK_DEPENDENCIES,200,5,2273,,0,1
7191,MUTANT_ANNOTATED_SINGLE_METHOD,ATTACK_DEFAULT,198,5,,,0,1
7192,MUTANT_ANNOTATED_SINGLE_METHOD,ATTACK_DEPENDENCIES,198,5,2274,,0,1
7193,TEST_FULL_SUITE_PLUS_DEFAULT,DEFEND_ONE_FROM_MANY,201,6,,2901,0,1
7194,TEST_FULL_SUITE_PLUS_DEFAULT,DEFEND_ONE_FROM_MANY,198,6,,2903,0,1
7195,TEST_FULL_SUITE_PLUS_DEFAULT,DEFEND_ONE_FROM_MANY,200,6,,2904,0,1
7196,TEST_FULL_SUITE_PLUS_DEFAULT,DEFEND_ONE_FROM_MANY,199,6,,2902,0,1
7197,MUTANT_ANNOTATED_SINGLE_METHOD,ATTACK_DEFAULT,201,5,,,0,1
7198,MUTANT_ANNOTATED_SINGLE_METHOD,ATTACK_DEFAULT,200,5,,,0,1
7199,MUTANT_ANNOTATED_SINGLE_METHOD,ATTACK_DEPENDENCIES,200,5,2277,,0,1
7200,MUTANT_ANNOTATED_SINGLE_METHOD,ATTACK_DEPENDENCIES,201,5,2276,,0,1
7201,MUTANT_ANNOTATED_SINGLE_METHOD,ATTACK_DEFAULT,198,5,,,0,1
7202,MUTANT_ANNOTATED_SINGLE_METHOD,ATTACK_DEFAULT,199,5,,,0,1
7203,MUTANT_ANNOTATED_SINGLE_METHOD,ATTACK_DEPENDENCIES,199,5,2279,,0,1
7204,MUTANT_ANNOTATED_SINGLE_METHOD,ATTACK_DEPENDENCIES,198,5,2278,,0,1
7205,TEST_FULL_SUITE_PLUS_DEFAULT,DEFEND_ONE_FROM_MANY,198,6,,2906,0,1
7206,TEST_FULL_SUITE_PLUS_DEFAULT,DEFEND_ONE_FROM_MANY,199,6,,2907,0,1
7207,TEST_FULL_SUITE_PLUS_DEFAULT,DEFEND_ONE_FROM_MANY,201,6,,2905,0,1
7208,TEST_FULL_SUITE_PLUS_DEFAULT,DEFEND_ONE_FROM_MANY,200,6,,2908,0,1
7209,MUTANT_ANNOTATED_SINGLE_METHOD,ATTACK_DEFAULT,201,5,,,0,1
7210,MUTANT_ANNOTATED_SINGLE_METHOD,ATTACK_DEFAULT,200,5,,,0,1
7211,MUTANT_ANNOTATED_SINGLE_METHOD,ATTACK_DEPENDENCIES,200,5,2280,,0,1
7212,MUTANT_ANNOTATED_SINGLE_METHOD,ATTACK_DEPENDENCIES,201,5,2281,,0,1
7213,MUTANT_ANNOTATED_SINGLE_METHOD,ATTACK_DEFAULT,199,5,,,0,1
7214,MUTANT_ANNOTATED_SINGLE_METHOD,ATTACK_DEFAULT,198,5,,,0,1
7215,MUTANT_ANNOTATED_SINGLE_METHOD,ATTACK_DEPENDENCIES,198,5,2282,,0,1
7216,MUTANT_ANNOTATED_SINGLE_METHOD,ATTACK_DEPENDENCIES,199,5,2284,,0,1
7217,TEST_FULL_SUITE_PLUS_DEFAULT,DEFEND_ONE_FROM_MANY,198,6,,2909,0,1
7218,TEST_FULL_SUITE_PLUS_DEFAULT,DEFEND_ONE_FROM_MANY,200,6,,2910,0,1
7219,TEST_FULL_SUITE_PLUS_DEFAULT,DEFEND_ONE_FROM_MANY,201,6,,2911,0,1
7220,TEST_FULL_SUITE_PLUS_DEFAULT,DEFEND_ONE_FROM_MANY,199,6,,2912,0,1
7221,MUTANT_ANNOTATED_SINGLE_METHOD,ATTACK_DEFAULT,201,5,,,0,1
7222,MUTANT_ANNOTATED_SINGLE_METHOD,ATTACK_DEFAULT,200,5,,,0,1
7223,MUTANT_ANNOTATED_SINGLE_METHOD,ATTACK_DEPENDENCIES,201,5,2285,,0,1
7224,MUTANT_ANNOTATED_SINGLE_METHOD,ATTACK_DEPENDENCIES,200,5,2283,,0,1
7225,MUTANT_ANNOTATED_SINGLE_METHOD,ATTACK_DEFAULT,198,5,,,0,1
7226,MUTANT_ANNOTATED_SINGLE_METHOD,ATTACK_DEPENDENCIES,198,5,2287,,0,1
7227,TEST_FULL_SUITE_PLUS_DEFAULT,DEFEND_ONE_FROM_MANY,199,6,,2913,0,1
7228,TEST_FULL_SUITE_PLUS_DEFAULT,DEFEND_ONE_FROM_MANY,201,6,,2914,0,1
7229,TEST_FULL_SUITE_PLUS_DEFAULT,DEFEND_ONE_FROM_MANY,198,6,,2916,0,1
7230,TEST_FULL_SUITE_PLUS_DEFAULT,DEFEND_ONE_FROM_MANY,200,6,,2915,0,1
7231,MUTANT_ANNOTATED_SINGLE_METHOD,ATTACK_DEFAULT,201,5,,,0,1
7232,MUTANT_ANNOTATED_SINGLE_METHOD,ATTACK_DEFAULT,199,5,,,0,1
7233,MUTANT_ANNOTATED_SINGLE_METHOD,ATTACK_DEFAULT,200,5,,,0,1
7234,MUTANT_ANNOTATED_SINGLE_METHOD,ATTACK_DEPENDENCIES,201,5,2288,,0,1
7235,MUTANT_ANNOTATED_SINGLE_METHOD,ATTACK_DEPENDENCIES,199,5,2289,,0,1
7236,MUTANT_ANNOTATED_SINGLE_METHOD,ATTACK_DEPENDENCIES,200,5,2286,,0,1
7237,TEST_FULL_SUITE_PLUS_DEFAULT,DEFEND_ONE_FROM_MANY,200,6,,2917,0,1
7238,TEST_FULL_SUITE_PLUS_DEFAULT,DEFEND_ONE_FROM_MANY,199,6,,2918,0,1
7239,TEST_FULL_SUITE_PLUS_DEFAULT,DEFEND_ONE_FROM_MANY,198,6,,2919,0,1
7240,TEST_FULL_SUITE_PLUS_DEFAULT,DEFEND_ONE_FROM_MANY,201,6,,2920,0,1
7241,MUTANT_ANNOTATED_SINGLE_METHOD,ATTACK_DEFAULT,200,5,,,0,1
7242,MUTANT_ANNOTATED_SINGLE_METHOD,ATTACK_DEFAULT,198,5,,,0,1
7243,MUTANT_ANNOTATED_SINGLE_METHOD,ATTACK_DEFAULT,201,5,,,0,1
7244,MUTANT_ANNOTATED_SINGLE_METHOD,ATTACK_DEPENDENCIES,201,5,2291,,0,1
7245,MUTANT_ANNOTATED_SINGLE_METHOD,ATTACK_DEPENDENCIES,200,5,2290,,0,1
7246,MUTANT_ANNOTATED_SINGLE_METHOD,ATTACK_DEPENDENCIES,198,5,2292,,0,1
7247,MUTANT_ANNOTATED_SINGLE_METHOD,ATTACK_DEFAULT,199,5,,,0,1
7248,MUTANT_ANNOTATED_SINGLE_METHOD,ATTACK_DEPENDENCIES,199,5,2295,,0,1
7249,TEST_FULL_SUITE_PLUS_DEFAULT,DEFEND_ONE_FROM_MANY,198,6,,2921,0,1
7250,TEST_FULL_SUITE_PLUS_DEFAULT,DEFEND_ONE_FROM_MANY,200,6,,2923,0,1
7251,TEST_FULL_SUITE_PLUS_DEFAULT,DEFEND_ONE_FROM_MANY,201,6,,2922,0,1
7252,TEST_FULL_SUITE_PLUS_DEFAULT,DEFEND_ONE_FROM_MANY,199,6,,2924,0,1
7253,MUTANT_ANNOTATED_SINGLE_METHOD,ATTACK_DEFAULT,198,5,,,0,1
7254,MUTANT_ANNOTATED_SINGLE_METHOD,ATTACK_DEFAULT,200,5,,,0,1
7255,MUTANT_ANNOTATED_SINGLE_METHOD,ATTACK_DEFAULT,201,5,,,0,1
7256,MUTANT_ANNOTATED_SINGLE_METHOD,ATTACK_DEPENDENCIES,198,5,2293,,0,1
7257,MUTANT_ANNOTATED_SINGLE_METHOD,ATTACK_DEPENDENCIES,201,5,2294,,0,1
7258,MUTANT_ANNOTATED_SINGLE_METHOD,ATTACK_DEPENDENCIES,200,5,2296,,0,1
7259,TEST_FULL_SUITE_PLUS_DEFAULT,DEFEND_ONE_FROM_MANY,200,6,,2925,0,1
7260,TEST_FULL_SUITE_PLUS_DEFAULT,DEFEND_ONE_FROM_MANY,201,6,,2927,0,1
7261,TEST_FULL_SUITE_PLUS_DEFAULT,DEFEND_ONE_FROM_MANY,199,6,,2926,0,1
7262,TEST_FULL_SUITE_PLUS_DEFAULT,DEFEND_ONE_FROM_MANY,198,6,,2928,0,1
7263,MUTANT_ANNOTATED_SINGLE_METHOD,ATTACK_DEFAULT,199,5,,,0,1
7264,MUTANT_ANNOTATED_SINGLE_METHOD,ATTACK_DEFAULT,201,5,,,0,1
7265,MUTANT_ANNOTATED_SINGLE_METHOD,ATTACK_DEFAULT,198,5,,,0,1
7266,MUTANT_ANNOTATED_SINGLE_METHOD,ATTACK_DEPENDENCIES,199,5,2299,,0,1
7267,MUTANT_ANNOTATED_SINGLE_METHOD,ATTACK_DEPENDENCIES,201,5,2297,,0,1
7268,MUTANT_ANNOTATED_SINGLE_METHOD,ATTACK_DEPENDENCIES,198,5,2298,,0,1
7269,MUTANT_ANNOTATED_SINGLE_METHOD,ATTACK_DEFAULT,200,5,,,0,1
7270,MUTANT_ANNOTATED_SINGLE_METHOD,ATTACK_DEPENDENCIES,200,5,2300,,0,1
7271,TEST_FULL_SUITE_PLUS_DEFAULT,DEFEND_ONE_FROM_MANY,198,6,,2929,0,1
7272,TEST_FULL_SUITE_PLUS_DEFAULT,DEFEND_ONE_FROM_MANY,200,6,,2931,0,1
7273,TEST_FULL_SUITE_PLUS_DEFAULT,DEFEND_ONE_FROM_MANY,201,6,,2930,0,1
7274,TEST_FULL_SUITE_PLUS_DEFAULT,DEFEND_ONE_FROM_MANY,199,6,,2932,0,1
7275,MUTANT_ANNOTATED_SINGLE_METHOD,ATTACK_DEFAULT,201,5,,,0,1
7276,MUTANT_ANNOTATED_SINGLE_METHOD,ATTACK_DEFAULT,198,5,,,0,1
7277,MUTANT_ANNOTATED_SINGLE_METHOD,ATTACK_DEPENDENCIES,201,5,2301,,0,1
7278,MUTANT_ANNOTATED_SINGLE_METHOD,ATTACK_DEPENDENCIES,198,5,2304,,0,1
7279,MUTANT_ANNOTATED_SINGLE_METHOD,ATTACK_DEFAULT,199,5,,,0,1
7280,MUTANT_ANNOTATED_SINGLE_METHOD,ATTACK_DEFAULT,200,5,,,0,1
7281,MUTANT_ANNOTATED_SINGLE_METHOD,ATTACK_DEPENDENCIES,200,5,2302,,0,1
7282,MUTANT_ANNOTATED_SINGLE_METHOD,ATTACK_DEPENDENCIES,199,5,2303,,0,1
7283,TEST_FULL_SUITE_PLUS_DEFAULT,DEFEND_ONE_FROM_MANY,200,6,,2934,0,1
7284,TEST_FULL_SUITE_PLUS_DEFAULT,DEFEND_ONE_FROM_MANY,199,6,,2935,0,1
7285,TEST_FULL_SUITE_PLUS_DEFAULT,DEFEND_ONE_FROM_MANY,198,6,,2936,0,1
7286,TEST_FULL_SUITE_PLUS_DEFAULT,DEFEND_ONE_FROM_MANY,201,6,,2933,0,1
7287,MUTANT_ANNOTATED_SINGLE_METHOD,ATTACK_DEFAULT,201,5,,,0,1
7288,MUTANT_ANNOTATED_SINGLE_METHOD,ATTACK_DEPENDENCIES,201,5,2305,,0,1
7289,MUTANT_ANNOTATED_SINGLE_METHOD,ATTACK_DEFAULT,199,5,,,0,1
7290,MUTANT_ANNOTATED_SINGLE_METHOD,ATTACK_DEFAULT,200,5,,,0,1
7291,MUTANT_ANNOTATED_SINGLE_METHOD,ATTACK_DEPENDENCIES,199,5,2307,,0,1
7292,MUTANT_ANNOTATED_SINGLE_METHOD,ATTACK_DEPENDENCIES,200,5,2306,,0,1
7293,TEST_FULL_SUITE_PLUS_DEFAULT,DEFEND_ONE_FROM_MANY,200,6,,2937,0,1
7294,TEST_FULL_SUITE_PLUS_DEFAULT,DEFEND_ONE_FROM_MANY,201,6,,2939,0,1
7295,TEST_FULL_SUITE_PLUS_DEFAULT,DEFEND_ONE_FROM_MANY,199,6,,2938,0,1
7296,MUTANT_ANNOTATED_SINGLE_METHOD,ATTACK_DEFAULT,198,5,,,0,1
7297,MUTANT_ANNOTATED_SINGLE_METHOD,ATTACK_DEFAULT,201,5,,,0,1
7298,MUTANT_ANNOTATED_SINGLE_METHOD,ATTACK_DEPENDENCIES,198,5,2309,,0,1
7299,MUTANT_ANNOTATED_SINGLE_METHOD,ATTACK_DEPENDENCIES,201,5,2308,,0,1
7300,TEST_FULL_SUITE_PLUS_DEFAULT,DEFEND_ONE_FROM_MANY,198,6,,2940,0,1
7301,MUTANT_ANNOTATED_SINGLE_METHOD,ATTACK_DEFAULT,199,5,,,0,1
7302,MUTANT_ANNOTATED_SINGLE_METHOD,ATTACK_DEFAULT,200,5,,,0,1
7303,MUTANT_ANNOTATED_SINGLE_METHOD,ATTACK_DEPENDENCIES,200,5,2311,,0,1
7304,MUTANT_ANNOTATED_SINGLE_METHOD,ATTACK_DEPENDENCIES,199,5,2310,,0,1
7305,TEST_FULL_SUITE_PLUS_DEFAULT,DEFEND_ONE_FROM_MANY,199,6,,2941,0,1
7306,TEST_FULL_SUITE_PLUS_DEFAULT,DEFEND_ONE_FROM_MANY,200,6,,2942,0,1
7307,MUTANT_ANNOTATED_SINGLE_METHOD,ATTACK_DEFAULT,201,5,,,0,1
7308,MUTANT_ANNOTATED_SINGLE_METHOD,ATTACK_DEPENDENCIES,201,5,2312,,0,1
7309,TEST_FULL_SUITE_PLUS_DEFAULT,DEFEND_ONE_FROM_MANY,198,6,,2943,0,1
7310,TEST_FULL_SUITE_PLUS_DEFAULT,DEFEND_ONE_FROM_MANY,201,6,,2944,0,1
7311,MUTANT_ANNOTATED_SINGLE_METHOD,ATTACK_DEFAULT,200,5,,,0,1
7312,MUTANT_ANNOTATED_SINGLE_METHOD,ATTACK_DEFAULT,198,5,,,0,1
7313,MUTANT_ANNOTATED_SINGLE_METHOD,ATTACK_DEFAULT,199,5,,,0,1
7314,MUTANT_ANNOTATED_SINGLE_METHOD,ATTACK_DEPENDENCIES,200,5,2314,,0,1
7315,MUTANT_ANNOTATED_SINGLE_METHOD,ATTACK_DEPENDENCIES,199,5,2315,,0,1
7316,MUTANT_ANNOTATED_SINGLE_METHOD,ATTACK_DEPENDENCIES,198,5,2313,,0,1
7317,TEST_FULL_SUITE_PLUS_DEFAULT,DEFEND_ONE_FROM_MANY,199,6,,2945,0,1
7318,TEST_FULL_SUITE_PLUS_DEFAULT,DEFEND_ONE_FROM_MANY,201,6,,2947,0,1
7319,TEST_FULL_SUITE_PLUS_DEFAULT,DEFEND_ONE_FROM_MANY,198,6,,2948,0,1
7320,TEST_FULL_SUITE_PLUS_DEFAULT,DEFEND_ONE_FROM_MANY,200,6,,2946,0,1
7321,MUTANT_ANNOTATED_SINGLE_METHOD,ATTACK_DEFAULT,201,5,,,0,1
7322,MUTANT_ANNOTATED_SINGLE_METHOD,ATTACK_DEPENDENCIES,201,5,2316,,0,1
7323,TEST_FULL_SUITE_PLUS_DEFAULT,DEFEND_ONE_FROM_MANY,199,6,,2951,0,1
7324,TEST_FULL_SUITE_PLUS_DEFAULT,DEFEND_ONE_FROM_MANY,200,6,,2950,0,1
7325,MUTANT_ANNOTATED_SINGLE_METHOD,ATTACK_DEFAULT,198,5,,,0,1
7326,MUTANT_ANNOTATED_SINGLE_METHOD,ATTACK_DEPENDENCIES,198,5,2319,,0,1
7327,TEST_FULL_SUITE_PLUS_DEFAULT,DEFEND_ONE_FROM_MANY,198,6,,2949,0,1
7328,TEST_FULL_SUITE_PLUS_DEFAULT,DEFEND_ONE_FROM_MANY,201,6,,2952,0,1
7329,MUTANT_ANNOTATED_SINGLE_METHOD,ATTACK_DEFAULT,200,5,,,0,1
7330,MUTANT_ANNOTATED_SINGLE_METHOD,ATTACK_DEPENDENCIES,200,5,2317,,0,1
7331,MUTANT_ANNOTATED_SINGLE_METHOD,ATTACK_DEFAULT,199,5,,,0,1
7332,MUTANT_ANNOTATED_SINGLE_METHOD,ATTACK_DEFAULT,201,5,,,0,1
7333,MUTANT_ANNOTATED_SINGLE_METHOD,ATTACK_DEPENDENCIES,199,5,2318,,0,1
7334,MUTANT_ANNOTATED_SINGLE_METHOD,ATTACK_DEPENDENCIES,201,5,2320,,0,1
7335,TEST_FULL_SUITE_PLUS_DEFAULT,DEFEND_ONE_FROM_MANY,198,6,,2953,0,1
7336,TEST_FULL_SUITE_PLUS_DEFAULT,DEFEND_ONE_FROM_MANY,200,6,,2954,0,1
7337,TEST_FULL_SUITE_PLUS_DEFAULT,DEFEND_ONE_FROM_MANY,199,6,,2955,0,1
7338,TEST_FULL_SUITE_PLUS_DEFAULT,DEFEND_ONE_FROM_MANY,201,6,,2956,0,1
7339,MUTANT_ANNOTATED_SINGLE_METHOD,ATTACK_DEFAULT,200,5,,,0,1
7340,MUTANT_ANNOTATED_SINGLE_METHOD,ATTACK_DEPENDENCIES,200,5,2321,,0,1
7341,MUTANT_ANNOTATED_SINGLE_METHOD,ATTACK_DEFAULT,199,5,,,0,1
7342,MUTANT_ANNOTATED_SINGLE_METHOD,ATTACK_DEPENDENCIES,199,5,2322,,0,1
7343,TEST_FULL_SUITE_PLUS_DEFAULT,DEFEND_ONE_FROM_MANY,198,6,,2957,0,1
7344,TEST_FULL_SUITE_PLUS_DEFAULT,DEFEND_ONE_FROM_MANY,200,6,,2959,0,1
7345,TEST_FULL_SUITE_PLUS_DEFAULT,DEFEND_ONE_FROM_MANY,201,6,,2960,0,1
7346,MUTANT_ANNOTATED_SINGLE_METHOD,ATTACK_DEFAULT,198,5,,,0,1
7347,TEST_FULL_SUITE_PLUS_DEFAULT,DEFEND_ONE_FROM_MANY,199,6,,2958,0,1
7348,MUTANT_ANNOTATED_SINGLE_METHOD,ATTACK_DEPENDENCIES,198,5,2326,,0,1
7349,MUTANT_ANNOTATED_SINGLE_METHOD,ATTACK_DEFAULT,201,5,,,0,1
7350,MUTANT_ANNOTATED_SINGLE_METHOD,ATTACK_DEPENDENCIES,201,5,2324,,0,1
7351,MUTANT_ANNOTATED_SINGLE_METHOD,ATTACK_DEFAULT,200,5,,,0,1
7352,MUTANT_ANNOTATED_SINGLE_METHOD,ATTACK_DEPENDENCIES,200,5,2323,,0,1
7353,TEST_FULL_SUITE_PLUS_DEFAULT,DEFEND_ONE_FROM_MANY,199,6,,2961,0,1
7354,TEST_FULL_SUITE_PLUS_DEFAULT,DEFEND_ONE_FROM_MANY,198,6,,2963,0,1
7355,TEST_FULL_SUITE_PLUS_DEFAULT,DEFEND_ONE_FROM_MANY,201,6,,2962,0,1
7356,TEST_FULL_SUITE_PLUS_DEFAULT,DEFEND_ONE_FROM_MANY,200,6,,2964,0,1
7357,MUTANT_ANNOTATED_SINGLE_METHOD,ATTACK_DEFAULT,199,5,,,0,1
7358,MUTANT_ANNOTATED_SINGLE_METHOD,ATTACK_DEPENDENCIES,199,5,2325,,0,1
7359,MUTANT_ANNOTATED_SINGLE_METHOD,ATTACK_DEFAULT,200,5,,,0,1
7360,MUTANT_ANNOTATED_SINGLE_METHOD,ATTACK_DEPENDENCIES,200,5,2327,,0,1
7361,MUTANT_ANNOTATED_SINGLE_METHOD,ATTACK_DEFAULT,201,5,,,0,1
7362,MUTANT_ANNOTATED_SINGLE_METHOD,ATTACK_DEPENDENCIES,201,5,2328,,0,1
7363,TEST_FULL_SUITE_PLUS_DEFAULT,DEFEND_ONE_FROM_MANY,198,6,,2965,0,1
7364,TEST_FULL_SUITE_PLUS_DEFAULT,DEFEND_ONE_FROM_MANY,199,6,,2966,0,1
7365,TEST_FULL_SUITE_PLUS_DEFAULT,DEFEND_ONE_FROM_MANY,201,6,,2968,0,1
7366,TEST_FULL_SUITE_PLUS_DEFAULT,DEFEND_ONE_FROM_MANY,200,6,,2967,0,1
7367,MUTANT_ANNOTATED_SINGLE_METHOD,ATTACK_DEFAULT,199,5,,,0,1
7368,MUTANT_ANNOTATED_SINGLE_METHOD,ATTACK_DEPENDENCIES,199,5,2329,,0,1
7369,MUTANT_ANNOTATED_SINGLE_METHOD,ATTACK_DEFAULT,198,5,,,0,1
7370,MUTANT_ANNOTATED_SINGLE_METHOD,ATTACK_DEPENDENCIES,198,5,2330,,0,1
7371,MUTANT_ANNOTATED_SINGLE_METHOD,ATTACK_DEFAULT,200,5,,,0,1
7372,MUTANT_ANNOTATED_SINGLE_METHOD,ATTACK_DEPENDENCIES,200,5,2333,,0,1
7373,TEST_FULL_SUITE_PLUS_DEFAULT,DEFEND_ONE_FROM_MANY,198,6,,2969,0,1
7374,TEST_FULL_SUITE_PLUS_DEFAULT,DEFEND_ONE_FROM_MANY,200,6,,2972,0,1
7375,TEST_FULL_SUITE_PLUS_DEFAULT,DEFEND_ONE_FROM_MANY,199,6,,2970,0,1
7376,TEST_FULL_SUITE_PLUS_DEFAULT,DEFEND_ONE_FROM_MANY,201,6,,2971,0,1
7377,MUTANT_ANNOTATED_SINGLE_METHOD,ATTACK_DEFAULT,199,5,,,0,1
7378,MUTANT_ANNOTATED_SINGLE_METHOD,ATTACK_DEPENDENCIES,199,5,2332,,0,1
7379,MUTANT_ANNOTATED_SINGLE_METHOD,ATTACK_DEFAULT,198,5,,,0,1
7380,MUTANT_ANNOTATED_SINGLE_METHOD,ATTACK_DEPENDENCIES,198,5,2331,,0,1
7381,MUTANT_ANNOTATED_SINGLE_METHOD,ATTACK_DEFAULT,201,5,,,0,1
7382,MUTANT_ANNOTATED_SINGLE_METHOD,ATTACK_DEPENDENCIES,201,5,2335,,0,1
7383,TEST_FULL_SUITE_PLUS_DEFAULT,DEFEND_FOCUS,198,6,,2976,0,1
7384,TEST_FULL_SUITE_PLUS_DEFAULT,DEFEND_ONE_FROM_MANY,200,6,,2975,0,1
7385,TEST_FULL_SUITE_PLUS_DEFAULT,DEFEND_ONE_FROM_MANY,199,6,,2973,0,1
7386,TEST_FULL_SUITE_PLUS_DEFAULT,DEFEND_ONE_FROM_MANY,201,6,,2974,0,1
7387,MUTANT_ANNOTATED_SINGLE_METHOD,ATTACK_DEFAULT,198,5,,,0,1
7388,MUTANT_ANNOTATED_SINGLE_METHOD,ATTACK_DEPENDENCIES,198,5,2334,,0,1
7389,MUTANT_ANNOTATED_SINGLE_METHOD,ATTACK_DEFAULT,199,5,,,0,1
7390,TEST_FULL_SUITE_PLUS_DEFAULT,DEFEND_FOCUS,198,6,,2980,0,1
7391,MUTANT_ANNOTATED_SINGLE_METHOD,ATTACK_DEPENDENCIES,199,5,2336,,0,1
7392,TEST_FULL_SUITE_PLUS_DEFAULT,DEFEND_ONE_FROM_MANY,199,6,,2978,0,1
7393,TEST_FULL_SUITE_PLUS_DEFAULT,DEFEND_ONE_FROM_MANY,200,6,,2979,0,1
7394,MUTANT_ANNOTATED_SINGLE_METHOD,ATTACK_DEFAULT,200,5,,,0,1
7395,MUTANT_ANNOTATED_SINGLE_METHOD,ATTACK_DEPENDENCIES,200,5,2339,,0,1
7396,TEST_FULL_SUITE_PLUS_DEFAULT,DEFEND_ONE_FROM_MANY,201,6,,2977,0,1
7397,MUTANT_ANNOTATED_SINGLE_METHOD,ATTACK_DEFAULT,198,5,,,0,1
7398,MUTANT_ANNOTATED_SINGLE_METHOD,ATTACK_DEPENDENCIES,198,5,2337,,0,1
7399,MUTANT_ANNOTATED_SINGLE_METHOD,ATTACK_DEFAULT,201,5,,,0,1
7400,MUTANT_ANNOTATED_SINGLE_METHOD,ATTACK_DEPENDENCIES,201,5,2338,,0,1
7401,MUTANT_ANNOTATED_SINGLE_METHOD,ATTACK_DEFAULT,199,5,,,0,1
7402,MUTANT_ANNOTATED_SINGLE_METHOD,ATTACK_DEPENDENCIES,199,5,2341,,0,1
7403,TEST_FULL_SUITE_PLUS_DEFAULT,DEFEND_FOCUS,198,6,,2983,0,1
7404,TEST_FULL_SUITE_PLUS_DEFAULT,DEFEND_FOCUS,199,6,,2991,0,1
7405,TEST_FULL_SUITE_PLUS_DEFAULT,DEFEND_ONE_FROM_MANY,200,6,,2981,0,1
7406,TEST_FULL_SUITE_PLUS_DEFAULT,DEFEND_ONE_FROM_MANY,201,6,,2982,0,1
7407,MUTANT_ANNOTATED_SINGLE_METHOD,ATTACK_DEFAULT,198,5,,,0,1
7408,MUTANT_ANNOTATED_SINGLE_METHOD,ATTACK_DEPENDENCIES,198,5,2340,,0,1
7409,TEST_FULL_SUITE_PLUS_DEFAULT,DEFEND_FOCUS,198,6,,2986,0,1
7410,MUTANT_ANNOTATED_SINGLE_METHOD,ATTACK_DEFAULT,201,5,,,0,1
7411,MUTANT_ANNOTATED_SINGLE_METHOD,ATTACK_DEPENDENCIES,201,5,2343,,0,1
7412,TEST_FULL_SUITE_PLUS_DEFAULT,DEFEND_ONE_FROM_MANY,200,6,,2984,0,1
7413,TEST_FULL_SUITE_PLUS_DEFAULT,DEFEND_ONE_FROM_MANY,201,6,,2985,0,1
7414,MUTANT_ANNOTATED_SINGLE_METHOD,ATTACK_DEFAULT,200,5,,,0,1
7415,MUTANT_ANNOTATED_SINGLE_METHOD,ATTACK_DEPENDENCIES,200,5,2342,,0,1
7416,MUTANT_ANNOTATED_SINGLE_METHOD,ATTACK_DEFAULT,198,5,,,0,1
7417,MUTANT_ANNOTATED_SINGLE_METHOD,ATTACK_DEPENDENCIES,198,5,2345,,0,1
7418,MUTANT_ANNOTATED_SINGLE_METHOD,ATTACK_DEFAULT,199,5,,,0,1
7419,MUTANT_ANNOTATED_SINGLE_METHOD,ATTACK_DEPENDENCIES,199,5,2344,,0,1
7420,TEST_FULL_SUITE_PLUS_DEFAULT,DEFEND_FOCUS,198,6,,2989,0,1
7421,TEST_FULL_SUITE_PLUS_DEFAULT,DEFEND_FOCUS,200,6,,2988,0,1
7422,TEST_FULL_SUITE_PLUS_DEFAULT,DEFEND_ONE_FROM_MANY,201,6,,2987,0,1
7423,MUTANT_ANNOTATED_SINGLE_METHOD,ATTACK_DEFAULT,200,5,,,0,1
7424,MUTANT_ANNOTATED_SINGLE_METHOD,ATTACK_DEPENDENCIES,200,5,2346,,0,1
7425,MUTANT_ANNOTATED_SINGLE_METHOD,ATTACK_DEFAULT,201,5,,,0,1
7426,MUTANT_ANNOTATED_SINGLE_METHOD,ATTACK_DEPENDENCIES,201,5,2347,,0,1
7427,MUTANT_ANNOTATED_SINGLE_METHOD,ATTACK_DEFAULT,199,5,,,0,1
7428,MUTANT_ANNOTATED_SINGLE_METHOD,ATTACK_DEPENDENCIES,199,5,2348,,0,1
7429,TEST_FULL_SUITE_PLUS_DEFAULT,DEFEND_FOCUS,200,6,,,0,0
7430,TEST_FULL_SUITE_PLUS_DEFAULT,DEFEND_FOCUS,198,6,,2992,0,1
7431,MUTANT_ANNOTATED_SINGLE_METHOD,ATTACK_EQUIVALENCE,198,5,,,0,1
7432,MUTANT_ANNOTATED_SINGLE_METHOD,ATTACK_DEFAULT,200,5,,,0,1
7433,MUTANT_ANNOTATED_SINGLE_METHOD,ATTACK_DEPENDENCIES,200,5,2349,,0,1
7434,TEST_FULL_SUITE_PLUS_DEFAULT,DEFEND_ONE_FROM_MANY,201,6,,2990,0,1
7435,MUTANT_ANNOTATED_SINGLE_METHOD,ATTACK_EQUIVALENCE,198,5,,,0,1
7436,MUTANT_ANNOTATED_SINGLE_METHOD,ATTACK_DEFAULT,201,5,,,0,1
7437,MUTANT_ANNOTATED_SINGLE_METHOD,ATTACK_DEPENDENCIES,201,5,2352,,0,1
7438,MUTANT_ANNOTATED_SINGLE_METHOD,ATTACK_EQUIVALENCE,198,5,,,0,1
7439,MUTANT_ANNOTATED_SINGLE_METHOD,ATTACK_EQUIVALENCE,198,5,,,0,1
7440,TEST_FULL_SUITE_PLUS_DEFAULT,DEFEND_FOCUS,198,6,,2997,0,1
7441,TEST_FULL_SUITE_PLUS_DEFAULT,DEFEND_FOCUS,199,6,,3004,0,1
7442,TEST_FULL_SUITE_PLUS_DEFAULT,DEFEND_FOCUS,201,6,,3005,0,1
7443,MUTANT_ANNOTATED_SINGLE_METHOD,ATTACK_DEFAULT,199,5,,,0,1
7444,MUTANT_ANNOTATED_SINGLE_METHOD,ATTACK_DEPENDENCIES,199,5,2350,,0,1
7445,MUTANT_ANNOTATED_SINGLE_METHOD,ATTACK_DEFAULT,200,5,,,0,1
7446,MUTANT_ANNOTATED_SINGLE_METHOD,ATTACK_DEPENDENCIES,200,5,2353,,0,1
7447,MUTANT_ANNOTATED_SINGLE_METHOD,ATTACK_DEFAULT,198,5,,,0,1
7448,MUTANT_ANNOTATED_SINGLE_METHOD,ATTACK_DEPENDENCIES,198,5,2351,,0,1
7449,TEST_FULL_SUITE_PLUS_DEFAULT,DEFEND_FOCUS,198,6,,3002,0,1
7450,MUTANT_ANNOTATED_SINGLE_METHOD,ATTACK_DEFAULT,199,5,,,0,1
7451,MUTANT_ANNOTATED_SINGLE_METHOD,ATTACK_DEPENDENCIES,199,5,2356,,0,1
7452,MUTANT_ANNOTATED_SINGLE_METHOD,ATTACK_DEFAULT,198,5,,,0,1
7453,MUTANT_ANNOTATED_SINGLE_METHOD,ATTACK_DEFAULT,201,5,,,0,1
7454,MUTANT_ANNOTATED_SINGLE_METHOD,ATTACK_DEPENDENCIES,198,5,2354,,0,1
7455,MUTANT_ANNOTATED_SINGLE_METHOD,ATTACK_DEPENDENCIES,201,5,2355,,0,1
7456,MUTANT_ANNOTATED_SINGLE_METHOD,ATTACK_DEFAULT,200,5,,,0,1
7457,MUTANT_ANNOTATED_SINGLE_METHOD,ATTACK_DEPENDENCIES,200,5,2357,,0,1
7458,TEST_FULL_SUITE_PLUS_DEFAULT,DEFEND_FOCUS,198,6,,3003,0,1
7459,MUTANT_ANNOTATED_SINGLE_METHOD,ATTACK_DEFAULT,198,5,,,0,1
7460,MUTANT_ANNOTATED_SINGLE_METHOD,ATTACK_DEPENDENCIES,198,5,2358,,0,1
7461,MUTANT_ANNOTATED_SINGLE_METHOD,ATTACK_DEFAULT,201,5,,,0,1
7462,MUTANT_ANNOTATED_SINGLE_METHOD,ATTACK_DEPENDENCIES,201,5,2360,,0,1
7463,MUTANT_ANNOTATED_SINGLE_METHOD,ATTACK_DEFAULT,199,5,,,0,1
7464,MUTANT_ANNOTATED_SINGLE_METHOD,ATTACK_DEPENDENCIES,199,5,2362,,0,1
7465,MUTANT_ANNOTATED_SINGLE_METHOD,ATTACK_DEFAULT,200,5,,,0,1
7466,MUTANT_ANNOTATED_SINGLE_METHOD,ATTACK_DEPENDENCIES,200,5,2359,,0,1
7467,TEST_FULL_SUITE_PLUS_DEFAULT,DEFEND_FOCUS,198,6,,3011,0,1
7468,TEST_FULL_SUITE_PLUS_DEFAULT,DEFEND_FOCUS,200,6,,3010,0,1
7469,MUTANT_ANNOTATED_SINGLE_METHOD,ATTACK_DEFAULT,198,5,,,0,1
7470,MUTANT_ANNOTATED_SINGLE_METHOD,ATTACK_DEPENDENCIES,198,5,2361,,0,1
7471,MUTANT_ANNOTATED_SINGLE_METHOD,ATTACK_DEFAULT,200,5,,,0,1
7472,MUTANT_ANNOTATED_SINGLE_METHOD,ATTACK_DEPENDENCIES,200,5,2363,,0,1
7473,TEST_FULL_SUITE_PLUS_DEFAULT,DEFEND_FOCUS,199,6,,3015,0,1
7474,TEST_FULL_SUITE_PLUS_DEFAULT,DEFEND_FOCUS,201,6,,3014,0,1
7475,MUTANT_ANNOTATED_SINGLE_METHOD,ATTACK_EQUIVALENCE,201,5,,,0,1
7476,MUTANT_ANNOTATED_SINGLE_METHOD,ATTACK_DEFAULT,198,5,,,0,1
7477,MUTANT_ANNOTATED_SINGLE_METHOD,ATTACK_DEPENDENCIES,198,5,2365,,0,1
7478,MUTANT_ANNOTATED_SINGLE_METHOD,ATTACK_EQUIVALENCE,201,5,,,0,1
7479,MUTANT_ANNOTATED_SINGLE_METHOD,ATTACK_DEFAULT,199,5,,,0,1
7480,MUTANT_ANNOTATED_SINGLE_METHOD,ATTACK_DEPENDENCIES,199,5,2364,,0,1
7481,MUTANT_ANNOTATED_SINGLE_METHOD,ATTACK_DEFAULT,200,5,,,0,1
7482,MUTANT_ANNOTATED_SINGLE_METHOD,ATTACK_DEPENDENCIES,200,5,,,1,0
7483,MUTANT_ANNOTATED_SINGLE_METHOD,ATTACK_EQUIVALENCE,201,5,,,0,1
7484,TEST_FULL_SUITE_PLUS_DEFAULT,DEFEND_FOCUS,198,6,,3016,0,1
7485,TEST_FULL_SUITE_PLUS_DEFAULT,DEFEND_DEFAULT,200,6,,3017,0,1
7486,MUTANT_ANNOTATED_SINGLE_METHOD,ATTACK_DEFAULT,199,5,,,0,1
7487,MUTANT_ANNOTATED_SINGLE_METHOD,ATTACK_DEPENDENCIES,199,5,,,1,0
7488,MUTANT_ANNOTATED_SINGLE_METHOD,ATTACK_EQUIVALENCE,200,5,,,0,1
7489,MUTANT_ANNOTATED_SINGLE_METHOD,ATTACK_DEFAULT,201,5,,,0,1
7490,MUTANT_ANNOTATED_SINGLE_METHOD,ATTACK_DEPENDENCIES,201,5,2366,,0,1
7491,MUTANT_ANNOTATED_SINGLE_METHOD,ATTACK_DEFAULT,198,5,,,0,1
7492,MUTANT_ANNOTATED_SINGLE_METHOD,ATTACK_DEPENDENCIES,198,5,2367,,0,1
7493,TEST_FULL_SUITE_PLUS_DEFAULT,DEFEND_FOCUS,201,6,,,1,0
7494,TEST_FULL_SUITE_PLUS_DEFAULT,DEFEND_FOCUS,199,6,,3019,0,1
7495,MUTANT_ANNOTATED_SINGLE_METHOD,ATTACK_DEFAULT,202,5,,,0,1
7496,TEST_FULL_SUITE_PLUS_DEFAULT,DEFEND_DEFAULT,202,6,,,0,1
7497,MUTANT_ANNOTATED_SINGLE_METHOD,ATTACK_DEPENDENCIES,202,5,2368,,0,1
7498,MUTANT_ANNOTATED_SINGLE_METHOD,ATTACK_EQUIVALENCE,200,5,,,0,1
7499,TEST_FULL_SUITE_PLUS_DEFAULT,DEFEND_ONE_FROM_MANY,202,6,,,0,1
7500,MUTANT_ANNOTATED_SINGLE_METHOD,ATTACK_DEFAULT,202,5,,,0,1
7501,MUTANT_ANNOTATED_SINGLE_METHOD,ATTACK_DEPENDENCIES,202,5,2369,,0,1
7502,TEST_FULL_SUITE_PLUS_DEFAULT,DEFEND_ONE_FROM_MANY,202,6,,3021,0,1
7503,MUTANT_ANNOTATED_SINGLE_METHOD,ATTACK_EQUIVALENCE,200,5,,,0,1
7504,TEST_FULL_SUITE_PLUS_DEFAULT,DEFEND_ONE_FROM_MANY,202,6,,3022,0,1
7505,MUTANT_ANNOTATED_SINGLE_METHOD,ATTACK_EQUIVALENCE,200,5,,,0,1
7506,MUTANT_ANNOTATED_SINGLE_METHOD,ATTACK_DEFAULT,202,5,,,0,1
7507,MUTANT_ANNOTATED_SINGLE_METHOD,ATTACK_DEPENDENCIES,202,5,2370,,0,1
7508,TEST_FULL_SUITE_PLUS_DEFAULT,DEFEND_ONE_FROM_MANY,202,6,,3025,0,1
7509,TEST_FULL_SUITE_PLUS_DEFAULT,DEFEND_ONE_FROM_MANY,202,6,,3026,0,1
7510,MUTANT_ANNOTATED_SINGLE_METHOD,ATTACK_DEFAULT,202,5,,,0,1
7511,MUTANT_ANNOTATED_SINGLE_METHOD,ATTACK_DEPENDENCIES,202,5,2371,,0,1
7512,TEST_FULL_SUITE_PLUS_DEFAULT,DEFEND_ONE_FROM_MANY,202,6,,3027,0,1
7513,TEST_FULL_SUITE_PLUS_DEFAULT,DEFEND_ONE_FROM_MANY,202,6,,3028,0,1
7514,MUTANT_ANNOTATED_SINGLE_METHOD,ATTACK_DEFAULT,202,5,,,0,1
7515,MUTANT_ANNOTATED_SINGLE_METHOD,ATTACK_DEPENDENCIES,202,5,2372,,0,1
7516,TEST_FULL_SUITE_PLUS_DEFAULT,DEFEND_ONE_FROM_MANY,202,6,,3029,0,1
7517,MUTANT_ANNOTATED_SINGLE_METHOD,ATTACK_DEFAULT,202,5,,,0,1
7518,MUTANT_ANNOTATED_SINGLE_METHOD,ATTACK_DEPENDENCIES,202,5,2373,,0,1
7519,TEST_FULL_SUITE_PLUS_DEFAULT,DEFEND_ONE_FROM_MANY,202,6,,3033,0,1
7520,MUTANT_ANNOTATED_SINGLE_METHOD,ATTACK_DEFAULT,202,5,,,0,1
7521,MUTANT_ANNOTATED_SINGLE_METHOD,ATTACK_DEPENDENCIES,202,5,2374,,0,1
7522,MUTANT_ANNOTATED_SINGLE_METHOD,ATTACK_DEFAULT,202,5,,,0,1
7523,MUTANT_ANNOTATED_SINGLE_METHOD,ATTACK_DEPENDENCIES,202,5,2375,,0,1
7524,MUTANT_ANNOTATED_SINGLE_METHOD,ATTACK_DEFAULT,202,5,,,0,1
7525,MUTANT_ANNOTATED_SINGLE_METHOD,ATTACK_DEPENDENCIES,202,5,2376,,0,1
7526,TEST_FULL_SUITE_PLUS_DEFAULT,DEFEND_ONE_FROM_MANY,202,6,,,0,1
7527,TEST_FULL_SUITE_PLUS_DEFAULT,DEFEND_ONE_FROM_MANY,202,6,,3034,0,1
7528,MUTANT_ANNOTATED_SINGLE_METHOD,ATTACK_DEFAULT,202,5,,,0,1
7529,MUTANT_ANNOTATED_SINGLE_METHOD,ATTACK_DEPENDENCIES,202,5,2377,,0,1
7530,TEST_FULL_SUITE_PLUS_DEFAULT,DEFEND_ONE_FROM_MANY,202,6,,3035,0,1
7531,TEST_FULL_SUITE_PLUS_DEFAULT,DEFEND_ONE_FROM_MANY,202,6,,3036,0,1
7532,MUTANT_ANNOTATED_SINGLE_METHOD,ATTACK_DEFAULT,202,5,,,0,1
7533,MUTANT_ANNOTATED_SINGLE_METHOD,ATTACK_DEPENDENCIES,202,5,2378,,0,1
7534,TEST_FULL_SUITE_PLUS_DEFAULT,DEFEND_ONE_FROM_MANY,202,6,,3037,0,1
7535,MUTANT_ANNOTATED_SINGLE_METHOD,ATTACK_DEFAULT,202,5,,,0,1
7536,MUTANT_ANNOTATED_SINGLE_METHOD,ATTACK_DEPENDENCIES,202,5,2379,,0,1
7537,TEST_FULL_SUITE_PLUS_DEFAULT,DEFEND_ONE_FROM_MANY,202,6,,3038,0,1
7538,MUTANT_ANNOTATED_SINGLE_METHOD,ATTACK_DEFAULT,202,5,,,0,1
7539,MUTANT_ANNOTATED_SINGLE_METHOD,ATTACK_DEPENDENCIES,202,5,2380,,0,1
7540,TEST_FULL_SUITE_PLUS_DEFAULT,DEFEND_ONE_FROM_MANY,202,6,,3040,0,1
7541,MUTANT_ANNOTATED_SINGLE_METHOD,ATTACK_DEFAULT,202,5,,,0,1
7542,MUTANT_ANNOTATED_SINGLE_METHOD,ATTACK_DEPENDENCIES,202,5,2381,,0,1
7543,TEST_FULL_SUITE_PLUS_DEFAULT,DEFEND_ONE_FROM_MANY,202,6,,,0,1
7544,TEST_FULL_SUITE_PLUS_DEFAULT,DEFEND_ONE_FROM_MANY,202,6,,3042,0,1
7545,MUTANT_ANNOTATED_SINGLE_METHOD,ATTACK_DEFAULT,202,5,,,0,1
7546,MUTANT_ANNOTATED_SINGLE_METHOD,ATTACK_DEPENDENCIES,202,5,2382,,0,1
7547,TEST_FULL_SUITE_PLUS_DEFAULT,DEFEND_ONE_FROM_MANY,202,6,,,0,1
7548,TEST_FULL_SUITE_PLUS_DEFAULT,DEFEND_ONE_FROM_MANY,202,6,,3043,0,1
7549,MUTANT_ANNOTATED_SINGLE_METHOD,ATTACK_DEFAULT,202,5,,,0,1
7550,MUTANT_ANNOTATED_SINGLE_METHOD,ATTACK_DEPENDENCIES,202,5,2383,,0,1
7551,TEST_FULL_SUITE_PLUS_DEFAULT,DEFEND_ONE_FROM_MANY,202,6,,3044,0,1
7552,MUTANT_ANNOTATED_SINGLE_METHOD,ATTACK_DEFAULT,202,5,,,0,1
7553,MUTANT_ANNOTATED_SINGLE_METHOD,ATTACK_DEPENDENCIES,202,5,2384,,0,1
7554,TEST_FULL_SUITE_PLUS_DEFAULT,DEFEND_ONE_FROM_MANY,202,6,,3045,0,1
7555,MUTANT_ANNOTATED_SINGLE_METHOD,ATTACK_DEFAULT,202,5,,,0,1
7556,MUTANT_ANNOTATED_SINGLE_METHOD,ATTACK_DEPENDENCIES,202,5,2385,,0,1
7557,TEST_FULL_SUITE_PLUS_DEFAULT,DEFEND_ONE_FROM_MANY,202,6,,3046,0,1
7558,MUTANT_ANNOTATED_SINGLE_METHOD,ATTACK_DEFAULT,203,5,,,0,1
7559,MUTANT_ANNOTATED_SINGLE_METHOD,ATTACK_DEFAULT,205,5,,,0,1
7560,MUTANT_ANNOTATED_SINGLE_METHOD,ATTACK_DEFAULT,204,5,,,0,1
7561,MUTANT_ANNOTATED_SINGLE_METHOD,ATTACK_DEFAULT,206,5,,,0,1
7562,TEST_FULL_SUITE_PLUS_DEFAULT,DEFEND_DEFAULT,203,6,,,0,1
7563,TEST_FULL_SUITE_PLUS_DEFAULT,DEFEND_DEFAULT,204,6,,,0,1
7564,TEST_FULL_SUITE_PLUS_DEFAULT,DEFEND_DEFAULT,205,6,,,0,1
7565,TEST_FULL_SUITE_PLUS_DEFAULT,DEFEND_DEFAULT,206,6,,,0,1
7566,MUTANT_ANNOTATED_SINGLE_METHOD,ATTACK_DEPENDENCIES,203,5,2387,,0,1
7567,MUTANT_ANNOTATED_SINGLE_METHOD,ATTACK_DEPENDENCIES,205,5,2386,,0,1
7568,MUTANT_ANNOTATED_SINGLE_METHOD,ATTACK_DEPENDENCIES,206,5,2389,,0,1
7569,MUTANT_ANNOTATED_SINGLE_METHOD,ATTACK_DEPENDENCIES,204,5,2388,,0,1
7570,MUTANT_ANNOTATED_SINGLE_METHOD,ATTACK_DEFAULT,202,5,,,0,1
7571,MUTANT_ANNOTATED_SINGLE_METHOD,ATTACK_DEPENDENCIES,202,5,2390,,0,1
7572,TEST_FULL_SUITE_PLUS_DEFAULT,DEFEND_ONE_FROM_MANY,202,6,,3047,0,1
7573,TEST_FULL_SUITE_PLUS_DEFAULT,DEFEND_ONE_FROM_MANY,204,6,,,0,1
7574,TEST_FULL_SUITE_PLUS_DEFAULT,DEFEND_ONE_FROM_MANY,205,6,,,0,1
7575,TEST_FULL_SUITE_PLUS_DEFAULT,DEFEND_ONE_FROM_MANY,203,6,,,0,1
7576,TEST_FULL_SUITE_PLUS_DEFAULT,DEFEND_ONE_FROM_MANY,206,6,,,0,1
7577,TEST_FULL_SUITE_PLUS_DEFAULT,DEFEND_ONE_FROM_MANY,204,6,,3048,0,1
7578,TEST_FULL_SUITE_PLUS_DEFAULT,DEFEND_ONE_FROM_MANY,205,6,,3049,0,1
7579,TEST_FULL_SUITE_PLUS_DEFAULT,DEFEND_ONE_FROM_MANY,203,6,,3050,0,1
7580,TEST_FULL_SUITE_PLUS_DEFAULT,DEFEND_ONE_FROM_MANY,206,6,,3051,0,1
7581,MUTANT_ANNOTATED_SINGLE_METHOD,ATTACK_DEFAULT,203,5,,,0,1
7582,MUTANT_ANNOTATED_SINGLE_METHOD,ATTACK_DEFAULT,204,5,,,0,1
7583,MUTANT_ANNOTATED_SINGLE_METHOD,ATTACK_DEFAULT,205,5,,,0,1
7584,MUTANT_ANNOTATED_SINGLE_METHOD,ATTACK_DEFAULT,206,5,,,0,1
7585,MUTANT_ANNOTATED_SINGLE_METHOD,ATTACK_DEPENDENCIES,206,5,2394,,0,1
7586,MUTANT_ANNOTATED_SINGLE_METHOD,ATTACK_DEPENDENCIES,205,5,2392,,0,1
7587,MUTANT_ANNOTATED_SINGLE_METHOD,ATTACK_DEPENDENCIES,203,5,2391,,0,1
7588,MUTANT_ANNOTATED_SINGLE_METHOD,ATTACK_DEPENDENCIES,204,5,2393,,0,1
7589,TEST_FULL_SUITE_PLUS_DEFAULT,DEFEND_ONE_FROM_MANY,203,6,,3052,0,1
7590,TEST_FULL_SUITE_PLUS_DEFAULT,DEFEND_ONE_FROM_MANY,204,6,,3053,0,1
7591,TEST_FULL_SUITE_PLUS_DEFAULT,DEFEND_ONE_FROM_MANY,206,6,,3055,0,1
7592,TEST_FULL_SUITE_PLUS_DEFAULT,DEFEND_ONE_FROM_MANY,205,6,,3054,0,1
7593,MUTANT_ANNOTATED_SINGLE_METHOD,ATTACK_DEFAULT,202,5,,,0,1
7594,MUTANT_ANNOTATED_SINGLE_METHOD,ATTACK_DEPENDENCIES,202,5,2396,,0,1
7595,TEST_FULL_SUITE_PLUS_DEFAULT,DEFEND_ONE_FROM_MANY,202,6,,3056,0,1
7596,MUTANT_ANNOTATED_SINGLE_METHOD,ATTACK_DEFAULT,203,5,,,0,1
7597,MUTANT_ANNOTATED_SINGLE_METHOD,ATTACK_DEFAULT,204,5,,,0,1
7598,MUTANT_ANNOTATED_SINGLE_METHOD,ATTACK_DEFAULT,205,5,,,0,1
7599,MUTANT_ANNOTATED_SINGLE_METHOD,ATTACK_DEFAULT,206,5,,,0,1
7600,MUTANT_ANNOTATED_SINGLE_METHOD,ATTACK_DEPENDENCIES,204,5,2399,,0,1
7601,MUTANT_ANNOTATED_SINGLE_METHOD,ATTACK_DEPENDENCIES,203,5,2397,,0,1
7602,MUTANT_ANNOTATED_SINGLE_METHOD,ATTACK_DEPENDENCIES,206,5,2395,,0,1
7603,MUTANT_ANNOTATED_SINGLE_METHOD,ATTACK_DEPENDENCIES,205,5,2398,,0,1
7604,TEST_FULL_SUITE_PLUS_DEFAULT,DEFEND_ONE_FROM_MANY,205,6,,3058,0,1
7605,TEST_FULL_SUITE_PLUS_DEFAULT,DEFEND_ONE_FROM_MANY,203,6,,3057,0,1
7606,TEST_FULL_SUITE_PLUS_DEFAULT,DEFEND_ONE_FROM_MANY,204,6,,3059,0,1
7607,TEST_FULL_SUITE_PLUS_DEFAULT,DEFEND_ONE_FROM_MANY,206,6,,3060,0,1
7608,TEST_FULL_SUITE_PLUS_DEFAULT,DEFEND_ONE_FROM_MANY,202,6,,3061,0,1
7609,MUTANT_ANNOTATED_SINGLE_METHOD,ATTACK_DEFAULT,206,5,,,0,1
7610,MUTANT_ANNOTATED_SINGLE_METHOD,ATTACK_DEPENDENCIES,206,5,2400,,0,1
7611,MUTANT_ANNOTATED_SINGLE_METHOD,ATTACK_DEFAULT,202,5,,,0,1
7612,TEST_FULL_SUITE_PLUS_DEFAULT,DEFEND_ONE_FROM_MANY,203,6,,3062,0,1
7613,TEST_FULL_SUITE_PLUS_DEFAULT,DEFEND_ONE_FROM_MANY,205,6,,3063,0,1
7614,TEST_FULL_SUITE_PLUS_DEFAULT,DEFEND_ONE_FROM_MANY,204,6,,3064,0,1
7615,TEST_FULL_SUITE_PLUS_DEFAULT,DEFEND_ONE_FROM_MANY,206,6,,3065,0,1
7616,MUTANT_ANNOTATED_SINGLE_METHOD,ATTACK_DEPENDENCIES,202,5,2401,,0,1
7617,TEST_FULL_SUITE_PLUS_DEFAULT,DEFEND_ONE_FROM_MANY,202,6,,3066,0,1
7618,MUTANT_ANNOTATED_SINGLE_METHOD,ATTACK_DEFAULT,203,5,,,0,1
7619,MUTANT_ANNOTATED_SINGLE_METHOD,ATTACK_DEFAULT,205,5,,,0,1
7620,MUTANT_ANNOTATED_SINGLE_METHOD,ATTACK_DEFAULT,204,5,,,0,1
7621,MUTANT_ANNOTATED_SINGLE_METHOD,ATTACK_DEPENDENCIES,205,5,2404,,0,1
7622,MUTANT_ANNOTATED_SINGLE_METHOD,ATTACK_DEPENDENCIES,203,5,2403,,0,1
7623,MUTANT_ANNOTATED_SINGLE_METHOD,ATTACK_DEPENDENCIES,204,5,2402,,0,1
7624,MUTANT_ANNOTATED_SINGLE_METHOD,ATTACK_DEFAULT,206,5,,,0,1
7625,MUTANT_ANNOTATED_SINGLE_METHOD,ATTACK_DEPENDENCIES,206,5,2405,,0,1
7626,TEST_FULL_SUITE_PLUS_DEFAULT,DEFEND_ONE_FROM_MANY,203,6,,3067,0,1
7627,TEST_FULL_SUITE_PLUS_DEFAULT,DEFEND_ONE_FROM_MANY,204,6,,3069,0,1
7628,TEST_FULL_SUITE_PLUS_DEFAULT,DEFEND_ONE_FROM_MANY,206,6,,3070,0,1
7629,TEST_FULL_SUITE_PLUS_DEFAULT,DEFEND_ONE_FROM_MANY,205,6,,3068,0,1
7630,MUTANT_ANNOTATED_SINGLE_METHOD,ATTACK_DEFAULT,202,5,,,0,1
7631,MUTANT_ANNOTATED_SINGLE_METHOD,ATTACK_DEPENDENCIES,202,5,2407,,0,1
7632,TEST_FULL_SUITE_PLUS_DEFAULT,DEFEND_FOCUS,202,6,,3071,0,1
7633,MUTANT_ANNOTATED_SINGLE_METHOD,ATTACK_DEFAULT,204,5,,,0,1
7634,MUTANT_ANNOTATED_SINGLE_METHOD,ATTACK_DEPENDENCIES,204,5,2406,,0,1
7635,MUTANT_ANNOTATED_SINGLE_METHOD,ATTACK_EQUIVALENCE,202,5,,,0,1
7636,MUTANT_ANNOTATED_SINGLE_METHOD,ATTACK_DEFAULT,203,5,,,0,1
7637,MUTANT_ANNOTATED_SINGLE_METHOD,ATTACK_DEFAULT,205,5,,,0,1
7638,MUTANT_ANNOTATED_SINGLE_METHOD,ATTACK_DEFAULT,206,5,,,0,1
7639,MUTANT_ANNOTATED_SINGLE_METHOD,ATTACK_DEPENDENCIES,205,5,2409,,0,1
7640,MUTANT_ANNOTATED_SINGLE_METHOD,ATTACK_DEPENDENCIES,203,5,2410,,0,1
7641,MUTANT_ANNOTATED_SINGLE_METHOD,ATTACK_DEPENDENCIES,206,5,2411,,0,1
7642,TEST_FULL_SUITE_PLUS_DEFAULT,DEFEND_FOCUS,202,6,,3092,0,1
7643,TEST_FULL_SUITE_PLUS_DEFAULT,DEFEND_ONE_FROM_MANY,206,6,,3073,0,1
7644,TEST_FULL_SUITE_PLUS_DEFAULT,DEFEND_ONE_FROM_MANY,203,6,,3075,0,1
7645,TEST_FULL_SUITE_PLUS_DEFAULT,DEFEND_ONE_FROM_MANY,205,6,,3074,0,1
7646,TEST_FULL_SUITE_PLUS_DEFAULT,DEFEND_ONE_FROM_MANY,204,6,,3076,0,1
7647,MUTANT_ANNOTATED_SINGLE_METHOD,ATTACK_DEFAULT,202,5,,,0,1
7648,MUTANT_ANNOTATED_SINGLE_METHOD,ATTACK_DEFAULT,204,5,,,0,1
7649,MUTANT_ANNOTATED_SINGLE_METHOD,ATTACK_DEPENDENCIES,202,5,2413,,0,1
7650,MUTANT_ANNOTATED_SINGLE_METHOD,ATTACK_DEPENDENCIES,204,5,2408,,0,1
7651,TEST_FULL_SUITE_PLUS_DEFAULT,DEFEND_ONE_FROM_MANY,203,6,,3078,0,1
7652,TEST_FULL_SUITE_PLUS_DEFAULT,DEFEND_ONE_FROM_MANY,205,6,,3080,0,1
7653,TEST_FULL_SUITE_PLUS_DEFAULT,DEFEND_ONE_FROM_MANY,204,6,,3079,0,1
7654,TEST_FULL_SUITE_PLUS_DEFAULT,DEFEND_ONE_FROM_MANY,206,6,,3081,0,1
7655,MUTANT_ANNOTATED_SINGLE_METHOD,ATTACK_DEFAULT,203,5,,,0,1
7656,MUTANT_ANNOTATED_SINGLE_METHOD,ATTACK_DEFAULT,205,5,,,0,1
7657,MUTANT_ANNOTATED_SINGLE_METHOD,ATTACK_DEFAULT,204,5,,,0,1
7658,MUTANT_ANNOTATED_SINGLE_METHOD,ATTACK_DEFAULT,206,5,,,0,1
7659,MUTANT_ANNOTATED_SINGLE_METHOD,ATTACK_DEPENDENCIES,203,5,2417,,0,1
7660,MUTANT_ANNOTATED_SINGLE_METHOD,ATTACK_DEPENDENCIES,204,5,2415,,0,1
7661,MUTANT_ANNOTATED_SINGLE_METHOD,ATTACK_DEPENDENCIES,206,5,2416,,0,1
7662,MUTANT_ANNOTATED_SINGLE_METHOD,ATTACK_DEPENDENCIES,205,5,2414,,0,1
7663,TEST_FULL_SUITE_PLUS_DEFAULT,DEFEND_ONE_FROM_MANY,203,6,,3083,0,1
7664,TEST_FULL_SUITE_PLUS_DEFAULT,DEFEND_ONE_FROM_MANY,206,6,,3086,0,1
7665,TEST_FULL_SUITE_PLUS_DEFAULT,DEFEND_ONE_FROM_MANY,205,6,,3085,0,1
7666,TEST_FULL_SUITE_PLUS_DEFAULT,DEFEND_ONE_FROM_MANY,204,6,,3084,0,1
7667,MUTANT_ANNOTATED_SINGLE_METHOD,ATTACK_DEFAULT,202,5,,,0,1
7668,MUTANT_ANNOTATED_SINGLE_METHOD,ATTACK_DEPENDENCIES,202,5,2424,,0,1
7669,MUTANT_ANNOTATED_SINGLE_METHOD,ATTACK_DEFAULT,205,5,,,0,1
7670,MUTANT_ANNOTATED_SINGLE_METHOD,ATTACK_DEFAULT,204,5,,,0,1
7671,MUTANT_ANNOTATED_SINGLE_METHOD,ATTACK_DEFAULT,206,5,,,0,1
7672,MUTANT_ANNOTATED_SINGLE_METHOD,ATTACK_DEPENDENCIES,206,5,2418,,0,1
7673,MUTANT_ANNOTATED_SINGLE_METHOD,ATTACK_DEPENDENCIES,205,5,2420,,0,1
7674,MUTANT_ANNOTATED_SINGLE_METHOD,ATTACK_DEPENDENCIES,204,5,2419,,0,1
7675,TEST_FULL_SUITE_PLUS_DEFAULT,DEFEND_ONE_FROM_MANY,203,6,,3088,0,1
7676,TEST_FULL_SUITE_PLUS_DEFAULT,DEFEND_ONE_FROM_MANY,206,6,,3091,0,1
7677,TEST_FULL_SUITE_PLUS_DEFAULT,DEFEND_ONE_FROM_MANY,205,6,,3089,0,1
7678,TEST_FULL_SUITE_PLUS_DEFAULT,DEFEND_ONE_FROM_MANY,204,6,,3090,0,1
7679,MUTANT_ANNOTATED_SINGLE_METHOD,ATTACK_DEFAULT,203,5,,,0,1
7680,MUTANT_ANNOTATED_SINGLE_METHOD,ATTACK_DEPENDENCIES,203,5,2421,,0,1
7681,MUTANT_ANNOTATED_SINGLE_METHOD,ATTACK_DEFAULT,206,5,,,0,1
7682,MUTANT_ANNOTATED_SINGLE_METHOD,ATTACK_DEFAULT,204,5,,,0,1
7683,MUTANT_ANNOTATED_SINGLE_METHOD,ATTACK_DEPENDENCIES,204,5,2423,,0,1
7684,MUTANT_ANNOTATED_SINGLE_METHOD,ATTACK_DEPENDENCIES,206,5,2422,,0,1
7685,TEST_FULL_SUITE_PLUS_DEFAULT,DEFEND_ONE_FROM_MANY,203,6,,3107,0,1
7686,TEST_FULL_SUITE_PLUS_DEFAULT,DEFEND_ONE_FROM_MANY,206,6,,3096,0,1
7687,TEST_FULL_SUITE_PLUS_DEFAULT,DEFEND_ONE_FROM_MANY,204,6,,3095,0,1
7688,TEST_FULL_SUITE_PLUS_DEFAULT,DEFEND_DEFAULT,202,6,,3103,0,1
7689,TEST_FULL_SUITE_PLUS_DEFAULT,DEFEND_ONE_FROM_MANY,205,6,,3094,0,1
7690,MUTANT_ANNOTATED_SINGLE_METHOD,ATTACK_EQUIVALENCE,202,5,,,0,1
7691,MUTANT_ANNOTATED_SINGLE_METHOD,ATTACK_DEFAULT,203,5,,,0,1
7692,MUTANT_ANNOTATED_SINGLE_METHOD,ATTACK_DEFAULT,205,5,,,0,1
7693,MUTANT_ANNOTATED_SINGLE_METHOD,ATTACK_DEPENDENCIES,203,5,2427,,0,1
7694,MUTANT_ANNOTATED_SINGLE_METHOD,ATTACK_DEPENDENCIES,205,5,2425,,0,1
7695,MUTANT_ANNOTATED_SINGLE_METHOD,ATTACK_EQUIVALENCE,202,5,,,0,1
7696,MUTANT_ANNOTATED_SINGLE_METHOD,ATTACK_DEFAULT,204,5,,,0,1
7697,MUTANT_ANNOTATED_SINGLE_METHOD,ATTACK_DEFAULT,206,5,,,0,1
7698,MUTANT_ANNOTATED_SINGLE_METHOD,ATTACK_DEPENDENCIES,206,5,2429,,0,1
7699,MUTANT_ANNOTATED_SINGLE_METHOD,ATTACK_DEPENDENCIES,204,5,2426,,0,1
7700,MUTANT_ANNOTATED_SINGLE_METHOD,ATTACK_DEFAULT,202,5,,,0,1
7701,MUTANT_ANNOTATED_SINGLE_METHOD,ATTACK_DEPENDENCIES,202,5,2428,,0,1
7702,TEST_FULL_SUITE_PLUS_DEFAULT,DEFEND_ONE_FROM_MANY,204,6,,3099,0,1
7703,TEST_FULL_SUITE_PLUS_DEFAULT,DEFEND_ONE_FROM_MANY,206,6,,3100,0,1
7704,MUTANT_ANNOTATED_SINGLE_METHOD,ATTACK_DEFAULT,205,5,,,0,1
7705,TEST_FULL_SUITE_PLUS_DEFAULT,DEFEND_ONE_FROM_MANY,205,6,,3101,0,1
7706,MUTANT_ANNOTATED_SINGLE_METHOD,ATTACK_DEPENDENCIES,205,5,2430,,0,1
7707,MUTANT_ANNOTATED_SINGLE_METHOD,ATTACK_DEFAULT,203,5,,,0,1
7708,MUTANT_ANNOTATED_SINGLE_METHOD,ATTACK_DEFAULT,204,5,,,0,1
7709,MUTANT_ANNOTATED_SINGLE_METHOD,ATTACK_DEFAULT,206,5,,,0,1
7710,MUTANT_ANNOTATED_SINGLE_METHOD,ATTACK_DEPENDENCIES,203,5,2434,,0,1
7711,MUTANT_ANNOTATED_SINGLE_METHOD,ATTACK_DEPENDENCIES,204,5,2431,,0,1
7712,MUTANT_ANNOTATED_SINGLE_METHOD,ATTACK_DEPENDENCIES,206,5,2432,,0,1
7713,MUTANT_ANNOTATED_SINGLE_METHOD,ATTACK_DEFAULT,202,5,,,0,1
7714,TEST_FULL_SUITE_PLUS_DEFAULT,DEFEND_ONE_FROM_MANY,204,6,,3105,0,1
7715,MUTANT_ANNOTATED_SINGLE_METHOD,ATTACK_DEPENDENCIES,202,5,2433,,0,1
7716,TEST_FULL_SUITE_PLUS_DEFAULT,DEFEND_DEFAULT,202,6,,3113,0,1
7717,TEST_FULL_SUITE_PLUS_DEFAULT,DEFEND_ONE_FROM_MANY,205,6,,3104,0,1
7718,TEST_FULL_SUITE_PLUS_DEFAULT,DEFEND_ONE_FROM_MANY,206,6,,3106,0,1
7719,MUTANT_ANNOTATED_SINGLE_METHOD,ATTACK_EQUIVALENCE,202,5,,,0,1
7720,TEST_FULL_SUITE_PLUS_DEFAULT,DEFEND_ONE_FROM_MANY,203,6,,,0,1
7721,MUTANT_ANNOTATED_SINGLE_METHOD,ATTACK_DEFAULT,205,5,,,0,1
7722,MUTANT_ANNOTATED_SINGLE_METHOD,ATTACK_DEFAULT,206,5,,,0,1
7723,MUTANT_ANNOTATED_SINGLE_METHOD,ATTACK_DEFAULT,204,5,,,0,1
7724,MUTANT_ANNOTATED_SINGLE_METHOD,ATTACK_DEPENDENCIES,205,5,2438,,0,1
7725,MUTANT_ANNOTATED_SINGLE_METHOD,ATTACK_DEPENDENCIES,206,5,2435,,0,1
7726,MUTANT_ANNOTATED_SINGLE_METHOD,ATTACK_DEPENDENCIES,204,5,2436,,0,1
7727,TEST_FULL_SUITE_PLUS_DEFAULT,DEFEND_ONE_FROM_MANY,206,6,,3126,0,1
7728,TEST_FULL_SUITE_PLUS_DEFAULT,DEFEND_ONE_FROM_MANY,204,6,,3112,0,1
7729,TEST_FULL_SUITE_PLUS_DEFAULT,DEFEND_ONE_FROM_MANY,203,6,,3110,0,1
7730,TEST_FULL_SUITE_PLUS_DEFAULT,DEFEND_ONE_FROM_MANY,205,6,,3109,0,1
7731,MUTANT_ANNOTATED_SINGLE_METHOD,ATTACK_DEFAULT,202,5,,,0,1
7732,MUTANT_ANNOTATED_SINGLE_METHOD,ATTACK_DEPENDENCIES,202,5,2437,,0,1
7733,MUTANT_ANNOTATED_SINGLE_METHOD,ATTACK_DEFAULT,203,5,,,0,1
7734,MUTANT_ANNOTATED_SINGLE_METHOD,ATTACK_DEFAULT,206,5,,,0,1
7735,MUTANT_ANNOTATED_SINGLE_METHOD,ATTACK_DEPENDENCIES,206,5,2439,,0,1
7736,MUTANT_ANNOTATED_SINGLE_METHOD,ATTACK_DEPENDENCIES,203,5,2443,,0,1
7737,TEST_FULL_SUITE_PLUS_DEFAULT,DEFEND_ONE_FROM_MANY,204,6,,3116,0,1
7738,TEST_FULL_SUITE_PLUS_DEFAULT,DEFEND_DEFAULT,202,6,,3138,0,1
7739,TEST_FULL_SUITE_PLUS_DEFAULT,DEFEND_ONE_FROM_MANY,203,6,,3114,0,1
7740,TEST_FULL_SUITE_PLUS_DEFAULT,DEFEND_ONE_FROM_MANY,205,6,,3115,0,1
7741,MUTANT_ANNOTATED_SINGLE_METHOD,ATTACK_DEFAULT,204,5,,,0,1
7742,MUTANT_ANNOTATED_SINGLE_METHOD,ATTACK_DEPENDENCIES,204,5,2442,,0,1
7743,MUTANT_ANNOTATED_SINGLE_METHOD,ATTACK_DEFAULT,202,5,,,0,1
7744,MUTANT_ANNOTATED_SINGLE_METHOD,ATTACK_DEPENDENCIES,202,5,2440,,0,1
7745,MUTANT_ANNOTATED_SINGLE_METHOD,ATTACK_DEFAULT,205,5,,,0,1
7746,MUTANT_ANNOTATED_SINGLE_METHOD,ATTACK_DEFAULT,206,5,,,0,1
7747,MUTANT_ANNOTATED_SINGLE_METHOD,ATTACK_DEPENDENCIES,205,5,2441,,0,1
7748,MUTANT_ANNOTATED_SINGLE_METHOD,ATTACK_DEPENDENCIES,206,5,2444,,0,1
7749,TEST_FULL_SUITE_PLUS_DEFAULT,DEFEND_ONE_FROM_MANY,204,6,,3120,0,1
7750,TEST_FULL_SUITE_PLUS_DEFAULT,DEFEND_ONE_FROM_MANY,205,6,,3118,0,1
7751,TEST_FULL_SUITE_PLUS_DEFAULT,DEFEND_ONE_FROM_MANY,203,6,,3119,0,1
7752,MUTANT_ANNOTATED_SINGLE_METHOD,ATTACK_DEFAULT,202,5,,,0,1
7753,MUTANT_ANNOTATED_SINGLE_METHOD,ATTACK_DEPENDENCIES,202,5,2445,,0,1
7754,MUTANT_ANNOTATED_SINGLE_METHOD,ATTACK_DEFAULT,203,5,,,0,1
7755,MUTANT_ANNOTATED_SINGLE_METHOD,ATTACK_DEFAULT,205,5,,,0,1
7756,MUTANT_ANNOTATED_SINGLE_METHOD,ATTACK_DEFAULT,204,5,,,0,1
7757,MUTANT_ANNOTATED_SINGLE_METHOD,ATTACK_DEFAULT,206,5,,,0,1
7758,MUTANT_ANNOTATED_SINGLE_METHOD,ATTACK_DEPENDENCIES,203,5,2446,,0,1
7759,MUTANT_ANNOTATED_SINGLE_METHOD,ATTACK_DEPENDENCIES,205,5,2451,,0,1
7760,MUTANT_ANNOTATED_SINGLE_METHOD,ATTACK_DEPENDENCIES,206,5,2448,,0,1
7761,MUTANT_ANNOTATED_SINGLE_METHOD,ATTACK_DEPENDENCIES,204,5,2447,,0,1
7762,TEST_FULL_SUITE_PLUS_DEFAULT,DEFEND_ONE_FROM_MANY,204,6,,3124,0,1
7763,TEST_FULL_SUITE_PLUS_DEFAULT,DEFEND_ONE_FROM_MANY,203,6,,3123,0,1
7764,TEST_FULL_SUITE_PLUS_DEFAULT,DEFEND_ONE_FROM_MANY,205,6,,3125,0,1
7765,TEST_FULL_SUITE_PLUS_DEFAULT,DEFEND_FOCUS,202,6,,3127,0,1
7766,MUTANT_ANNOTATED_SINGLE_METHOD,ATTACK_EQUIVALENCE,205,5,,,0,1
7767,MUTANT_ANNOTATED_SINGLE_METHOD,ATTACK_DEFAULT,202,5,,,0,1
7768,MUTANT_ANNOTATED_SINGLE_METHOD,ATTACK_DEPENDENCIES,202,5,2450,,0,1
7769,MUTANT_ANNOTATED_SINGLE_METHOD,ATTACK_DEFAULT,203,5,,,0,1
7770,MUTANT_ANNOTATED_SINGLE_METHOD,ATTACK_DEFAULT,204,5,,,0,1
7771,TEST_FULL_SUITE_PLUS_DEFAULT,DEFEND_ONE_FROM_MANY,206,6,,,0,1
7772,MUTANT_ANNOTATED_SINGLE_METHOD,ATTACK_DEPENDENCIES,203,5,2452,,0,1
7773,MUTANT_ANNOTATED_SINGLE_METHOD,ATTACK_DEPENDENCIES,204,5,2453,,0,1
7774,MUTANT_ANNOTATED_SINGLE_METHOD,ATTACK_DEFAULT,206,5,,,0,1
7775,MUTANT_ANNOTATED_SINGLE_METHOD,ATTACK_DEPENDENCIES,206,5,2449,,0,1
7776,TEST_FULL_SUITE_PLUS_DEFAULT,DEFEND_FOCUS,202,6,,3133,0,1
7777,TEST_FULL_SUITE_PLUS_DEFAULT,DEFEND_ONE_FROM_MANY,206,6,,,0,0
7778,TEST_FULL_SUITE_PLUS_DEFAULT,DEFEND_ONE_FROM_MANY,204,6,,3129,0,1
7779,TEST_FULL_SUITE_PLUS_DEFAULT,DEFEND_ONE_FROM_MANY,205,6,,3130,0,1
7780,TEST_FULL_SUITE_PLUS_DEFAULT,DEFEND_ONE_FROM_MANY,203,6,,3132,0,1
7781,MUTANT_ANNOTATED_SINGLE_METHOD,ATTACK_DEFAULT,206,5,,,0,1
7782,MUTANT_ANNOTATED_SINGLE_METHOD,ATTACK_DEPENDENCIES,206,5,2454,,0,1
7783,MUTANT_ANNOTATED_SINGLE_METHOD,ATTACK_DEFAULT,202,5,,,0,1
7784,MUTANT_ANNOTATED_SINGLE_METHOD,ATTACK_DEPENDENCIES,202,5,2457,,0,1
7785,TEST_FULL_SUITE_PLUS_DEFAULT,DEFEND_ONE_FROM_MANY,204,6,,3136,0,1
7786,TEST_FULL_SUITE_PLUS_DEFAULT,DEFEND_ONE_FROM_MANY,205,6,,3135,0,1
7787,MUTANT_ANNOTATED_SINGLE_METHOD,ATTACK_DEFAULT,205,5,,,0,1
7788,MUTANT_ANNOTATED_SINGLE_METHOD,ATTACK_DEPENDENCIES,205,5,2458,,0,1
7789,MUTANT_ANNOTATED_SINGLE_METHOD,ATTACK_DEFAULT,203,5,,,0,1
7790,MUTANT_ANNOTATED_SINGLE_METHOD,ATTACK_DEPENDENCIES,203,5,2455,,0,1
7791,TEST_FULL_SUITE_PLUS_DEFAULT,DEFEND_ONE_FROM_MANY,203,6,,3134,0,1
7792,MUTANT_ANNOTATED_SINGLE_METHOD,ATTACK_DEFAULT,204,5,,,0,1
7793,MUTANT_ANNOTATED_SINGLE_METHOD,ATTACK_DEPENDENCIES,204,5,2461,,0,1
7794,MUTANT_ANNOTATED_SINGLE_METHOD,ATTACK_DEFAULT,206,5,,,0,1
7795,MUTANT_ANNOTATED_SINGLE_METHOD,ATTACK_DEPENDENCIES,206,5,2456,,0,1
7796,TEST_FULL_SUITE_PLUS_DEFAULT,DEFEND_ONE_FROM_MANY,205,6,,3140,0,1
7797,TEST_FULL_SUITE_PLUS_DEFAULT,DEFEND_ONE_FROM_MANY,204,6,,3141,0,1
7798,TEST_FULL_SUITE_PLUS_DEFAULT,DEFEND_ONE_FROM_MANY,203,6,,3139,0,1
7799,TEST_FULL_SUITE_PLUS_DEFAULT,DEFEND_DEFAULT,202,6,,3143,0,1
7800,MUTANT_ANNOTATED_SINGLE_METHOD,ATTACK_DEFAULT,203,5,,,0,1
7801,TEST_FULL_SUITE_PLUS_DEFAULT,DEFEND_FOCUS,204,6,,3146,0,1
7802,MUTANT_ANNOTATED_SINGLE_METHOD,ATTACK_DEPENDENCIES,203,5,2459,,0,1
7803,MUTANT_ANNOTATED_SINGLE_METHOD,ATTACK_DEFAULT,206,5,,,0,1
7804,MUTANT_ANNOTATED_SINGLE_METHOD,ATTACK_DEPENDENCIES,206,5,2460,,0,1
7805,MUTANT_ANNOTATED_SINGLE_METHOD,ATTACK_DEFAULT,202,5,,,0,1
7806,MUTANT_ANNOTATED_SINGLE_METHOD,ATTACK_DEPENDENCIES,202,5,2462,,0,1
7807,TEST_FULL_SUITE_PLUS_DEFAULT,DEFEND_DEFAULT,202,6,,,0,0
7808,MUTANT_ANNOTATED_SINGLE_METHOD,ATTACK_DEFAULT,205,5,,,0,1
7809,MUTANT_ANNOTATED_SINGLE_METHOD,ATTACK_DEPENDENCIES,205,5,2468,,0,1
7810,TEST_FULL_SUITE_PLUS_DEFAULT,DEFEND_ONE_FROM_MANY,205,6,,3144,0,1
7811,TEST_FULL_SUITE_PLUS_DEFAULT,DEFEND_ONE_FROM_MANY,203,6,,3145,0,1
7812,MUTANT_ANNOTATED_SINGLE_METHOD,ATTACK_DEFAULT,203,5,,,0,1
7813,TEST_FULL_SUITE_PLUS_DEFAULT,DEFEND_FOCUS,204,6,,3150,0,1
7814,MUTANT_ANNOTATED_SINGLE_METHOD,ATTACK_DEPENDENCIES,203,5,2463,,0,1
7815,TEST_FULL_SUITE_PLUS_DEFAULT,DEFEND_ONE_FROM_MANY,205,6,,3148,0,1
7816,TEST_FULL_SUITE_PLUS_DEFAULT,DEFEND_ONE_FROM_MANY,203,6,,3149,0,1
7817,MUTANT_ANNOTATED_SINGLE_METHOD,ATTACK_DEFAULT,206,5,,,0,1
7818,MUTANT_ANNOTATED_SINGLE_METHOD,ATTACK_DEPENDENCIES,206,5,2467,,0,1
7819,MUTANT_ANNOTATED_SINGLE_METHOD,ATTACK_DEFAULT,204,5,,,0,1
7820,MUTANT_ANNOTATED_SINGLE_METHOD,ATTACK_DEPENDENCIES,204,5,2466,,0,1
7821,MUTANT_ANNOTATED_SINGLE_METHOD,ATTACK_DEFAULT,202,5,,,0,1
7822,MUTANT_ANNOTATED_SINGLE_METHOD,ATTACK_DEPENDENCIES,202,5,2464,,0,1
7823,MUTANT_ANNOTATED_SINGLE_METHOD,ATTACK_DEFAULT,203,5,,,0,1
7824,TEST_FULL_SUITE_PLUS_DEFAULT,DEFEND_DEFAULT,206,6,,,0,1
7825,TEST_FULL_SUITE_PLUS_DEFAULT,DEFEND_FOCUS,204,6,,3153,0,1
7826,MUTANT_ANNOTATED_SINGLE_METHOD,ATTACK_DEPENDENCIES,203,5,2465,,0,1
7827,TEST_FULL_SUITE_PLUS_DEFAULT,DEFEND_ONE_FROM_MANY,203,6,,3151,0,1
7828,TEST_FULL_SUITE_PLUS_DEFAULT,DEFEND_ONE_FROM_MANY,205,6,,3152,0,1
7829,TEST_FULL_SUITE_PLUS_DEFAULT,DEFEND_ONE_FROM_MANY,206,6,,,0,1
7830,TEST_FULL_SUITE_PLUS_DEFAULT,DEFEND_ONE_FROM_MANY,206,6,,,0,0
7831,MUTANT_ANNOTATED_SINGLE_METHOD,ATTACK_DEFAULT,202,5,,,0,1
7832,MUTANT_ANNOTATED_SINGLE_METHOD,ATTACK_DEPENDENCIES,202,5,2470,,0,1
7833,MUTANT_ANNOTATED_SINGLE_METHOD,ATTACK_DEFAULT,206,5,,,0,1
7834,MUTANT_ANNOTATED_SINGLE_METHOD,ATTACK_DEPENDENCIES,206,5,2472,,0,1
7835,MUTANT_ANNOTATED_SINGLE_METHOD,ATTACK_DEFAULT,203,5,,,0,1
7836,MUTANT_ANNOTATED_SINGLE_METHOD,ATTACK_DEFAULT,204,5,,,0,1
7837,TEST_FULL_SUITE_PLUS_DEFAULT,DEFEND_FOCUS,205,6,,3159,0,1
7838,TEST_FULL_SUITE_PLUS_DEFAULT,DEFEND_FOCUS,204,6,,3161,0,1
7839,MUTANT_ANNOTATED_SINGLE_METHOD,ATTACK_DEPENDENCIES,203,5,2469,,0,1
7840,MUTANT_ANNOTATED_SINGLE_METHOD,ATTACK_DEPENDENCIES,204,5,2471,,0,1
7841,MUTANT_ANNOTATED_SINGLE_METHOD,ATTACK_DEFAULT,205,5,,,0,1
7842,MUTANT_ANNOTATED_SINGLE_METHOD,ATTACK_DEPENDENCIES,205,5,,,0,0
7843,TEST_FULL_SUITE_PLUS_DEFAULT,DEFEND_ONE_FROM_MANY,203,6,,3156,0,1
7844,TEST_FULL_SUITE_PLUS_DEFAULT,DEFEND_FOCUS,205,6,,3166,0,1
7845,MUTANT_ANNOTATED_SINGLE_METHOD,ATTACK_DEFAULT,203,5,,,0,1
7846,MUTANT_ANNOTATED_SINGLE_METHOD,ATTACK_DEPENDENCIES,203,5,2473,,0,1
7847,MUTANT_ANNOTATED_SINGLE_METHOD,ATTACK_DEFAULT,202,5,,,0,1
7848,MUTANT_ANNOTATED_SINGLE_METHOD,ATTACK_DEPENDENCIES,202,5,2474,,0,1
7849,TEST_FULL_SUITE_PLUS_DEFAULT,DEFEND_DEFAULT,202,6,,3167,0,1
7850,MUTANT_ANNOTATED_SINGLE_METHOD,ATTACK_DEFAULT,204,5,,,0,1
7851,TEST_FULL_SUITE_PLUS_DEFAULT,DEFEND_ONE_FROM_MANY,203,6,,3160,0,1
7852,MUTANT_ANNOTATED_SINGLE_METHOD,ATTACK_DEPENDENCIES,204,5,2477,,0,1
7853,MUTANT_ANNOTATED_SINGLE_METHOD,ATTACK_DEFAULT,206,5,,,0,1
7854,MUTANT_ANNOTATED_SINGLE_METHOD,ATTACK_DEPENDENCIES,206,5,2475,,0,1
7855,MUTANT_ANNOTATED_SINGLE_METHOD,ATTACK_DEFAULT,203,5,,,0,1
7856,TEST_FULL_SUITE_PLUS_DEFAULT,DEFEND_FOCUS,204,6,,3165,0,1
7857,MUTANT_ANNOTATED_SINGLE_METHOD,ATTACK_DEPENDENCIES,203,5,2476,,0,1
7858,TEST_FULL_SUITE_PLUS_DEFAULT,DEFEND_ONE_FROM_MANY,203,6,,3164,0,1
7859,MUTANT_ANNOTATED_SINGLE_METHOD,ATTACK_DEPENDENCIES,205,5,,,0,0
7860,MUTANT_ANNOTATED_SINGLE_METHOD,ATTACK_DEFAULT,202,5,,,0,1
7861,MUTANT_ANNOTATED_SINGLE_METHOD,ATTACK_DEFAULT,206,5,,,0,1
7862,MUTANT_ANNOTATED_SINGLE_METHOD,ATTACK_DEPENDENCIES,202,5,2479,,0,1
7863,MUTANT_ANNOTATED_SINGLE_METHOD,ATTACK_DEPENDENCIES,206,5,2480,,0,1
7864,MUTANT_ANNOTATED_SINGLE_METHOD,ATTACK_DEFAULT,203,5,,,0,1
7865,TEST_FULL_SUITE_PLUS_DEFAULT,DEFEND_FOCUS,204,6,,3169,0,1
7866,TEST_FULL_SUITE_PLUS_DEFAULT,DEFEND_DEFAULT,205,6,,3173,0,1
7867,MUTANT_ANNOTATED_SINGLE_METHOD,ATTACK_DEPENDENCIES,203,5,2478,,0,1
7868,TEST_FULL_SUITE_PLUS_DEFAULT,DEFEND_ONE_FROM_MANY,203,6,,3168,0,1
7869,MUTANT_ANNOTATED_SINGLE_METHOD,ATTACK_EQUIVALENCE,205,5,,,0,1
7870,TEST_FULL_SUITE_PLUS_DEFAULT,DEFEND_DEFAULT,202,6,,,0,0
7871,MUTANT_ANNOTATED_SINGLE_METHOD,ATTACK_DEFAULT,204,5,,,0,1
7872,MUTANT_ANNOTATED_SINGLE_METHOD,ATTACK_DEPENDENCIES,204,5,,,0,0
7873,MUTANT_ANNOTATED_SINGLE_METHOD,ATTACK_EQUIVALENCE,205,5,,,0,1
7874,MUTANT_ANNOTATED_SINGLE_METHOD,ATTACK_DEFAULT,203,5,,,0,1
7875,TEST_FULL_SUITE_PLUS_DEFAULT,DEFEND_FOCUS,204,6,,3174,0,1
7876,TEST_FULL_SUITE_PLUS_DEFAULT,DEFEND_DEFAULT,206,6,,,0,1
7877,MUTANT_ANNOTATED_SINGLE_METHOD,ATTACK_DEPENDENCIES,203,5,2481,,0,1
7878,MUTANT_ANNOTATED_SINGLE_METHOD,ATTACK_DEFAULT,202,5,,,0,1
7879,MUTANT_ANNOTATED_SINGLE_METHOD,ATTACK_DEPENDENCIES,202,5,2483,,0,1
7880,TEST_FULL_SUITE_PLUS_DEFAULT,DEFEND_ONE_FROM_MANY,203,6,,3172,0,1
7881,MUTANT_ANNOTATED_SINGLE_METHOD,ATTACK_DEFAULT,206,5,,,0,1
7882,MUTANT_ANNOTATED_SINGLE_METHOD,ATTACK_DEPENDENCIES,206,5,2482,,0,1
7883,TEST_FULL_SUITE_PLUS_DEFAULT,DEFEND_ONE_FROM_MANY,206,6,,,0,1
7884,TEST_FULL_SUITE_PLUS_DEFAULT,DEFEND_DEFAULT,205,6,,3177,0,1
7885,TEST_FULL_SUITE_PLUS_DEFAULT,DEFEND_FOCUS,203,6,,3178,0,1
7886,TEST_FULL_SUITE_PLUS_DEFAULT,DEFEND_FOCUS,204,6,,3186,0,1
7887,TEST_FULL_SUITE_PLUS_DEFAULT,DEFEND_ONE_FROM_MANY,206,6,,3176,0,1
7888,MUTANT_ANNOTATED_SINGLE_METHOD,ATTACK_DEFAULT,206,5,,,0,1
7889,MUTANT_ANNOTATED_SINGLE_METHOD,ATTACK_DEPENDENCIES,206,5,2484,,0,1
7890,MUTANT_ANNOTATED_SINGLE_METHOD,ATTACK_DEFAULT,203,5,,,0,1
7891,MUTANT_ANNOTATED_SINGLE_METHOD,ATTACK_DEPENDENCIES,203,5,2486,,0,1
7892,TEST_FULL_SUITE_PLUS_DEFAULT,DEFEND_ONE_FROM_MANY,206,6,,3180,0,1
7893,MUTANT_ANNOTATED_SINGLE_METHOD,ATTACK_DEFAULT,202,5,,,0,1
7894,MUTANT_ANNOTATED_SINGLE_METHOD,ATTACK_DEPENDENCIES,202,5,2488,,0,1
7895,TEST_FULL_SUITE_PLUS_DEFAULT,DEFEND_DEFAULT,205,6,,,0,0
7896,MUTANT_ANNOTATED_SINGLE_METHOD,ATTACK_DEPENDENCIES,204,5,2485,,0,1
7897,TEST_FULL_SUITE_PLUS_DEFAULT,DEFEND_FOCUS,203,6,,3184,0,1
7898,MUTANT_ANNOTATED_SINGLE_METHOD,ATTACK_DEPENDENCIES,205,5,2487,,0,1
7899,TEST_FULL_SUITE_PLUS_DEFAULT,DEFEND_ONE_FROM_MANY,206,6,,3183,0,1
7900,MUTANT_ANNOTATED_SINGLE_METHOD,ATTACK_DEFAULT,206,5,,,0,1
7901,MUTANT_ANNOTATED_SINGLE_METHOD,ATTACK_DEPENDENCIES,206,5,2489,,0,1
7902,MUTANT_ANNOTATED_SINGLE_METHOD,ATTACK_DEFAULT,204,5,,,0,1
7903,MUTANT_ANNOTATED_SINGLE_METHOD,ATTACK_DEPENDENCIES,204,5,,,0,0
7904,TEST_FULL_SUITE_PLUS_DEFAULT,DEFEND_DEFAULT,202,6,,3188,0,1
7905,TEST_FULL_SUITE_PLUS_DEFAULT,DEFEND_ONE_FROM_MANY,206,6,,3187,0,1
7906,MUTANT_ANNOTATED_SINGLE_METHOD,ATTACK_DEFAULT,203,5,,,0,1
7907,MUTANT_ANNOTATED_SINGLE_METHOD,ATTACK_DEPENDENCIES,203,5,2490,,0,1
7908,MUTANT_ANNOTATED_SINGLE_METHOD,ATTACK_DEFAULT,205,5,,,0,1
7909,MUTANT_ANNOTATED_SINGLE_METHOD,ATTACK_DEPENDENCIES,205,5,2492,,0,1
7910,MUTANT_ANNOTATED_SINGLE_METHOD,ATTACK_DEFAULT,202,5,,,0,1
7911,TEST_FULL_SUITE_PLUS_DEFAULT,DEFEND_FOCUS,204,6,,3190,0,1
7912,TEST_FULL_SUITE_PLUS_DEFAULT,DEFEND_DEFAULT,203,6,,3191,0,1
7913,MUTANT_ANNOTATED_SINGLE_METHOD,ATTACK_DEPENDENCIES,202,5,2491,,0,1
7914,TEST_FULL_SUITE_PLUS_DEFAULT,DEFEND_ONE_FROM_MANY,206,6,,3192,0,1
7915,MUTANT_ANNOTATED_SINGLE_METHOD,ATTACK_EQUIVALENCE,204,5,,,0,1
7916,TEST_FULL_SUITE_PLUS_DEFAULT,DEFEND_DEFAULT,202,6,,3207,0,1
7917,MUTANT_ANNOTATED_SINGLE_METHOD,ATTACK_DEFAULT,206,5,,,0,1
7918,MUTANT_ANNOTATED_SINGLE_METHOD,ATTACK_EQUIVALENCE,203,5,,,0,1
7919,MUTANT_ANNOTATED_SINGLE_METHOD,ATTACK_DEPENDENCIES,206,5,2493,,0,1
7920,MUTANT_ANNOTATED_SINGLE_METHOD,ATTACK_EQUIVALENCE,203,5,,,0,1
7921,TEST_FULL_SUITE_PLUS_DEFAULT,DEFEND_ONE_FROM_MANY,206,6,,3196,0,1
7922,TEST_FULL_SUITE_PLUS_DEFAULT,DEFEND_FOCUS,202,6,,,1,0
7923,TEST_FULL_SUITE_PLUS_DEFAULT,DEFEND_DEFAULT,204,6,,3203,0,1
7924,TEST_FULL_SUITE_PLUS_DEFAULT,DEFEND_DEFAULT,203,6,,3199,0,1
7925,MUTANT_ANNOTATED_SINGLE_METHOD,ATTACK_DEFAULT,203,5,,,0,1
7926,MUTANT_ANNOTATED_SINGLE_METHOD,ATTACK_DEPENDENCIES,203,5,2494,,0,1
7927,MUTANT_ANNOTATED_SINGLE_METHOD,ATTACK_DEFAULT,202,5,,,0,1
7928,MUTANT_ANNOTATED_SINGLE_METHOD,ATTACK_DEPENDENCIES,202,5,2495,,0,1
7929,MUTANT_ANNOTATED_SINGLE_METHOD,ATTACK_DEFAULT,205,5,,,0,1
7930,MUTANT_ANNOTATED_SINGLE_METHOD,ATTACK_DEPENDENCIES,205,5,,,0,0
7931,TEST_FULL_SUITE_PLUS_DEFAULT,DEFEND_DEFAULT,205,6,,3200,0,1
7932,MUTANT_ANNOTATED_SINGLE_METHOD,ATTACK_EQUIVALENCE,204,5,,,0,1
7933,MUTANT_ANNOTATED_SINGLE_METHOD,ATTACK_DEFAULT,206,5,,,0,1
7934,MUTANT_ANNOTATED_SINGLE_METHOD,ATTACK_DEPENDENCIES,206,5,2497,,0,1
7935,MUTANT_ANNOTATED_SINGLE_METHOD,ATTACK_DEFAULT,203,5,,,0,1
7936,MUTANT_ANNOTATED_SINGLE_METHOD,ATTACK_DEPENDENCIES,203,5,2496,,0,1
7937,TEST_FULL_SUITE_PLUS_DEFAULT,DEFEND_ONE_FROM_MANY,206,6,,3202,0,1
7938,TEST_FULL_SUITE_PLUS_DEFAULT,DEFEND_DEFAULT,203,6,,3219,0,1
7939,MUTANT_ANNOTATED_SINGLE_METHOD,ATTACK_DEPENDENCIES,204,5,2498,,0,1
7940,MUTANT_ANNOTATED_SINGLE_METHOD,ATTACK_DEFAULT,202,5,,,0,1
7941,MUTANT_ANNOTATED_SINGLE_METHOD,ATTACK_DEPENDENCIES,202,5,2500,,0,1
7942,TEST_FULL_SUITE_PLUS_DEFAULT,DEFEND_DEFAULT,205,6,,3205,0,1
7943,MUTANT_ANNOTATED_SINGLE_METHOD,ATTACK_DEFAULT,203,5,,,0,1
7944,MUTANT_ANNOTATED_SINGLE_METHOD,ATTACK_DEPENDENCIES,203,5,2499,,0,1
7945,TEST_FULL_SUITE_PLUS_DEFAULT,DEFEND_ONE_FROM_MANY,206,6,,3206,0,1
7946,MUTANT_ANNOTATED_SINGLE_METHOD,ATTACK_DEFAULT,206,5,,,0,1
7947,MUTANT_ANNOTATED_SINGLE_METHOD,ATTACK_DEPENDENCIES,206,5,2502,,0,1
7948,TEST_FULL_SUITE_PLUS_DEFAULT,DEFEND_DEFAULT,204,6,,3208,0,1
7949,MUTANT_ANNOTATED_SINGLE_METHOD,ATTACK_DEFAULT,204,5,,,0,1
7950,MUTANT_ANNOTATED_SINGLE_METHOD,ATTACK_DEPENDENCIES,204,5,2501,,0,1
7951,TEST_FULL_SUITE_PLUS_DEFAULT,DEFEND_DEFAULT,205,6,,3215,0,1
7952,MUTANT_ANNOTATED_SINGLE_METHOD,ATTACK_DEPENDENCIES,205,5,,,0,0
7953,TEST_FULL_SUITE_PLUS_DEFAULT,DEFEND_ONE_FROM_MANY,206,6,,3210,0,1
7954,MUTANT_ANNOTATED_SINGLE_METHOD,ATTACK_DEFAULT,203,5,,,0,1
7955,MUTANT_ANNOTATED_SINGLE_METHOD,ATTACK_DEPENDENCIES,203,5,2505,,0,1
7956,TEST_FULL_SUITE_PLUS_DEFAULT,DEFEND_DEFAULT,202,6,,3211,0,1
7957,TEST_FULL_SUITE_PLUS_DEFAULT,DEFEND_DEFAULT,204,6,,3212,0,1
7958,MUTANT_ANNOTATED_SINGLE_METHOD,ATTACK_DEFAULT,202,5,,,0,1
7959,MUTANT_ANNOTATED_SINGLE_METHOD,ATTACK_DEPENDENCIES,202,5,,,1,0
7960,MUTANT_ANNOTATED_SINGLE_METHOD,ATTACK_DEFAULT,204,5,,,0,1
7961,MUTANT_ANNOTATED_SINGLE_METHOD,ATTACK_DEPENDENCIES,204,5,2503,,0,1
7962,MUTANT_ANNOTATED_SINGLE_METHOD,ATTACK_EQUIVALENCE,203,5,,,0,1
7963,MUTANT_ANNOTATED_SINGLE_METHOD,ATTACK_DEFAULT,206,5,,,0,1
7964,MUTANT_ANNOTATED_SINGLE_METHOD,ATTACK_DEPENDENCIES,206,5,2504,,0,1
7965,TEST_FULL_SUITE_PLUS_DEFAULT,DEFEND_DEFAULT,202,6,,,1,0
7966,TEST_FULL_SUITE_PLUS_DEFAULT,DEFEND_DEFAULT,204,6,,3218,0,1
7967,TEST_FULL_SUITE_PLUS_DEFAULT,DEFEND_ONE_FROM_MANY,206,6,,3216,0,1
7968,MUTANT_ANNOTATED_SINGLE_METHOD,ATTACK_DEFAULT,204,5,,,0,1
7969,MUTANT_ANNOTATED_SINGLE_METHOD,ATTACK_DEPENDENCIES,204,5,2506,,0,1
7970,TEST_FULL_SUITE_PLUS_DEFAULT,DEFEND_DEFAULT,205,6,,3230,0,1
7971,MUTANT_ANNOTATED_SINGLE_METHOD,ATTACK_DEPENDENCIES,205,5,,,0,0
7972,TEST_FULL_SUITE_PLUS_DEFAULT,DEFEND_ONE_FROM_MANY,206,6,,3220,0,1
7973,MUTANT_ANNOTATED_SINGLE_METHOD,ATTACK_DEFAULT,206,5,,,0,1
7974,MUTANT_ANNOTATED_SINGLE_METHOD,ATTACK_DEPENDENCIES,206,5,2510,,0,1
7975,MUTANT_ANNOTATED_SINGLE_METHOD,ATTACK_DEFAULT,207,5,,,0,1
7976,TEST_FULL_SUITE_PLUS_DEFAULT,DEFEND_DEFAULT,207,6,,,0,1
7977,MUTANT_ANNOTATED_SINGLE_METHOD,ATTACK_DEPENDENCIES,207,5,2507,,0,1
7978,TEST_FULL_SUITE_PLUS_DEFAULT,DEFEND_FOCUS,204,6,,3242,0,1
7979,MUTANT_ANNOTATED_SINGLE_METHOD,ATTACK_DEFAULT,203,5,,,0,1
7980,MUTANT_ANNOTATED_SINGLE_METHOD,ATTACK_DEPENDENCIES,203,5,2512,,0,1
7981,TEST_FULL_SUITE_PLUS_DEFAULT,DEFEND_DEFAULT,203,6,,3226,0,1
7982,MUTANT_ANNOTATED_SINGLE_METHOD,ATTACK_DEFAULT,204,5,,,0,1
7983,MUTANT_ANNOTATED_SINGLE_METHOD,ATTACK_DEPENDENCIES,204,5,2508,,0,1
7984,TEST_FULL_SUITE_PLUS_DEFAULT,DEFEND_ONE_FROM_MANY,207,6,,,0,1
7985,TEST_FULL_SUITE_PLUS_DEFAULT,DEFEND_ONE_FROM_MANY,207,6,,3222,0,1
7986,TEST_FULL_SUITE_PLUS_DEFAULT,DEFEND_ONE_FROM_MANY,206,6,,3223,0,1
7987,MUTANT_ANNOTATED_SINGLE_METHOD,ATTACK_DEFAULT,207,5,,,0,1
7988,MUTANT_ANNOTATED_SINGLE_METHOD,ATTACK_DEPENDENCIES,207,5,2511,,0,1
7989,TEST_FULL_SUITE_PLUS_DEFAULT,DEFEND_DEFAULT,204,6,,3225,0,1
7990,TEST_FULL_SUITE_PLUS_DEFAULT,DEFEND_ONE_FROM_MANY,207,6,,3224,0,1
7991,MUTANT_ANNOTATED_SINGLE_METHOD,ATTACK_DEFAULT,204,5,,,0,1
7992,MUTANT_ANNOTATED_SINGLE_METHOD,ATTACK_DEPENDENCIES,204,5,2513,,0,1
7993,MUTANT_ANNOTATED_SINGLE_METHOD,ATTACK_DEPENDENCIES,205,5,2515,,0,1
7994,TEST_FULL_SUITE_PLUS_DEFAULT,DEFEND_ONE_FROM_MANY,206,6,,3227,0,1
7995,MUTANT_ANNOTATED_SINGLE_METHOD,ATTACK_DEFAULT,206,5,,,0,1
7996,MUTANT_ANNOTATED_SINGLE_METHOD,ATTACK_DEPENDENCIES,206,5,2516,,0,1
7997,MUTANT_ANNOTATED_SINGLE_METHOD,ATTACK_DEFAULT,207,5,,,0,1
7998,MUTANT_ANNOTATED_SINGLE_METHOD,ATTACK_DEPENDENCIES,207,5,2514,,0,1
7999,TEST_FULL_SUITE_PLUS_DEFAULT,DEFEND_DEFAULT,204,6,,3229,0,1
8000,TEST_FULL_SUITE_PLUS_DEFAULT,DEFEND_ONE_FROM_MANY,207,6,,3228,0,1
8001,MUTANT_ANNOTATED_SINGLE_METHOD,ATTACK_DEFAULT,203,5,,,0,1
8002,MUTANT_ANNOTATED_SINGLE_METHOD,ATTACK_DEPENDENCIES,203,5,2519,,0,1
8003,TEST_FULL_SUITE_PLUS_DEFAULT,DEFEND_DEFAULT,203,6,,3238,0,1
8004,MUTANT_ANNOTATED_SINGLE_METHOD,ATTACK_DEFAULT,204,5,,,0,1
8005,MUTANT_ANNOTATED_SINGLE_METHOD,ATTACK_DEPENDENCIES,204,5,2517,,0,1
8006,TEST_FULL_SUITE_PLUS_DEFAULT,DEFEND_ONE_FROM_MANY,206,6,,3231,0,1
8007,MUTANT_ANNOTATED_SINGLE_METHOD,ATTACK_DEFAULT,207,5,,,0,1
8008,MUTANT_ANNOTATED_SINGLE_METHOD,ATTACK_DEPENDENCIES,207,5,2518,,0,1
8009,TEST_FULL_SUITE_PLUS_DEFAULT,DEFEND_DEFAULT,204,6,,3237,0,1
8010,TEST_FULL_SUITE_PLUS_DEFAULT,DEFEND_ONE_FROM_MANY,207,6,,3232,0,1
8011,MUTANT_ANNOTATED_SINGLE_METHOD,ATTACK_DEFAULT,205,5,,,0,1
8012,MUTANT_ANNOTATED_SINGLE_METHOD,ATTACK_DEPENDENCIES,205,5,2522,,0,1
8013,TEST_FULL_SUITE_PLUS_DEFAULT,DEFEND_DEFAULT,205,6,,3239,0,1
8014,MUTANT_ANNOTATED_SINGLE_METHOD,ATTACK_DEFAULT,206,5,,,0,1
8015,MUTANT_ANNOTATED_SINGLE_METHOD,ATTACK_DEPENDENCIES,206,5,2521,,0,1
8016,TEST_FULL_SUITE_PLUS_DEFAULT,DEFEND_ONE_FROM_MANY,206,6,,3235,0,1
8017,MUTANT_ANNOTATED_SINGLE_METHOD,ATTACK_DEFAULT,204,5,,,0,1
8018,MUTANT_ANNOTATED_SINGLE_METHOD,ATTACK_DEPENDENCIES,204,5,2524,,0,1
8019,MUTANT_ANNOTATED_SINGLE_METHOD,ATTACK_DEFAULT,207,5,,,0,1
8020,MUTANT_ANNOTATED_SINGLE_METHOD,ATTACK_DEPENDENCIES,207,5,2523,,0,1
8021,MUTANT_ANNOTATED_SINGLE_METHOD,ATTACK_DEFAULT,203,5,,,0,1
8022,MUTANT_ANNOTATED_SINGLE_METHOD,ATTACK_DEPENDENCIES,203,5,,,0,0
8023,TEST_FULL_SUITE_PLUS_DEFAULT,DEFEND_ONE_FROM_MANY,207,6,,3236,0,1
8024,MUTANT_ANNOTATED_SINGLE_METHOD,ATTACK_DEFAULT,206,5,,,0,1
8025,MUTANT_ANNOTATED_SINGLE_METHOD,ATTACK_DEPENDENCIES,206,5,2529,,0,1
8026,MUTANT_ANNOTATED_SINGLE_METHOD,ATTACK_DEFAULT,205,5,,,0,1
8027,MUTANT_ANNOTATED_SINGLE_METHOD,ATTACK_DEPENDENCIES,205,5,2525,,0,1
8028,TEST_FULL_SUITE_PLUS_DEFAULT,DEFEND_ONE_FROM_MANY,206,6,,3240,0,1
8029,TEST_FULL_SUITE_PLUS_DEFAULT,DEFEND_ONE_FROM_MANY,207,6,,3241,0,1
8030,TEST_FULL_SUITE_PLUS_DEFAULT,DEFEND_DEFAULT,203,6,,3246,0,1
8031,MUTANT_ANNOTATED_SINGLE_METHOD,ATTACK_DEFAULT,207,5,,,0,1
8032,MUTANT_ANNOTATED_SINGLE_METHOD,ATTACK_DEPENDENCIES,207,5,2526,,0,1
8033,MUTANT_ANNOTATED_SINGLE_METHOD,ATTACK_DEFAULT,204,5,,,0,1
8034,MUTANT_ANNOTATED_SINGLE_METHOD,ATTACK_DEPENDENCIES,204,5,2527,,0,1
8035,TEST_FULL_SUITE_PLUS_DEFAULT,DEFEND_DEFAULT,205,6,,,0,0
8036,TEST_FULL_SUITE_PLUS_DEFAULT,DEFEND_ONE_FROM_MANY,206,6,,3243,0,1
8037,MUTANT_ANNOTATED_SINGLE_METHOD,ATTACK_DEFAULT,205,5,,,0,1
8038,MUTANT_ANNOTATED_SINGLE_METHOD,ATTACK_DEPENDENCIES,205,5,2528,,0,1
8039,TEST_FULL_SUITE_PLUS_DEFAULT,DEFEND_ONE_FROM_MANY,207,6,,3244,0,1
8040,TEST_FULL_SUITE_PLUS_DEFAULT,DEFEND_DEFAULT,204,6,,3245,0,1
8041,MUTANT_ANNOTATED_SINGLE_METHOD,ATTACK_DEFAULT,207,5,,,0,1
8042,MUTANT_ANNOTATED_SINGLE_METHOD,ATTACK_DEPENDENCIES,207,5,2530,,0,1
8043,MUTANT_ANNOTATED_SINGLE_METHOD,ATTACK_DEFAULT,204,5,,,0,1
8044,MUTANT_ANNOTATED_SINGLE_METHOD,ATTACK_DEPENDENCIES,204,5,2531,,0,1
8045,MUTANT_ANNOTATED_SINGLE_METHOD,ATTACK_DEPENDENCIES,203,5,2533,,0,1
8046,TEST_FULL_SUITE_PLUS_DEFAULT,DEFEND_ONE_FROM_MANY,206,6,,3247,0,1
8047,MUTANT_ANNOTATED_SINGLE_METHOD,ATTACK_DEFAULT,205,5,,,0,1
8048,MUTANT_ANNOTATED_SINGLE_METHOD,ATTACK_DEPENDENCIES,205,5,2532,,0,1
8049,TEST_FULL_SUITE_PLUS_DEFAULT,DEFEND_DEFAULT,204,6,,3253,0,1
8050,TEST_FULL_SUITE_PLUS_DEFAULT,DEFEND_DEFAULT,203,6,,,0,0
8051,TEST_FULL_SUITE_PLUS_DEFAULT,DEFEND_ONE_FROM_MANY,207,6,,3248,0,1
8052,MUTANT_ANNOTATED_SINGLE_METHOD,ATTACK_DEFAULT,206,5,,,0,1
8053,MUTANT_ANNOTATED_SINGLE_METHOD,ATTACK_DEFAULT,207,5,,,0,1
8054,MUTANT_ANNOTATED_SINGLE_METHOD,ATTACK_DEPENDENCIES,206,5,2536,,0,1
8055,MUTANT_ANNOTATED_SINGLE_METHOD,ATTACK_DEPENDENCIES,207,5,2534,,0,1
8056,MUTANT_ANNOTATED_SINGLE_METHOD,ATTACK_DEFAULT,204,5,,,0,1
8057,MUTANT_ANNOTATED_SINGLE_METHOD,ATTACK_DEPENDENCIES,204,5,2535,,0,1
8058,TEST_FULL_SUITE_PLUS_DEFAULT,DEFEND_FOCUS,205,6,,3250,0,1
8059,MUTANT_ANNOTATED_SINGLE_METHOD,ATTACK_DEFAULT,205,5,,,0,1
8060,MUTANT_ANNOTATED_SINGLE_METHOD,ATTACK_DEPENDENCIES,205,5,2537,,0,1
8061,TEST_FULL_SUITE_PLUS_DEFAULT,DEFEND_ONE_FROM_MANY,206,6,,3251,0,1
8062,MUTANT_ANNOTATED_SINGLE_METHOD,ATTACK_DEFAULT,203,5,,,0,1
8063,TEST_FULL_SUITE_PLUS_DEFAULT,DEFEND_ONE_FROM_MANY,207,6,,3252,0,1
8064,MUTANT_ANNOTATED_SINGLE_METHOD,ATTACK_DEPENDENCIES,203,5,2538,,0,1
8065,MUTANT_ANNOTATED_SINGLE_METHOD,ATTACK_DEFAULT,207,5,,,0,1
8066,MUTANT_ANNOTATED_SINGLE_METHOD,ATTACK_DEPENDENCIES,207,5,2539,,0,1
8067,MUTANT_ANNOTATED_SINGLE_METHOD,ATTACK_DEFAULT,204,5,,,0,1
8068,MUTANT_ANNOTATED_SINGLE_METHOD,ATTACK_DEPENDENCIES,204,5,2541,,0,1
8069,MUTANT_ANNOTATED_SINGLE_METHOD,ATTACK_DEFAULT,206,5,,,0,1
8070,MUTANT_ANNOTATED_SINGLE_METHOD,ATTACK_DEPENDENCIES,206,5,2540,,0,1
8071,TEST_FULL_SUITE_PLUS_DEFAULT,DEFEND_DEFAULT,204,6,,,1,0
8072,TEST_FULL_SUITE_PLUS_DEFAULT,DEFEND_ONE_FROM_MANY,207,6,,3255,0,1
8073,TEST_FULL_SUITE_PLUS_DEFAULT,DEFEND_FOCUS,203,6,,3282,0,1
8074,MUTANT_ANNOTATED_SINGLE_METHOD,ATTACK_DEFAULT,207,5,,,0,1
8075,MUTANT_ANNOTATED_SINGLE_METHOD,ATTACK_DEPENDENCIES,207,5,2542,,0,1
8076,TEST_FULL_SUITE_PLUS_DEFAULT,DEFEND_FOCUS,205,6,,3285,0,1
8077,MUTANT_ANNOTATED_SINGLE_METHOD,ATTACK_DEFAULT,205,5,,,0,1
8078,MUTANT_ANNOTATED_SINGLE_METHOD,ATTACK_DEPENDENCIES,205,5,2547,,0,1
8079,MUTANT_ANNOTATED_SINGLE_METHOD,ATTACK_DEFAULT,203,5,,,0,1
8080,MUTANT_ANNOTATED_SINGLE_METHOD,ATTACK_DEPENDENCIES,203,5,2546,,0,1
8081,TEST_FULL_SUITE_PLUS_DEFAULT,DEFEND_ONE_FROM_MANY,206,6,,3254,0,1
8082,MUTANT_ANNOTATED_SINGLE_METHOD,ATTACK_DEFAULT,206,5,,,0,1
8083,MUTANT_ANNOTATED_SINGLE_METHOD,ATTACK_DEPENDENCIES,206,5,2545,,0,1
8084,TEST_FULL_SUITE_PLUS_DEFAULT,DEFEND_ONE_FROM_MANY,206,6,,3257,0,1
8085,TEST_FULL_SUITE_PLUS_DEFAULT,DEFEND_FOCUS,204,6,,3259,0,1
8086,TEST_FULL_SUITE_PLUS_DEFAULT,DEFEND_ONE_FROM_MANY,207,6,,3258,0,1
8087,MUTANT_ANNOTATED_SINGLE_METHOD,ATTACK_DEFAULT,204,5,,,0,1
8088,MUTANT_ANNOTATED_SINGLE_METHOD,ATTACK_DEPENDENCIES,204,5,2543,,0,1
8089,MUTANT_ANNOTATED_SINGLE_METHOD,ATTACK_DEFAULT,207,5,,,0,1
8090,MUTANT_ANNOTATED_SINGLE_METHOD,ATTACK_DEPENDENCIES,207,5,2544,,0,1
8091,MUTANT_ANNOTATED_SINGLE_METHOD,ATTACK_EQUIVALENCE,205,5,,,0,1
8092,MUTANT_ANNOTATED_SINGLE_METHOD,ATTACK_DEFAULT,204,5,,,0,1
8093,MUTANT_ANNOTATED_SINGLE_METHOD,ATTACK_DEPENDENCIES,204,5,2548,,0,1
8094,TEST_FULL_SUITE_PLUS_DEFAULT,DEFEND_FOCUS,204,6,,3263,0,1
8095,MUTANT_ANNOTATED_SINGLE_METHOD,ATTACK_DEFAULT,207,5,,,0,1
8096,MUTANT_ANNOTATED_SINGLE_METHOD,ATTACK_DEPENDENCIES,207,5,2549,,0,1
8097,TEST_FULL_SUITE_PLUS_DEFAULT,DEFEND_DEFAULT,205,6,,3264,0,1
8098,TEST_FULL_SUITE_PLUS_DEFAULT,DEFEND_ONE_FROM_MANY,206,6,,3261,0,1
8099,TEST_FULL_SUITE_PLUS_DEFAULT,DEFEND_ONE_FROM_MANY,207,6,,3262,0,1
8100,MUTANT_ANNOTATED_SINGLE_METHOD,ATTACK_DEFAULT,206,5,,,0,1
8101,MUTANT_ANNOTATED_SINGLE_METHOD,ATTACK_DEPENDENCIES,206,5,2550,,0,1
8102,MUTANT_ANNOTATED_SINGLE_METHOD,ATTACK_DEFAULT,203,5,,,0,1
8103,MUTANT_ANNOTATED_SINGLE_METHOD,ATTACK_DEPENDENCIES,203,5,,,0,0
8104,TEST_FULL_SUITE_PLUS_DEFAULT,DEFEND_ONE_FROM_MANY,207,6,,3266,0,1
8105,TEST_FULL_SUITE_PLUS_DEFAULT,DEFEND_DEFAULT,203,6,,3267,0,1
8106,TEST_FULL_SUITE_PLUS_DEFAULT,DEFEND_FOCUS,204,6,,3268,0,1
8107,MUTANT_ANNOTATED_SINGLE_METHOD,ATTACK_DEFAULT,205,5,,,0,1
8108,MUTANT_ANNOTATED_SINGLE_METHOD,ATTACK_DEPENDENCIES,205,5,2551,,0,1
8109,TEST_FULL_SUITE_PLUS_DEFAULT,DEFEND_DEFAULT,205,6,,3273,0,1
8110,MUTANT_ANNOTATED_SINGLE_METHOD,ATTACK_DEFAULT,204,5,,,0,1
8111,MUTANT_ANNOTATED_SINGLE_METHOD,ATTACK_DEFAULT,207,5,,,0,1
8112,MUTANT_ANNOTATED_SINGLE_METHOD,ATTACK_DEPENDENCIES,204,5,2553,,0,1
8113,MUTANT_ANNOTATED_SINGLE_METHOD,ATTACK_DEPENDENCIES,207,5,2552,,0,1
8114,TEST_FULL_SUITE_PLUS_DEFAULT,DEFEND_DEFAULT,203,6,,,0,0
8115,TEST_FULL_SUITE_PLUS_DEFAULT,DEFEND_ONE_FROM_MANY,207,6,,3270,0,1
8116,TEST_FULL_SUITE_PLUS_DEFAULT,DEFEND_ONE_FROM_MANY,206,6,,3265,0,1
8117,MUTANT_ANNOTATED_SINGLE_METHOD,ATTACK_DEFAULT,206,5,,,0,1
8118,MUTANT_ANNOTATED_SINGLE_METHOD,ATTACK_DEPENDENCIES,206,5,2555,,0,1
8119,MUTANT_ANNOTATED_SINGLE_METHOD,ATTACK_DEFAULT,205,5,,,0,1
8120,TEST_FULL_SUITE_PLUS_DEFAULT,DEFEND_FOCUS,204,6,,3272,0,1
8121,MUTANT_ANNOTATED_SINGLE_METHOD,ATTACK_DEPENDENCIES,205,5,2554,,0,1
8122,MUTANT_ANNOTATED_SINGLE_METHOD,ATTACK_DEFAULT,207,5,,,0,1
8123,MUTANT_ANNOTATED_SINGLE_METHOD,ATTACK_DEPENDENCIES,207,5,2556,,0,1
8124,TEST_FULL_SUITE_PLUS_DEFAULT,DEFEND_ONE_FROM_MANY,206,6,,3271,0,1
8125,MUTANT_ANNOTATED_SINGLE_METHOD,ATTACK_DEPENDENCIES,203,5,2560,,0,1
8126,MUTANT_ANNOTATED_SINGLE_METHOD,ATTACK_DEFAULT,204,5,,,0,1
8127,MUTANT_ANNOTATED_SINGLE_METHOD,ATTACK_DEPENDENCIES,204,5,2557,,0,1
8128,MUTANT_ANNOTATED_SINGLE_METHOD,ATTACK_DEFAULT,205,5,,,0,1
8129,TEST_FULL_SUITE_PLUS_DEFAULT,DEFEND_FOCUS,204,6,,3276,0,1
8130,MUTANT_ANNOTATED_SINGLE_METHOD,ATTACK_DEPENDENCIES,205,5,2558,,0,1
8131,TEST_FULL_SUITE_PLUS_DEFAULT,DEFEND_ONE_FROM_MANY,207,6,,3274,0,1
8132,TEST_FULL_SUITE_PLUS_DEFAULT,DEFEND_DEFAULT,205,6,,3280,0,1
8133,TEST_FULL_SUITE_PLUS_DEFAULT,DEFEND_ONE_FROM_MANY,206,6,,3275,0,1
8134,MUTANT_ANNOTATED_SINGLE_METHOD,ATTACK_DEFAULT,207,5,,,0,1
8135,MUTANT_ANNOTATED_SINGLE_METHOD,ATTACK_DEFAULT,206,5,,,0,1
8136,MUTANT_ANNOTATED_SINGLE_METHOD,ATTACK_DEPENDENCIES,207,5,2559,,0,1
8137,MUTANT_ANNOTATED_SINGLE_METHOD,ATTACK_DEPENDENCIES,206,5,2561,,0,1
8138,TEST_FULL_SUITE_PLUS_DEFAULT,DEFEND_ONE_FROM_MANY,207,6,,3277,0,1
8139,MUTANT_ANNOTATED_SINGLE_METHOD,ATTACK_DEFAULT,204,5,,,0,1
8140,MUTANT_ANNOTATED_SINGLE_METHOD,ATTACK_DEPENDENCIES,204,5,2562,,0,1
8141,TEST_FULL_SUITE_PLUS_DEFAULT,DEFEND_FOCUS,204,6,,3279,0,1
8142,TEST_FULL_SUITE_PLUS_DEFAULT,DEFEND_ONE_FROM_MANY,206,6,,3278,0,1
8143,MUTANT_ANNOTATED_SINGLE_METHOD,ATTACK_DEFAULT,205,5,,,0,1
8144,MUTANT_ANNOTATED_SINGLE_METHOD,ATTACK_DEPENDENCIES,205,5,2563,,0,1
8145,MUTANT_ANNOTATED_SINGLE_METHOD,ATTACK_DEFAULT,207,5,,,0,1
8146,MUTANT_ANNOTATED_SINGLE_METHOD,ATTACK_DEPENDENCIES,207,5,2565,,0,1
8147,MUTANT_ANNOTATED_SINGLE_METHOD,ATTACK_DEFAULT,203,5,,,0,1
8148,MUTANT_ANNOTATED_SINGLE_METHOD,ATTACK_DEPENDENCIES,203,5,2564,,0,1
8149,TEST_FULL_SUITE_PLUS_DEFAULT,DEFEND_FOCUS,204,6,,3284,0,1
8150,MUTANT_ANNOTATED_SINGLE_METHOD,ATTACK_DEFAULT,206,5,,,0,1
8151,MUTANT_ANNOTATED_SINGLE_METHOD,ATTACK_DEPENDENCIES,206,5,2566,,0,1
8152,MUTANT_ANNOTATED_SINGLE_METHOD,ATTACK_DEFAULT,204,5,,,0,1
8153,MUTANT_ANNOTATED_SINGLE_METHOD,ATTACK_DEPENDENCIES,204,5,2567,,0,1
8154,TEST_FULL_SUITE_PLUS_DEFAULT,DEFEND_FOCUS,203,6,,,1,0
8155,TEST_FULL_SUITE_PLUS_DEFAULT,DEFEND_ONE_FROM_MANY,207,6,,3281,0,1
8156,TEST_FULL_SUITE_PLUS_DEFAULT,DEFEND_ONE_FROM_MANY,206,6,,3283,0,1
8157,MUTANT_ANNOTATED_SINGLE_METHOD,ATTACK_DEFAULT,205,5,,,0,1
8158,MUTANT_ANNOTATED_SINGLE_METHOD,ATTACK_DEPENDENCIES,205,5,2569,,0,1
8159,TEST_FULL_SUITE_PLUS_DEFAULT,DEFEND_FOCUS,204,6,,3288,0,1
8160,MUTANT_ANNOTATED_SINGLE_METHOD,ATTACK_DEFAULT,203,5,,,0,1
8161,MUTANT_ANNOTATED_SINGLE_METHOD,ATTACK_DEPENDENCIES,203,5,,,0,0
8162,MUTANT_ANNOTATED_SINGLE_METHOD,ATTACK_DEFAULT,207,5,,,0,1
8163,MUTANT_ANNOTATED_SINGLE_METHOD,ATTACK_DEPENDENCIES,207,5,2568,,0,1
8164,TEST_FULL_SUITE_PLUS_DEFAULT,DEFEND_DEFAULT,205,6,,3290,0,1
8165,TEST_FULL_SUITE_PLUS_DEFAULT,DEFEND_ONE_FROM_MANY,207,6,,3286,0,1
8166,MUTANT_ANNOTATED_SINGLE_METHOD,ATTACK_DEFAULT,206,5,,,0,1
8167,MUTANT_ANNOTATED_SINGLE_METHOD,ATTACK_DEPENDENCIES,206,5,,,1,0
8168,TEST_FULL_SUITE_PLUS_DEFAULT,DEFEND_ONE_FROM_MANY,206,6,,3287,0,1
8169,MUTANT_ANNOTATED_SINGLE_METHOD,ATTACK_DEFAULT,204,5,,,0,1
8170,MUTANT_ANNOTATED_SINGLE_METHOD,ATTACK_DEPENDENCIES,204,5,2572,,0,1
8171,MUTANT_ANNOTATED_SINGLE_METHOD,ATTACK_EQUIVALENCE,206,5,,,0,1
8172,TEST_FULL_SUITE_PLUS_DEFAULT,DEFEND_FOCUS,204,6,,3293,0,1
8173,TEST_FULL_SUITE_PLUS_DEFAULT,DEFEND_ONE_FROM_MANY,207,6,,3289,0,1
8174,TEST_FULL_SUITE_PLUS_DEFAULT,DEFEND_FOCUS,205,6,,3297,0,1
8175,MUTANT_ANNOTATED_SINGLE_METHOD,ATTACK_DEFAULT,207,5,,,0,1
8176,MUTANT_ANNOTATED_SINGLE_METHOD,ATTACK_DEPENDENCIES,207,5,2571,,0,1
8177,MUTANT_ANNOTATED_SINGLE_METHOD,ATTACK_DEFAULT,205,5,,,0,1
8178,MUTANT_ANNOTATED_SINGLE_METHOD,ATTACK_DEPENDENCIES,205,5,2570,,0,1
8179,TEST_FULL_SUITE_PLUS_DEFAULT,DEFEND_ONE_FROM_MANY,207,6,,3294,0,1
8180,TEST_FULL_SUITE_PLUS_DEFAULT,DEFEND_DEFAULT,203,6,,3305,0,1
8181,TEST_FULL_SUITE_PLUS_DEFAULT,DEFEND_ONE_FROM_MANY,207,6,,3296,0,1
8182,MUTANT_ANNOTATED_SINGLE_METHOD,ATTACK_DEPENDENCIES,203,5,,,0,0
8183,MUTANT_ANNOTATED_SINGLE_METHOD,ATTACK_EQUIVALENCE,206,5,,,0,1
8184,TEST_FULL_SUITE_PLUS_DEFAULT,DEFEND_ONE_FROM_MANY,206,6,,3291,0,1
8185,MUTANT_ANNOTATED_SINGLE_METHOD,ATTACK_DEFAULT,205,5,,,0,1
8186,TEST_FULL_SUITE_PLUS_DEFAULT,DEFEND_FOCUS,204,6,,3300,0,1
8187,MUTANT_ANNOTATED_SINGLE_METHOD,ATTACK_DEPENDENCIES,205,5,2575,,0,1
8188,MUTANT_ANNOTATED_SINGLE_METHOD,ATTACK_DEFAULT,207,5,,,0,1
8189,TEST_FULL_SUITE_PLUS_DEFAULT,DEFEND_ONE_FROM_MANY,206,6,,3299,0,1
8190,MUTANT_ANNOTATED_SINGLE_METHOD,ATTACK_DEPENDENCIES,207,5,2573,,0,1
8191,MUTANT_ANNOTATED_SINGLE_METHOD,ATTACK_DEFAULT,204,5,,,0,1
8192,MUTANT_ANNOTATED_SINGLE_METHOD,ATTACK_DEPENDENCIES,204,5,2574,,0,1
8193,TEST_FULL_SUITE_PLUS_DEFAULT,DEFEND_DEFAULT,205,6,,,1,0
8194,MUTANT_ANNOTATED_SINGLE_METHOD,ATTACK_EQUIVALENCE,206,5,,,0,1
8195,TEST_FULL_SUITE_PLUS_DEFAULT,DEFEND_ONE_FROM_MANY,207,6,,3301,0,1
8196,TEST_FULL_SUITE_PLUS_DEFAULT,DEFEND_FOCUS,204,6,,3304,0,1
8197,TEST_FULL_SUITE_PLUS_DEFAULT,DEFEND_ONE_FROM_MANY,206,6,,3303,0,1
8198,MUTANT_ANNOTATED_SINGLE_METHOD,ATTACK_EQUIVALENCE,206,5,,,0,1
8199,MUTANT_ANNOTATED_SINGLE_METHOD,ATTACK_DEFAULT,207,5,,,0,1
8200,MUTANT_ANNOTATED_SINGLE_METHOD,ATTACK_DEPENDENCIES,207,5,2576,,0,1
8201,MUTANT_ANNOTATED_SINGLE_METHOD,ATTACK_DEPENDENCIES,203,5,,,1,0
8202,TEST_FULL_SUITE_PLUS_DEFAULT,DEFEND_ONE_FROM_MANY,207,6,,3307,0,1
8203,MUTANT_ANNOTATED_SINGLE_METHOD,ATTACK_DEFAULT,204,5,,,0,1
8204,MUTANT_ANNOTATED_SINGLE_METHOD,ATTACK_DEPENDENCIES,204,5,,,1,0
8205,TEST_FULL_SUITE_PLUS_DEFAULT,DEFEND_FOCUS,204,6,,3309,0,1
8206,MUTANT_ANNOTATED_SINGLE_METHOD,ATTACK_EQUIVALENCE,206,5,,,0,1
8207,TEST_FULL_SUITE_PLUS_DEFAULT,DEFEND_DEFAULT,203,6,,,1,0
8208,TEST_FULL_SUITE_PLUS_DEFAULT,DEFEND_ONE_FROM_MANY,206,6,,3308,1,0
8209,TEST_FULL_SUITE_PLUS_DEFAULT,DEFEND_FOCUS,207,6,,3311,0,1
8210,MUTANT_ANNOTATED_SINGLE_METHOD,ATTACK_DEFAULT,208,5,,,0,1
8211,TEST_FULL_SUITE_PLUS_DEFAULT,DEFEND_DEFAULT,208,6,,,0,1
8212,MUTANT_ANNOTATED_SINGLE_METHOD,ATTACK_DEPENDENCIES,208,5,2577,,0,1
8213,MUTANT_ANNOTATED_SINGLE_METHOD,ATTACK_EQUIVALENCE,206,5,,,0,1
8214,MUTANT_ANNOTATED_SINGLE_METHOD,ATTACK_DEFAULT,209,5,,,0,1
8215,TEST_FULL_SUITE_PLUS_DEFAULT,DEFEND_DEFAULT,209,6,,,0,1
8216,MUTANT_ANNOTATED_SINGLE_METHOD,ATTACK_DEPENDENCIES,209,5,2578,,0,1
8217,MUTANT_ANNOTATED_SINGLE_METHOD,ATTACK_DEFAULT,207,5,,,0,1
8218,TEST_FULL_SUITE_PLUS_DEFAULT,DEFEND_ONE_FROM_MANY,208,6,,,0,1
8219,MUTANT_ANNOTATED_SINGLE_METHOD,ATTACK_DEPENDENCIES,207,5,2579,,0,1
8220,TEST_FULL_SUITE_PLUS_DEFAULT,DEFEND_ONE_FROM_MANY,208,6,,3313,0,1
8221,TEST_FULL_SUITE_PLUS_DEFAULT,DEFEND_FOCUS,207,6,,3314,0,1
8222,TEST_FULL_SUITE_PLUS_DEFAULT,DEFEND_ONE_FROM_MANY,209,6,,,0,1
8223,MUTANT_ANNOTATED_SINGLE_METHOD,ATTACK_DEFAULT,208,5,,,0,1
8224,MUTANT_ANNOTATED_SINGLE_METHOD,ATTACK_DEPENDENCIES,208,5,2581,,0,1
8225,TEST_FULL_SUITE_PLUS_DEFAULT,DEFEND_ONE_FROM_MANY,209,6,,3315,0,1
8226,MUTANT_ANNOTATED_SINGLE_METHOD,ATTACK_EQUIVALENCE,206,5,,,0,1
8227,TEST_FULL_SUITE_PLUS_DEFAULT,DEFEND_ONE_FROM_MANY,208,6,,3316,0,1
8228,MUTANT_ANNOTATED_SINGLE_METHOD,ATTACK_DEFAULT,209,5,,,0,1
8229,MUTANT_ANNOTATED_SINGLE_METHOD,ATTACK_DEPENDENCIES,209,5,2580,,0,1
8230,TEST_FULL_SUITE_PLUS_DEFAULT,DEFEND_ONE_FROM_MANY,209,6,,3317,0,1
8231,MUTANT_ANNOTATED_SINGLE_METHOD,ATTACK_EQUIVALENCE,206,5,,,0,1
8232,TEST_FULL_SUITE_PLUS_DEFAULT,DEFEND_FOCUS,207,6,,3320,0,1
8233,MUTANT_ANNOTATED_SINGLE_METHOD,ATTACK_EQUIVALENCE,206,5,,,0,1
8234,MUTANT_ANNOTATED_SINGLE_METHOD,ATTACK_DEFAULT,207,5,,,0,1
8235,MUTANT_ANNOTATED_SINGLE_METHOD,ATTACK_DEPENDENCIES,207,5,2582,,0,1
8236,TEST_FULL_SUITE_PLUS_DEFAULT,DEFEND_ONE_FROM_MANY,208,6,,3322,0,1
8237,MUTANT_ANNOTATED_SINGLE_METHOD,ATTACK_DEFAULT,209,5,,,0,1
8238,MUTANT_ANNOTATED_SINGLE_METHOD,ATTACK_DEPENDENCIES,209,5,2583,,0,1
8239,MUTANT_ANNOTATED_SINGLE_METHOD,ATTACK_DEFAULT,208,5,,,0,1
8240,MUTANT_ANNOTATED_SINGLE_METHOD,ATTACK_DEPENDENCIES,208,5,2584,,0,1
8241,TEST_FULL_SUITE_PLUS_DEFAULT,DEFEND_ONE_FROM_MANY,209,6,,3323,0,1
8242,TEST_FULL_SUITE_PLUS_DEFAULT,DEFEND_FOCUS,207,6,,,0,0
8243,MUTANT_ANNOTATED_SINGLE_METHOD,ATTACK_DEFAULT,210,5,,,0,1
8244,MUTANT_ANNOTATED_SINGLE_METHOD,ATTACK_DEFAULT,207,5,,,0,1
8245,TEST_FULL_SUITE_PLUS_DEFAULT,DEFEND_DEFAULT,210,6,,,0,1
8246,MUTANT_ANNOTATED_SINGLE_METHOD,ATTACK_DEPENDENCIES,207,5,2586,,0,1
8247,MUTANT_ANNOTATED_SINGLE_METHOD,ATTACK_DEPENDENCIES,210,5,2585,,0,1
8248,TEST_FULL_SUITE_PLUS_DEFAULT,DEFEND_ONE_FROM_MANY,208,6,,3324,0,1
8249,TEST_FULL_SUITE_PLUS_DEFAULT,DEFEND_ONE_FROM_MANY,209,6,,3325,0,1
8250,TEST_FULL_SUITE_PLUS_DEFAULT,DEFEND_ONE_FROM_MANY,210,6,,,0,1
8251,TEST_FULL_SUITE_PLUS_DEFAULT,DEFEND_ONE_FROM_MANY,210,6,,3326,0,1
8252,MUTANT_ANNOTATED_SINGLE_METHOD,ATTACK_DEFAULT,209,5,,,0,1
8253,MUTANT_ANNOTATED_SINGLE_METHOD,ATTACK_DEPENDENCIES,209,5,2587,,0,1
8254,MUTANT_ANNOTATED_SINGLE_METHOD,ATTACK_DEFAULT,208,5,,,0,1
8255,MUTANT_ANNOTATED_SINGLE_METHOD,ATTACK_DEFAULT,210,5,,,0,1
8256,MUTANT_ANNOTATED_SINGLE_METHOD,ATTACK_DEFAULT,207,5,,,0,1
8257,MUTANT_ANNOTATED_SINGLE_METHOD,ATTACK_DEPENDENCIES,208,5,2588,,0,1
8258,MUTANT_ANNOTATED_SINGLE_METHOD,ATTACK_DEPENDENCIES,210,5,2590,,0,1
8259,MUTANT_ANNOTATED_SINGLE_METHOD,ATTACK_DEPENDENCIES,207,5,2589,,0,1
8260,TEST_FULL_SUITE_PLUS_DEFAULT,DEFEND_ONE_FROM_MANY,208,6,,3327,0,1
8261,TEST_FULL_SUITE_PLUS_DEFAULT,DEFEND_ONE_FROM_MANY,210,6,,3328,0,1
8262,TEST_FULL_SUITE_PLUS_DEFAULT,DEFEND_ONE_FROM_MANY,209,6,,3329,0,1
8263,MUTANT_ANNOTATED_SINGLE_METHOD,ATTACK_DEFAULT,209,5,,,0,1
8264,MUTANT_ANNOTATED_SINGLE_METHOD,ATTACK_DEPENDENCIES,209,5,2592,,0,1
8265,MUTANT_ANNOTATED_SINGLE_METHOD,ATTACK_DEFAULT,208,5,,,0,1
8266,MUTANT_ANNOTATED_SINGLE_METHOD,ATTACK_DEFAULT,207,5,,,0,1
8267,MUTANT_ANNOTATED_SINGLE_METHOD,ATTACK_DEPENDENCIES,208,5,2591,,0,1
8268,MUTANT_ANNOTATED_SINGLE_METHOD,ATTACK_DEPENDENCIES,207,5,2594,,0,1
8269,TEST_FULL_SUITE_PLUS_DEFAULT,DEFEND_ONE_FROM_MANY,210,6,,3330,0,1
8270,TEST_FULL_SUITE_PLUS_DEFAULT,DEFEND_ONE_FROM_MANY,208,6,,3331,0,1
8271,TEST_FULL_SUITE_PLUS_DEFAULT,DEFEND_ONE_FROM_MANY,209,6,,3332,0,1
8272,MUTANT_ANNOTATED_SINGLE_METHOD,ATTACK_DEFAULT,210,5,,,0,1
8273,MUTANT_ANNOTATED_SINGLE_METHOD,ATTACK_DEPENDENCIES,210,5,2593,,0,1
8274,MUTANT_ANNOTATED_SINGLE_METHOD,ATTACK_DEFAULT,208,5,,,0,1
8275,MUTANT_ANNOTATED_SINGLE_METHOD,ATTACK_DEPENDENCIES,208,5,2595,,0,1
8276,TEST_FULL_SUITE_PLUS_DEFAULT,DEFEND_ONE_FROM_MANY,208,6,,3334,0,1
8277,TEST_FULL_SUITE_PLUS_DEFAULT,DEFEND_ONE_FROM_MANY,210,6,,3335,0,1
8278,MUTANT_ANNOTATED_SINGLE_METHOD,ATTACK_DEFAULT,209,5,,,0,1
8279,MUTANT_ANNOTATED_SINGLE_METHOD,ATTACK_DEPENDENCIES,209,5,2596,,0,1
8280,TEST_FULL_SUITE_PLUS_DEFAULT,DEFEND_ONE_FROM_MANY,209,6,,3336,0,1
8281,MUTANT_ANNOTATED_SINGLE_METHOD,ATTACK_DEFAULT,210,5,,,0,1
8282,MUTANT_ANNOTATED_SINGLE_METHOD,ATTACK_DEFAULT,207,5,,,0,1
8283,MUTANT_ANNOTATED_SINGLE_METHOD,ATTACK_DEPENDENCIES,210,5,2597,,0,1
8284,MUTANT_ANNOTATED_SINGLE_METHOD,ATTACK_DEPENDENCIES,207,5,2598,,0,1
8285,TEST_FULL_SUITE_PLUS_DEFAULT,DEFEND_FOCUS,207,6,,3347,0,1
8286,MUTANT_ANNOTATED_SINGLE_METHOD,ATTACK_DEFAULT,208,5,,,0,1
8287,MUTANT_ANNOTATED_SINGLE_METHOD,ATTACK_DEPENDENCIES,208,5,2600,,0,1
8288,TEST_FULL_SUITE_PLUS_DEFAULT,DEFEND_ONE_FROM_MANY,208,6,,3337,0,1
8289,TEST_FULL_SUITE_PLUS_DEFAULT,DEFEND_ONE_FROM_MANY,210,6,,3338,0,1
8290,MUTANT_ANNOTATED_SINGLE_METHOD,ATTACK_DEFAULT,209,5,,,0,1
8291,MUTANT_ANNOTATED_SINGLE_METHOD,ATTACK_DEPENDENCIES,209,5,2599,,0,1
8292,TEST_FULL_SUITE_PLUS_DEFAULT,DEFEND_ONE_FROM_MANY,209,6,,3339,0,1
8293,MUTANT_ANNOTATED_SINGLE_METHOD,ATTACK_DEFAULT,210,5,,,0,1
8294,MUTANT_ANNOTATED_SINGLE_METHOD,ATTACK_DEFAULT,207,5,,,0,1
8295,MUTANT_ANNOTATED_SINGLE_METHOD,ATTACK_DEPENDENCIES,207,5,2602,,0,1
8296,MUTANT_ANNOTATED_SINGLE_METHOD,ATTACK_DEPENDENCIES,210,5,2601,,0,1
8297,TEST_FULL_SUITE_PLUS_DEFAULT,DEFEND_ONE_FROM_MANY,208,6,,3340,0,1
8298,TEST_FULL_SUITE_PLUS_DEFAULT,DEFEND_ONE_FROM_MANY,210,6,,3341,0,1
8299,MUTANT_ANNOTATED_SINGLE_METHOD,ATTACK_DEFAULT,209,5,,,0,1
8300,MUTANT_ANNOTATED_SINGLE_METHOD,ATTACK_DEPENDENCIES,209,5,2603,,0,1
8301,TEST_FULL_SUITE_PLUS_DEFAULT,DEFEND_ONE_FROM_MANY,209,6,,3342,0,1
8302,MUTANT_ANNOTATED_SINGLE_METHOD,ATTACK_DEFAULT,208,5,,,0,1
8303,MUTANT_ANNOTATED_SINGLE_METHOD,ATTACK_DEFAULT,210,5,,,0,1
8304,MUTANT_ANNOTATED_SINGLE_METHOD,ATTACK_DEPENDENCIES,208,5,2604,,0,1
8305,MUTANT_ANNOTATED_SINGLE_METHOD,ATTACK_DEPENDENCIES,210,5,2605,,0,1
8306,MUTANT_ANNOTATED_SINGLE_METHOD,ATTACK_DEFAULT,207,5,,,0,1
8307,MUTANT_ANNOTATED_SINGLE_METHOD,ATTACK_DEPENDENCIES,207,5,2607,,0,1
8308,TEST_FULL_SUITE_PLUS_DEFAULT,DEFEND_ONE_FROM_MANY,210,6,,3360,0,1
8309,TEST_FULL_SUITE_PLUS_DEFAULT,DEFEND_ONE_FROM_MANY,208,6,,3344,0,1
8310,MUTANT_ANNOTATED_SINGLE_METHOD,ATTACK_DEFAULT,209,5,,,0,1
8311,MUTANT_ANNOTATED_SINGLE_METHOD,ATTACK_DEPENDENCIES,209,5,2606,,0,1
8312,TEST_FULL_SUITE_PLUS_DEFAULT,DEFEND_ONE_FROM_MANY,209,6,,3346,0,1
8313,MUTANT_ANNOTATED_SINGLE_METHOD,ATTACK_DEFAULT,208,5,,,0,1
8314,MUTANT_ANNOTATED_SINGLE_METHOD,ATTACK_DEPENDENCIES,208,5,2608,,0,1
8315,MUTANT_ANNOTATED_SINGLE_METHOD,ATTACK_DEFAULT,210,5,,,0,1
8316,MUTANT_ANNOTATED_SINGLE_METHOD,ATTACK_DEPENDENCIES,210,5,2609,,0,1
8317,TEST_FULL_SUITE_PLUS_DEFAULT,DEFEND_ONE_FROM_MANY,208,6,,3348,0,1
8318,MUTANT_ANNOTATED_SINGLE_METHOD,ATTACK_DEFAULT,209,5,,,0,1
8319,MUTANT_ANNOTATED_SINGLE_METHOD,ATTACK_DEPENDENCIES,209,5,2611,,0,1
8320,TEST_FULL_SUITE_PLUS_DEFAULT,DEFEND_ONE_FROM_MANY,209,6,,3350,0,1
8321,MUTANT_ANNOTATED_SINGLE_METHOD,ATTACK_DEFAULT,207,5,,,0,1
8322,MUTANT_ANNOTATED_SINGLE_METHOD,ATTACK_DEPENDENCIES,207,5,2614,,0,1
8323,TEST_FULL_SUITE_PLUS_DEFAULT,DEFEND_DEFAULT,207,6,,3351,0,1
8324,MUTANT_ANNOTATED_SINGLE_METHOD,ATTACK_DEFAULT,208,5,,,0,1
8325,MUTANT_ANNOTATED_SINGLE_METHOD,ATTACK_DEFAULT,210,5,,,0,1
8326,MUTANT_ANNOTATED_SINGLE_METHOD,ATTACK_EQUIVALENCE,207,5,,,0,1
8327,MUTANT_ANNOTATED_SINGLE_METHOD,ATTACK_DEPENDENCIES,208,5,2612,,0,1
8328,MUTANT_ANNOTATED_SINGLE_METHOD,ATTACK_DEPENDENCIES,210,5,2610,,0,1
8329,TEST_FULL_SUITE_PLUS_DEFAULT,DEFEND_ONE_FROM_MANY,208,6,,3352,0,1
8330,MUTANT_ANNOTATED_SINGLE_METHOD,ATTACK_EQUIVALENCE,207,5,,,0,1
8331,TEST_FULL_SUITE_PLUS_DEFAULT,DEFEND_ONE_FROM_MANY,209,6,,3355,0,1
8332,MUTANT_ANNOTATED_SINGLE_METHOD,ATTACK_EQUIVALENCE,207,5,,,0,1
8333,TEST_FULL_SUITE_PLUS_DEFAULT,DEFEND_DEFAULT,207,6,,3358,0,1
8334,MUTANT_ANNOTATED_SINGLE_METHOD,ATTACK_DEFAULT,210,5,,,0,1
8335,MUTANT_ANNOTATED_SINGLE_METHOD,ATTACK_DEPENDENCIES,210,5,2613,,0,1
8336,MUTANT_ANNOTATED_SINGLE_METHOD,ATTACK_EQUIVALENCE,207,5,,,0,1
8337,MUTANT_ANNOTATED_SINGLE_METHOD,ATTACK_DEFAULT,209,5,,,0,1
8338,MUTANT_ANNOTATED_SINGLE_METHOD,ATTACK_DEPENDENCIES,209,5,2615,,0,1
8339,TEST_FULL_SUITE_PLUS_DEFAULT,DEFEND_ONE_FROM_MANY,209,6,,3362,0,1
8340,TEST_FULL_SUITE_PLUS_DEFAULT,DEFEND_ONE_FROM_MANY,208,6,,3359,0,1
8341,MUTANT_ANNOTATED_SINGLE_METHOD,ATTACK_DEFAULT,208,5,,,0,1
8342,MUTANT_ANNOTATED_SINGLE_METHOD,ATTACK_DEPENDENCIES,208,5,2616,,0,1
8343,TEST_FULL_SUITE_PLUS_DEFAULT,DEFEND_DEFAULT,207,6,,3363,0,1
8344,TEST_FULL_SUITE_PLUS_DEFAULT,DEFEND_ONE_FROM_MANY,210,6,,,0,1
8345,TEST_FULL_SUITE_PLUS_DEFAULT,DEFEND_ONE_FROM_MANY,208,6,,3364,0,1
8346,TEST_FULL_SUITE_PLUS_DEFAULT,DEFEND_ONE_FROM_MANY,210,6,,3365,0,1
8347,TEST_FULL_SUITE_PLUS_DEFAULT,DEFEND_ONE_FROM_MANY,209,6,,3366,0,1
8348,MUTANT_ANNOTATED_SINGLE_METHOD,ATTACK_DEFAULT,210,5,,,0,1
8349,MUTANT_ANNOTATED_SINGLE_METHOD,ATTACK_DEPENDENCIES,210,5,2619,,0,1
8350,MUTANT_ANNOTATED_SINGLE_METHOD,ATTACK_DEFAULT,207,5,,,0,1
8351,TEST_FULL_SUITE_PLUS_DEFAULT,DEFEND_FOCUS,207,6,,,0,0
8352,MUTANT_ANNOTATED_SINGLE_METHOD,ATTACK_DEPENDENCIES,207,5,2618,,0,1
8353,MUTANT_ANNOTATED_SINGLE_METHOD,ATTACK_DEFAULT,209,5,,,0,1
8354,MUTANT_ANNOTATED_SINGLE_METHOD,ATTACK_DEPENDENCIES,209,5,2617,,0,1
8355,TEST_FULL_SUITE_PLUS_DEFAULT,DEFEND_ONE_FROM_MANY,210,6,,3367,0,1
8356,TEST_FULL_SUITE_PLUS_DEFAULT,DEFEND_ONE_FROM_MANY,208,6,,3368,0,1
8357,TEST_FULL_SUITE_PLUS_DEFAULT,DEFEND_ONE_FROM_MANY,209,6,,3369,0,1
8358,MUTANT_ANNOTATED_SINGLE_METHOD,ATTACK_DEFAULT,208,5,,,0,1
8359,MUTANT_ANNOTATED_SINGLE_METHOD,ATTACK_DEPENDENCIES,208,5,2620,,0,1
8360,TEST_FULL_SUITE_PLUS_DEFAULT,DEFEND_DEFAULT,207,6,,3370,0,1
8361,MUTANT_ANNOTATED_SINGLE_METHOD,ATTACK_DEFAULT,209,5,,,0,1
8362,MUTANT_ANNOTATED_SINGLE_METHOD,ATTACK_EQUIVALENCE,207,5,,,0,1
8363,MUTANT_ANNOTATED_SINGLE_METHOD,ATTACK_DEPENDENCIES,209,5,2622,,0,1
8364,MUTANT_ANNOTATED_SINGLE_METHOD,ATTACK_DEFAULT,210,5,,,0,1
8365,MUTANT_ANNOTATED_SINGLE_METHOD,ATTACK_DEPENDENCIES,210,5,2621,,0,1
8366,TEST_FULL_SUITE_PLUS_DEFAULT,DEFEND_ONE_FROM_MANY,208,6,,3372,0,1
8367,TEST_FULL_SUITE_PLUS_DEFAULT,DEFEND_ONE_FROM_MANY,210,6,,3373,0,1
8368,MUTANT_ANNOTATED_SINGLE_METHOD,ATTACK_EQUIVALENCE,207,5,,,0,1
8369,TEST_FULL_SUITE_PLUS_DEFAULT,DEFEND_DEFAULT,207,6,,3376,0,1
8370,TEST_FULL_SUITE_PLUS_DEFAULT,DEFEND_ONE_FROM_MANY,209,6,,3374,0,1
8371,MUTANT_ANNOTATED_SINGLE_METHOD,ATTACK_DEFAULT,208,5,,,0,1
8372,MUTANT_ANNOTATED_SINGLE_METHOD,ATTACK_DEPENDENCIES,208,5,2623,,0,1
8373,TEST_FULL_SUITE_PLUS_DEFAULT,DEFEND_ONE_FROM_MANY,208,6,,3378,0,1
8374,MUTANT_ANNOTATED_SINGLE_METHOD,ATTACK_DEFAULT,207,5,,,0,1
8375,MUTANT_ANNOTATED_SINGLE_METHOD,ATTACK_DEPENDENCIES,207,5,2626,,0,1
8376,MUTANT_ANNOTATED_SINGLE_METHOD,ATTACK_DEFAULT,210,5,,,0,1
8377,MUTANT_ANNOTATED_SINGLE_METHOD,ATTACK_DEPENDENCIES,210,5,2624,,0,1
8378,TEST_FULL_SUITE_PLUS_DEFAULT,DEFEND_ONE_FROM_MANY,210,6,,3377,0,1
8379,TEST_FULL_SUITE_PLUS_DEFAULT,DEFEND_DEFAULT,207,6,,3381,0,1
8380,TEST_FULL_SUITE_PLUS_DEFAULT,DEFEND_ONE_FROM_MANY,209,6,,3380,0,1
8381,MUTANT_ANNOTATED_SINGLE_METHOD,ATTACK_DEFAULT,209,5,,,0,1
8382,MUTANT_ANNOTATED_SINGLE_METHOD,ATTACK_DEPENDENCIES,209,5,2625,,0,1
8383,MUTANT_ANNOTATED_SINGLE_METHOD,ATTACK_DEFAULT,208,5,,,0,1
8384,MUTANT_ANNOTATED_SINGLE_METHOD,ATTACK_DEPENDENCIES,208,5,2628,,0,1
8385,TEST_FULL_SUITE_PLUS_DEFAULT,DEFEND_ONE_FROM_MANY,208,6,,3382,0,1
8386,TEST_FULL_SUITE_PLUS_DEFAULT,DEFEND_ONE_FROM_MANY,210,6,,3383,0,1
8387,TEST_FULL_SUITE_PLUS_DEFAULT,DEFEND_ONE_FROM_MANY,209,6,,3384,0,1
8388,MUTANT_ANNOTATED_SINGLE_METHOD,ATTACK_DEFAULT,210,5,,,0,1
8389,MUTANT_ANNOTATED_SINGLE_METHOD,ATTACK_DEPENDENCIES,210,5,2627,,0,1
8390,TEST_FULL_SUITE_PLUS_DEFAULT,DEFEND_DEFAULT,207,6,,3395,0,1
8391,MUTANT_ANNOTATED_SINGLE_METHOD,ATTACK_DEFAULT,209,5,,,0,1
8392,MUTANT_ANNOTATED_SINGLE_METHOD,ATTACK_DEPENDENCIES,209,5,2630,,0,1
8393,MUTANT_ANNOTATED_SINGLE_METHOD,ATTACK_DEFAULT,207,5,,,0,1
8394,MUTANT_ANNOTATED_SINGLE_METHOD,ATTACK_DEPENDENCIES,207,5,2629,,0,1
8395,TEST_FULL_SUITE_PLUS_DEFAULT,DEFEND_ONE_FROM_MANY,208,6,,3386,0,1
8396,TEST_FULL_SUITE_PLUS_DEFAULT,DEFEND_ONE_FROM_MANY,210,6,,3387,0,1
8397,TEST_FULL_SUITE_PLUS_DEFAULT,DEFEND_ONE_FROM_MANY,209,6,,3388,0,1
8398,MUTANT_ANNOTATED_SINGLE_METHOD,ATTACK_DEFAULT,210,5,,,0,1
8399,MUTANT_ANNOTATED_SINGLE_METHOD,ATTACK_DEPENDENCIES,210,5,2632,,0,1
8400,MUTANT_ANNOTATED_SINGLE_METHOD,ATTACK_DEFAULT,208,5,,,0,1
8401,MUTANT_ANNOTATED_SINGLE_METHOD,ATTACK_DEPENDENCIES,208,5,2631,,0,1
8402,MUTANT_ANNOTATED_SINGLE_METHOD,ATTACK_DEFAULT,207,5,,,0,1
8403,MUTANT_ANNOTATED_SINGLE_METHOD,ATTACK_DEPENDENCIES,207,5,2633,,0,1
8404,TEST_FULL_SUITE_PLUS_DEFAULT,DEFEND_ONE_FROM_MANY,208,6,,3389,0,1
8405,TEST_FULL_SUITE_PLUS_DEFAULT,DEFEND_ONE_FROM_MANY,210,6,,3390,0,1
8406,MUTANT_ANNOTATED_SINGLE_METHOD,ATTACK_DEFAULT,209,5,,,0,1
8407,MUTANT_ANNOTATED_SINGLE_METHOD,ATTACK_DEPENDENCIES,209,5,2634,,0,1
8408,TEST_FULL_SUITE_PLUS_DEFAULT,DEFEND_ONE_FROM_MANY,209,6,,3391,0,1
8409,MUTANT_ANNOTATED_SINGLE_METHOD,ATTACK_DEFAULT,208,5,,,0,1
8410,MUTANT_ANNOTATED_SINGLE_METHOD,ATTACK_DEPENDENCIES,208,5,2637,,0,1
8411,MUTANT_ANNOTATED_SINGLE_METHOD,ATTACK_DEFAULT,207,5,,,0,1
8412,MUTANT_ANNOTATED_SINGLE_METHOD,ATTACK_DEPENDENCIES,207,5,2636,,0,1
8413,MUTANT_ANNOTATED_SINGLE_METHOD,ATTACK_DEFAULT,210,5,,,0,1
8414,MUTANT_ANNOTATED_SINGLE_METHOD,ATTACK_DEPENDENCIES,210,5,2635,,0,1
8415,TEST_FULL_SUITE_PLUS_DEFAULT,DEFEND_ONE_FROM_MANY,210,6,,3393,0,1
8416,TEST_FULL_SUITE_PLUS_DEFAULT,DEFEND_ONE_FROM_MANY,208,6,,3392,0,1
8417,TEST_FULL_SUITE_PLUS_DEFAULT,DEFEND_ONE_FROM_MANY,209,6,,3394,0,1
8418,MUTANT_ANNOTATED_SINGLE_METHOD,ATTACK_DEFAULT,209,5,,,0,1
8419,MUTANT_ANNOTATED_SINGLE_METHOD,ATTACK_DEPENDENCIES,209,5,2639,,0,1
8420,TEST_FULL_SUITE_PLUS_DEFAULT,DEFEND_ONE_FROM_MANY,208,6,,3396,0,1
8421,TEST_FULL_SUITE_PLUS_DEFAULT,DEFEND_ONE_FROM_MANY,210,6,,3397,0,1
8422,MUTANT_ANNOTATED_SINGLE_METHOD,ATTACK_DEFAULT,207,5,,,0,1
8423,MUTANT_ANNOTATED_SINGLE_METHOD,ATTACK_DEPENDENCIES,207,5,2638,,0,1
8424,MUTANT_ANNOTATED_SINGLE_METHOD,ATTACK_DEFAULT,210,5,,,0,1
8425,MUTANT_ANNOTATED_SINGLE_METHOD,ATTACK_DEPENDENCIES,210,5,2640,,0,1
8426,MUTANT_ANNOTATED_SINGLE_METHOD,ATTACK_DEFAULT,208,5,,,0,1
8427,TEST_FULL_SUITE_PLUS_DEFAULT,DEFEND_DEFAULT,207,6,,3403,0,1
8428,MUTANT_ANNOTATED_SINGLE_METHOD,ATTACK_DEPENDENCIES,208,5,2641,,0,1
8429,TEST_FULL_SUITE_PLUS_DEFAULT,DEFEND_ONE_FROM_MANY,209,6,,3398,0,1
8430,TEST_FULL_SUITE_PLUS_DEFAULT,DEFEND_FOCUS,208,6,,3401,0,1
8431,MUTANT_ANNOTATED_SINGLE_METHOD,ATTACK_DEFAULT,207,5,,,0,1
8432,TEST_FULL_SUITE_PLUS_DEFAULT,DEFEND_ONE_FROM_MANY,209,6,,3402,0,1
8433,MUTANT_ANNOTATED_SINGLE_METHOD,ATTACK_DEPENDENCIES,207,5,2642,,0,1
8434,MUTANT_ANNOTATED_SINGLE_METHOD,ATTACK_DEFAULT,210,5,,,0,1
8435,MUTANT_ANNOTATED_SINGLE_METHOD,ATTACK_DEPENDENCIES,210,5,2643,,0,1
8436,TEST_FULL_SUITE_PLUS_DEFAULT,DEFEND_ONE_FROM_MANY,210,6,,3400,0,1
8437,MUTANT_ANNOTATED_SINGLE_METHOD,ATTACK_DEFAULT,209,5,,,0,1
8438,MUTANT_ANNOTATED_SINGLE_METHOD,ATTACK_DEPENDENCIES,209,5,2646,,0,1
8439,TEST_FULL_SUITE_PLUS_DEFAULT,DEFEND_FOCUS,208,6,,3410,0,1
8440,MUTANT_ANNOTATED_SINGLE_METHOD,ATTACK_DEFAULT,208,5,,,0,1
8441,MUTANT_ANNOTATED_SINGLE_METHOD,ATTACK_DEPENDENCIES,208,5,2644,,0,1
8442,MUTANT_ANNOTATED_SINGLE_METHOD,ATTACK_DEFAULT,207,5,,,0,1
8443,MUTANT_ANNOTATED_SINGLE_METHOD,ATTACK_DEPENDENCIES,207,5,2645,,0,1
8444,TEST_FULL_SUITE_PLUS_DEFAULT,DEFEND_ONE_FROM_MANY,209,6,,3406,0,1
8445,MUTANT_ANNOTATED_SINGLE_METHOD,ATTACK_EQUIVALENCE,210,5,,,0,1
8446,TEST_FULL_SUITE_PLUS_DEFAULT,DEFEND_ONE_FROM_MANY,210,6,,3404,0,1
8447,TEST_FULL_SUITE_PLUS_DEFAULT,DEFEND_DEFAULT,207,6,,3408,0,1
8448,MUTANT_ANNOTATED_SINGLE_METHOD,ATTACK_DEFAULT,210,5,,,0,1
8449,MUTANT_ANNOTATED_SINGLE_METHOD,ATTACK_DEPENDENCIES,210,5,2647,,0,1
8450,TEST_FULL_SUITE_PLUS_DEFAULT,DEFEND_ONE_FROM_MANY,209,6,,3415,0,1
8451,MUTANT_ANNOTATED_SINGLE_METHOD,ATTACK_DEFAULT,208,5,,,0,1
8452,MUTANT_ANNOTATED_SINGLE_METHOD,ATTACK_DEPENDENCIES,208,5,2650,,0,1
8453,MUTANT_ANNOTATED_SINGLE_METHOD,ATTACK_DEFAULT,207,5,,,0,1
8454,MUTANT_ANNOTATED_SINGLE_METHOD,ATTACK_DEPENDENCIES,207,5,2648,,0,1
8455,TEST_FULL_SUITE_PLUS_DEFAULT,DEFEND_DEFAULT,207,6,,3412,0,1
8456,TEST_FULL_SUITE_PLUS_DEFAULT,DEFEND_ONE_FROM_MANY,210,6,,3409,0,1
8457,TEST_FULL_SUITE_PLUS_DEFAULT,DEFEND_FOCUS,208,6,,3414,0,1
8458,TEST_FULL_SUITE_PLUS_DEFAULT,DEFEND_ONE_FROM_MANY,210,6,,3413,0,1
8459,MUTANT_ANNOTATED_SINGLE_METHOD,ATTACK_DEFAULT,209,5,,,0,1
8460,MUTANT_ANNOTATED_SINGLE_METHOD,ATTACK_DEPENDENCIES,209,5,2651,,0,1
8461,MUTANT_ANNOTATED_SINGLE_METHOD,ATTACK_EQUIVALENCE,208,5,,,0,1
8462,TEST_FULL_SUITE_PLUS_DEFAULT,DEFEND_DEFAULT,207,6,,3417,0,1
8463,MUTANT_ANNOTATED_SINGLE_METHOD,ATTACK_DEFAULT,210,5,,,0,1
8464,MUTANT_ANNOTATED_SINGLE_METHOD,ATTACK_DEPENDENCIES,210,5,2649,,0,1
8465,TEST_FULL_SUITE_PLUS_DEFAULT,DEFEND_FOCUS,210,6,,3422,0,1
8466,MUTANT_ANNOTATED_SINGLE_METHOD,ATTACK_DEFAULT,207,5,,,0,1
8467,TEST_FULL_SUITE_PLUS_DEFAULT,DEFEND_FOCUS,208,6,,3423,0,1
8468,MUTANT_ANNOTATED_SINGLE_METHOD,ATTACK_DEPENDENCIES,207,5,2652,,0,1
8469,TEST_FULL_SUITE_PLUS_DEFAULT,DEFEND_ONE_FROM_MANY,209,6,,,0,1
8470,TEST_FULL_SUITE_PLUS_DEFAULT,DEFEND_ONE_FROM_MANY,209,6,,3419,0,1
8471,MUTANT_ANNOTATED_SINGLE_METHOD,ATTACK_DEFAULT,208,5,,,0,1
8472,TEST_FULL_SUITE_PLUS_DEFAULT,DEFEND_DEFAULT,207,6,,3421,0,1
8473,MUTANT_ANNOTATED_SINGLE_METHOD,ATTACK_DEPENDENCIES,208,5,2653,,0,1
8474,MUTANT_ANNOTATED_SINGLE_METHOD,ATTACK_DEFAULT,210,5,,,0,1
8475,MUTANT_ANNOTATED_SINGLE_METHOD,ATTACK_DEPENDENCIES,210,5,2654,,0,1
8476,MUTANT_ANNOTATED_SINGLE_METHOD,ATTACK_DEFAULT,209,5,,,0,1
8477,MUTANT_ANNOTATED_SINGLE_METHOD,ATTACK_DEPENDENCIES,209,5,2656,,0,1
8478,TEST_FULL_SUITE_PLUS_DEFAULT,DEFEND_FOCUS,209,6,,,0,0
8479,MUTANT_ANNOTATED_SINGLE_METHOD,ATTACK_DEFAULT,207,5,,,0,1
8480,MUTANT_ANNOTATED_SINGLE_METHOD,ATTACK_DEPENDENCIES,207,5,2655,,0,1
8481,TEST_FULL_SUITE_PLUS_DEFAULT,DEFEND_DEFAULT,207,6,,3425,0,1
8482,MUTANT_ANNOTATED_SINGLE_METHOD,ATTACK_DEFAULT,208,5,,,0,1
8483,MUTANT_ANNOTATED_SINGLE_METHOD,ATTACK_DEPENDENCIES,208,5,2659,,0,1
8484,TEST_FULL_SUITE_PLUS_DEFAULT,DEFEND_FOCUS,210,6,,3429,0,1
8485,TEST_FULL_SUITE_PLUS_DEFAULT,DEFEND_FOCUS,208,6,,3430,0,1
8486,MUTANT_ANNOTATED_SINGLE_METHOD,ATTACK_EQUIVALENCE,208,5,,,0,1
8487,MUTANT_ANNOTATED_SINGLE_METHOD,ATTACK_DEFAULT,210,5,,,0,1
8488,MUTANT_ANNOTATED_SINGLE_METHOD,ATTACK_DEPENDENCIES,210,5,2657,,0,1
8489,MUTANT_ANNOTATED_SINGLE_METHOD,ATTACK_DEFAULT,207,5,,,0,1
8490,MUTANT_ANNOTATED_SINGLE_METHOD,ATTACK_DEPENDENCIES,207,5,2658,,0,1
8491,MUTANT_ANNOTATED_SINGLE_METHOD,ATTACK_DEFAULT,209,5,,,0,1
8492,MUTANT_ANNOTATED_SINGLE_METHOD,ATTACK_DEPENDENCIES,209,5,2660,,0,1
8493,MUTANT_ANNOTATED_SINGLE_METHOD,ATTACK_DEFAULT,210,5,,,0,1
8494,MUTANT_ANNOTATED_SINGLE_METHOD,ATTACK_DEPENDENCIES,210,5,2661,,0,1
8495,MUTANT_ANNOTATED_SINGLE_METHOD,ATTACK_DEFAULT,207,5,,,0,1
8496,MUTANT_ANNOTATED_SINGLE_METHOD,ATTACK_DEPENDENCIES,207,5,2662,,0,1
8497,MUTANT_ANNOTATED_SINGLE_METHOD,ATTACK_DEFAULT,208,5,,,0,1
8498,MUTANT_ANNOTATED_SINGLE_METHOD,ATTACK_DEPENDENCIES,208,5,2667,,0,1
8499,MUTANT_ANNOTATED_SINGLE_METHOD,ATTACK_DEFAULT,209,5,,,0,1
8500,MUTANT_ANNOTATED_SINGLE_METHOD,ATTACK_DEPENDENCIES,209,5,2663,,0,1
8501,TEST_FULL_SUITE_PLUS_DEFAULT,DEFEND_FOCUS,210,6,,3443,0,1
8502,TEST_FULL_SUITE_PLUS_DEFAULT,DEFEND_DEFAULT,208,6,,3432,0,1
8503,MUTANT_ANNOTATED_SINGLE_METHOD,ATTACK_DEFAULT,210,5,,,0,1
8504,MUTANT_ANNOTATED_SINGLE_METHOD,ATTACK_DEPENDENCIES,210,5,2664,,0,1
8505,MUTANT_ANNOTATED_SINGLE_METHOD,ATTACK_DEFAULT,207,5,,,0,1
8506,MUTANT_ANNOTATED_SINGLE_METHOD,ATTACK_DEPENDENCIES,207,5,2665,,0,1
8507,MUTANT_ANNOTATED_SINGLE_METHOD,ATTACK_EQUIVALENCE,208,5,,,0,1
8508,TEST_FULL_SUITE_PLUS_DEFAULT,DEFEND_FOCUS,207,6,,3435,0,1
8509,MUTANT_ANNOTATED_SINGLE_METHOD,ATTACK_DEFAULT,209,5,,,0,1
8510,MUTANT_ANNOTATED_SINGLE_METHOD,ATTACK_DEPENDENCIES,209,5,2666,,0,1
8511,TEST_FULL_SUITE_PLUS_DEFAULT,DEFEND_DEFAULT,208,6,,3437,0,1
8512,TEST_FULL_SUITE_PLUS_DEFAULT,DEFEND_FOCUS,209,6,,3448,0,1
8513,MUTANT_ANNOTATED_SINGLE_METHOD,ATTACK_DEFAULT,210,5,,,0,1
8514,MUTANT_ANNOTATED_SINGLE_METHOD,ATTACK_DEPENDENCIES,210,5,2669,,0,1
8515,MUTANT_ANNOTATED_SINGLE_METHOD,ATTACK_EQUIVALENCE,208,5,,,0,1
8516,TEST_FULL_SUITE_PLUS_DEFAULT,DEFEND_FOCUS,207,6,,3439,0,1
8517,MUTANT_ANNOTATED_SINGLE_METHOD,ATTACK_DEFAULT,207,5,,,0,1
8518,MUTANT_ANNOTATED_SINGLE_METHOD,ATTACK_DEPENDENCIES,207,5,2668,,0,1
8519,MUTANT_ANNOTATED_SINGLE_METHOD,ATTACK_DEFAULT,208,5,,,0,1
8520,MUTANT_ANNOTATED_SINGLE_METHOD,ATTACK_DEFAULT,209,5,,,0,1
8521,MUTANT_ANNOTATED_SINGLE_METHOD,ATTACK_DEPENDENCIES,209,5,2671,,0,1
8522,MUTANT_ANNOTATED_SINGLE_METHOD,ATTACK_DEPENDENCIES,208,5,2670,,0,1
8523,TEST_FULL_SUITE_PLUS_DEFAULT,DEFEND_DEFAULT,208,6,,3441,0,1
8524,TEST_FULL_SUITE_PLUS_DEFAULT,DEFEND_FOCUS,207,6,,3442,0,1
8525,MUTANT_ANNOTATED_SINGLE_METHOD,ATTACK_DEFAULT,207,5,,,0,1
8526,MUTANT_ANNOTATED_SINGLE_METHOD,ATTACK_DEPENDENCIES,207,5,2672,,0,1
8527,MUTANT_ANNOTATED_SINGLE_METHOD,ATTACK_DEFAULT,210,5,,,0,1
8528,MUTANT_ANNOTATED_SINGLE_METHOD,ATTACK_DEPENDENCIES,210,5,2674,,0,1
8529,MUTANT_ANNOTATED_SINGLE_METHOD,ATTACK_DEFAULT,208,5,,,0,1
8530,MUTANT_ANNOTATED_SINGLE_METHOD,ATTACK_DEPENDENCIES,208,5,2675,,0,1
8531,TEST_FULL_SUITE_PLUS_DEFAULT,DEFEND_DEFAULT,208,6,,3444,0,1
8532,MUTANT_ANNOTATED_SINGLE_METHOD,ATTACK_DEFAULT,209,5,,,0,1
8533,MUTANT_ANNOTATED_SINGLE_METHOD,ATTACK_DEPENDENCIES,209,5,2673,,0,1
8534,TEST_FULL_SUITE_PLUS_DEFAULT,DEFEND_FOCUS,207,6,,3446,0,1
8535,TEST_FULL_SUITE_PLUS_DEFAULT,DEFEND_FOCUS,210,6,,3450,0,1
8536,TEST_FULL_SUITE_PLUS_DEFAULT,DEFEND_DEFAULT,208,6,,3453,0,1
8537,MUTANT_ANNOTATED_SINGLE_METHOD,ATTACK_DEFAULT,207,5,,,0,1
8538,MUTANT_ANNOTATED_SINGLE_METHOD,ATTACK_DEPENDENCIES,207,5,2676,,0,1
8539,MUTANT_ANNOTATED_SINGLE_METHOD,ATTACK_DEFAULT,209,5,,,0,1
8540,MUTANT_ANNOTATED_SINGLE_METHOD,ATTACK_DEPENDENCIES,209,5,2679,,0,1
8541,TEST_FULL_SUITE_PLUS_DEFAULT,DEFEND_FOCUS,207,6,,3449,0,1
8542,MUTANT_ANNOTATED_SINGLE_METHOD,ATTACK_DEFAULT,210,5,,,0,1
8543,MUTANT_ANNOTATED_SINGLE_METHOD,ATTACK_DEPENDENCIES,210,5,2678,,0,1
8544,MUTANT_ANNOTATED_SINGLE_METHOD,ATTACK_DEFAULT,208,5,,,0,1
8545,MUTANT_ANNOTATED_SINGLE_METHOD,ATTACK_DEPENDENCIES,208,5,2677,,0,1
8546,TEST_FULL_SUITE_PLUS_DEFAULT,DEFEND_FOCUS,209,6,,,0,0
8547,MUTANT_ANNOTATED_SINGLE_METHOD,ATTACK_DEFAULT,207,5,,,0,1
8548,MUTANT_ANNOTATED_SINGLE_METHOD,ATTACK_DEPENDENCIES,207,5,,,1,0
8549,TEST_FULL_SUITE_PLUS_DEFAULT,DEFEND_FOCUS,207,6,,3451,0,1
8550,MUTANT_ANNOTATED_SINGLE_METHOD,ATTACK_DEFAULT,208,5,,,0,1
8551,MUTANT_ANNOTATED_SINGLE_METHOD,ATTACK_DEPENDENCIES,208,5,,,0,0
8552,TEST_FULL_SUITE_PLUS_DEFAULT,DEFEND_FOCUS,210,6,,3456,0,1
8553,MUTANT_ANNOTATED_SINGLE_METHOD,ATTACK_DEFAULT,210,5,,,0,1
8554,MUTANT_ANNOTATED_SINGLE_METHOD,ATTACK_DEPENDENCIES,210,5,2680,,0,1
8555,MUTANT_ANNOTATED_SINGLE_METHOD,ATTACK_DEFAULT,209,5,,,0,1
8556,MUTANT_ANNOTATED_SINGLE_METHOD,ATTACK_DEPENDENCIES,209,5,2682,,0,1
8557,TEST_FULL_SUITE_PLUS_DEFAULT,DEFEND_DEFAULT,208,6,,3458,0,1
8558,MUTANT_ANNOTATED_SINGLE_METHOD,ATTACK_DEFAULT,210,5,,,0,1
8559,MUTANT_ANNOTATED_SINGLE_METHOD,ATTACK_DEPENDENCIES,210,5,2683,,0,1
8560,MUTANT_ANNOTATED_SINGLE_METHOD,ATTACK_DEFAULT,209,5,,,0,1
8561,MUTANT_ANNOTATED_SINGLE_METHOD,ATTACK_DEPENDENCIES,209,5,2684,,0,1
8562,MUTANT_ANNOTATED_SINGLE_METHOD,ATTACK_DEPENDENCIES,208,5,,,0,0
8563,TEST_FULL_SUITE_PLUS_DEFAULT,DEFEND_FOCUS,210,6,,3460,0,1
8564,TEST_FULL_SUITE_PLUS_DEFAULT,DEFEND_FOCUS,209,6,,,0,0
8565,MUTANT_ANNOTATED_SINGLE_METHOD,ATTACK_DEFAULT,210,5,,,0,1
8566,MUTANT_ANNOTATED_SINGLE_METHOD,ATTACK_DEPENDENCIES,210,5,2687,,0,1
8567,MUTANT_ANNOTATED_SINGLE_METHOD,ATTACK_DEFAULT,209,5,,,0,1
8568,MUTANT_ANNOTATED_SINGLE_METHOD,ATTACK_DEPENDENCIES,209,5,2686,,0,1
8569,TEST_FULL_SUITE_PLUS_DEFAULT,DEFEND_DEFAULT,210,6,,3459,0,1
8570,TEST_FULL_SUITE_PLUS_DEFAULT,DEFEND_DEFAULT,208,6,,,0,0
8571,MUTANT_ANNOTATED_SINGLE_METHOD,ATTACK_DEPENDENCIES,208,5,2688,,0,1
8572,MUTANT_ANNOTATED_SINGLE_METHOD,ATTACK_DEFAULT,209,5,,,0,1
8573,MUTANT_ANNOTATED_SINGLE_METHOD,ATTACK_DEPENDENCIES,209,5,2689,,0,1
8574,MUTANT_ANNOTATED_SINGLE_METHOD,ATTACK_DEFAULT,210,5,,,0,1
8575,MUTANT_ANNOTATED_SINGLE_METHOD,ATTACK_DEPENDENCIES,210,5,2690,,0,1
8576,TEST_FULL_SUITE_PLUS_DEFAULT,DEFEND_DEFAULT,210,6,,3462,0,1
8577,TEST_FULL_SUITE_PLUS_DEFAULT,DEFEND_FOCUS,208,6,,3463,0,1
8578,MUTANT_ANNOTATED_SINGLE_METHOD,ATTACK_DEFAULT,208,5,,,0,1
8579,MUTANT_ANNOTATED_SINGLE_METHOD,ATTACK_DEFAULT,209,5,,,0,1
8580,MUTANT_ANNOTATED_SINGLE_METHOD,ATTACK_DEPENDENCIES,209,5,2691,,0,1
8581,MUTANT_ANNOTATED_SINGLE_METHOD,ATTACK_DEPENDENCIES,208,5,2693,,0,1
8582,MUTANT_ANNOTATED_SINGLE_METHOD,ATTACK_DEFAULT,210,5,,,0,1
8583,MUTANT_ANNOTATED_SINGLE_METHOD,ATTACK_DEPENDENCIES,210,5,2692,,0,1
8584,TEST_FULL_SUITE_PLUS_DEFAULT,DEFEND_FOCUS,209,6,,,0,0
8585,MUTANT_ANNOTATED_SINGLE_METHOD,ATTACK_DEFAULT,209,5,,,0,1
8586,MUTANT_ANNOTATED_SINGLE_METHOD,ATTACK_DEPENDENCIES,209,5,2694,,0,1
8587,TEST_FULL_SUITE_PLUS_DEFAULT,DEFEND_DEFAULT,210,6,,3464,0,1
8588,MUTANT_ANNOTATED_SINGLE_METHOD,ATTACK_DEFAULT,210,5,,,0,1
8589,MUTANT_ANNOTATED_SINGLE_METHOD,ATTACK_DEPENDENCIES,210,5,2695,,0,1
8590,MUTANT_ANNOTATED_SINGLE_METHOD,ATTACK_DEFAULT,208,5,,,0,1
8591,MUTANT_ANNOTATED_SINGLE_METHOD,ATTACK_DEPENDENCIES,208,5,,,0,0
8592,MUTANT_ANNOTATED_SINGLE_METHOD,ATTACK_DEFAULT,209,5,,,0,1
8593,MUTANT_ANNOTATED_SINGLE_METHOD,ATTACK_DEPENDENCIES,209,5,2696,,0,1
8594,MUTANT_ANNOTATED_SINGLE_METHOD,ATTACK_DEFAULT,210,5,,,0,1
8595,MUTANT_ANNOTATED_SINGLE_METHOD,ATTACK_DEPENDENCIES,210,5,2697,,0,1
8596,TEST_FULL_SUITE_PLUS_DEFAULT,DEFEND_DEFAULT,210,6,,3465,0,1
8597,TEST_FULL_SUITE_PLUS_DEFAULT,DEFEND_DEFAULT,208,6,,3470,0,1
8598,MUTANT_ANNOTATED_SINGLE_METHOD,ATTACK_DEFAULT,209,5,,,0,1
8599,MUTANT_ANNOTATED_SINGLE_METHOD,ATTACK_DEPENDENCIES,209,5,2698,,0,1
8600,MUTANT_ANNOTATED_SINGLE_METHOD,ATTACK_DEFAULT,210,5,,,0,1
8601,MUTANT_ANNOTATED_SINGLE_METHOD,ATTACK_DEPENDENCIES,210,5,2699,,0,1
8602,MUTANT_ANNOTATED_SINGLE_METHOD,ATTACK_DEPENDENCIES,208,5,2700,,0,1
8603,TEST_FULL_SUITE_PLUS_DEFAULT,DEFEND_FOCUS,210,6,,3469,0,1
8604,TEST_FULL_SUITE_PLUS_DEFAULT,DEFEND_FOCUS,209,6,,3474,0,1
8605,MUTANT_ANNOTATED_SINGLE_METHOD,ATTACK_DEFAULT,209,5,,,0,1
8606,MUTANT_ANNOTATED_SINGLE_METHOD,ATTACK_DEPENDENCIES,209,5,2701,,0,1
8607,MUTANT_ANNOTATED_SINGLE_METHOD,ATTACK_DEFAULT,210,5,,,0,1
8608,MUTANT_ANNOTATED_SINGLE_METHOD,ATTACK_DEPENDENCIES,210,5,2704,,0,1
8609,MUTANT_ANNOTATED_SINGLE_METHOD,ATTACK_DEFAULT,208,5,,,0,1
8610,MUTANT_ANNOTATED_SINGLE_METHOD,ATTACK_DEPENDENCIES,208,5,2705,,0,1
8611,MUTANT_ANNOTATED_SINGLE_METHOD,ATTACK_DEFAULT,209,5,,,0,1
8612,MUTANT_ANNOTATED_SINGLE_METHOD,ATTACK_DEPENDENCIES,209,5,2703,,0,1
8613,TEST_FULL_SUITE_PLUS_DEFAULT,DEFEND_FOCUS,210,6,,3473,0,1
8614,TEST_FULL_SUITE_PLUS_DEFAULT,DEFEND_DEFAULT,208,6,,3472,0,1
8615,MUTANT_ANNOTATED_SINGLE_METHOD,ATTACK_DEFAULT,209,5,,,0,1
8616,MUTANT_ANNOTATED_SINGLE_METHOD,ATTACK_DEPENDENCIES,209,5,2706,,0,1
8617,MUTANT_ANNOTATED_SINGLE_METHOD,ATTACK_DEFAULT,210,5,,,0,1
8618,MUTANT_ANNOTATED_SINGLE_METHOD,ATTACK_DEPENDENCIES,210,5,2709,,0,1
8619,MUTANT_ANNOTATED_SINGLE_METHOD,ATTACK_DEFAULT,208,5,,,0,1
8620,MUTANT_ANNOTATED_SINGLE_METHOD,ATTACK_DEPENDENCIES,208,5,2707,,0,1
8621,TEST_FULL_SUITE_PLUS_DEFAULT,DEFEND_DEFAULT,208,6,,,0,0
8622,MUTANT_ANNOTATED_SINGLE_METHOD,ATTACK_DEFAULT,209,5,,,0,1
8623,MUTANT_ANNOTATED_SINGLE_METHOD,ATTACK_DEPENDENCIES,209,5,2708,,0,1
8624,MUTANT_ANNOTATED_SINGLE_METHOD,ATTACK_DEFAULT,208,5,,,0,1
8625,MUTANT_ANNOTATED_SINGLE_METHOD,ATTACK_DEPENDENCIES,208,5,2710,,0,1
8626,TEST_FULL_SUITE_PLUS_DEFAULT,DEFEND_DEFAULT,210,6,,3475,0,1
8627,TEST_FULL_SUITE_PLUS_DEFAULT,DEFEND_DEFAULT,209,6,,3476,0,1
8628,MUTANT_ANNOTATED_SINGLE_METHOD,ATTACK_EQUIVALENCE,209,5,,,0,1
8629,MUTANT_ANNOTATED_SINGLE_METHOD,ATTACK_DEFAULT,210,5,,,0,1
8630,MUTANT_ANNOTATED_SINGLE_METHOD,ATTACK_DEPENDENCIES,210,5,2711,,0,1
8631,TEST_FULL_SUITE_PLUS_DEFAULT,DEFEND_DEFAULT,210,6,,3481,0,1
8632,TEST_FULL_SUITE_PLUS_DEFAULT,DEFEND_DEFAULT,209,6,,3479,0,1
8633,MUTANT_ANNOTATED_SINGLE_METHOD,ATTACK_EQUIVALENCE,209,5,,,0,1
8634,MUTANT_ANNOTATED_SINGLE_METHOD,ATTACK_DEFAULT,208,5,,,0,1
8635,MUTANT_ANNOTATED_SINGLE_METHOD,ATTACK_DEPENDENCIES,208,5,,,0,0
8636,MUTANT_ANNOTATED_SINGLE_METHOD,ATTACK_EQUIVALENCE,209,5,,,0,1
8637,TEST_FULL_SUITE_PLUS_DEFAULT,DEFEND_DEFAULT,209,6,,3483,0,1
8638,MUTANT_ANNOTATED_SINGLE_METHOD,ATTACK_DEFAULT,210,5,,,0,1
8639,MUTANT_ANNOTATED_SINGLE_METHOD,ATTACK_DEPENDENCIES,210,5,2712,,0,1
8640,TEST_FULL_SUITE_PLUS_DEFAULT,DEFEND_DEFAULT,208,6,,3488,0,1
8641,TEST_FULL_SUITE_PLUS_DEFAULT,DEFEND_DEFAULT,210,6,,3489,0,1
8642,MUTANT_ANNOTATED_SINGLE_METHOD,ATTACK_EQUIVALENCE,209,5,,,0,1
8643,TEST_FULL_SUITE_PLUS_DEFAULT,DEFEND_DEFAULT,209,6,,3486,0,1
8644,MUTANT_ANNOTATED_SINGLE_METHOD,ATTACK_DEFAULT,210,5,,,0,1
8645,TEST_FULL_SUITE_PLUS_DEFAULT,DEFEND_DEFAULT,209,6,,3491,0,1
8646,MUTANT_ANNOTATED_SINGLE_METHOD,ATTACK_DEPENDENCIES,208,5,2714,,0,1
8647,MUTANT_ANNOTATED_SINGLE_METHOD,ATTACK_DEPENDENCIES,210,5,2713,,0,1
8648,MUTANT_ANNOTATED_SINGLE_METHOD,ATTACK_EQUIVALENCE,209,5,,,0,1
8649,TEST_FULL_SUITE_PLUS_DEFAULT,DEFEND_DEFAULT,208,6,,3497,0,1
8650,TEST_FULL_SUITE_PLUS_DEFAULT,DEFEND_FOCUS,210,6,,3498,0,1
8651,MUTANT_ANNOTATED_SINGLE_METHOD,ATTACK_EQUIVALENCE,209,5,,,0,1
8652,TEST_FULL_SUITE_PLUS_DEFAULT,DEFEND_DEFAULT,209,6,,3495,0,1
8653,MUTANT_ANNOTATED_SINGLE_METHOD,ATTACK_DEFAULT,210,5,,,0,1
8654,MUTANT_ANNOTATED_SINGLE_METHOD,ATTACK_DEPENDENCIES,210,5,2715,,0,1
8655,MUTANT_ANNOTATED_SINGLE_METHOD,ATTACK_DEFAULT,208,5,,,0,1
8656,MUTANT_ANNOTATED_SINGLE_METHOD,ATTACK_DEPENDENCIES,208,5,2716,,0,1
8657,MUTANT_ANNOTATED_SINGLE_METHOD,ATTACK_EQUIVALENCE,209,5,,,0,1
8658,TEST_FULL_SUITE_PLUS_DEFAULT,DEFEND_DEFAULT,209,6,,3499,0,1
8659,MUTANT_ANNOTATED_SINGLE_METHOD,ATTACK_EQUIVALENCE,209,5,,,0,1
8660,MUTANT_ANNOTATED_SINGLE_METHOD,ATTACK_DEFAULT,210,5,,,0,1
8661,TEST_FULL_SUITE_PLUS_DEFAULT,DEFEND_DEFAULT,208,6,,,1,0
8662,MUTANT_ANNOTATED_SINGLE_METHOD,ATTACK_DEPENDENCIES,210,5,2717,,0,1
8663,TEST_FULL_SUITE_PLUS_DEFAULT,DEFEND_DEFAULT,210,6,,3502,0,1
8664,MUTANT_ANNOTATED_SINGLE_METHOD,ATTACK_DEFAULT,208,5,,,0,1
8665,MUTANT_ANNOTATED_SINGLE_METHOD,ATTACK_DEPENDENCIES,208,5,,,1,0
8666,MUTANT_ANNOTATED_SINGLE_METHOD,ATTACK_EQUIVALENCE,209,5,,,0,1
8667,TEST_FULL_SUITE_PLUS_DEFAULT,DEFEND_DEFAULT,209,6,,,1,0
8668,MUTANT_ANNOTATED_SINGLE_METHOD,ATTACK_DEFAULT,210,5,,,0,1
8669,MUTANT_ANNOTATED_SINGLE_METHOD,ATTACK_DEPENDENCIES,210,5,2718,,0,1
8670,MUTANT_ANNOTATED_SINGLE_METHOD,ATTACK_DEFAULT,209,5,,,0,1
8671,MUTANT_ANNOTATED_SINGLE_METHOD,ATTACK_DEPENDENCIES,209,5,2719,,0,1
8672,TEST_FULL_SUITE_PLUS_DEFAULT,DEFEND_DEFAULT,210,6,,3508,0,1
8673,MUTANT_ANNOTATED_SINGLE_METHOD,ATTACK_DEFAULT,210,5,,,0,1
8674,MUTANT_ANNOTATED_SINGLE_METHOD,ATTACK_DEPENDENCIES,210,5,2722,,0,1
8675,MUTANT_ANNOTATED_SINGLE_METHOD,ATTACK_DEFAULT,211,5,,,0,1
8676,TEST_FULL_SUITE_PLUS_DEFAULT,DEFEND_DEFAULT,211,6,,,0,1
8677,MUTANT_ANNOTATED_SINGLE_METHOD,ATTACK_DEPENDENCIES,211,5,2720,,0,1
8678,MUTANT_ANNOTATED_SINGLE_METHOD,ATTACK_EQUIVALENCE,210,5,,,0,1
8679,MUTANT_ANNOTATED_SINGLE_METHOD,ATTACK_DEFAULT,212,5,,,0,1
8680,TEST_FULL_SUITE_PLUS_DEFAULT,DEFEND_DEFAULT,212,6,,,0,1
8681,TEST_FULL_SUITE_PLUS_DEFAULT,DEFEND_ONE_FROM_MANY,211,6,,,0,1
8682,MUTANT_ANNOTATED_SINGLE_METHOD,ATTACK_DEPENDENCIES,212,5,2721,,0,1
8683,TEST_FULL_SUITE_PLUS_DEFAULT,DEFEND_ONE_FROM_MANY,211,6,,3510,0,1
8684,TEST_FULL_SUITE_PLUS_DEFAULT,DEFEND_DEFAULT,210,6,,3516,0,1
8685,MUTANT_ANNOTATED_SINGLE_METHOD,ATTACK_DEFAULT,211,5,,,0,1
8686,MUTANT_ANNOTATED_SINGLE_METHOD,ATTACK_DEPENDENCIES,211,5,2723,,0,1
8687,TEST_FULL_SUITE_PLUS_DEFAULT,DEFEND_ONE_FROM_MANY,212,6,,,0,1
8688,TEST_FULL_SUITE_PLUS_DEFAULT,DEFEND_ONE_FROM_MANY,211,6,,3512,0,1
8689,TEST_FULL_SUITE_PLUS_DEFAULT,DEFEND_ONE_FROM_MANY,212,6,,3513,0,1
8690,MUTANT_ANNOTATED_SINGLE_METHOD,ATTACK_DEFAULT,212,5,,,0,1
8691,MUTANT_ANNOTATED_SINGLE_METHOD,ATTACK_DEPENDENCIES,212,5,2724,,0,1
8692,MUTANT_ANNOTATED_SINGLE_METHOD,ATTACK_DEFAULT,210,5,,,0,1
8693,TEST_FULL_SUITE_PLUS_DEFAULT,DEFEND_ONE_FROM_MANY,212,6,,3514,0,1
8694,MUTANT_ANNOTATED_SINGLE_METHOD,ATTACK_DEPENDENCIES,210,5,,,1,0
8695,MUTANT_ANNOTATED_SINGLE_METHOD,ATTACK_DEFAULT,211,5,,,0,1
8696,MUTANT_ANNOTATED_SINGLE_METHOD,ATTACK_DEPENDENCIES,211,5,2725,,0,1
8697,TEST_FULL_SUITE_PLUS_DEFAULT,DEFEND_ONE_FROM_MANY,211,6,,3515,0,1
8698,MUTANT_ANNOTATED_SINGLE_METHOD,ATTACK_EQUIVALENCE,210,5,,,0,1
8699,TEST_FULL_SUITE_PLUS_DEFAULT,DEFEND_ONE_FROM_MANY,212,6,,3518,0,1
8700,MUTANT_ANNOTATED_SINGLE_METHOD,ATTACK_DEFAULT,213,5,,,0,1
8701,TEST_FULL_SUITE_PLUS_DEFAULT,DEFEND_DEFAULT,213,6,,,0,1
8702,MUTANT_ANNOTATED_SINGLE_METHOD,ATTACK_DEPENDENCIES,213,5,2726,,0,1
8703,TEST_FULL_SUITE_PLUS_DEFAULT,DEFEND_ONE_FROM_MANY,211,6,,3519,0,1
8704,MUTANT_ANNOTATED_SINGLE_METHOD,ATTACK_DEFAULT,212,5,,,0,1
8705,MUTANT_ANNOTATED_SINGLE_METHOD,ATTACK_DEPENDENCIES,212,5,2728,,0,1
8706,MUTANT_ANNOTATED_SINGLE_METHOD,ATTACK_DEFAULT,211,5,,,0,1
8707,MUTANT_ANNOTATED_SINGLE_METHOD,ATTACK_DEPENDENCIES,211,5,2727,,0,1
8708,TEST_FULL_SUITE_PLUS_DEFAULT,DEFEND_ONE_FROM_MANY,213,6,,,0,1
8709,TEST_FULL_SUITE_PLUS_DEFAULT,DEFEND_ONE_FROM_MANY,213,6,,3520,0,1
8710,TEST_FULL_SUITE_PLUS_DEFAULT,DEFEND_ONE_FROM_MANY,212,6,,3521,0,1
8711,MUTANT_ANNOTATED_SINGLE_METHOD,ATTACK_DEFAULT,213,5,,,0,1
8712,MUTANT_ANNOTATED_SINGLE_METHOD,ATTACK_DEPENDENCIES,213,5,2729,,0,1
8713,TEST_FULL_SUITE_PLUS_DEFAULT,DEFEND_ONE_FROM_MANY,211,6,,3522,0,1
8714,TEST_FULL_SUITE_PLUS_DEFAULT,DEFEND_ONE_FROM_MANY,213,6,,3523,0,1
8715,TEST_FULL_SUITE_PLUS_DEFAULT,DEFEND_ONE_FROM_MANY,212,6,,3524,0,1
8716,MUTANT_ANNOTATED_SINGLE_METHOD,ATTACK_DEFAULT,211,5,,,0,1
8717,MUTANT_ANNOTATED_SINGLE_METHOD,ATTACK_DEFAULT,213,5,,,0,1
8718,MUTANT_ANNOTATED_SINGLE_METHOD,ATTACK_DEPENDENCIES,211,5,2732,,0,1
8719,MUTANT_ANNOTATED_SINGLE_METHOD,ATTACK_DEPENDENCIES,213,5,2730,,0,1
8720,TEST_FULL_SUITE_PLUS_DEFAULT,DEFEND_ONE_FROM_MANY,213,6,,3526,0,1
8721,MUTANT_ANNOTATED_SINGLE_METHOD,ATTACK_DEFAULT,212,5,,,0,1
8722,TEST_FULL_SUITE_PLUS_DEFAULT,DEFEND_ONE_FROM_MANY,211,6,,3525,0,1
8723,MUTANT_ANNOTATED_SINGLE_METHOD,ATTACK_DEPENDENCIES,212,5,2731,,0,1
8724,TEST_FULL_SUITE_PLUS_DEFAULT,DEFEND_ONE_FROM_MANY,212,6,,3527,0,1
8725,MUTANT_ANNOTATED_SINGLE_METHOD,ATTACK_DEFAULT,213,5,,,0,1
8726,MUTANT_ANNOTATED_SINGLE_METHOD,ATTACK_DEPENDENCIES,213,5,2733,,0,1
8727,TEST_FULL_SUITE_PLUS_DEFAULT,DEFEND_ONE_FROM_MANY,211,6,,3528,0,1
8728,TEST_FULL_SUITE_PLUS_DEFAULT,DEFEND_ONE_FROM_MANY,213,6,,3529,0,1
8729,MUTANT_ANNOTATED_SINGLE_METHOD,ATTACK_DEFAULT,212,5,,,0,1
8730,MUTANT_ANNOTATED_SINGLE_METHOD,ATTACK_DEPENDENCIES,212,5,2735,,0,1
8731,TEST_FULL_SUITE_PLUS_DEFAULT,DEFEND_ONE_FROM_MANY,212,6,,3530,0,1
8732,MUTANT_ANNOTATED_SINGLE_METHOD,ATTACK_DEFAULT,211,5,,,0,1
8733,MUTANT_ANNOTATED_SINGLE_METHOD,ATTACK_DEPENDENCIES,211,5,2734,,0,1
8734,TEST_FULL_SUITE_PLUS_DEFAULT,DEFEND_ONE_FROM_MANY,213,6,,3532,0,1
8735,TEST_FULL_SUITE_PLUS_DEFAULT,DEFEND_ONE_FROM_MANY,211,6,,3531,0,1
8736,MUTANT_ANNOTATED_SINGLE_METHOD,ATTACK_DEFAULT,213,5,,,0,1
8737,MUTANT_ANNOTATED_SINGLE_METHOD,ATTACK_DEPENDENCIES,213,5,2736,,0,1
8738,TEST_FULL_SUITE_PLUS_DEFAULT,DEFEND_ONE_FROM_MANY,212,6,,3533,0,1
8739,MUTANT_ANNOTATED_SINGLE_METHOD,ATTACK_DEFAULT,211,5,,,0,1
8740,MUTANT_ANNOTATED_SINGLE_METHOD,ATTACK_DEPENDENCIES,211,5,2739,,0,1
8741,TEST_FULL_SUITE_PLUS_DEFAULT,DEFEND_ONE_FROM_MANY,211,6,,3534,0,1
8742,TEST_FULL_SUITE_PLUS_DEFAULT,DEFEND_ONE_FROM_MANY,213,6,,3535,0,1
8743,MUTANT_ANNOTATED_SINGLE_METHOD,ATTACK_DEFAULT,212,5,,,0,1
8744,MUTANT_ANNOTATED_SINGLE_METHOD,ATTACK_DEPENDENCIES,212,5,2738,,0,1
8745,MUTANT_ANNOTATED_SINGLE_METHOD,ATTACK_DEFAULT,213,5,,,0,1
8746,MUTANT_ANNOTATED_SINGLE_METHOD,ATTACK_DEPENDENCIES,213,5,2737,,0,1
8747,TEST_FULL_SUITE_PLUS_DEFAULT,DEFEND_ONE_FROM_MANY,212,6,,3536,0,1
8748,TEST_FULL_SUITE_PLUS_DEFAULT,DEFEND_ONE_FROM_MANY,213,6,,3538,0,1
8749,TEST_FULL_SUITE_PLUS_DEFAULT,DEFEND_ONE_FROM_MANY,211,6,,3537,0,1
8750,MUTANT_ANNOTATED_SINGLE_METHOD,ATTACK_DEFAULT,213,5,,,0,1
8751,MUTANT_ANNOTATED_SINGLE_METHOD,ATTACK_DEPENDENCIES,213,5,2741,,0,1
8752,MUTANT_ANNOTATED_SINGLE_METHOD,ATTACK_DEFAULT,212,5,,,0,1
8753,MUTANT_ANNOTATED_SINGLE_METHOD,ATTACK_DEPENDENCIES,212,5,2740,,0,1
8754,TEST_FULL_SUITE_PLUS_DEFAULT,DEFEND_ONE_FROM_MANY,212,6,,3539,0,1
8755,MUTANT_ANNOTATED_SINGLE_METHOD,ATTACK_DEFAULT,211,5,,,0,1
8756,MUTANT_ANNOTATED_SINGLE_METHOD,ATTACK_DEPENDENCIES,211,5,2742,,0,1
8757,TEST_FULL_SUITE_PLUS_DEFAULT,DEFEND_ONE_FROM_MANY,211,6,,3540,0,1
8758,TEST_FULL_SUITE_PLUS_DEFAULT,DEFEND_ONE_FROM_MANY,213,6,,3541,0,1
8759,MUTANT_ANNOTATED_SINGLE_METHOD,ATTACK_DEFAULT,213,5,,,0,1
8760,MUTANT_ANNOTATED_SINGLE_METHOD,ATTACK_DEPENDENCIES,213,5,2743,,0,1
8761,MUTANT_ANNOTATED_SINGLE_METHOD,ATTACK_DEFAULT,212,5,,,0,1
8762,MUTANT_ANNOTATED_SINGLE_METHOD,ATTACK_DEPENDENCIES,212,5,2745,,0,1
8763,TEST_FULL_SUITE_PLUS_DEFAULT,DEFEND_ONE_FROM_MANY,212,6,,3542,0,1
8764,MUTANT_ANNOTATED_SINGLE_METHOD,ATTACK_DEFAULT,211,5,,,0,1
8765,MUTANT_ANNOTATED_SINGLE_METHOD,ATTACK_DEPENDENCIES,211,5,2744,,0,1
8766,TEST_FULL_SUITE_PLUS_DEFAULT,DEFEND_ONE_FROM_MANY,211,6,,3543,0,1
8767,TEST_FULL_SUITE_PLUS_DEFAULT,DEFEND_ONE_FROM_MANY,213,6,,3544,0,1
8768,MUTANT_ANNOTATED_SINGLE_METHOD,ATTACK_DEFAULT,213,5,,,0,1
8769,MUTANT_ANNOTATED_SINGLE_METHOD,ATTACK_DEPENDENCIES,213,5,2746,,0,1
8770,TEST_FULL_SUITE_PLUS_DEFAULT,DEFEND_ONE_FROM_MANY,212,6,,3545,0,1
8771,MUTANT_ANNOTATED_SINGLE_METHOD,ATTACK_DEFAULT,211,5,,,0,1
8772,MUTANT_ANNOTATED_SINGLE_METHOD,ATTACK_DEPENDENCIES,211,5,2747,,0,1
8773,MUTANT_ANNOTATED_SINGLE_METHOD,ATTACK_DEFAULT,212,5,,,0,1
8774,TEST_FULL_SUITE_PLUS_DEFAULT,DEFEND_ONE_FROM_MANY,211,6,,3546,0,1
8775,MUTANT_ANNOTATED_SINGLE_METHOD,ATTACK_DEPENDENCIES,212,5,2748,,0,1
8776,TEST_FULL_SUITE_PLUS_DEFAULT,DEFEND_ONE_FROM_MANY,213,6,,3547,0,1
8777,MUTANT_ANNOTATED_SINGLE_METHOD,ATTACK_DEFAULT,213,5,,,0,1
8778,MUTANT_ANNOTATED_SINGLE_METHOD,ATTACK_DEPENDENCIES,213,5,2749,,0,1
8779,TEST_FULL_SUITE_PLUS_DEFAULT,DEFEND_ONE_FROM_MANY,212,6,,3551,0,1
8780,MUTANT_ANNOTATED_SINGLE_METHOD,ATTACK_DEFAULT,211,5,,,0,1
8781,MUTANT_ANNOTATED_SINGLE_METHOD,ATTACK_DEPENDENCIES,211,5,2751,,0,1
8782,MUTANT_ANNOTATED_SINGLE_METHOD,ATTACK_DEFAULT,212,5,,,0,1
8783,TEST_FULL_SUITE_PLUS_DEFAULT,DEFEND_ONE_FROM_MANY,211,6,,3549,0,1
8784,MUTANT_ANNOTATED_SINGLE_METHOD,ATTACK_DEPENDENCIES,212,5,2750,,0,1
8785,TEST_FULL_SUITE_PLUS_DEFAULT,DEFEND_ONE_FROM_MANY,213,6,,3550,0,1
8786,MUTANT_ANNOTATED_SINGLE_METHOD,ATTACK_DEFAULT,213,5,,,0,1
8787,MUTANT_ANNOTATED_SINGLE_METHOD,ATTACK_DEPENDENCIES,213,5,2752,,0,1
8788,MUTANT_ANNOTATED_SINGLE_METHOD,ATTACK_DEFAULT,211,5,,,0,1
8789,MUTANT_ANNOTATED_SINGLE_METHOD,ATTACK_DEPENDENCIES,211,5,2753,,0,1
8790,TEST_FULL_SUITE_PLUS_DEFAULT,DEFEND_ONE_FROM_MANY,211,6,,3552,0,1
8791,TEST_FULL_SUITE_PLUS_DEFAULT,DEFEND_ONE_FROM_MANY,213,6,,3553,0,1
8792,MUTANT_ANNOTATED_SINGLE_METHOD,ATTACK_DEFAULT,212,5,,,0,1
8793,MUTANT_ANNOTATED_SINGLE_METHOD,ATTACK_DEPENDENCIES,212,5,2754,,0,1
8794,MUTANT_ANNOTATED_SINGLE_METHOD,ATTACK_DEFAULT,213,5,,,0,1
8795,MUTANT_ANNOTATED_SINGLE_METHOD,ATTACK_DEPENDENCIES,213,5,2755,,0,1
8796,TEST_FULL_SUITE_PLUS_DEFAULT,DEFEND_ONE_FROM_MANY,212,6,,,0,1
8797,TEST_FULL_SUITE_PLUS_DEFAULT,DEFEND_ONE_FROM_MANY,212,6,,3554,0,1
8798,MUTANT_ANNOTATED_SINGLE_METHOD,ATTACK_DEFAULT,211,5,,,0,1
8799,MUTANT_ANNOTATED_SINGLE_METHOD,ATTACK_DEPENDENCIES,211,5,2756,,0,1
8800,TEST_FULL_SUITE_PLUS_DEFAULT,DEFEND_ONE_FROM_MANY,213,6,,3556,0,1
8801,TEST_FULL_SUITE_PLUS_DEFAULT,DEFEND_ONE_FROM_MANY,211,6,,3555,0,1
8802,MUTANT_ANNOTATED_SINGLE_METHOD,ATTACK_DEFAULT,212,5,,,0,1
8803,MUTANT_ANNOTATED_SINGLE_METHOD,ATTACK_DEPENDENCIES,212,5,2757,,0,1
8804,TEST_FULL_SUITE_PLUS_DEFAULT,DEFEND_ONE_FROM_MANY,212,6,,3557,0,1
8805,MUTANT_ANNOTATED_SINGLE_METHOD,ATTACK_DEFAULT,211,5,,,0,1
8806,MUTANT_ANNOTATED_SINGLE_METHOD,ATTACK_DEFAULT,213,5,,,0,1
8807,MUTANT_ANNOTATED_SINGLE_METHOD,ATTACK_DEPENDENCIES,211,5,2759,,0,1
8808,MUTANT_ANNOTATED_SINGLE_METHOD,ATTACK_DEPENDENCIES,213,5,2758,,0,1
8809,TEST_FULL_SUITE_PLUS_DEFAULT,DEFEND_ONE_FROM_MANY,211,6,,3558,0,1
8810,TEST_FULL_SUITE_PLUS_DEFAULT,DEFEND_ONE_FROM_MANY,213,6,,3559,0,1
8811,MUTANT_ANNOTATED_SINGLE_METHOD,ATTACK_DEFAULT,212,5,,,0,1
8812,MUTANT_ANNOTATED_SINGLE_METHOD,ATTACK_DEPENDENCIES,212,5,2760,,0,1
8813,TEST_FULL_SUITE_PLUS_DEFAULT,DEFEND_ONE_FROM_MANY,212,6,,3560,0,1
8814,MUTANT_ANNOTATED_SINGLE_METHOD,ATTACK_DEFAULT,213,5,,,0,1
8815,MUTANT_ANNOTATED_SINGLE_METHOD,ATTACK_DEPENDENCIES,213,5,2761,,0,1
8816,TEST_FULL_SUITE_PLUS_DEFAULT,DEFEND_ONE_FROM_MANY,211,6,,3561,0,1
8817,TEST_FULL_SUITE_PLUS_DEFAULT,DEFEND_ONE_FROM_MANY,213,6,,3562,0,1
8818,MUTANT_ANNOTATED_SINGLE_METHOD,ATTACK_DEFAULT,211,5,,,0,1
8819,MUTANT_ANNOTATED_SINGLE_METHOD,ATTACK_DEPENDENCIES,211,5,2762,,0,1
8820,MUTANT_ANNOTATED_SINGLE_METHOD,ATTACK_DEFAULT,212,5,,,0,1
8821,MUTANT_ANNOTATED_SINGLE_METHOD,ATTACK_DEPENDENCIES,212,5,2763,,0,1
8822,TEST_FULL_SUITE_PLUS_DEFAULT,DEFEND_ONE_FROM_MANY,212,6,,3563,0,1
8823,MUTANT_ANNOTATED_SINGLE_METHOD,ATTACK_DEFAULT,213,5,,,0,1
8824,MUTANT_ANNOTATED_SINGLE_METHOD,ATTACK_DEPENDENCIES,213,5,2764,,0,1
8825,TEST_FULL_SUITE_PLUS_DEFAULT,DEFEND_ONE_FROM_MANY,213,6,,3565,0,1
8826,TEST_FULL_SUITE_PLUS_DEFAULT,DEFEND_ONE_FROM_MANY,211,6,,3564,0,1
8827,MUTANT_ANNOTATED_SINGLE_METHOD,ATTACK_DEFAULT,211,5,,,0,1
8828,MUTANT_ANNOTATED_SINGLE_METHOD,ATTACK_DEPENDENCIES,211,5,2767,,0,1
8829,MUTANT_ANNOTATED_SINGLE_METHOD,ATTACK_DEFAULT,212,5,,,0,1
8830,MUTANT_ANNOTATED_SINGLE_METHOD,ATTACK_DEPENDENCIES,212,5,2765,,0,1
8831,TEST_FULL_SUITE_PLUS_DEFAULT,DEFEND_ONE_FROM_MANY,212,6,,3566,0,1
8832,MUTANT_ANNOTATED_SINGLE_METHOD,ATTACK_DEFAULT,213,5,,,0,1
8833,MUTANT_ANNOTATED_SINGLE_METHOD,ATTACK_DEPENDENCIES,213,5,2766,,0,1
8834,TEST_FULL_SUITE_PLUS_DEFAULT,DEFEND_ONE_FROM_MANY,211,6,,3567,0,1
8835,TEST_FULL_SUITE_PLUS_DEFAULT,DEFEND_ONE_FROM_MANY,213,6,,3568,0,1
8836,MUTANT_ANNOTATED_SINGLE_METHOD,ATTACK_EQUIVALENCE,212,5,,,0,1
8837,TEST_FULL_SUITE_PLUS_DEFAULT,DEFEND_ONE_FROM_MANY,212,6,,3570,0,1
8838,MUTANT_ANNOTATED_SINGLE_METHOD,ATTACK_DEFAULT,213,5,,,0,1
8839,MUTANT_ANNOTATED_SINGLE_METHOD,ATTACK_DEPENDENCIES,213,5,2769,,0,1
8840,TEST_FULL_SUITE_PLUS_DEFAULT,DEFEND_ONE_FROM_MANY,211,6,,3571,0,1
8841,TEST_FULL_SUITE_PLUS_DEFAULT,DEFEND_ONE_FROM_MANY,213,6,,3572,0,1
8842,MUTANT_ANNOTATED_SINGLE_METHOD,ATTACK_DEFAULT,212,5,,,0,1
8843,MUTANT_ANNOTATED_SINGLE_METHOD,ATTACK_DEPENDENCIES,212,5,2768,,0,1
8844,TEST_FULL_SUITE_PLUS_DEFAULT,DEFEND_ONE_FROM_MANY,212,6,,3573,0,1
8845,MUTANT_ANNOTATED_SINGLE_METHOD,ATTACK_DEFAULT,211,5,,,0,1
8846,TEST_FULL_SUITE_PLUS_DEFAULT,DEFEND_FOCUS,213,6,,,0,0
8847,MUTANT_ANNOTATED_SINGLE_METHOD,ATTACK_DEPENDENCIES,211,5,2771,,0,1
8848,TEST_FULL_SUITE_PLUS_DEFAULT,DEFEND_ONE_FROM_MANY,211,6,,3574,0,1
8849,MUTANT_ANNOTATED_SINGLE_METHOD,ATTACK_DEFAULT,212,5,,,0,1
8850,MUTANT_ANNOTATED_SINGLE_METHOD,ATTACK_DEPENDENCIES,212,5,2770,,0,1
8851,MUTANT_ANNOTATED_SINGLE_METHOD,ATTACK_DEFAULT,213,5,,,0,1
8852,MUTANT_ANNOTATED_SINGLE_METHOD,ATTACK_DEPENDENCIES,213,5,2774,,0,1
8853,TEST_FULL_SUITE_PLUS_DEFAULT,DEFEND_ONE_FROM_MANY,212,6,,3576,0,1
8854,TEST_FULL_SUITE_PLUS_DEFAULT,DEFEND_ONE_FROM_MANY,211,6,,3577,0,1
8855,MUTANT_ANNOTATED_SINGLE_METHOD,ATTACK_DEFAULT,212,5,,,0,1
8856,MUTANT_ANNOTATED_SINGLE_METHOD,ATTACK_DEPENDENCIES,212,5,2772,,0,1
8857,MUTANT_ANNOTATED_SINGLE_METHOD,ATTACK_DEFAULT,211,5,,,0,1
8858,MUTANT_ANNOTATED_SINGLE_METHOD,ATTACK_DEPENDENCIES,211,5,2773,,0,1
8859,TEST_FULL_SUITE_PLUS_DEFAULT,DEFEND_ONE_FROM_MANY,212,6,,3579,0,1
8860,TEST_FULL_SUITE_PLUS_DEFAULT,DEFEND_FOCUS,211,6,,3580,0,1
8861,MUTANT_ANNOTATED_SINGLE_METHOD,ATTACK_DEFAULT,212,5,,,0,1
8862,MUTANT_ANNOTATED_SINGLE_METHOD,ATTACK_DEPENDENCIES,212,5,2775,,0,1
8863,MUTANT_ANNOTATED_SINGLE_METHOD,ATTACK_DEFAULT,211,5,,,0,1
8864,MUTANT_ANNOTATED_SINGLE_METHOD,ATTACK_DEPENDENCIES,211,5,2776,,0,1
8865,MUTANT_ANNOTATED_SINGLE_METHOD,ATTACK_DEFAULT,213,5,,,0,1
8866,MUTANT_ANNOTATED_SINGLE_METHOD,ATTACK_DEPENDENCIES,213,5,2778,,0,1
8867,TEST_FULL_SUITE_PLUS_DEFAULT,DEFEND_ONE_FROM_MANY,212,6,,3581,0,1
8868,TEST_FULL_SUITE_PLUS_DEFAULT,DEFEND_FOCUS,211,6,,3588,0,1
8869,MUTANT_ANNOTATED_SINGLE_METHOD,ATTACK_DEFAULT,212,5,,,0,1
8870,MUTANT_ANNOTATED_SINGLE_METHOD,ATTACK_DEPENDENCIES,212,5,2777,,0,1
8871,MUTANT_ANNOTATED_SINGLE_METHOD,ATTACK_EQUIVALENCE,211,5,,,0,1
8872,TEST_FULL_SUITE_PLUS_DEFAULT,DEFEND_ONE_FROM_MANY,212,6,,3583,0,1
8873,TEST_FULL_SUITE_PLUS_DEFAULT,DEFEND_FOCUS,213,6,,3591,0,1
8874,MUTANT_ANNOTATED_SINGLE_METHOD,ATTACK_DEFAULT,211,5,,,0,1
8875,MUTANT_ANNOTATED_SINGLE_METHOD,ATTACK_DEPENDENCIES,211,5,2779,,0,1
8876,MUTANT_ANNOTATED_SINGLE_METHOD,ATTACK_DEFAULT,212,5,,,0,1
8877,MUTANT_ANNOTATED_SINGLE_METHOD,ATTACK_DEPENDENCIES,212,5,2780,,0,1
8878,MUTANT_ANNOTATED_SINGLE_METHOD,ATTACK_DEFAULT,213,5,,,0,1
8879,MUTANT_ANNOTATED_SINGLE_METHOD,ATTACK_DEPENDENCIES,213,5,2783,,0,1
8880,TEST_FULL_SUITE_PLUS_DEFAULT,DEFEND_ONE_FROM_MANY,212,6,,3586,0,1
8881,MUTANT_ANNOTATED_SINGLE_METHOD,ATTACK_DEFAULT,211,5,,,0,1
8882,MUTANT_ANNOTATED_SINGLE_METHOD,ATTACK_DEPENDENCIES,211,5,2781,,0,1
8883,MUTANT_ANNOTATED_SINGLE_METHOD,ATTACK_DEFAULT,212,5,,,0,1
8884,MUTANT_ANNOTATED_SINGLE_METHOD,ATTACK_DEPENDENCIES,212,5,2782,,0,1
8885,TEST_FULL_SUITE_PLUS_DEFAULT,DEFEND_FOCUS,212,6,,3589,0,1
8886,MUTANT_ANNOTATED_SINGLE_METHOD,ATTACK_DEFAULT,213,5,,,0,1
8887,MUTANT_ANNOTATED_SINGLE_METHOD,ATTACK_DEPENDENCIES,213,5,2786,,0,1
8888,MUTANT_ANNOTATED_SINGLE_METHOD,ATTACK_DEFAULT,211,5,,,0,1
8889,MUTANT_ANNOTATED_SINGLE_METHOD,ATTACK_DEPENDENCIES,211,5,2785,,0,1
8890,MUTANT_ANNOTATED_SINGLE_METHOD,ATTACK_DEFAULT,212,5,,,0,1
8891,MUTANT_ANNOTATED_SINGLE_METHOD,ATTACK_DEPENDENCIES,212,5,2784,,0,1
8892,TEST_FULL_SUITE_PLUS_DEFAULT,DEFEND_FOCUS,211,6,,3590,0,1
8893,MUTANT_ANNOTATED_SINGLE_METHOD,ATTACK_DEFAULT,212,5,,,0,1
8894,MUTANT_ANNOTATED_SINGLE_METHOD,ATTACK_DEPENDENCIES,212,5,2787,,0,1
8895,MUTANT_ANNOTATED_SINGLE_METHOD,ATTACK_DEFAULT,213,5,,,0,1
8896,MUTANT_ANNOTATED_SINGLE_METHOD,ATTACK_DEPENDENCIES,213,5,2789,,0,1
8897,MUTANT_ANNOTATED_SINGLE_METHOD,ATTACK_DEFAULT,211,5,,,0,1
8898,MUTANT_ANNOTATED_SINGLE_METHOD,ATTACK_DEPENDENCIES,211,5,2788,,0,1
8899,TEST_FULL_SUITE_PLUS_DEFAULT,DEFEND_FOCUS,212,6,,3596,0,1
8900,MUTANT_ANNOTATED_SINGLE_METHOD,ATTACK_EQUIVALENCE,212,5,,,0,0
8901,TEST_FULL_SUITE_PLUS_DEFAULT,DEFEND_DEFAULT,211,6,,3595,0,1
8902,TEST_FULL_SUITE_PLUS_DEFAULT,DEFEND_FOCUS,213,6,,3594,0,1
8903,MUTANT_ANNOTATED_SINGLE_METHOD,ATTACK_DEFAULT,212,5,,,0,1
8904,TEST_FULL_SUITE_PLUS_DEFAULT,DEFEND_DEFAULT,211,6,,3597,0,1
8905,TEST_FULL_SUITE_PLUS_DEFAULT,DEFEND_FOCUS,213,6,,3603,0,1
8906,MUTANT_ANNOTATED_SINGLE_METHOD,ATTACK_DEPENDENCIES,212,5,2790,,0,1
8907,MUTANT_ANNOTATED_SINGLE_METHOD,ATTACK_DEFAULT,213,5,,,0,1
8908,MUTANT_ANNOTATED_SINGLE_METHOD,ATTACK_DEPENDENCIES,213,5,2791,,0,1
8909,MUTANT_ANNOTATED_SINGLE_METHOD,ATTACK_DEFAULT,211,5,,,0,1
8910,MUTANT_ANNOTATED_SINGLE_METHOD,ATTACK_DEPENDENCIES,211,5,2792,,0,1
8911,TEST_FULL_SUITE_PLUS_DEFAULT,DEFEND_FOCUS,212,6,,3598,0,1
8912,MUTANT_ANNOTATED_SINGLE_METHOD,ATTACK_DEFAULT,212,5,,,0,1
8913,TEST_FULL_SUITE_PLUS_DEFAULT,DEFEND_DEFAULT,211,6,,3599,0,1
8914,MUTANT_ANNOTATED_SINGLE_METHOD,ATTACK_DEPENDENCIES,212,5,2793,,0,1
8915,MUTANT_ANNOTATED_SINGLE_METHOD,ATTACK_DEFAULT,213,5,,,0,1
8916,MUTANT_ANNOTATED_SINGLE_METHOD,ATTACK_DEPENDENCIES,213,5,2794,,0,1
8917,TEST_FULL_SUITE_PLUS_DEFAULT,DEFEND_DEFAULT,212,6,,3602,0,1
8918,TEST_FULL_SUITE_PLUS_DEFAULT,DEFEND_DEFAULT,211,6,,3601,0,1
8919,MUTANT_ANNOTATED_SINGLE_METHOD,ATTACK_DEFAULT,211,5,,,0,1
8920,MUTANT_ANNOTATED_SINGLE_METHOD,ATTACK_DEPENDENCIES,211,5,2795,,0,1
8921,MUTANT_ANNOTATED_SINGLE_METHOD,ATTACK_DEFAULT,212,5,,,0,1
8922,TEST_FULL_SUITE_PLUS_DEFAULT,DEFEND_DEFAULT,211,6,,3604,0,1
8923,MUTANT_ANNOTATED_SINGLE_METHOD,ATTACK_DEPENDENCIES,212,5,2798,,0,1
8924,MUTANT_ANNOTATED_SINGLE_METHOD,ATTACK_DEFAULT,213,5,,,0,1
8925,MUTANT_ANNOTATED_SINGLE_METHOD,ATTACK_DEPENDENCIES,213,5,2797,,0,1
8926,MUTANT_ANNOTATED_SINGLE_METHOD,ATTACK_DEFAULT,211,5,,,0,1
8927,TEST_FULL_SUITE_PLUS_DEFAULT,DEFEND_DEFAULT,212,6,,3609,0,1
8928,MUTANT_ANNOTATED_SINGLE_METHOD,ATTACK_DEPENDENCIES,211,5,2796,,0,1
8929,TEST_FULL_SUITE_PLUS_DEFAULT,DEFEND_FOCUS,211,6,,3605,0,1
8930,TEST_FULL_SUITE_PLUS_DEFAULT,DEFEND_FOCUS,213,6,,3611,0,1
8931,MUTANT_ANNOTATED_SINGLE_METHOD,ATTACK_DEFAULT,213,5,,,0,1
8932,MUTANT_ANNOTATED_SINGLE_METHOD,ATTACK_DEPENDENCIES,213,5,2802,,0,1
8933,MUTANT_ANNOTATED_SINGLE_METHOD,ATTACK_DEFAULT,211,5,,,0,1
8934,MUTANT_ANNOTATED_SINGLE_METHOD,ATTACK_DEPENDENCIES,211,5,2799,,0,1
8935,MUTANT_ANNOTATED_SINGLE_METHOD,ATTACK_DEFAULT,212,5,,,0,1
8936,TEST_FULL_SUITE_PLUS_DEFAULT,DEFEND_FOCUS,211,6,,3606,0,1
8937,MUTANT_ANNOTATED_SINGLE_METHOD,ATTACK_DEPENDENCIES,212,5,2800,,0,1
8938,MUTANT_ANNOTATED_SINGLE_METHOD,ATTACK_DEFAULT,211,5,,,0,1
8939,MUTANT_ANNOTATED_SINGLE_METHOD,ATTACK_DEPENDENCIES,211,5,2801,,0,1
8940,TEST_FULL_SUITE_PLUS_DEFAULT,DEFEND_FOCUS,211,6,,3610,0,1
8941,MUTANT_ANNOTATED_SINGLE_METHOD,ATTACK_DEFAULT,212,5,,,0,1
8942,MUTANT_ANNOTATED_SINGLE_METHOD,ATTACK_DEPENDENCIES,212,5,2803,,0,1
8943,MUTANT_ANNOTATED_SINGLE_METHOD,ATTACK_DEFAULT,213,5,,,0,1
8944,MUTANT_ANNOTATED_SINGLE_METHOD,ATTACK_DEPENDENCIES,213,5,2805,,0,1
8945,MUTANT_ANNOTATED_SINGLE_METHOD,ATTACK_DEFAULT,211,5,,,0,1
8946,MUTANT_ANNOTATED_SINGLE_METHOD,ATTACK_DEPENDENCIES,211,5,2804,,0,1
8947,MUTANT_ANNOTATED_SINGLE_METHOD,ATTACK_DEFAULT,212,5,,,0,1
8948,MUTANT_ANNOTATED_SINGLE_METHOD,ATTACK_DEPENDENCIES,212,5,2807,,0,1
8949,MUTANT_ANNOTATED_SINGLE_METHOD,ATTACK_DEFAULT,211,5,,,0,1
8950,TEST_FULL_SUITE_PLUS_DEFAULT,DEFEND_DEFAULT,212,6,,3618,0,1
8951,MUTANT_ANNOTATED_SINGLE_METHOD,ATTACK_DEPENDENCIES,211,5,2806,,0,1
8952,TEST_FULL_SUITE_PLUS_DEFAULT,DEFEND_DEFAULT,211,6,,3617,0,1
8953,TEST_FULL_SUITE_PLUS_DEFAULT,DEFEND_FOCUS,213,6,,,0,0
8954,MUTANT_ANNOTATED_SINGLE_METHOD,ATTACK_DEFAULT,213,5,,,0,1
8955,MUTANT_ANNOTATED_SINGLE_METHOD,ATTACK_DEPENDENCIES,213,5,2808,,0,1
8956,MUTANT_ANNOTATED_SINGLE_METHOD,ATTACK_DEFAULT,211,5,,,0,1
8957,TEST_FULL_SUITE_PLUS_DEFAULT,DEFEND_FOCUS,212,6,,3620,0,1
8958,MUTANT_ANNOTATED_SINGLE_METHOD,ATTACK_DEPENDENCIES,211,5,2809,,0,1
8959,MUTANT_ANNOTATED_SINGLE_METHOD,ATTACK_DEFAULT,212,5,,,0,1
8960,MUTANT_ANNOTATED_SINGLE_METHOD,ATTACK_DEPENDENCIES,212,5,2810,,0,1
8961,MUTANT_ANNOTATED_SINGLE_METHOD,ATTACK_DEFAULT,213,5,,,0,1
8962,MUTANT_ANNOTATED_SINGLE_METHOD,ATTACK_DEPENDENCIES,213,5,2812,,0,1
8963,MUTANT_ANNOTATED_SINGLE_METHOD,ATTACK_DEFAULT,211,5,,,0,1
8964,MUTANT_ANNOTATED_SINGLE_METHOD,ATTACK_DEPENDENCIES,211,5,2811,,0,1
8965,TEST_FULL_SUITE_PLUS_DEFAULT,DEFEND_DEFAULT,211,6,,3619,0,1
8966,MUTANT_ANNOTATED_SINGLE_METHOD,ATTACK_DEFAULT,212,5,,,0,1
8967,TEST_FULL_SUITE_PLUS_DEFAULT,DEFEND_DEFAULT,211,6,,3649,0,1
8968,MUTANT_ANNOTATED_SINGLE_METHOD,ATTACK_DEPENDENCIES,212,5,2815,,0,1
8969,MUTANT_ANNOTATED_SINGLE_METHOD,ATTACK_DEFAULT,211,5,,,0,1
8970,MUTANT_ANNOTATED_SINGLE_METHOD,ATTACK_DEPENDENCIES,211,5,2813,,0,1
8971,MUTANT_ANNOTATED_SINGLE_METHOD,ATTACK_DEFAULT,213,5,,,0,1
8972,MUTANT_ANNOTATED_SINGLE_METHOD,ATTACK_DEPENDENCIES,213,5,2814,,0,1
8973,TEST_FULL_SUITE_PLUS_DEFAULT,DEFEND_DEFAULT,212,6,,3628,0,1
8974,TEST_FULL_SUITE_PLUS_DEFAULT,DEFEND_FOCUS,211,6,,3622,0,1
8975,TEST_FULL_SUITE_PLUS_DEFAULT,DEFEND_FOCUS,213,6,,3623,0,1
8976,MUTANT_ANNOTATED_SINGLE_METHOD,ATTACK_DEFAULT,211,5,,,0,1
8977,MUTANT_ANNOTATED_SINGLE_METHOD,ATTACK_DEPENDENCIES,211,5,2816,,0,1
8978,TEST_FULL_SUITE_PLUS_DEFAULT,DEFEND_FOCUS,212,6,,,1,0
8979,MUTANT_ANNOTATED_SINGLE_METHOD,ATTACK_DEFAULT,213,5,,,0,1
8980,MUTANT_ANNOTATED_SINGLE_METHOD,ATTACK_DEPENDENCIES,213,5,2818,,0,1
8981,MUTANT_ANNOTATED_SINGLE_METHOD,ATTACK_DEFAULT,212,5,,,0,1
8982,TEST_FULL_SUITE_PLUS_DEFAULT,DEFEND_FOCUS,211,6,,3624,0,1
8983,MUTANT_ANNOTATED_SINGLE_METHOD,ATTACK_DEPENDENCIES,212,5,,,0,0
8984,TEST_FULL_SUITE_PLUS_DEFAULT,DEFEND_DEFAULT,213,6,,3631,0,1
8985,MUTANT_ANNOTATED_SINGLE_METHOD,ATTACK_DEFAULT,211,5,,,0,1
8986,MUTANT_ANNOTATED_SINGLE_METHOD,ATTACK_DEPENDENCIES,211,5,2817,,0,1
8987,MUTANT_ANNOTATED_SINGLE_METHOD,ATTACK_EQUIVALENCE,213,5,,,0,1
8988,MUTANT_ANNOTATED_SINGLE_METHOD,ATTACK_EQUIVALENCE,213,5,,,0,1
8989,MUTANT_ANNOTATED_SINGLE_METHOD,ATTACK_EQUIVALENCE,213,5,,,0,1
8990,TEST_FULL_SUITE_PLUS_DEFAULT,DEFEND_FOCUS,211,6,,3630,0,1
8991,MUTANT_ANNOTATED_SINGLE_METHOD,ATTACK_DEFAULT,213,5,,,0,1
8992,MUTANT_ANNOTATED_SINGLE_METHOD,ATTACK_DEPENDENCIES,213,5,2819,,0,1
8993,MUTANT_ANNOTATED_SINGLE_METHOD,ATTACK_DEFAULT,211,5,,,0,1
8994,TEST_FULL_SUITE_PLUS_DEFAULT,DEFEND_DEFAULT,212,6,,3632,0,1
8995,MUTANT_ANNOTATED_SINGLE_METHOD,ATTACK_DEPENDENCIES,211,5,2820,,0,1
8996,TEST_FULL_SUITE_PLUS_DEFAULT,DEFEND_FOCUS,211,6,,3633,0,1
8997,TEST_FULL_SUITE_PLUS_DEFAULT,DEFEND_DEFAULT,213,6,,3638,0,1
8998,MUTANT_ANNOTATED_SINGLE_METHOD,ATTACK_DEPENDENCIES,212,5,,,0,0
8999,TEST_FULL_SUITE_PLUS_DEFAULT,DEFEND_DEFAULT,212,6,,3635,0,1
9000,MUTANT_ANNOTATED_SINGLE_METHOD,ATTACK_DEFAULT,213,5,,,0,1
9001,MUTANT_ANNOTATED_SINGLE_METHOD,ATTACK_DEPENDENCIES,213,5,2821,,0,1
9002,TEST_FULL_SUITE_PLUS_DEFAULT,DEFEND_FOCUS,211,6,,3636,0,1
9003,MUTANT_ANNOTATED_SINGLE_METHOD,ATTACK_DEFAULT,211,5,,,0,1
9004,MUTANT_ANNOTATED_SINGLE_METHOD,ATTACK_DEPENDENCIES,211,5,2823,,0,1
9005,TEST_FULL_SUITE_PLUS_DEFAULT,DEFEND_DEFAULT,212,6,,3640,0,1
9006,MUTANT_ANNOTATED_SINGLE_METHOD,ATTACK_DEFAULT,213,5,,,0,1
9007,MUTANT_ANNOTATED_SINGLE_METHOD,ATTACK_DEPENDENCIES,213,5,2822,,0,1
9008,TEST_FULL_SUITE_PLUS_DEFAULT,DEFEND_FOCUS,211,6,,3637,0,1
9009,MUTANT_ANNOTATED_SINGLE_METHOD,ATTACK_EQUIVALENCE,213,5,,,0,1
9010,MUTANT_ANNOTATED_SINGLE_METHOD,ATTACK_DEPENDENCIES,212,5,2824,,0,1
9011,TEST_FULL_SUITE_PLUS_DEFAULT,DEFEND_FOCUS,211,6,,3641,0,1
9012,TEST_FULL_SUITE_PLUS_DEFAULT,DEFEND_DEFAULT,213,6,,,0,0
9013,MUTANT_ANNOTATED_SINGLE_METHOD,ATTACK_DEFAULT,213,5,,,0,1
9014,MUTANT_ANNOTATED_SINGLE_METHOD,ATTACK_DEPENDENCIES,213,5,2825,,0,1
9015,MUTANT_ANNOTATED_SINGLE_METHOD,ATTACK_DEFAULT,211,5,,,0,1
9016,MUTANT_ANNOTATED_SINGLE_METHOD,ATTACK_DEPENDENCIES,211,5,2826,,0,1
9017,MUTANT_ANNOTATED_SINGLE_METHOD,ATTACK_DEFAULT,212,5,,,0,1
9018,TEST_FULL_SUITE_PLUS_DEFAULT,DEFEND_FOCUS,211,6,,3643,0,1
9019,MUTANT_ANNOTATED_SINGLE_METHOD,ATTACK_DEPENDENCIES,212,5,2827,,0,1
9020,MUTANT_ANNOTATED_SINGLE_METHOD,ATTACK_DEFAULT,213,5,,,0,1
9021,MUTANT_ANNOTATED_SINGLE_METHOD,ATTACK_DEPENDENCIES,213,5,2828,,0,1
9022,MUTANT_ANNOTATED_SINGLE_METHOD,ATTACK_DEFAULT,211,5,,,0,1
9023,MUTANT_ANNOTATED_SINGLE_METHOD,ATTACK_DEPENDENCIES,211,5,2829,,0,1
9024,MUTANT_ANNOTATED_SINGLE_METHOD,ATTACK_DEFAULT,212,5,,,0,1
9025,TEST_FULL_SUITE_PLUS_DEFAULT,DEFEND_FOCUS,211,6,,3644,0,1
9026,MUTANT_ANNOTATED_SINGLE_METHOD,ATTACK_DEPENDENCIES,212,5,,,0,0
9027,MUTANT_ANNOTATED_SINGLE_METHOD,ATTACK_DEFAULT,213,5,,,0,1
9028,MUTANT_ANNOTATED_SINGLE_METHOD,ATTACK_DEPENDENCIES,213,5,2832,,0,1
9029,MUTANT_ANNOTATED_SINGLE_METHOD,ATTACK_DEFAULT,211,5,,,0,1
9030,TEST_FULL_SUITE_PLUS_DEFAULT,DEFEND_DEFAULT,212,6,,,0,0
9031,MUTANT_ANNOTATED_SINGLE_METHOD,ATTACK_DEPENDENCIES,211,5,2830,,0,1
9032,MUTANT_ANNOTATED_SINGLE_METHOD,ATTACK_EQUIVALENCE,211,5,,,0,1
9033,MUTANT_ANNOTATED_SINGLE_METHOD,ATTACK_DEFAULT,211,5,,,0,1
9034,MUTANT_ANNOTATED_SINGLE_METHOD,ATTACK_DEPENDENCIES,211,5,2831,,0,1
9035,TEST_FULL_SUITE_PLUS_DEFAULT,DEFEND_DEFAULT,213,6,,3648,0,1
9036,MUTANT_ANNOTATED_SINGLE_METHOD,ATTACK_DEPENDENCIES,212,5,,,0,0
9037,MUTANT_ANNOTATED_SINGLE_METHOD,ATTACK_DEFAULT,211,5,,,0,1
9038,MUTANT_ANNOTATED_SINGLE_METHOD,ATTACK_DEPENDENCIES,211,5,2833,,0,1
9039,TEST_FULL_SUITE_PLUS_DEFAULT,DEFEND_FOCUS,213,6,,3664,0,1
9040,MUTANT_ANNOTATED_SINGLE_METHOD,ATTACK_DEFAULT,213,5,,,0,1
9041,MUTANT_ANNOTATED_SINGLE_METHOD,ATTACK_DEPENDENCIES,213,5,2834,,0,1
9042,MUTANT_ANNOTATED_SINGLE_METHOD,ATTACK_DEFAULT,211,5,,,0,1
9043,MUTANT_ANNOTATED_SINGLE_METHOD,ATTACK_DEPENDENCIES,211,5,2835,,0,1
9044,TEST_FULL_SUITE_PLUS_DEFAULT,DEFEND_DEFAULT,211,6,,3653,0,1
9045,TEST_FULL_SUITE_PLUS_DEFAULT,DEFEND_DEFAULT,213,6,,3655,0,1
9046,MUTANT_ANNOTATED_SINGLE_METHOD,ATTACK_DEPENDENCIES,212,5,,,0,0
9047,MUTANT_ANNOTATED_SINGLE_METHOD,ATTACK_DEFAULT,213,5,,,0,1
9048,MUTANT_ANNOTATED_SINGLE_METHOD,ATTACK_DEPENDENCIES,213,5,2836,,0,1
9049,TEST_FULL_SUITE_PLUS_DEFAULT,DEFEND_DEFAULT,212,6,,,0,0
9050,TEST_FULL_SUITE_PLUS_DEFAULT,DEFEND_DEFAULT,211,6,,3654,0,1
9051,MUTANT_ANNOTATED_SINGLE_METHOD,ATTACK_DEFAULT,211,5,,,0,1
9052,MUTANT_ANNOTATED_SINGLE_METHOD,ATTACK_DEPENDENCIES,211,5,2837,,0,1
9053,MUTANT_ANNOTATED_SINGLE_METHOD,ATTACK_EQUIVALENCE,213,5,,,0,1
9054,TEST_FULL_SUITE_PLUS_DEFAULT,DEFEND_DEFAULT,211,6,,3660,0,1
9055,TEST_FULL_SUITE_PLUS_DEFAULT,DEFEND_DEFAULT,213,6,,3659,0,1
9056,MUTANT_ANNOTATED_SINGLE_METHOD,ATTACK_DEFAULT,213,5,,,0,1
9057,MUTANT_ANNOTATED_SINGLE_METHOD,ATTACK_DEPENDENCIES,213,5,2839,,0,1
9058,MUTANT_ANNOTATED_SINGLE_METHOD,ATTACK_DEPENDENCIES,212,5,,,0,0
9059,MUTANT_ANNOTATED_SINGLE_METHOD,ATTACK_DEFAULT,211,5,,,0,1
9060,MUTANT_ANNOTATED_SINGLE_METHOD,ATTACK_DEPENDENCIES,211,5,2838,,0,1
9061,TEST_FULL_SUITE_PLUS_DEFAULT,DEFEND_DEFAULT,213,6,,,1,0
9062,MUTANT_ANNOTATED_SINGLE_METHOD,ATTACK_DEFAULT,213,5,,,0,1
9063,MUTANT_ANNOTATED_SINGLE_METHOD,ATTACK_DEPENDENCIES,213,5,2840,,0,1
9064,MUTANT_ANNOTATED_SINGLE_METHOD,ATTACK_DEFAULT,211,5,,,0,1
9065,MUTANT_ANNOTATED_SINGLE_METHOD,ATTACK_DEPENDENCIES,211,5,2841,,0,1
9066,TEST_FULL_SUITE_PLUS_DEFAULT,DEFEND_DEFAULT,211,6,,3662,0,1
9067,MUTANT_ANNOTATED_SINGLE_METHOD,ATTACK_DEPENDENCIES,212,5,,,0,0
9068,MUTANT_ANNOTATED_SINGLE_METHOD,ATTACK_DEFAULT,213,5,,,0,1
9069,TEST_FULL_SUITE_PLUS_DEFAULT,DEFEND_DEFAULT,212,6,,3666,0,1
9070,MUTANT_ANNOTATED_SINGLE_METHOD,ATTACK_DEPENDENCIES,213,5,2842,,0,1
9071,TEST_FULL_SUITE_PLUS_DEFAULT,DEFEND_DEFAULT,211,6,,3665,0,1
9072,MUTANT_ANNOTATED_SINGLE_METHOD,ATTACK_DEFAULT,211,5,,,0,1
9073,MUTANT_ANNOTATED_SINGLE_METHOD,ATTACK_DEPENDENCIES,211,5,,,1,0
9074,MUTANT_ANNOTATED_SINGLE_METHOD,ATTACK_DEFAULT,213,5,,,0,1
9075,MUTANT_ANNOTATED_SINGLE_METHOD,ATTACK_DEPENDENCIES,213,5,2843,,0,1
9076,TEST_FULL_SUITE_PLUS_DEFAULT,DEFEND_FOCUS,213,6,,3667,0,1
9077,MUTANT_ANNOTATED_SINGLE_METHOD,ATTACK_DEFAULT,214,5,,,0,1
9078,TEST_FULL_SUITE_PLUS_DEFAULT,DEFEND_DEFAULT,214,6,,,0,1
9079,MUTANT_ANNOTATED_SINGLE_METHOD,ATTACK_DEPENDENCIES,214,5,2844,,0,1
9080,MUTANT_ANNOTATED_SINGLE_METHOD,ATTACK_DEPENDENCIES,212,5,,,1,0
9081,MUTANT_ANNOTATED_SINGLE_METHOD,ATTACK_DEFAULT,213,5,,,0,1
9082,MUTANT_ANNOTATED_SINGLE_METHOD,ATTACK_DEPENDENCIES,213,5,2845,,0,1
9083,TEST_FULL_SUITE_PLUS_DEFAULT,DEFEND_ONE_FROM_MANY,214,6,,,0,1
9084,TEST_FULL_SUITE_PLUS_DEFAULT,DEFEND_ONE_FROM_MANY,214,6,,3668,0,1
9085,TEST_FULL_SUITE_PLUS_DEFAULT,DEFEND_FOCUS,213,6,,3672,0,1
9086,MUTANT_ANNOTATED_SINGLE_METHOD,ATTACK_DEFAULT,215,5,,,0,1
9087,TEST_FULL_SUITE_PLUS_DEFAULT,DEFEND_DEFAULT,215,6,,,0,1
9088,MUTANT_ANNOTATED_SINGLE_METHOD,ATTACK_DEFAULT,214,5,,,0,1
9089,MUTANT_ANNOTATED_SINGLE_METHOD,ATTACK_DEPENDENCIES,215,5,2847,,0,1
9090,MUTANT_ANNOTATED_SINGLE_METHOD,ATTACK_DEPENDENCIES,214,5,2846,,0,1
9091,TEST_FULL_SUITE_PLUS_DEFAULT,DEFEND_ONE_FROM_MANY,214,6,,3670,0,1
9092,MUTANT_ANNOTATED_SINGLE_METHOD,ATTACK_DEFAULT,213,5,,,0,1
9093,MUTANT_ANNOTATED_SINGLE_METHOD,ATTACK_DEPENDENCIES,213,5,2848,,0,1
9094,TEST_FULL_SUITE_PLUS_DEFAULT,DEFEND_ONE_FROM_MANY,215,6,,,0,1
9095,TEST_FULL_SUITE_PLUS_DEFAULT,DEFEND_ONE_FROM_MANY,215,6,,3671,0,1
9096,MUTANT_ANNOTATED_SINGLE_METHOD,ATTACK_DEFAULT,215,5,,,0,1
9097,MUTANT_ANNOTATED_SINGLE_METHOD,ATTACK_DEFAULT,214,5,,,0,1
9098,MUTANT_ANNOTATED_SINGLE_METHOD,ATTACK_DEPENDENCIES,215,5,2850,,0,1
9099,MUTANT_ANNOTATED_SINGLE_METHOD,ATTACK_DEPENDENCIES,214,5,2849,,0,1
9100,TEST_FULL_SUITE_PLUS_DEFAULT,DEFEND_ONE_FROM_MANY,215,6,,3673,0,1
9101,TEST_FULL_SUITE_PLUS_DEFAULT,DEFEND_ONE_FROM_MANY,214,6,,3674,0,1
9102,MUTANT_ANNOTATED_SINGLE_METHOD,ATTACK_DEFAULT,213,5,,,0,1
9103,MUTANT_ANNOTATED_SINGLE_METHOD,ATTACK_DEPENDENCIES,213,5,,,1,0
9104,MUTANT_ANNOTATED_SINGLE_METHOD,ATTACK_EQUIVALENCE,213,5,,,0,1
9105,MUTANT_ANNOTATED_SINGLE_METHOD,ATTACK_DEFAULT,215,5,,,0,1
9106,MUTANT_ANNOTATED_SINGLE_METHOD,ATTACK_DEFAULT,214,5,,,0,1
9107,MUTANT_ANNOTATED_SINGLE_METHOD,ATTACK_DEPENDENCIES,215,5,2855,,0,1
9108,MUTANT_ANNOTATED_SINGLE_METHOD,ATTACK_DEPENDENCIES,214,5,2851,,0,1
9109,TEST_FULL_SUITE_PLUS_DEFAULT,DEFEND_ONE_FROM_MANY,215,6,,3676,0,1
9110,TEST_FULL_SUITE_PLUS_DEFAULT,DEFEND_ONE_FROM_MANY,214,6,,3677,0,1
9111,MUTANT_ANNOTATED_SINGLE_METHOD,ATTACK_DEFAULT,216,5,,,0,1
9112,TEST_FULL_SUITE_PLUS_DEFAULT,DEFEND_DEFAULT,216,6,,,0,1
9113,MUTANT_ANNOTATED_SINGLE_METHOD,ATTACK_DEPENDENCIES,216,5,2852,,0,1
9114,TEST_FULL_SUITE_PLUS_DEFAULT,DEFEND_ONE_FROM_MANY,216,6,,,0,1
9115,TEST_FULL_SUITE_PLUS_DEFAULT,DEFEND_ONE_FROM_MANY,216,6,,3678,0,1
9116,MUTANT_ANNOTATED_SINGLE_METHOD,ATTACK_DEFAULT,214,5,,,0,1
9117,MUTANT_ANNOTATED_SINGLE_METHOD,ATTACK_DEPENDENCIES,214,5,2854,,0,1
9118,TEST_FULL_SUITE_PLUS_DEFAULT,DEFEND_ONE_FROM_MANY,215,6,,3679,0,1
9119,TEST_FULL_SUITE_PLUS_DEFAULT,DEFEND_ONE_FROM_MANY,214,6,,3680,0,1
9120,MUTANT_ANNOTATED_SINGLE_METHOD,ATTACK_DEFAULT,216,5,,,0,1
9121,MUTANT_ANNOTATED_SINGLE_METHOD,ATTACK_DEPENDENCIES,216,5,2853,,0,1
9122,TEST_FULL_SUITE_PLUS_DEFAULT,DEFEND_ONE_FROM_MANY,216,6,,3681,0,1
9123,TEST_FULL_SUITE_PLUS_DEFAULT,DEFEND_ONE_FROM_MANY,215,6,,3682,0,1
9124,TEST_FULL_SUITE_PLUS_DEFAULT,DEFEND_ONE_FROM_MANY,214,6,,3683,0,1
9125,MUTANT_ANNOTATED_SINGLE_METHOD,ATTACK_DEFAULT,216,5,,,0,1
9126,MUTANT_ANNOTATED_SINGLE_METHOD,ATTACK_DEPENDENCIES,216,5,2857,,0,1
9127,TEST_FULL_SUITE_PLUS_DEFAULT,DEFEND_ONE_FROM_MANY,216,6,,3684,0,1
9128,MUTANT_ANNOTATED_SINGLE_METHOD,ATTACK_DEFAULT,215,5,,,0,1
9129,MUTANT_ANNOTATED_SINGLE_METHOD,ATTACK_DEFAULT,214,5,,,0,1
9130,MUTANT_ANNOTATED_SINGLE_METHOD,ATTACK_DEPENDENCIES,215,5,2856,,0,1
9131,MUTANT_ANNOTATED_SINGLE_METHOD,ATTACK_DEPENDENCIES,214,5,2858,,0,1
9132,TEST_FULL_SUITE_PLUS_DEFAULT,DEFEND_ONE_FROM_MANY,215,6,,3685,0,1
9133,TEST_FULL_SUITE_PLUS_DEFAULT,DEFEND_ONE_FROM_MANY,214,6,,3686,0,1
9134,TEST_FULL_SUITE_PLUS_DEFAULT,DEFEND_ONE_FROM_MANY,216,6,,3687,0,1
9135,MUTANT_ANNOTATED_SINGLE_METHOD,ATTACK_DEFAULT,215,5,,,0,1
9136,MUTANT_ANNOTATED_SINGLE_METHOD,ATTACK_DEPENDENCIES,215,5,2859,,0,1
9137,MUTANT_ANNOTATED_SINGLE_METHOD,ATTACK_DEFAULT,216,5,,,0,1
9138,MUTANT_ANNOTATED_SINGLE_METHOD,ATTACK_DEPENDENCIES,216,5,2860,,0,1
9139,MUTANT_ANNOTATED_SINGLE_METHOD,ATTACK_DEFAULT,214,5,,,0,1
9140,MUTANT_ANNOTATED_SINGLE_METHOD,ATTACK_DEPENDENCIES,214,5,2861,,0,1
9141,TEST_FULL_SUITE_PLUS_DEFAULT,DEFEND_ONE_FROM_MANY,215,6,,3688,0,1
9142,TEST_FULL_SUITE_PLUS_DEFAULT,DEFEND_ONE_FROM_MANY,214,6,,3689,0,1
9143,TEST_FULL_SUITE_PLUS_DEFAULT,DEFEND_ONE_FROM_MANY,216,6,,3690,0,1
9144,MUTANT_ANNOTATED_SINGLE_METHOD,ATTACK_DEFAULT,215,5,,,0,1
9145,MUTANT_ANNOTATED_SINGLE_METHOD,ATTACK_DEPENDENCIES,215,5,2862,,0,1
9146,MUTANT_ANNOTATED_SINGLE_METHOD,ATTACK_DEFAULT,216,5,,,0,1
9147,MUTANT_ANNOTATED_SINGLE_METHOD,ATTACK_DEPENDENCIES,216,5,2863,,0,1
9148,TEST_FULL_SUITE_PLUS_DEFAULT,DEFEND_ONE_FROM_MANY,215,6,,3691,0,1
9149,TEST_FULL_SUITE_PLUS_DEFAULT,DEFEND_ONE_FROM_MANY,214,6,,3692,0,1
9150,TEST_FULL_SUITE_PLUS_DEFAULT,DEFEND_ONE_FROM_MANY,216,6,,3693,0,1
9151,MUTANT_ANNOTATED_SINGLE_METHOD,ATTACK_DEFAULT,215,5,,,0,1
9152,MUTANT_ANNOTATED_SINGLE_METHOD,ATTACK_DEFAULT,214,5,,,0,1
9153,MUTANT_ANNOTATED_SINGLE_METHOD,ATTACK_DEPENDENCIES,215,5,2864,,0,1
9154,MUTANT_ANNOTATED_SINGLE_METHOD,ATTACK_DEPENDENCIES,214,5,2865,,0,1
9155,TEST_FULL_SUITE_PLUS_DEFAULT,DEFEND_ONE_FROM_MANY,215,6,,3694,0,1
9156,TEST_FULL_SUITE_PLUS_DEFAULT,DEFEND_ONE_FROM_MANY,214,6,,3695,0,1
9157,MUTANT_ANNOTATED_SINGLE_METHOD,ATTACK_DEFAULT,216,5,,,0,1
9158,MUTANT_ANNOTATED_SINGLE_METHOD,ATTACK_DEPENDENCIES,216,5,2867,,0,1
9159,TEST_FULL_SUITE_PLUS_DEFAULT,DEFEND_ONE_FROM_MANY,216,6,,3696,0,1
9160,MUTANT_ANNOTATED_SINGLE_METHOD,ATTACK_DEFAULT,215,5,,,0,1
9161,MUTANT_ANNOTATED_SINGLE_METHOD,ATTACK_DEPENDENCIES,215,5,2866,,0,1
9162,MUTANT_ANNOTATED_SINGLE_METHOD,ATTACK_DEFAULT,214,5,,,0,1
9163,MUTANT_ANNOTATED_SINGLE_METHOD,ATTACK_DEPENDENCIES,214,5,2869,,0,1
9164,TEST_FULL_SUITE_PLUS_DEFAULT,DEFEND_ONE_FROM_MANY,215,6,,3697,0,1
9165,TEST_FULL_SUITE_PLUS_DEFAULT,DEFEND_ONE_FROM_MANY,214,6,,3710,0,1
9166,TEST_FULL_SUITE_PLUS_DEFAULT,DEFEND_ONE_FROM_MANY,216,6,,3699,0,1
9167,MUTANT_ANNOTATED_SINGLE_METHOD,ATTACK_DEFAULT,215,5,,,0,1
9168,MUTANT_ANNOTATED_SINGLE_METHOD,ATTACK_DEPENDENCIES,215,5,2870,,0,1
9169,MUTANT_ANNOTATED_SINGLE_METHOD,ATTACK_DEFAULT,216,5,,,0,1
9170,MUTANT_ANNOTATED_SINGLE_METHOD,ATTACK_DEPENDENCIES,216,5,2868,,0,1
9171,TEST_FULL_SUITE_PLUS_DEFAULT,DEFEND_ONE_FROM_MANY,215,6,,3700,0,1
9172,TEST_FULL_SUITE_PLUS_DEFAULT,DEFEND_ONE_FROM_MANY,216,6,,3708,0,1
9173,MUTANT_ANNOTATED_SINGLE_METHOD,ATTACK_DEFAULT,216,5,,,0,1
9174,MUTANT_ANNOTATED_SINGLE_METHOD,ATTACK_DEPENDENCIES,216,5,2871,,0,1
9175,MUTANT_ANNOTATED_SINGLE_METHOD,ATTACK_DEFAULT,214,5,,,0,1
9176,MUTANT_ANNOTATED_SINGLE_METHOD,ATTACK_DEPENDENCIES,214,5,2873,,0,1
9177,TEST_FULL_SUITE_PLUS_DEFAULT,DEFEND_ONE_FROM_MANY,215,6,,3703,0,1
9178,MUTANT_ANNOTATED_SINGLE_METHOD,ATTACK_DEFAULT,215,5,,,0,1
9179,MUTANT_ANNOTATED_SINGLE_METHOD,ATTACK_DEPENDENCIES,215,5,2872,,0,1
9180,MUTANT_ANNOTATED_SINGLE_METHOD,ATTACK_DEFAULT,216,5,,,0,1
9181,MUTANT_ANNOTATED_SINGLE_METHOD,ATTACK_DEPENDENCIES,216,5,2874,,0,1
9182,TEST_FULL_SUITE_PLUS_DEFAULT,DEFEND_ONE_FROM_MANY,215,6,,3706,0,1
9183,MUTANT_ANNOTATED_SINGLE_METHOD,ATTACK_DEFAULT,215,5,,,0,1
9184,MUTANT_ANNOTATED_SINGLE_METHOD,ATTACK_DEFAULT,214,5,,,0,1
9185,MUTANT_ANNOTATED_SINGLE_METHOD,ATTACK_DEPENDENCIES,215,5,2875,,0,1
9186,MUTANT_ANNOTATED_SINGLE_METHOD,ATTACK_DEPENDENCIES,214,5,2876,,0,1
9187,TEST_FULL_SUITE_PLUS_DEFAULT,DEFEND_ONE_FROM_MANY,215,6,,3709,0,1
9188,MUTANT_ANNOTATED_SINGLE_METHOD,ATTACK_DEFAULT,216,5,,,0,1
9189,TEST_FULL_SUITE_PLUS_DEFAULT,DEFEND_ONE_FROM_MANY,216,6,,,0,1
9190,MUTANT_ANNOTATED_SINGLE_METHOD,ATTACK_DEPENDENCIES,216,5,2877,,0,1
9191,MUTANT_ANNOTATED_SINGLE_METHOD,ATTACK_DEFAULT,215,5,,,0,1
9192,MUTANT_ANNOTATED_SINGLE_METHOD,ATTACK_DEPENDENCIES,215,5,2878,,0,1
9193,TEST_FULL_SUITE_PLUS_DEFAULT,DEFEND_ONE_FROM_MANY,216,6,,3711,0,1
9194,MUTANT_ANNOTATED_SINGLE_METHOD,ATTACK_DEFAULT,214,5,,,0,1
9195,TEST_FULL_SUITE_PLUS_DEFAULT,DEFEND_ONE_FROM_MANY,214,6,,,0,1
9196,MUTANT_ANNOTATED_SINGLE_METHOD,ATTACK_DEPENDENCIES,214,5,2879,,0,1
9197,TEST_FULL_SUITE_PLUS_DEFAULT,DEFEND_ONE_FROM_MANY,215,6,,3712,0,1
9198,TEST_FULL_SUITE_PLUS_DEFAULT,DEFEND_ONE_FROM_MANY,214,6,,3713,0,1
9199,MUTANT_ANNOTATED_SINGLE_METHOD,ATTACK_DEFAULT,216,5,,,0,1
9200,MUTANT_ANNOTATED_SINGLE_METHOD,ATTACK_DEPENDENCIES,216,5,2881,,0,1
9201,TEST_FULL_SUITE_PLUS_DEFAULT,DEFEND_ONE_FROM_MANY,216,6,,3714,0,1
9202,MUTANT_ANNOTATED_SINGLE_METHOD,ATTACK_DEFAULT,215,5,,,0,1
9203,MUTANT_ANNOTATED_SINGLE_METHOD,ATTACK_DEFAULT,214,5,,,0,1
9204,MUTANT_ANNOTATED_SINGLE_METHOD,ATTACK_DEPENDENCIES,215,5,2880,,0,1
9205,MUTANT_ANNOTATED_SINGLE_METHOD,ATTACK_DEPENDENCIES,214,5,2882,,0,1
9206,TEST_FULL_SUITE_PLUS_DEFAULT,DEFEND_ONE_FROM_MANY,215,6,,3715,0,1
9207,TEST_FULL_SUITE_PLUS_DEFAULT,DEFEND_ONE_FROM_MANY,214,6,,3716,0,1
9208,TEST_FULL_SUITE_PLUS_DEFAULT,DEFEND_ONE_FROM_MANY,216,6,,3717,0,1
9209,MUTANT_ANNOTATED_SINGLE_METHOD,ATTACK_DEFAULT,215,5,,,0,1
9210,MUTANT_ANNOTATED_SINGLE_METHOD,ATTACK_DEPENDENCIES,215,5,2883,,0,1
9211,TEST_FULL_SUITE_PLUS_DEFAULT,DEFEND_ONE_FROM_MANY,215,6,,3718,0,1
9212,TEST_FULL_SUITE_PLUS_DEFAULT,DEFEND_ONE_FROM_MANY,214,6,,3719,0,1
9213,MUTANT_ANNOTATED_SINGLE_METHOD,ATTACK_DEFAULT,216,5,,,0,1
9214,MUTANT_ANNOTATED_SINGLE_METHOD,ATTACK_DEPENDENCIES,216,5,2885,,0,1
9215,TEST_FULL_SUITE_PLUS_DEFAULT,DEFEND_ONE_FROM_MANY,216,6,,3720,0,1
9216,MUTANT_ANNOTATED_SINGLE_METHOD,ATTACK_DEFAULT,214,5,,,0,1
9217,MUTANT_ANNOTATED_SINGLE_METHOD,ATTACK_DEPENDENCIES,214,5,2884,,0,1
9218,MUTANT_ANNOTATED_SINGLE_METHOD,ATTACK_DEFAULT,215,5,,,0,1
9219,MUTANT_ANNOTATED_SINGLE_METHOD,ATTACK_DEPENDENCIES,215,5,2888,,0,1
9220,TEST_FULL_SUITE_PLUS_DEFAULT,DEFEND_ONE_FROM_MANY,215,6,,3721,0,1
9221,TEST_FULL_SUITE_PLUS_DEFAULT,DEFEND_ONE_FROM_MANY,214,6,,3722,0,1
9222,MUTANT_ANNOTATED_SINGLE_METHOD,ATTACK_DEFAULT,214,5,,,0,1
9223,MUTANT_ANNOTATED_SINGLE_METHOD,ATTACK_DEPENDENCIES,214,5,2886,,0,1
9224,TEST_FULL_SUITE_PLUS_DEFAULT,DEFEND_ONE_FROM_MANY,216,6,,3723,0,1
9225,MUTANT_ANNOTATED_SINGLE_METHOD,ATTACK_DEFAULT,216,5,,,0,1
9226,MUTANT_ANNOTATED_SINGLE_METHOD,ATTACK_DEPENDENCIES,216,5,2887,,0,1
9227,TEST_FULL_SUITE_PLUS_DEFAULT,DEFEND_ONE_FROM_MANY,215,6,,3724,0,1
9228,TEST_FULL_SUITE_PLUS_DEFAULT,DEFEND_ONE_FROM_MANY,214,6,,3725,0,1
9229,MUTANT_ANNOTATED_SINGLE_METHOD,ATTACK_DEFAULT,214,5,,,0,1
9230,MUTANT_ANNOTATED_SINGLE_METHOD,ATTACK_DEPENDENCIES,214,5,2889,,0,1
9231,TEST_FULL_SUITE_PLUS_DEFAULT,DEFEND_ONE_FROM_MANY,216,6,,3726,0,1
9232,MUTANT_ANNOTATED_SINGLE_METHOD,ATTACK_DEFAULT,216,5,,,0,1
9233,MUTANT_ANNOTATED_SINGLE_METHOD,ATTACK_DEPENDENCIES,216,5,2891,,0,1
9234,MUTANT_ANNOTATED_SINGLE_METHOD,ATTACK_DEFAULT,215,5,,,0,1
9235,MUTANT_ANNOTATED_SINGLE_METHOD,ATTACK_DEPENDENCIES,215,5,2890,,0,1
9236,TEST_FULL_SUITE_PLUS_DEFAULT,DEFEND_ONE_FROM_MANY,215,6,,3727,0,1
9237,TEST_FULL_SUITE_PLUS_DEFAULT,DEFEND_ONE_FROM_MANY,214,6,,3728,0,1
9238,TEST_FULL_SUITE_PLUS_DEFAULT,DEFEND_ONE_FROM_MANY,216,6,,3729,0,1
9239,MUTANT_ANNOTATED_SINGLE_METHOD,ATTACK_DEFAULT,215,5,,,0,1
9240,MUTANT_ANNOTATED_SINGLE_METHOD,ATTACK_DEFAULT,214,5,,,0,1
9241,MUTANT_ANNOTATED_SINGLE_METHOD,ATTACK_DEPENDENCIES,215,5,2893,,0,1
9242,MUTANT_ANNOTATED_SINGLE_METHOD,ATTACK_DEPENDENCIES,214,5,2892,,0,1
9243,TEST_FULL_SUITE_PLUS_DEFAULT,DEFEND_ONE_FROM_MANY,214,6,,3731,0,1
9244,TEST_FULL_SUITE_PLUS_DEFAULT,DEFEND_ONE_FROM_MANY,215,6,,3730,0,1
9245,MUTANT_ANNOTATED_SINGLE_METHOD,ATTACK_DEFAULT,216,5,,,0,1
9246,MUTANT_ANNOTATED_SINGLE_METHOD,ATTACK_DEPENDENCIES,216,5,2895,,0,1
9247,TEST_FULL_SUITE_PLUS_DEFAULT,DEFEND_ONE_FROM_MANY,216,6,,3732,0,1
9248,MUTANT_ANNOTATED_SINGLE_METHOD,ATTACK_EQUIVALENCE,216,5,,,0,1
9249,MUTANT_ANNOTATED_SINGLE_METHOD,ATTACK_DEFAULT,215,5,,,0,1
9250,MUTANT_ANNOTATED_SINGLE_METHOD,ATTACK_DEFAULT,214,5,,,0,1
9251,MUTANT_ANNOTATED_SINGLE_METHOD,ATTACK_DEPENDENCIES,215,5,2896,,0,1
9252,MUTANT_ANNOTATED_SINGLE_METHOD,ATTACK_DEPENDENCIES,214,5,2894,,0,1
9253,TEST_FULL_SUITE_PLUS_DEFAULT,DEFEND_ONE_FROM_MANY,214,6,,3735,0,1
9254,TEST_FULL_SUITE_PLUS_DEFAULT,DEFEND_ONE_FROM_MANY,215,6,,3734,0,1
9255,TEST_FULL_SUITE_PLUS_DEFAULT,DEFEND_ONE_FROM_MANY,216,6,,3736,0,1
9256,MUTANT_ANNOTATED_SINGLE_METHOD,ATTACK_DEFAULT,214,5,,,0,1
9257,MUTANT_ANNOTATED_SINGLE_METHOD,ATTACK_DEFAULT,216,5,,,0,1
9258,MUTANT_ANNOTATED_SINGLE_METHOD,ATTACK_DEPENDENCIES,214,5,2898,,0,1
9259,MUTANT_ANNOTATED_SINGLE_METHOD,ATTACK_DEPENDENCIES,216,5,2897,,0,1
9260,TEST_FULL_SUITE_PLUS_DEFAULT,DEFEND_ONE_FROM_MANY,215,6,,3737,0,1
9261,TEST_FULL_SUITE_PLUS_DEFAULT,DEFEND_ONE_FROM_MANY,214,6,,3738,0,1
9262,TEST_FULL_SUITE_PLUS_DEFAULT,DEFEND_ONE_FROM_MANY,216,6,,3739,0,1
9263,MUTANT_ANNOTATED_SINGLE_METHOD,ATTACK_DEFAULT,215,5,,,0,1
9264,MUTANT_ANNOTATED_SINGLE_METHOD,ATTACK_DEPENDENCIES,215,5,2899,,0,1
9265,MUTANT_ANNOTATED_SINGLE_METHOD,ATTACK_DEFAULT,216,5,,,0,1
9266,MUTANT_ANNOTATED_SINGLE_METHOD,ATTACK_DEPENDENCIES,216,5,2900,,0,1
9267,TEST_FULL_SUITE_PLUS_DEFAULT,DEFEND_ONE_FROM_MANY,215,6,,3740,0,1
9268,TEST_FULL_SUITE_PLUS_DEFAULT,DEFEND_ONE_FROM_MANY,214,6,,3741,0,1
9269,TEST_FULL_SUITE_PLUS_DEFAULT,DEFEND_ONE_FROM_MANY,216,6,,3742,0,1
9270,MUTANT_ANNOTATED_SINGLE_METHOD,ATTACK_DEFAULT,215,5,,,0,1
9271,MUTANT_ANNOTATED_SINGLE_METHOD,ATTACK_DEFAULT,214,5,,,0,1
9272,MUTANT_ANNOTATED_SINGLE_METHOD,ATTACK_DEPENDENCIES,215,5,2901,,0,1
9273,MUTANT_ANNOTATED_SINGLE_METHOD,ATTACK_DEPENDENCIES,214,5,2903,,0,1
9274,MUTANT_ANNOTATED_SINGLE_METHOD,ATTACK_DEFAULT,216,5,,,0,1
9275,MUTANT_ANNOTATED_SINGLE_METHOD,ATTACK_DEPENDENCIES,216,5,2902,,0,1
9276,TEST_FULL_SUITE_PLUS_DEFAULT,DEFEND_ONE_FROM_MANY,215,6,,3743,0,1
9277,TEST_FULL_SUITE_PLUS_DEFAULT,DEFEND_ONE_FROM_MANY,214,6,,3744,0,1
9278,TEST_FULL_SUITE_PLUS_DEFAULT,DEFEND_ONE_FROM_MANY,216,6,,3745,0,1
9279,MUTANT_ANNOTATED_SINGLE_METHOD,ATTACK_DEFAULT,215,5,,,0,1
9280,MUTANT_ANNOTATED_SINGLE_METHOD,ATTACK_DEPENDENCIES,215,5,2904,,0,1
9281,MUTANT_ANNOTATED_SINGLE_METHOD,ATTACK_DEFAULT,214,5,,,0,1
9282,MUTANT_ANNOTATED_SINGLE_METHOD,ATTACK_DEFAULT,216,5,,,0,1
9283,MUTANT_ANNOTATED_SINGLE_METHOD,ATTACK_DEPENDENCIES,214,5,2907,,0,1
9284,MUTANT_ANNOTATED_SINGLE_METHOD,ATTACK_DEPENDENCIES,216,5,2905,,0,1
9285,TEST_FULL_SUITE_PLUS_DEFAULT,DEFEND_ONE_FROM_MANY,215,6,,3746,0,1
9286,TEST_FULL_SUITE_PLUS_DEFAULT,DEFEND_ONE_FROM_MANY,214,6,,3747,0,1
9287,TEST_FULL_SUITE_PLUS_DEFAULT,DEFEND_ONE_FROM_MANY,216,6,,3748,0,1
9288,MUTANT_ANNOTATED_SINGLE_METHOD,ATTACK_DEFAULT,215,5,,,0,1
9289,MUTANT_ANNOTATED_SINGLE_METHOD,ATTACK_DEPENDENCIES,215,5,2906,,0,1
9290,MUTANT_ANNOTATED_SINGLE_METHOD,ATTACK_EQUIVALENCE,216,5,,,0,1
9291,TEST_FULL_SUITE_PLUS_DEFAULT,DEFEND_FOCUS,215,6,,3753,0,1
9292,TEST_FULL_SUITE_PLUS_DEFAULT,DEFEND_ONE_FROM_MANY,214,6,,3750,0,1
9293,TEST_FULL_SUITE_PLUS_DEFAULT,DEFEND_ONE_FROM_MANY,216,6,,3752,0,1
9294,MUTANT_ANNOTATED_SINGLE_METHOD,ATTACK_DEFAULT,215,5,,,0,1
9295,MUTANT_ANNOTATED_SINGLE_METHOD,ATTACK_DEPENDENCIES,215,5,2909,,0,1
9296,MUTANT_ANNOTATED_SINGLE_METHOD,ATTACK_DEFAULT,216,5,,,0,1
9297,MUTANT_ANNOTATED_SINGLE_METHOD,ATTACK_DEPENDENCIES,216,5,2908,,0,1
9298,MUTANT_ANNOTATED_SINGLE_METHOD,ATTACK_DEFAULT,214,5,,,0,1
9299,TEST_FULL_SUITE_PLUS_DEFAULT,DEFEND_FOCUS,214,6,,3756,0,1
9300,MUTANT_ANNOTATED_SINGLE_METHOD,ATTACK_DEPENDENCIES,214,5,2910,,0,1
9301,TEST_FULL_SUITE_PLUS_DEFAULT,DEFEND_ONE_FROM_MANY,216,6,,3755,0,1
9302,MUTANT_ANNOTATED_SINGLE_METHOD,ATTACK_DEFAULT,215,5,,,0,1
9303,MUTANT_ANNOTATED_SINGLE_METHOD,ATTACK_DEPENDENCIES,215,5,,,0,0
9304,MUTANT_ANNOTATED_SINGLE_METHOD,ATTACK_DEFAULT,216,5,,,0,1
9305,MUTANT_ANNOTATED_SINGLE_METHOD,ATTACK_DEPENDENCIES,216,5,2911,,0,1
9306,TEST_FULL_SUITE_PLUS_DEFAULT,DEFEND_FOCUS,215,6,,,0,0
9307,MUTANT_ANNOTATED_SINGLE_METHOD,ATTACK_DEFAULT,214,5,,,0,1
9308,MUTANT_ANNOTATED_SINGLE_METHOD,ATTACK_DEPENDENCIES,214,5,2912,,0,1
9309,TEST_FULL_SUITE_PLUS_DEFAULT,DEFEND_ONE_FROM_MANY,216,6,,3757,0,1
9310,MUTANT_ANNOTATED_SINGLE_METHOD,ATTACK_DEFAULT,216,5,,,0,1
9311,MUTANT_ANNOTATED_SINGLE_METHOD,ATTACK_DEPENDENCIES,216,5,2913,,0,1
9312,TEST_FULL_SUITE_PLUS_DEFAULT,DEFEND_FOCUS,214,6,,3760,0,1
9313,TEST_FULL_SUITE_PLUS_DEFAULT,DEFEND_ONE_FROM_MANY,216,6,,3759,0,1
9314,MUTANT_ANNOTATED_SINGLE_METHOD,ATTACK_DEFAULT,214,5,,,0,1
9315,MUTANT_ANNOTATED_SINGLE_METHOD,ATTACK_DEFAULT,216,5,,,0,1
9316,MUTANT_ANNOTATED_SINGLE_METHOD,ATTACK_DEPENDENCIES,214,5,2914,,0,1
9317,MUTANT_ANNOTATED_SINGLE_METHOD,ATTACK_DEPENDENCIES,216,5,2916,,0,1
9318,MUTANT_ANNOTATED_SINGLE_METHOD,ATTACK_DEPENDENCIES,215,5,2915,,0,1
9319,TEST_FULL_SUITE_PLUS_DEFAULT,DEFEND_FOCUS,216,6,,3762,0,1
9320,MUTANT_ANNOTATED_SINGLE_METHOD,ATTACK_DEFAULT,215,5,,,0,1
9321,MUTANT_ANNOTATED_SINGLE_METHOD,ATTACK_DEFAULT,214,5,,,0,1
9322,MUTANT_ANNOTATED_SINGLE_METHOD,ATTACK_DEPENDENCIES,215,5,2917,,0,1
9323,MUTANT_ANNOTATED_SINGLE_METHOD,ATTACK_DEPENDENCIES,214,5,2918,,0,1
9324,TEST_FULL_SUITE_PLUS_DEFAULT,DEFEND_FOCUS,214,6,,3763,0,1
9325,MUTANT_ANNOTATED_SINGLE_METHOD,ATTACK_DEFAULT,216,5,,,0,1
9326,MUTANT_ANNOTATED_SINGLE_METHOD,ATTACK_DEPENDENCIES,216,5,2919,,0,1
9327,TEST_FULL_SUITE_PLUS_DEFAULT,DEFEND_FOCUS,216,6,,3765,0,1
9328,MUTANT_ANNOTATED_SINGLE_METHOD,ATTACK_DEFAULT,215,5,,,0,1
9329,MUTANT_ANNOTATED_SINGLE_METHOD,ATTACK_DEPENDENCIES,215,5,2920,,0,1
9330,TEST_FULL_SUITE_PLUS_DEFAULT,DEFEND_FOCUS,215,6,,3771,0,1
9331,TEST_FULL_SUITE_PLUS_DEFAULT,DEFEND_FOCUS,214,6,,3766,0,1
9332,TEST_FULL_SUITE_PLUS_DEFAULT,DEFEND_FOCUS,216,6,,3770,0,1
9333,MUTANT_ANNOTATED_SINGLE_METHOD,ATTACK_DEFAULT,214,5,,,0,1
9334,MUTANT_ANNOTATED_SINGLE_METHOD,ATTACK_DEPENDENCIES,214,5,2921,,0,1
9335,MUTANT_ANNOTATED_SINGLE_METHOD,ATTACK_DEFAULT,215,5,,,0,1
9336,TEST_FULL_SUITE_PLUS_DEFAULT,DEFEND_DEFAULT,214,6,,3772,0,1
9337,MUTANT_ANNOTATED_SINGLE_METHOD,ATTACK_DEPENDENCIES,215,5,2923,,0,1
9338,MUTANT_ANNOTATED_SINGLE_METHOD,ATTACK_DEFAULT,216,5,,,0,1
9339,MUTANT_ANNOTATED_SINGLE_METHOD,ATTACK_DEPENDENCIES,216,5,2922,,0,1
9340,MUTANT_ANNOTATED_SINGLE_METHOD,ATTACK_DEFAULT,214,5,,,0,1
9341,MUTANT_ANNOTATED_SINGLE_METHOD,ATTACK_DEPENDENCIES,214,5,2924,,0,1
9342,MUTANT_ANNOTATED_SINGLE_METHOD,ATTACK_DEFAULT,215,5,,,0,1
9343,MUTANT_ANNOTATED_SINGLE_METHOD,ATTACK_DEPENDENCIES,215,5,2926,,0,1
9344,MUTANT_ANNOTATED_SINGLE_METHOD,ATTACK_DEFAULT,216,5,,,0,1
9345,MUTANT_ANNOTATED_SINGLE_METHOD,ATTACK_DEPENDENCIES,216,5,2927,,0,1
9346,TEST_FULL_SUITE_PLUS_DEFAULT,DEFEND_FOCUS,216,6,,3773,0,1
9347,MUTANT_ANNOTATED_SINGLE_METHOD,ATTACK_DEFAULT,214,5,,,0,1
9348,MUTANT_ANNOTATED_SINGLE_METHOD,ATTACK_DEPENDENCIES,214,5,2925,,0,1
9349,TEST_FULL_SUITE_PLUS_DEFAULT,DEFEND_FOCUS,215,6,,3774,0,1
9350,TEST_FULL_SUITE_PLUS_DEFAULT,DEFEND_DEFAULT,214,6,,3775,0,1
9351,TEST_FULL_SUITE_PLUS_DEFAULT,DEFEND_FOCUS,216,6,,3778,0,1
9352,MUTANT_ANNOTATED_SINGLE_METHOD,ATTACK_DEFAULT,215,5,,,0,1
9353,MUTANT_ANNOTATED_SINGLE_METHOD,ATTACK_EQUIVALENCE,214,5,,,0,1
9354,MUTANT_ANNOTATED_SINGLE_METHOD,ATTACK_DEPENDENCIES,215,5,2928,,0,1
9355,TEST_FULL_SUITE_PLUS_DEFAULT,DEFEND_DEFAULT,214,6,,,0,0
9356,MUTANT_ANNOTATED_SINGLE_METHOD,ATTACK_DEFAULT,216,5,,,0,1
9357,TEST_FULL_SUITE_PLUS_DEFAULT,DEFEND_FOCUS,215,6,,3782,0,1
9358,MUTANT_ANNOTATED_SINGLE_METHOD,ATTACK_DEPENDENCIES,216,5,2930,,0,1
9359,MUTANT_ANNOTATED_SINGLE_METHOD,ATTACK_DEFAULT,214,5,,,0,1
9360,MUTANT_ANNOTATED_SINGLE_METHOD,ATTACK_DEPENDENCIES,214,5,2929,,0,1
9361,MUTANT_ANNOTATED_SINGLE_METHOD,ATTACK_DEFAULT,215,5,,,0,1
9362,MUTANT_ANNOTATED_SINGLE_METHOD,ATTACK_DEPENDENCIES,215,5,2932,,0,1
9363,MUTANT_ANNOTATED_SINGLE_METHOD,ATTACK_DEFAULT,214,5,,,0,1
9364,MUTANT_ANNOTATED_SINGLE_METHOD,ATTACK_DEPENDENCIES,214,5,2931,,0,1
9365,MUTANT_ANNOTATED_SINGLE_METHOD,ATTACK_DEFAULT,216,5,,,0,1
9366,MUTANT_ANNOTATED_SINGLE_METHOD,ATTACK_DEPENDENCIES,216,5,2934,,0,1
9367,TEST_FULL_SUITE_PLUS_DEFAULT,DEFEND_FOCUS,216,6,,3781,0,1
9368,MUTANT_ANNOTATED_SINGLE_METHOD,ATTACK_DEFAULT,214,5,,,0,1
9369,MUTANT_ANNOTATED_SINGLE_METHOD,ATTACK_DEPENDENCIES,214,5,2933,,0,1
9370,MUTANT_ANNOTATED_SINGLE_METHOD,ATTACK_DEFAULT,215,5,,,0,1
9371,MUTANT_ANNOTATED_SINGLE_METHOD,ATTACK_DEPENDENCIES,215,5,2935,,0,1
9372,MUTANT_ANNOTATED_SINGLE_METHOD,ATTACK_DEFAULT,214,5,,,0,1
9373,MUTANT_ANNOTATED_SINGLE_METHOD,ATTACK_DEPENDENCIES,214,5,2936,,0,1
9374,MUTANT_ANNOTATED_SINGLE_METHOD,ATTACK_DEFAULT,216,5,,,0,1
9375,MUTANT_ANNOTATED_SINGLE_METHOD,ATTACK_DEPENDENCIES,216,5,2937,,0,1
9376,TEST_FULL_SUITE_PLUS_DEFAULT,DEFEND_FOCUS,216,6,,3785,0,1
9377,MUTANT_ANNOTATED_SINGLE_METHOD,ATTACK_DEFAULT,215,5,,,0,1
9378,MUTANT_ANNOTATED_SINGLE_METHOD,ATTACK_DEPENDENCIES,215,5,2940,,0,1
9379,MUTANT_ANNOTATED_SINGLE_METHOD,ATTACK_DEFAULT,214,5,,,0,1
9380,MUTANT_ANNOTATED_SINGLE_METHOD,ATTACK_DEPENDENCIES,214,5,2938,,0,1
9381,TEST_FULL_SUITE_PLUS_DEFAULT,DEFEND_FOCUS,215,6,,,0,0
9382,TEST_FULL_SUITE_PLUS_DEFAULT,DEFEND_DEFAULT,214,6,,,0,0
9383,MUTANT_ANNOTATED_SINGLE_METHOD,ATTACK_EQUIVALENCE,214,5,,,0,1
9384,MUTANT_ANNOTATED_SINGLE_METHOD,ATTACK_EQUIVALENCE,215,5,,,0,1
9385,TEST_FULL_SUITE_PLUS_DEFAULT,DEFEND_FOCUS,216,6,,3791,0,1
9386,MUTANT_ANNOTATED_SINGLE_METHOD,ATTACK_DEFAULT,216,5,,,0,1
9387,MUTANT_ANNOTATED_SINGLE_METHOD,ATTACK_EQUIVALENCE,215,5,,,0,1
9388,MUTANT_ANNOTATED_SINGLE_METHOD,ATTACK_DEPENDENCIES,216,5,2939,,0,1
9389,TEST_FULL_SUITE_PLUS_DEFAULT,DEFEND_FOCUS,214,6,,3790,0,1
9390,MUTANT_ANNOTATED_SINGLE_METHOD,ATTACK_DEFAULT,214,5,,,0,1
9391,MUTANT_ANNOTATED_SINGLE_METHOD,ATTACK_DEPENDENCIES,214,5,2941,,0,1
9392,MUTANT_ANNOTATED_SINGLE_METHOD,ATTACK_EQUIVALENCE,215,5,,,0,1
9393,MUTANT_ANNOTATED_SINGLE_METHOD,ATTACK_DEFAULT,216,5,,,0,1
9394,MUTANT_ANNOTATED_SINGLE_METHOD,ATTACK_DEPENDENCIES,216,5,2943,,0,1
9395,MUTANT_ANNOTATED_SINGLE_METHOD,ATTACK_EQUIVALENCE,215,5,,,0,1
9396,TEST_FULL_SUITE_PLUS_DEFAULT,DEFEND_FOCUS,216,6,,3798,0,1
9397,MUTANT_ANNOTATED_SINGLE_METHOD,ATTACK_EQUIVALENCE,215,5,,,0,1
9398,TEST_FULL_SUITE_PLUS_DEFAULT,DEFEND_FOCUS,215,6,,3797,0,1
9399,MUTANT_ANNOTATED_SINGLE_METHOD,ATTACK_DEFAULT,215,5,,,0,1
9400,MUTANT_ANNOTATED_SINGLE_METHOD,ATTACK_DEPENDENCIES,215,5,2942,,0,1
9401,MUTANT_ANNOTATED_SINGLE_METHOD,ATTACK_DEFAULT,214,5,,,0,1
9402,MUTANT_ANNOTATED_SINGLE_METHOD,ATTACK_DEPENDENCIES,214,5,2945,,0,1
9403,TEST_FULL_SUITE_PLUS_DEFAULT,DEFEND_FOCUS,215,6,,3799,0,1
9404,TEST_FULL_SUITE_PLUS_DEFAULT,DEFEND_DEFAULT,214,6,,3807,0,1
9405,MUTANT_ANNOTATED_SINGLE_METHOD,ATTACK_DEFAULT,215,5,,,0,1
9406,MUTANT_ANNOTATED_SINGLE_METHOD,ATTACK_DEPENDENCIES,215,5,2944,,0,1
9407,TEST_FULL_SUITE_PLUS_DEFAULT,DEFEND_DEFAULT,216,6,,3800,0,1
9408,MUTANT_ANNOTATED_SINGLE_METHOD,ATTACK_EQUIVALENCE,216,5,,,0,1
9409,MUTANT_ANNOTATED_SINGLE_METHOD,ATTACK_EQUIVALENCE,216,5,,,0,1
9410,TEST_FULL_SUITE_PLUS_DEFAULT,DEFEND_FOCUS,215,6,,3806,0,1
9411,MUTANT_ANNOTATED_SINGLE_METHOD,ATTACK_DEFAULT,216,5,,,0,1
9412,MUTANT_ANNOTATED_SINGLE_METHOD,ATTACK_DEPENDENCIES,216,5,2947,,0,1
9413,MUTANT_ANNOTATED_SINGLE_METHOD,ATTACK_EQUIVALENCE,215,5,,,0,1
9414,TEST_FULL_SUITE_PLUS_DEFAULT,DEFEND_DEFAULT,216,6,,3809,0,1
9415,MUTANT_ANNOTATED_SINGLE_METHOD,ATTACK_DEFAULT,215,5,,,0,1
9416,MUTANT_ANNOTATED_SINGLE_METHOD,ATTACK_DEPENDENCIES,215,5,2946,,0,1
9417,MUTANT_ANNOTATED_SINGLE_METHOD,ATTACK_DEFAULT,214,5,,,0,1
9418,MUTANT_ANNOTATED_SINGLE_METHOD,ATTACK_DEPENDENCIES,214,5,2949,,0,1
9419,MUTANT_ANNOTATED_SINGLE_METHOD,ATTACK_EQUIVALENCE,214,5,,,0,1
9420,MUTANT_ANNOTATED_SINGLE_METHOD,ATTACK_DEFAULT,215,5,,,0,1
9421,MUTANT_ANNOTATED_SINGLE_METHOD,ATTACK_DEPENDENCIES,215,5,2948,,0,1
9422,MUTANT_ANNOTATED_SINGLE_METHOD,ATTACK_DEFAULT,216,5,,,0,1
9423,MUTANT_ANNOTATED_SINGLE_METHOD,ATTACK_DEPENDENCIES,216,5,,,0,0
9424,TEST_FULL_SUITE_PLUS_DEFAULT,DEFEND_DEFAULT,214,6,,3816,0,1
9425,TEST_FULL_SUITE_PLUS_DEFAULT,DEFEND_FOCUS,215,6,,3810,0,1
9426,MUTANT_ANNOTATED_SINGLE_METHOD,ATTACK_EQUIVALENCE,215,5,,,0,1
9427,TEST_FULL_SUITE_PLUS_DEFAULT,DEFEND_DEFAULT,216,6,,3815,0,1
9428,MUTANT_ANNOTATED_SINGLE_METHOD,ATTACK_DEFAULT,214,5,,,0,1
9429,MUTANT_ANNOTATED_SINGLE_METHOD,ATTACK_DEPENDENCIES,214,5,2950,,0,1
9430,TEST_FULL_SUITE_PLUS_DEFAULT,DEFEND_FOCUS,215,6,,3813,0,1
9431,MUTANT_ANNOTATED_SINGLE_METHOD,ATTACK_DEFAULT,215,5,,,0,1
9432,MUTANT_ANNOTATED_SINGLE_METHOD,ATTACK_DEPENDENCIES,215,5,2951,,0,1
9433,MUTANT_ANNOTATED_SINGLE_METHOD,ATTACK_EQUIVALENCE,215,5,,,0,1
9434,MUTANT_ANNOTATED_SINGLE_METHOD,ATTACK_DEFAULT,214,5,,,0,1
9435,MUTANT_ANNOTATED_SINGLE_METHOD,ATTACK_DEPENDENCIES,214,5,2952,,0,1
9436,MUTANT_ANNOTATED_SINGLE_METHOD,ATTACK_DEFAULT,215,5,,,0,1
9437,MUTANT_ANNOTATED_SINGLE_METHOD,ATTACK_DEPENDENCIES,215,5,2953,,0,1
9438,TEST_FULL_SUITE_PLUS_DEFAULT,DEFEND_FOCUS,215,6,,3817,0,1
9439,MUTANT_ANNOTATED_SINGLE_METHOD,ATTACK_DEPENDENCIES,216,5,,,0,0
9440,TEST_FULL_SUITE_PLUS_DEFAULT,DEFEND_DEFAULT,216,6,,,0,0
9441,MUTANT_ANNOTATED_SINGLE_METHOD,ATTACK_DEFAULT,214,5,,,0,1
9442,MUTANT_ANNOTATED_SINGLE_METHOD,ATTACK_DEPENDENCIES,214,5,2954,,0,1
9443,TEST_FULL_SUITE_PLUS_DEFAULT,DEFEND_FOCUS,215,6,,3818,0,1
9444,TEST_FULL_SUITE_PLUS_DEFAULT,DEFEND_FOCUS,214,6,,3821,0,1
9445,MUTANT_ANNOTATED_SINGLE_METHOD,ATTACK_DEFAULT,215,5,,,0,1
9446,MUTANT_ANNOTATED_SINGLE_METHOD,ATTACK_DEPENDENCIES,215,5,2955,,0,1
9447,MUTANT_ANNOTATED_SINGLE_METHOD,ATTACK_DEFAULT,214,5,,,0,1
9448,MUTANT_ANNOTATED_SINGLE_METHOD,ATTACK_DEPENDENCIES,214,5,2956,,0,1
9449,TEST_FULL_SUITE_PLUS_DEFAULT,DEFEND_FOCUS,215,6,,3820,0,1
9450,MUTANT_ANNOTATED_SINGLE_METHOD,ATTACK_DEPENDENCIES,216,5,,,0,0
9451,MUTANT_ANNOTATED_SINGLE_METHOD,ATTACK_DEFAULT,215,5,,,0,1
9452,MUTANT_ANNOTATED_SINGLE_METHOD,ATTACK_DEPENDENCIES,215,5,2957,,0,1
9453,MUTANT_ANNOTATED_SINGLE_METHOD,ATTACK_DEFAULT,214,5,,,0,1
9454,MUTANT_ANNOTATED_SINGLE_METHOD,ATTACK_DEPENDENCIES,214,5,2958,,0,1
9455,MUTANT_ANNOTATED_SINGLE_METHOD,ATTACK_EQUIVALENCE,214,5,,,0,1
9456,MUTANT_ANNOTATED_SINGLE_METHOD,ATTACK_DEFAULT,215,5,,,0,1
9457,MUTANT_ANNOTATED_SINGLE_METHOD,ATTACK_DEPENDENCIES,215,5,2959,,0,1
9458,TEST_FULL_SUITE_PLUS_DEFAULT,DEFEND_DEFAULT,215,6,,3824,0,1
9459,TEST_FULL_SUITE_PLUS_DEFAULT,DEFEND_FOCUS,214,6,,,1,0
9460,MUTANT_ANNOTATED_SINGLE_METHOD,ATTACK_DEPENDENCIES,216,5,,,1,0
9461,MUTANT_ANNOTATED_SINGLE_METHOD,ATTACK_DEFAULT,214,5,,,0,1
9462,MUTANT_ANNOTATED_SINGLE_METHOD,ATTACK_DEPENDENCIES,214,5,,,1,0
9463,MUTANT_ANNOTATED_SINGLE_METHOD,ATTACK_EQUIVALENCE,215,5,,,0,1
9464,TEST_FULL_SUITE_PLUS_DEFAULT,DEFEND_DEFAULT,216,6,,,1,0
9465,MUTANT_ANNOTATED_SINGLE_METHOD,ATTACK_DEFAULT,215,5,,,0,1
9466,MUTANT_ANNOTATED_SINGLE_METHOD,ATTACK_DEPENDENCIES,215,5,,,1,0
9467,MUTANT_ANNOTATED_SINGLE_METHOD,ATTACK_DEFAULT,218,5,,,0,1
9468,MUTANT_ANNOTATED_SINGLE_METHOD,ATTACK_DEFAULT,219,5,,,0,1
9469,MUTANT_ANNOTATED_SINGLE_METHOD,ATTACK_DEFAULT,217,5,,,0,1
9470,TEST_FULL_SUITE_PLUS_DEFAULT,DEFEND_DEFAULT,218,6,,,0,1
9471,TEST_FULL_SUITE_PLUS_DEFAULT,DEFEND_DEFAULT,219,6,,,0,1
9472,TEST_FULL_SUITE_PLUS_DEFAULT,DEFEND_DEFAULT,217,6,,,0,1
9473,MUTANT_ANNOTATED_SINGLE_METHOD,ATTACK_DEPENDENCIES,217,5,2962,,0,1
9474,MUTANT_ANNOTATED_SINGLE_METHOD,ATTACK_DEPENDENCIES,218,5,2960,,0,1
9475,MUTANT_ANNOTATED_SINGLE_METHOD,ATTACK_DEPENDENCIES,219,5,2961,,0,1
9476,TEST_FULL_SUITE_PLUS_DEFAULT,DEFEND_ONE_FROM_MANY,218,6,,,0,1
9477,TEST_FULL_SUITE_PLUS_DEFAULT,DEFEND_ONE_FROM_MANY,218,6,,3826,0,1
9478,TEST_FULL_SUITE_PLUS_DEFAULT,DEFEND_ONE_FROM_MANY,217,6,,,0,1
9479,TEST_FULL_SUITE_PLUS_DEFAULT,DEFEND_ONE_FROM_MANY,219,6,,,0,1
9480,TEST_FULL_SUITE_PLUS_DEFAULT,DEFEND_ONE_FROM_MANY,217,6,,3827,0,1
9481,TEST_FULL_SUITE_PLUS_DEFAULT,DEFEND_ONE_FROM_MANY,219,6,,3828,0,1
9482,MUTANT_ANNOTATED_SINGLE_METHOD,ATTACK_DEFAULT,218,5,,,0,1
9483,MUTANT_ANNOTATED_SINGLE_METHOD,ATTACK_DEFAULT,219,5,,,0,1
9484,MUTANT_ANNOTATED_SINGLE_METHOD,ATTACK_DEPENDENCIES,219,5,2963,,0,1
9485,MUTANT_ANNOTATED_SINGLE_METHOD,ATTACK_DEPENDENCIES,218,5,2964,,0,1
9486,TEST_FULL_SUITE_PLUS_DEFAULT,DEFEND_ONE_FROM_MANY,218,6,,3830,0,1
9487,TEST_FULL_SUITE_PLUS_DEFAULT,DEFEND_ONE_FROM_MANY,219,6,,3829,0,1
9488,TEST_FULL_SUITE_PLUS_DEFAULT,DEFEND_ONE_FROM_MANY,217,6,,3831,0,1
9489,MUTANT_ANNOTATED_SINGLE_METHOD,ATTACK_DEFAULT,217,5,,,0,1
9490,MUTANT_ANNOTATED_SINGLE_METHOD,ATTACK_DEPENDENCIES,217,5,2965,,0,1
9491,MUTANT_ANNOTATED_SINGLE_METHOD,ATTACK_DEFAULT,219,5,,,0,1
9492,MUTANT_ANNOTATED_SINGLE_METHOD,ATTACK_DEPENDENCIES,219,5,2966,,0,1
9493,TEST_FULL_SUITE_PLUS_DEFAULT,DEFEND_ONE_FROM_MANY,218,6,,3832,0,1
9494,TEST_FULL_SUITE_PLUS_DEFAULT,DEFEND_ONE_FROM_MANY,217,6,,3834,0,1
9495,TEST_FULL_SUITE_PLUS_DEFAULT,DEFEND_ONE_FROM_MANY,219,6,,3833,0,1
9496,MUTANT_ANNOTATED_SINGLE_METHOD,ATTACK_DEFAULT,218,5,,,0,1
9497,MUTANT_ANNOTATED_SINGLE_METHOD,ATTACK_DEFAULT,217,5,,,0,1
9498,MUTANT_ANNOTATED_SINGLE_METHOD,ATTACK_DEPENDENCIES,218,5,2968,,0,1
9499,MUTANT_ANNOTATED_SINGLE_METHOD,ATTACK_DEPENDENCIES,217,5,2967,,0,1
9500,MUTANT_ANNOTATED_SINGLE_METHOD,ATTACK_DEFAULT,219,5,,,0,1
9501,MUTANT_ANNOTATED_SINGLE_METHOD,ATTACK_DEPENDENCIES,219,5,2969,,0,1
9502,TEST_FULL_SUITE_PLUS_DEFAULT,DEFEND_ONE_FROM_MANY,218,6,,3835,0,1
9503,TEST_FULL_SUITE_PLUS_DEFAULT,DEFEND_ONE_FROM_MANY,217,6,,3837,0,1
9504,TEST_FULL_SUITE_PLUS_DEFAULT,DEFEND_ONE_FROM_MANY,219,6,,3836,0,1
9505,MUTANT_ANNOTATED_SINGLE_METHOD,ATTACK_DEFAULT,217,5,,,0,1
9506,MUTANT_ANNOTATED_SINGLE_METHOD,ATTACK_DEPENDENCIES,217,5,2970,,0,1
9507,MUTANT_ANNOTATED_SINGLE_METHOD,ATTACK_DEFAULT,218,5,,,0,1
9508,MUTANT_ANNOTATED_SINGLE_METHOD,ATTACK_DEPENDENCIES,218,5,2972,,0,1
9509,TEST_FULL_SUITE_PLUS_DEFAULT,DEFEND_ONE_FROM_MANY,218,6,,3839,0,1
9510,TEST_FULL_SUITE_PLUS_DEFAULT,DEFEND_ONE_FROM_MANY,219,6,,3840,0,1
9511,TEST_FULL_SUITE_PLUS_DEFAULT,DEFEND_ONE_FROM_MANY,217,6,,3838,0,1
9512,MUTANT_ANNOTATED_SINGLE_METHOD,ATTACK_DEFAULT,217,5,,,0,1
9513,MUTANT_ANNOTATED_SINGLE_METHOD,ATTACK_DEFAULT,219,5,,,0,1
9514,MUTANT_ANNOTATED_SINGLE_METHOD,ATTACK_DEPENDENCIES,219,5,2973,,0,1
9515,MUTANT_ANNOTATED_SINGLE_METHOD,ATTACK_DEPENDENCIES,217,5,2971,,0,1
9516,TEST_FULL_SUITE_PLUS_DEFAULT,DEFEND_ONE_FROM_MANY,218,6,,3841,0,1
9517,TEST_FULL_SUITE_PLUS_DEFAULT,DEFEND_ONE_FROM_MANY,219,6,,3842,0,1
9518,TEST_FULL_SUITE_PLUS_DEFAULT,DEFEND_ONE_FROM_MANY,217,6,,3843,0,1
9519,MUTANT_ANNOTATED_SINGLE_METHOD,ATTACK_DEFAULT,218,5,,,0,1
9520,MUTANT_ANNOTATED_SINGLE_METHOD,ATTACK_DEFAULT,217,5,,,0,1
9521,MUTANT_ANNOTATED_SINGLE_METHOD,ATTACK_DEFAULT,219,5,,,0,1
9522,MUTANT_ANNOTATED_SINGLE_METHOD,ATTACK_DEPENDENCIES,217,5,2976,,0,1
9523,MUTANT_ANNOTATED_SINGLE_METHOD,ATTACK_DEPENDENCIES,218,5,2974,,0,1
9524,MUTANT_ANNOTATED_SINGLE_METHOD,ATTACK_DEPENDENCIES,219,5,2975,,0,1
9525,TEST_FULL_SUITE_PLUS_DEFAULT,DEFEND_ONE_FROM_MANY,218,6,,3845,0,1
9526,TEST_FULL_SUITE_PLUS_DEFAULT,DEFEND_ONE_FROM_MANY,217,6,,3844,0,1
9527,TEST_FULL_SUITE_PLUS_DEFAULT,DEFEND_ONE_FROM_MANY,219,6,,3846,0,1
9528,MUTANT_ANNOTATED_SINGLE_METHOD,ATTACK_DEFAULT,218,5,,,0,1
9529,MUTANT_ANNOTATED_SINGLE_METHOD,ATTACK_DEFAULT,217,5,,,0,1
9530,MUTANT_ANNOTATED_SINGLE_METHOD,ATTACK_DEFAULT,219,5,,,0,1
9531,MUTANT_ANNOTATED_SINGLE_METHOD,ATTACK_DEPENDENCIES,218,5,2979,,0,1
9532,MUTANT_ANNOTATED_SINGLE_METHOD,ATTACK_DEPENDENCIES,217,5,2977,,0,1
9533,MUTANT_ANNOTATED_SINGLE_METHOD,ATTACK_DEPENDENCIES,219,5,2978,,0,1
9534,TEST_FULL_SUITE_PLUS_DEFAULT,DEFEND_ONE_FROM_MANY,218,6,,3847,0,1
9535,TEST_FULL_SUITE_PLUS_DEFAULT,DEFEND_ONE_FROM_MANY,217,6,,3848,0,1
9536,TEST_FULL_SUITE_PLUS_DEFAULT,DEFEND_ONE_FROM_MANY,219,6,,3849,0,1
9537,MUTANT_ANNOTATED_SINGLE_METHOD,ATTACK_DEFAULT,219,5,,,0,1
9538,MUTANT_ANNOTATED_SINGLE_METHOD,ATTACK_DEFAULT,217,5,,,0,1
9539,MUTANT_ANNOTATED_SINGLE_METHOD,ATTACK_DEPENDENCIES,217,5,2981,,0,1
9540,MUTANT_ANNOTATED_SINGLE_METHOD,ATTACK_DEPENDENCIES,219,5,2980,,0,1
9541,MUTANT_ANNOTATED_SINGLE_METHOD,ATTACK_DEFAULT,218,5,,,0,1
9542,MUTANT_ANNOTATED_SINGLE_METHOD,ATTACK_DEPENDENCIES,218,5,2982,,0,1
9543,TEST_FULL_SUITE_PLUS_DEFAULT,DEFEND_ONE_FROM_MANY,219,6,,3850,0,1
9544,TEST_FULL_SUITE_PLUS_DEFAULT,DEFEND_ONE_FROM_MANY,217,6,,3852,0,1
9545,TEST_FULL_SUITE_PLUS_DEFAULT,DEFEND_ONE_FROM_MANY,218,6,,3851,0,1
9546,MUTANT_ANNOTATED_SINGLE_METHOD,ATTACK_DEFAULT,219,5,,,0,1
9547,MUTANT_ANNOTATED_SINGLE_METHOD,ATTACK_DEFAULT,217,5,,,0,1
9548,MUTANT_ANNOTATED_SINGLE_METHOD,ATTACK_DEPENDENCIES,217,5,2984,,0,1
9549,MUTANT_ANNOTATED_SINGLE_METHOD,ATTACK_DEPENDENCIES,219,5,2983,,0,1
9550,MUTANT_ANNOTATED_SINGLE_METHOD,ATTACK_DEFAULT,218,5,,,0,1
9551,MUTANT_ANNOTATED_SINGLE_METHOD,ATTACK_DEPENDENCIES,218,5,2985,,0,1
9552,TEST_FULL_SUITE_PLUS_DEFAULT,DEFEND_ONE_FROM_MANY,218,6,,3854,0,1
9553,TEST_FULL_SUITE_PLUS_DEFAULT,DEFEND_ONE_FROM_MANY,219,6,,3853,0,1
9554,TEST_FULL_SUITE_PLUS_DEFAULT,DEFEND_ONE_FROM_MANY,217,6,,3855,0,1
9555,MUTANT_ANNOTATED_SINGLE_METHOD,ATTACK_DEFAULT,217,5,,,0,1
9556,MUTANT_ANNOTATED_SINGLE_METHOD,ATTACK_DEFAULT,219,5,,,0,1
9557,MUTANT_ANNOTATED_SINGLE_METHOD,ATTACK_DEPENDENCIES,217,5,2987,,0,1
9558,MUTANT_ANNOTATED_SINGLE_METHOD,ATTACK_DEPENDENCIES,219,5,2986,,0,1
9559,TEST_FULL_SUITE_PLUS_DEFAULT,DEFEND_ONE_FROM_MANY,217,6,,3858,0,1
9560,TEST_FULL_SUITE_PLUS_DEFAULT,DEFEND_ONE_FROM_MANY,218,6,,3856,0,1
9561,TEST_FULL_SUITE_PLUS_DEFAULT,DEFEND_ONE_FROM_MANY,219,6,,3857,0,1
9562,MUTANT_ANNOTATED_SINGLE_METHOD,ATTACK_DEFAULT,218,5,,,0,1
9563,MUTANT_ANNOTATED_SINGLE_METHOD,ATTACK_DEFAULT,219,5,,,0,1
9564,MUTANT_ANNOTATED_SINGLE_METHOD,ATTACK_DEFAULT,217,5,,,0,1
9565,MUTANT_ANNOTATED_SINGLE_METHOD,ATTACK_DEPENDENCIES,219,5,2989,,0,1
9566,MUTANT_ANNOTATED_SINGLE_METHOD,ATTACK_DEPENDENCIES,217,5,2990,,0,1
9567,MUTANT_ANNOTATED_SINGLE_METHOD,ATTACK_DEPENDENCIES,218,5,2988,,0,1
9568,TEST_FULL_SUITE_PLUS_DEFAULT,DEFEND_ONE_FROM_MANY,219,6,,3860,0,1
9569,TEST_FULL_SUITE_PLUS_DEFAULT,DEFEND_ONE_FROM_MANY,217,6,,3861,0,1
9570,TEST_FULL_SUITE_PLUS_DEFAULT,DEFEND_ONE_FROM_MANY,218,6,,3859,0,1
9571,MUTANT_ANNOTATED_SINGLE_METHOD,ATTACK_DEFAULT,218,5,,,0,1
9572,MUTANT_ANNOTATED_SINGLE_METHOD,ATTACK_DEFAULT,217,5,,,0,1
9573,MUTANT_ANNOTATED_SINGLE_METHOD,ATTACK_DEFAULT,219,5,,,0,1
9574,MUTANT_ANNOTATED_SINGLE_METHOD,ATTACK_DEPENDENCIES,218,5,2993,,0,1
9575,MUTANT_ANNOTATED_SINGLE_METHOD,ATTACK_DEPENDENCIES,219,5,2992,,0,1
9576,MUTANT_ANNOTATED_SINGLE_METHOD,ATTACK_DEPENDENCIES,217,5,2991,,0,1
9577,TEST_FULL_SUITE_PLUS_DEFAULT,DEFEND_ONE_FROM_MANY,217,6,,3864,0,1
9578,TEST_FULL_SUITE_PLUS_DEFAULT,DEFEND_ONE_FROM_MANY,218,6,,3862,0,1
9579,TEST_FULL_SUITE_PLUS_DEFAULT,DEFEND_ONE_FROM_MANY,219,6,,3863,0,1
9580,MUTANT_ANNOTATED_SINGLE_METHOD,ATTACK_DEFAULT,219,5,,,0,1
9581,MUTANT_ANNOTATED_SINGLE_METHOD,ATTACK_DEFAULT,217,5,,,0,1
9582,MUTANT_ANNOTATED_SINGLE_METHOD,ATTACK_DEPENDENCIES,219,5,2996,,0,1
9583,MUTANT_ANNOTATED_SINGLE_METHOD,ATTACK_DEPENDENCIES,217,5,2995,,0,1
9584,MUTANT_ANNOTATED_SINGLE_METHOD,ATTACK_DEFAULT,218,5,,,0,1
9585,MUTANT_ANNOTATED_SINGLE_METHOD,ATTACK_DEPENDENCIES,218,5,2994,,0,1
9586,TEST_FULL_SUITE_PLUS_DEFAULT,DEFEND_ONE_FROM_MANY,219,6,,3865,0,1
9587,TEST_FULL_SUITE_PLUS_DEFAULT,DEFEND_ONE_FROM_MANY,217,6,,3867,0,1
9588,TEST_FULL_SUITE_PLUS_DEFAULT,DEFEND_ONE_FROM_MANY,218,6,,3866,0,1
9589,MUTANT_ANNOTATED_SINGLE_METHOD,ATTACK_DEFAULT,218,5,,,0,1
9590,MUTANT_ANNOTATED_SINGLE_METHOD,ATTACK_DEFAULT,217,5,,,0,1
9591,MUTANT_ANNOTATED_SINGLE_METHOD,ATTACK_DEFAULT,219,5,,,0,1
9592,MUTANT_ANNOTATED_SINGLE_METHOD,ATTACK_DEPENDENCIES,219,5,2999,,0,1
9593,MUTANT_ANNOTATED_SINGLE_METHOD,ATTACK_DEPENDENCIES,217,5,2997,,0,1
9594,MUTANT_ANNOTATED_SINGLE_METHOD,ATTACK_DEPENDENCIES,218,5,2998,,0,1
9595,TEST_FULL_SUITE_PLUS_DEFAULT,DEFEND_ONE_FROM_MANY,218,6,,3868,0,1
9596,TEST_FULL_SUITE_PLUS_DEFAULT,DEFEND_ONE_FROM_MANY,217,6,,3870,0,1
9597,TEST_FULL_SUITE_PLUS_DEFAULT,DEFEND_ONE_FROM_MANY,219,6,,3869,0,1
9598,MUTANT_ANNOTATED_SINGLE_METHOD,ATTACK_DEFAULT,217,5,,,0,1
9599,MUTANT_ANNOTATED_SINGLE_METHOD,ATTACK_DEPENDENCIES,217,5,3000,,0,1
9600,TEST_FULL_SUITE_PLUS_DEFAULT,DEFEND_ONE_FROM_MANY,218,6,,3871,0,1
9601,TEST_FULL_SUITE_PLUS_DEFAULT,DEFEND_ONE_FROM_MANY,219,6,,3872,0,1
9602,TEST_FULL_SUITE_PLUS_DEFAULT,DEFEND_ONE_FROM_MANY,217,6,,3873,0,1
9603,MUTANT_ANNOTATED_SINGLE_METHOD,ATTACK_DEFAULT,218,5,,,0,1
9604,MUTANT_ANNOTATED_SINGLE_METHOD,ATTACK_DEFAULT,219,5,,,0,1
9605,MUTANT_ANNOTATED_SINGLE_METHOD,ATTACK_DEPENDENCIES,219,5,3002,,0,1
9606,MUTANT_ANNOTATED_SINGLE_METHOD,ATTACK_DEPENDENCIES,218,5,3001,,0,1
9607,MUTANT_ANNOTATED_SINGLE_METHOD,ATTACK_DEFAULT,217,5,,,0,1
9608,MUTANT_ANNOTATED_SINGLE_METHOD,ATTACK_DEPENDENCIES,217,5,3003,,0,1
9609,TEST_FULL_SUITE_PLUS_DEFAULT,DEFEND_ONE_FROM_MANY,218,6,,3874,0,1
9610,TEST_FULL_SUITE_PLUS_DEFAULT,DEFEND_ONE_FROM_MANY,217,6,,3876,0,1
9611,TEST_FULL_SUITE_PLUS_DEFAULT,DEFEND_ONE_FROM_MANY,219,6,,3875,0,1
9612,MUTANT_ANNOTATED_SINGLE_METHOD,ATTACK_DEFAULT,218,5,,,0,1
9613,MUTANT_ANNOTATED_SINGLE_METHOD,ATTACK_DEFAULT,219,5,,,0,1
9614,MUTANT_ANNOTATED_SINGLE_METHOD,ATTACK_DEPENDENCIES,218,5,3004,,0,1
9615,MUTANT_ANNOTATED_SINGLE_METHOD,ATTACK_DEPENDENCIES,219,5,3005,,0,1
9616,MUTANT_ANNOTATED_SINGLE_METHOD,ATTACK_DEFAULT,217,5,,,0,1
9617,MUTANT_ANNOTATED_SINGLE_METHOD,ATTACK_DEPENDENCIES,217,5,3007,,0,1
9618,TEST_FULL_SUITE_PLUS_DEFAULT,DEFEND_ONE_FROM_MANY,218,6,,3877,0,1
9619,TEST_FULL_SUITE_PLUS_DEFAULT,DEFEND_ONE_FROM_MANY,219,6,,3878,0,1
9620,TEST_FULL_SUITE_PLUS_DEFAULT,DEFEND_ONE_FROM_MANY,217,6,,3879,0,1
9621,MUTANT_ANNOTATED_SINGLE_METHOD,ATTACK_DEFAULT,218,5,,,0,1
9622,MUTANT_ANNOTATED_SINGLE_METHOD,ATTACK_DEFAULT,219,5,,,0,1
9623,MUTANT_ANNOTATED_SINGLE_METHOD,ATTACK_DEPENDENCIES,218,5,3008,,0,1
9624,MUTANT_ANNOTATED_SINGLE_METHOD,ATTACK_DEPENDENCIES,219,5,3006,,0,1
9625,TEST_FULL_SUITE_PLUS_DEFAULT,DEFEND_ONE_FROM_MANY,218,6,,3880,0,1
9626,TEST_FULL_SUITE_PLUS_DEFAULT,DEFEND_ONE_FROM_MANY,217,6,,3881,0,1
9627,TEST_FULL_SUITE_PLUS_DEFAULT,DEFEND_ONE_FROM_MANY,219,6,,3882,0,1
9628,MUTANT_ANNOTATED_SINGLE_METHOD,ATTACK_DEFAULT,219,5,,,0,1
9629,MUTANT_ANNOTATED_SINGLE_METHOD,ATTACK_DEPENDENCIES,219,5,3009,,0,1
9630,MUTANT_ANNOTATED_SINGLE_METHOD,ATTACK_DEFAULT,217,5,,,0,1
9631,MUTANT_ANNOTATED_SINGLE_METHOD,ATTACK_DEPENDENCIES,217,5,3010,,0,1
9632,TEST_FULL_SUITE_PLUS_DEFAULT,DEFEND_ONE_FROM_MANY,218,6,,3883,0,1
9633,TEST_FULL_SUITE_PLUS_DEFAULT,DEFEND_ONE_FROM_MANY,217,6,,3885,0,1
9634,TEST_FULL_SUITE_PLUS_DEFAULT,DEFEND_ONE_FROM_MANY,219,6,,3884,0,1
9635,MUTANT_ANNOTATED_SINGLE_METHOD,ATTACK_DEFAULT,218,5,,,0,1
9636,MUTANT_ANNOTATED_SINGLE_METHOD,ATTACK_DEPENDENCIES,218,5,3011,,0,1
9637,TEST_FULL_SUITE_PLUS_DEFAULT,DEFEND_FOCUS,218,6,,3895,0,1
9638,MUTANT_ANNOTATED_SINGLE_METHOD,ATTACK_DEFAULT,219,5,,,0,1
9639,MUTANT_ANNOTATED_SINGLE_METHOD,ATTACK_DEPENDENCIES,219,5,3013,,0,1
9640,TEST_FULL_SUITE_PLUS_DEFAULT,DEFEND_ONE_FROM_MANY,217,6,,3886,0,1
9641,TEST_FULL_SUITE_PLUS_DEFAULT,DEFEND_ONE_FROM_MANY,219,6,,3887,0,1
9642,MUTANT_ANNOTATED_SINGLE_METHOD,ATTACK_DEFAULT,217,5,,,0,1
9643,MUTANT_ANNOTATED_SINGLE_METHOD,ATTACK_DEPENDENCIES,217,5,3012,,0,1
9644,MUTANT_ANNOTATED_SINGLE_METHOD,ATTACK_DEFAULT,218,5,,,0,1
9645,MUTANT_ANNOTATED_SINGLE_METHOD,ATTACK_DEPENDENCIES,218,5,3014,,0,1
9646,TEST_FULL_SUITE_PLUS_DEFAULT,DEFEND_ONE_FROM_MANY,217,6,,3889,0,1
9647,TEST_FULL_SUITE_PLUS_DEFAULT,DEFEND_ONE_FROM_MANY,219,6,,3890,0,1
9648,MUTANT_ANNOTATED_SINGLE_METHOD,ATTACK_DEFAULT,219,5,,,0,1
9649,MUTANT_ANNOTATED_SINGLE_METHOD,ATTACK_DEFAULT,217,5,,,0,1
9650,MUTANT_ANNOTATED_SINGLE_METHOD,ATTACK_DEPENDENCIES,217,5,3015,,0,1
9651,MUTANT_ANNOTATED_SINGLE_METHOD,ATTACK_DEPENDENCIES,219,5,3016,,0,1
9652,MUTANT_ANNOTATED_SINGLE_METHOD,ATTACK_DEFAULT,218,5,,,0,1
9653,TEST_FULL_SUITE_PLUS_DEFAULT,DEFEND_DEFAULT,217,6,,3894,0,1
9654,MUTANT_ANNOTATED_SINGLE_METHOD,ATTACK_DEPENDENCIES,218,5,3018,,0,1
9655,TEST_FULL_SUITE_PLUS_DEFAULT,DEFEND_ONE_FROM_MANY,219,6,,3892,0,1
9656,MUTANT_ANNOTATED_SINGLE_METHOD,ATTACK_DEFAULT,219,5,,,0,1
9657,MUTANT_ANNOTATED_SINGLE_METHOD,ATTACK_DEFAULT,217,5,,,0,1
9658,MUTANT_ANNOTATED_SINGLE_METHOD,ATTACK_DEPENDENCIES,219,5,3019,,0,1
9659,MUTANT_ANNOTATED_SINGLE_METHOD,ATTACK_DEPENDENCIES,217,5,3017,,0,1
9660,TEST_FULL_SUITE_PLUS_DEFAULT,DEFEND_DEFAULT,217,6,,3896,0,1
9661,TEST_FULL_SUITE_PLUS_DEFAULT,DEFEND_FOCUS,219,6,,3904,0,1
9662,MUTANT_ANNOTATED_SINGLE_METHOD,ATTACK_DEFAULT,217,5,,,0,1
9663,MUTANT_ANNOTATED_SINGLE_METHOD,ATTACK_DEPENDENCIES,217,5,3020,,0,1
9664,MUTANT_ANNOTATED_SINGLE_METHOD,ATTACK_DEFAULT,218,5,,,0,1
9665,TEST_FULL_SUITE_PLUS_DEFAULT,DEFEND_FOCUS,218,6,,3897,0,1
9666,MUTANT_ANNOTATED_SINGLE_METHOD,ATTACK_DEFAULT,219,5,,,0,1
9667,TEST_FULL_SUITE_PLUS_DEFAULT,DEFEND_FOCUS,217,6,,3898,0,1
9668,MUTANT_ANNOTATED_SINGLE_METHOD,ATTACK_DEPENDENCIES,219,5,3022,,0,1
9669,MUTANT_ANNOTATED_SINGLE_METHOD,ATTACK_DEPENDENCIES,218,5,3021,,0,1
9670,MUTANT_ANNOTATED_SINGLE_METHOD,ATTACK_DEFAULT,217,5,,,0,1
9671,MUTANT_ANNOTATED_SINGLE_METHOD,ATTACK_DEPENDENCIES,217,5,3023,,0,1
9672,MUTANT_ANNOTATED_SINGLE_METHOD,ATTACK_DEFAULT,218,5,,,0,1
9673,TEST_FULL_SUITE_PLUS_DEFAULT,DEFEND_FOCUS,218,6,,3899,0,1
9674,MUTANT_ANNOTATED_SINGLE_METHOD,ATTACK_DEFAULT,219,5,,,0,1
9675,TEST_FULL_SUITE_PLUS_DEFAULT,DEFEND_FOCUS,217,6,,3900,0,1
9676,MUTANT_ANNOTATED_SINGLE_METHOD,ATTACK_DEPENDENCIES,218,5,3024,,0,1
9677,MUTANT_ANNOTATED_SINGLE_METHOD,ATTACK_DEPENDENCIES,219,5,3025,,0,1
9678,MUTANT_ANNOTATED_SINGLE_METHOD,ATTACK_DEFAULT,217,5,,,0,1
9679,MUTANT_ANNOTATED_SINGLE_METHOD,ATTACK_DEPENDENCIES,217,5,3026,,0,1
9680,MUTANT_ANNOTATED_SINGLE_METHOD,ATTACK_DEFAULT,218,5,,,0,1
9681,TEST_FULL_SUITE_PLUS_DEFAULT,DEFEND_FOCUS,218,6,,3903,0,1
9682,MUTANT_ANNOTATED_SINGLE_METHOD,ATTACK_DEFAULT,219,5,,,0,1
9683,TEST_FULL_SUITE_PLUS_DEFAULT,DEFEND_FOCUS,217,6,,3902,0,1
9684,MUTANT_ANNOTATED_SINGLE_METHOD,ATTACK_DEPENDENCIES,218,5,3027,,0,1
9685,MUTANT_ANNOTATED_SINGLE_METHOD,ATTACK_DEPENDENCIES,219,5,3028,,0,1
9686,MUTANT_ANNOTATED_SINGLE_METHOD,ATTACK_DEFAULT,217,5,,,0,1
9687,MUTANT_ANNOTATED_SINGLE_METHOD,ATTACK_DEPENDENCIES,217,5,3030,,0,1
9688,MUTANT_ANNOTATED_SINGLE_METHOD,ATTACK_DEFAULT,218,5,,,0,1
9689,TEST_FULL_SUITE_PLUS_DEFAULT,DEFEND_DEFAULT,218,6,,3910,0,1
9690,MUTANT_ANNOTATED_SINGLE_METHOD,ATTACK_DEFAULT,219,5,,,0,1
9691,TEST_FULL_SUITE_PLUS_DEFAULT,DEFEND_FOCUS,217,6,,3908,0,1
9692,TEST_FULL_SUITE_PLUS_DEFAULT,DEFEND_FOCUS,219,6,,3906,0,1
9693,MUTANT_ANNOTATED_SINGLE_METHOD,ATTACK_DEPENDENCIES,218,5,3029,,0,1
9694,MUTANT_ANNOTATED_SINGLE_METHOD,ATTACK_DEPENDENCIES,219,5,3031,,0,1
9695,MUTANT_ANNOTATED_SINGLE_METHOD,ATTACK_DEFAULT,218,5,,,0,1
9696,MUTANT_ANNOTATED_SINGLE_METHOD,ATTACK_DEFAULT,219,5,,,0,1
9697,MUTANT_ANNOTATED_SINGLE_METHOD,ATTACK_DEFAULT,217,5,,,0,1
9698,TEST_FULL_SUITE_PLUS_DEFAULT,DEFEND_FOCUS,219,6,,,0,0
9699,MUTANT_ANNOTATED_SINGLE_METHOD,ATTACK_DEPENDENCIES,218,5,3034,,0,1
9700,MUTANT_ANNOTATED_SINGLE_METHOD,ATTACK_DEPENDENCIES,219,5,3033,,0,1
9701,MUTANT_ANNOTATED_SINGLE_METHOD,ATTACK_DEPENDENCIES,217,5,3032,,0,1
9702,MUTANT_ANNOTATED_SINGLE_METHOD,ATTACK_EQUIVALENCE,218,5,,,0,1
9703,MUTANT_ANNOTATED_SINGLE_METHOD,ATTACK_DEFAULT,219,5,,,0,1
9704,MUTANT_ANNOTATED_SINGLE_METHOD,ATTACK_DEFAULT,217,5,,,0,1
9705,TEST_FULL_SUITE_PLUS_DEFAULT,DEFEND_FOCUS,217,6,,3911,0,1
9706,MUTANT_ANNOTATED_SINGLE_METHOD,ATTACK_DEPENDENCIES,217,5,3035,,0,1
9707,MUTANT_ANNOTATED_SINGLE_METHOD,ATTACK_DEPENDENCIES,219,5,3036,,0,1
9708,MUTANT_ANNOTATED_SINGLE_METHOD,ATTACK_DEFAULT,218,5,,,0,1
9709,MUTANT_ANNOTATED_SINGLE_METHOD,ATTACK_DEPENDENCIES,218,5,3037,,0,1
9710,TEST_FULL_SUITE_PLUS_DEFAULT,DEFEND_DEFAULT,218,6,,3913,0,1
9711,MUTANT_ANNOTATED_SINGLE_METHOD,ATTACK_DEFAULT,217,5,,,0,1
9712,MUTANT_ANNOTATED_SINGLE_METHOD,ATTACK_DEFAULT,219,5,,,0,1
9713,TEST_FULL_SUITE_PLUS_DEFAULT,DEFEND_FOCUS,217,6,,3912,0,1
9714,MUTANT_ANNOTATED_SINGLE_METHOD,ATTACK_DEPENDENCIES,219,5,3039,,0,1
9715,MUTANT_ANNOTATED_SINGLE_METHOD,ATTACK_DEPENDENCIES,217,5,3038,,0,1
9716,MUTANT_ANNOTATED_SINGLE_METHOD,ATTACK_DEFAULT,218,5,,,0,1
9717,MUTANT_ANNOTATED_SINGLE_METHOD,ATTACK_DEPENDENCIES,218,5,3040,,0,1
9718,MUTANT_ANNOTATED_SINGLE_METHOD,ATTACK_DEFAULT,217,5,,,0,1
9719,MUTANT_ANNOTATED_SINGLE_METHOD,ATTACK_DEFAULT,219,5,,,0,1
9720,TEST_FULL_SUITE_PLUS_DEFAULT,DEFEND_FOCUS,217,6,,3914,0,1
9721,MUTANT_ANNOTATED_SINGLE_METHOD,ATTACK_DEPENDENCIES,217,5,3041,,0,1
9722,MUTANT_ANNOTATED_SINGLE_METHOD,ATTACK_DEPENDENCIES,219,5,3042,,0,1
9723,MUTANT_ANNOTATED_SINGLE_METHOD,ATTACK_DEFAULT,218,5,,,0,1
9724,MUTANT_ANNOTATED_SINGLE_METHOD,ATTACK_DEPENDENCIES,218,5,3043,,0,1
9725,TEST_FULL_SUITE_PLUS_DEFAULT,DEFEND_DEFAULT,218,6,,3917,0,1
9726,MUTANT_ANNOTATED_SINGLE_METHOD,ATTACK_DEFAULT,217,5,,,0,1
9727,TEST_FULL_SUITE_PLUS_DEFAULT,DEFEND_FOCUS,217,6,,3918,0,1
9728,TEST_FULL_SUITE_PLUS_DEFAULT,DEFEND_FOCUS,219,6,,3916,0,1
9729,MUTANT_ANNOTATED_SINGLE_METHOD,ATTACK_DEPENDENCIES,217,5,3044,,0,1
9730,MUTANT_ANNOTATED_SINGLE_METHOD,ATTACK_DEFAULT,219,5,,,0,1
9731,MUTANT_ANNOTATED_SINGLE_METHOD,ATTACK_DEPENDENCIES,219,5,3045,,0,1
9732,MUTANT_ANNOTATED_SINGLE_METHOD,ATTACK_DEFAULT,218,5,,,0,1
9733,MUTANT_ANNOTATED_SINGLE_METHOD,ATTACK_DEPENDENCIES,218,5,3046,,0,1
9734,TEST_FULL_SUITE_PLUS_DEFAULT,DEFEND_FOCUS,219,6,,,0,0
9735,TEST_FULL_SUITE_PLUS_DEFAULT,DEFEND_DEFAULT,218,6,,3920,0,1
9736,MUTANT_ANNOTATED_SINGLE_METHOD,ATTACK_DEFAULT,217,5,,,0,1
9737,MUTANT_ANNOTATED_SINGLE_METHOD,ATTACK_DEFAULT,219,5,,,0,1
9738,TEST_FULL_SUITE_PLUS_DEFAULT,DEFEND_FOCUS,217,6,,3924,0,1
9739,MUTANT_ANNOTATED_SINGLE_METHOD,ATTACK_DEPENDENCIES,217,5,3048,,0,1
9740,MUTANT_ANNOTATED_SINGLE_METHOD,ATTACK_DEPENDENCIES,219,5,3049,,0,1
9741,MUTANT_ANNOTATED_SINGLE_METHOD,ATTACK_DEFAULT,218,5,,,0,1
9742,MUTANT_ANNOTATED_SINGLE_METHOD,ATTACK_DEPENDENCIES,218,5,3047,,0,1
9743,TEST_FULL_SUITE_PLUS_DEFAULT,DEFEND_DEFAULT,218,6,,3923,0,1
9744,MUTANT_ANNOTATED_SINGLE_METHOD,ATTACK_DEFAULT,218,5,,,0,1
9745,MUTANT_ANNOTATED_SINGLE_METHOD,ATTACK_DEPENDENCIES,218,5,3050,,0,1
9746,MUTANT_ANNOTATED_SINGLE_METHOD,ATTACK_DEFAULT,217,5,,,0,1
9747,MUTANT_ANNOTATED_SINGLE_METHOD,ATTACK_DEFAULT,219,5,,,0,1
9748,MUTANT_ANNOTATED_SINGLE_METHOD,ATTACK_DEPENDENCIES,219,5,3052,,0,1
9749,MUTANT_ANNOTATED_SINGLE_METHOD,ATTACK_DEPENDENCIES,217,5,3051,,0,1
9750,TEST_FULL_SUITE_PLUS_DEFAULT,DEFEND_DEFAULT,218,6,,3926,0,1
9751,MUTANT_ANNOTATED_SINGLE_METHOD,ATTACK_DEFAULT,218,5,,,0,1
9752,MUTANT_ANNOTATED_SINGLE_METHOD,ATTACK_DEPENDENCIES,218,5,3053,,0,1
9753,MUTANT_ANNOTATED_SINGLE_METHOD,ATTACK_DEFAULT,217,5,,,0,1
9754,MUTANT_ANNOTATED_SINGLE_METHOD,ATTACK_DEFAULT,219,5,,,0,1
9755,MUTANT_ANNOTATED_SINGLE_METHOD,ATTACK_DEPENDENCIES,219,5,3056,,0,1
9756,MUTANT_ANNOTATED_SINGLE_METHOD,ATTACK_DEPENDENCIES,217,5,3054,,0,1
9757,TEST_FULL_SUITE_PLUS_DEFAULT,DEFEND_FOCUS,217,6,,3925,0,1
9758,TEST_FULL_SUITE_PLUS_DEFAULT,DEFEND_FOCUS,219,6,,,0,0
9759,MUTANT_ANNOTATED_SINGLE_METHOD,ATTACK_DEFAULT,218,5,,,0,1
9760,MUTANT_ANNOTATED_SINGLE_METHOD,ATTACK_DEPENDENCIES,218,5,3055,,0,1
9761,MUTANT_ANNOTATED_SINGLE_METHOD,ATTACK_DEFAULT,217,5,,,0,1
9762,TEST_FULL_SUITE_PLUS_DEFAULT,DEFEND_FOCUS,217,6,,3927,0,1
9763,MUTANT_ANNOTATED_SINGLE_METHOD,ATTACK_DEPENDENCIES,217,5,3057,,0,1
9764,MUTANT_ANNOTATED_SINGLE_METHOD,ATTACK_DEFAULT,218,5,,,0,1
9765,MUTANT_ANNOTATED_SINGLE_METHOD,ATTACK_DEPENDENCIES,218,5,3058,,0,1
9766,MUTANT_ANNOTATED_SINGLE_METHOD,ATTACK_DEFAULT,219,5,,,0,1
9767,MUTANT_ANNOTATED_SINGLE_METHOD,ATTACK_DEPENDENCIES,219,5,3061,,0,1
9768,TEST_FULL_SUITE_PLUS_DEFAULT,DEFEND_DEFAULT,218,6,,3931,0,1
9769,MUTANT_ANNOTATED_SINGLE_METHOD,ATTACK_DEFAULT,217,5,,,0,1
9770,TEST_FULL_SUITE_PLUS_DEFAULT,DEFEND_FOCUS,217,6,,3928,0,1
9771,MUTANT_ANNOTATED_SINGLE_METHOD,ATTACK_DEPENDENCIES,217,5,3060,,0,1
9772,MUTANT_ANNOTATED_SINGLE_METHOD,ATTACK_DEFAULT,218,5,,,0,1
9773,MUTANT_ANNOTATED_SINGLE_METHOD,ATTACK_DEPENDENCIES,218,5,3062,,0,1
9774,TEST_FULL_SUITE_PLUS_DEFAULT,DEFEND_FOCUS,217,6,,3929,0,1
9775,MUTANT_ANNOTATED_SINGLE_METHOD,ATTACK_DEFAULT,217,5,,,0,1
9776,MUTANT_ANNOTATED_SINGLE_METHOD,ATTACK_DEPENDENCIES,217,5,3063,,0,1
9777,MUTANT_ANNOTATED_SINGLE_METHOD,ATTACK_DEFAULT,219,5,,,0,1
9778,TEST_FULL_SUITE_PLUS_DEFAULT,DEFEND_FOCUS,217,6,,3932,0,1
9779,TEST_FULL_SUITE_PLUS_DEFAULT,DEFEND_FOCUS,219,6,,,0,0
9780,MUTANT_ANNOTATED_SINGLE_METHOD,ATTACK_DEPENDENCIES,219,5,3064,,0,1
9781,MUTANT_ANNOTATED_SINGLE_METHOD,ATTACK_DEFAULT,218,5,,,0,1
9782,MUTANT_ANNOTATED_SINGLE_METHOD,ATTACK_DEPENDENCIES,218,5,3065,,0,1
9783,MUTANT_ANNOTATED_SINGLE_METHOD,ATTACK_DEFAULT,217,5,,,0,1
9784,MUTANT_ANNOTATED_SINGLE_METHOD,ATTACK_DEPENDENCIES,217,5,3068,,0,1
9785,TEST_FULL_SUITE_PLUS_DEFAULT,DEFEND_DEFAULT,218,6,,3934,0,1
9786,MUTANT_ANNOTATED_SINGLE_METHOD,ATTACK_DEFAULT,219,5,,,0,1
9787,TEST_FULL_SUITE_PLUS_DEFAULT,DEFEND_FOCUS,217,6,,3936,0,1
9788,MUTANT_ANNOTATED_SINGLE_METHOD,ATTACK_DEPENDENCIES,219,5,3066,,0,1
9789,MUTANT_ANNOTATED_SINGLE_METHOD,ATTACK_DEFAULT,218,5,,,0,1
9790,MUTANT_ANNOTATED_SINGLE_METHOD,ATTACK_DEPENDENCIES,218,5,3067,,0,1
9791,TEST_FULL_SUITE_PLUS_DEFAULT,DEFEND_DEFAULT,218,6,,3944,0,1
9792,MUTANT_ANNOTATED_SINGLE_METHOD,ATTACK_DEFAULT,219,5,,,0,1
9793,TEST_FULL_SUITE_PLUS_DEFAULT,DEFEND_FOCUS,217,6,,3937,0,1
9794,MUTANT_ANNOTATED_SINGLE_METHOD,ATTACK_DEPENDENCIES,219,5,3069,,0,1
9795,MUTANT_ANNOTATED_SINGLE_METHOD,ATTACK_DEFAULT,218,5,,,0,1
9796,MUTANT_ANNOTATED_SINGLE_METHOD,ATTACK_DEPENDENCIES,218,5,3071,,0,1
9797,MUTANT_ANNOTATED_SINGLE_METHOD,ATTACK_DEFAULT,217,5,,,0,1
9798,MUTANT_ANNOTATED_SINGLE_METHOD,ATTACK_DEPENDENCIES,217,5,3070,,0,1
9799,MUTANT_ANNOTATED_SINGLE_METHOD,ATTACK_DEFAULT,219,5,,,0,1
9800,TEST_FULL_SUITE_PLUS_DEFAULT,DEFEND_FOCUS,217,6,,3939,0,1
9801,MUTANT_ANNOTATED_SINGLE_METHOD,ATTACK_DEPENDENCIES,219,5,3072,,0,1
9802,MUTANT_ANNOTATED_SINGLE_METHOD,ATTACK_DEFAULT,217,5,,,0,1
9803,MUTANT_ANNOTATED_SINGLE_METHOD,ATTACK_DEPENDENCIES,217,5,3073,,0,1
9804,MUTANT_ANNOTATED_SINGLE_METHOD,ATTACK_DEFAULT,218,5,,,0,1
9805,MUTANT_ANNOTATED_SINGLE_METHOD,ATTACK_DEPENDENCIES,218,5,3075,,0,1
9806,MUTANT_ANNOTATED_SINGLE_METHOD,ATTACK_DEFAULT,219,5,,,0,1
9807,TEST_FULL_SUITE_PLUS_DEFAULT,DEFEND_FOCUS,219,6,,3942,0,1
9808,TEST_FULL_SUITE_PLUS_DEFAULT,DEFEND_FOCUS,217,6,,3941,0,1
9809,MUTANT_ANNOTATED_SINGLE_METHOD,ATTACK_DEPENDENCIES,219,5,3074,,0,1
9810,MUTANT_ANNOTATED_SINGLE_METHOD,ATTACK_EQUIVALENCE,217,5,,,0,1
9811,TEST_FULL_SUITE_PLUS_DEFAULT,DEFEND_FOCUS,217,6,,3945,0,1
9812,TEST_FULL_SUITE_PLUS_DEFAULT,DEFEND_DEFAULT,219,6,,3946,0,1
9813,MUTANT_ANNOTATED_SINGLE_METHOD,ATTACK_EQUIVALENCE,219,5,,,0,1
9814,MUTANT_ANNOTATED_SINGLE_METHOD,ATTACK_DEFAULT,217,5,,,0,1
9815,MUTANT_ANNOTATED_SINGLE_METHOD,ATTACK_DEPENDENCIES,217,5,3078,,0,1
9816,TEST_FULL_SUITE_PLUS_DEFAULT,DEFEND_FOCUS,218,6,,3948,0,1
9817,TEST_FULL_SUITE_PLUS_DEFAULT,DEFEND_DEFAULT,219,6,,3959,0,1
9818,TEST_FULL_SUITE_PLUS_DEFAULT,DEFEND_DEFAULT,217,6,,3950,0,1
9819,MUTANT_ANNOTATED_SINGLE_METHOD,ATTACK_DEFAULT,218,5,,,0,1
9820,MUTANT_ANNOTATED_SINGLE_METHOD,ATTACK_EQUIVALENCE,219,5,,,0,1
9821,MUTANT_ANNOTATED_SINGLE_METHOD,ATTACK_DEPENDENCIES,218,5,3077,,0,1
9822,MUTANT_ANNOTATED_SINGLE_METHOD,ATTACK_EQUIVALENCE,217,5,,,0,1
9823,TEST_FULL_SUITE_PLUS_DEFAULT,DEFEND_DEFAULT,218,6,,3963,0,1
9824,TEST_FULL_SUITE_PLUS_DEFAULT,DEFEND_DEFAULT,217,6,,3953,0,1
9825,MUTANT_ANNOTATED_SINGLE_METHOD,ATTACK_EQUIVALENCE,219,5,,,0,1
9826,MUTANT_ANNOTATED_SINGLE_METHOD,ATTACK_DEFAULT,218,5,,,0,1
9827,MUTANT_ANNOTATED_SINGLE_METHOD,ATTACK_DEPENDENCIES,218,5,3079,,0,1
9828,TEST_FULL_SUITE_PLUS_DEFAULT,DEFEND_DEFAULT,217,6,,3957,0,1
9829,MUTANT_ANNOTATED_SINGLE_METHOD,ATTACK_EQUIVALENCE,219,5,,,0,1
9830,MUTANT_ANNOTATED_SINGLE_METHOD,ATTACK_DEFAULT,217,5,,,0,1
9831,MUTANT_ANNOTATED_SINGLE_METHOD,ATTACK_DEPENDENCIES,217,5,3080,,0,1
9832,TEST_FULL_SUITE_PLUS_DEFAULT,DEFEND_FOCUS,218,6,,,1,0
9833,TEST_FULL_SUITE_PLUS_DEFAULT,DEFEND_DEFAULT,217,6,,3960,0,1
9834,MUTANT_ANNOTATED_SINGLE_METHOD,ATTACK_EQUIVALENCE,219,5,,,0,1
9835,MUTANT_ANNOTATED_SINGLE_METHOD,ATTACK_DEFAULT,218,5,,,0,1
9836,MUTANT_ANNOTATED_SINGLE_METHOD,ATTACK_DEPENDENCIES,218,5,3082,,0,1
9837,MUTANT_ANNOTATED_SINGLE_METHOD,ATTACK_DEFAULT,217,5,,,0,1
9838,MUTANT_ANNOTATED_SINGLE_METHOD,ATTACK_DEPENDENCIES,217,5,3081,,0,1
9839,TEST_FULL_SUITE_PLUS_DEFAULT,DEFEND_DEFAULT,217,6,,3965,0,1
9840,TEST_FULL_SUITE_PLUS_DEFAULT,DEFEND_DEFAULT,219,6,,3964,0,1
9841,MUTANT_ANNOTATED_SINGLE_METHOD,ATTACK_EQUIVALENCE,219,5,,,0,1
9842,MUTANT_ANNOTATED_SINGLE_METHOD,ATTACK_DEFAULT,217,5,,,0,1
9843,MUTANT_ANNOTATED_SINGLE_METHOD,ATTACK_DEPENDENCIES,217,5,3083,,0,1
9844,TEST_FULL_SUITE_PLUS_DEFAULT,DEFEND_DEFAULT,218,6,,3975,0,1
9845,TEST_FULL_SUITE_PLUS_DEFAULT,DEFEND_DEFAULT,217,6,,3969,0,1
9846,TEST_FULL_SUITE_PLUS_DEFAULT,DEFEND_DEFAULT,219,6,,3977,0,1
9847,MUTANT_ANNOTATED_SINGLE_METHOD,ATTACK_DEFAULT,218,5,,,0,1
9848,MUTANT_ANNOTATED_SINGLE_METHOD,ATTACK_EQUIVALENCE,219,5,,,0,1
9849,MUTANT_ANNOTATED_SINGLE_METHOD,ATTACK_DEPENDENCIES,218,5,3085,,0,1
9850,MUTANT_ANNOTATED_SINGLE_METHOD,ATTACK_DEFAULT,217,5,,,0,1
9851,MUTANT_ANNOTATED_SINGLE_METHOD,ATTACK_DEPENDENCIES,217,5,3084,,0,1
9852,MUTANT_ANNOTATED_SINGLE_METHOD,ATTACK_EQUIVALENCE,219,5,,,0,1
9853,MUTANT_ANNOTATED_SINGLE_METHOD,ATTACK_EQUIVALENCE,219,5,,,0,1
9854,TEST_FULL_SUITE_PLUS_DEFAULT,DEFEND_FOCUS,217,6,,3976,0,1
9855,MUTANT_ANNOTATED_SINGLE_METHOD,ATTACK_DEFAULT,217,5,,,0,1
9856,MUTANT_ANNOTATED_SINGLE_METHOD,ATTACK_DEPENDENCIES,217,5,3086,,0,1
9857,MUTANT_ANNOTATED_SINGLE_METHOD,ATTACK_EQUIVALENCE,219,5,,,0,1
9858,MUTANT_ANNOTATED_SINGLE_METHOD,ATTACK_DEFAULT,218,5,,,0,1
9859,MUTANT_ANNOTATED_SINGLE_METHOD,ATTACK_DEPENDENCIES,218,5,3087,,0,1
9860,TEST_FULL_SUITE_PLUS_DEFAULT,DEFEND_DEFAULT,218,6,,3984,0,1
9861,TEST_FULL_SUITE_PLUS_DEFAULT,DEFEND_DEFAULT,217,6,,3982,0,1
9862,TEST_FULL_SUITE_PLUS_DEFAULT,DEFEND_DEFAULT,219,6,,3980,0,1
9863,MUTANT_ANNOTATED_SINGLE_METHOD,ATTACK_EQUIVALENCE,219,5,,,0,1
9864,MUTANT_ANNOTATED_SINGLE_METHOD,ATTACK_DEFAULT,217,5,,,0,1
9865,MUTANT_ANNOTATED_SINGLE_METHOD,ATTACK_DEPENDENCIES,217,5,3089,,0,1
9866,MUTANT_ANNOTATED_SINGLE_METHOD,ATTACK_DEFAULT,219,5,,,0,1
9867,MUTANT_ANNOTATED_SINGLE_METHOD,ATTACK_DEPENDENCIES,219,5,3088,,0,1
9868,MUTANT_ANNOTATED_SINGLE_METHOD,ATTACK_DEFAULT,218,5,,,0,1
9869,TEST_FULL_SUITE_PLUS_DEFAULT,DEFEND_DEFAULT,219,6,,3983,0,1
9870,MUTANT_ANNOTATED_SINGLE_METHOD,ATTACK_DEPENDENCIES,218,5,3090,,0,1
9871,TEST_FULL_SUITE_PLUS_DEFAULT,DEFEND_FOCUS,217,6,,3985,0,1
9872,MUTANT_ANNOTATED_SINGLE_METHOD,ATTACK_DEFAULT,219,5,,,0,1
9873,MUTANT_ANNOTATED_SINGLE_METHOD,ATTACK_DEPENDENCIES,219,5,3091,,0,1
9874,MUTANT_ANNOTATED_SINGLE_METHOD,ATTACK_DEFAULT,217,5,,,0,1
9875,MUTANT_ANNOTATED_SINGLE_METHOD,ATTACK_DEPENDENCIES,217,5,3092,,0,1
9876,TEST_FULL_SUITE_PLUS_DEFAULT,DEFEND_DEFAULT,219,6,,3986,0,1
9877,MUTANT_ANNOTATED_SINGLE_METHOD,ATTACK_DEFAULT,218,5,,,0,1
9878,MUTANT_ANNOTATED_SINGLE_METHOD,ATTACK_DEPENDENCIES,218,5,3093,,0,1
9879,TEST_FULL_SUITE_PLUS_DEFAULT,DEFEND_DEFAULT,218,6,,3987,0,1
9880,TEST_FULL_SUITE_PLUS_DEFAULT,DEFEND_FOCUS,217,6,,,1,0
9881,MUTANT_ANNOTATED_SINGLE_METHOD,ATTACK_DEFAULT,219,5,,,0,1
9882,MUTANT_ANNOTATED_SINGLE_METHOD,ATTACK_DEPENDENCIES,219,5,3094,,0,1
9883,TEST_FULL_SUITE_PLUS_DEFAULT,DEFEND_DEFAULT,219,6,,3989,0,1
9884,MUTANT_ANNOTATED_SINGLE_METHOD,ATTACK_DEFAULT,217,5,,,0,1
9885,MUTANT_ANNOTATED_SINGLE_METHOD,ATTACK_DEPENDENCIES,217,5,3095,,0,1
9886,TEST_FULL_SUITE_PLUS_DEFAULT,DEFEND_DEFAULT,218,6,,3991,0,1
9887,TEST_FULL_SUITE_PLUS_DEFAULT,DEFEND_DEFAULT,219,6,,3992,0,1
9888,MUTANT_ANNOTATED_SINGLE_METHOD,ATTACK_DEFAULT,218,5,,,0,1
9889,MUTANT_ANNOTATED_SINGLE_METHOD,ATTACK_DEPENDENCIES,218,5,3096,,0,1
9890,TEST_FULL_SUITE_PLUS_DEFAULT,DEFEND_DEFAULT,218,6,,,1,0
9891,MUTANT_ANNOTATED_SINGLE_METHOD,ATTACK_DEFAULT,219,5,,,0,1
9892,MUTANT_ANNOTATED_SINGLE_METHOD,ATTACK_DEPENDENCIES,219,5,,,1,0
9893,MUTANT_ANNOTATED_SINGLE_METHOD,ATTACK_DEFAULT,217,5,,,0,1
9894,MUTANT_ANNOTATED_SINGLE_METHOD,ATTACK_DEPENDENCIES,217,5,,,1,0
9895,TEST_FULL_SUITE_PLUS_DEFAULT,DEFEND_DEFAULT,219,6,,3993,0,1
9896,MUTANT_ANNOTATED_SINGLE_METHOD,ATTACK_DEFAULT,218,5,,,0,1
9897,MUTANT_ANNOTATED_SINGLE_METHOD,ATTACK_DEPENDENCIES,218,5,,,1,0
9898,MUTANT_ANNOTATED_SINGLE_METHOD,ATTACK_EQUIVALENCE,217,5,,,0,1
