Conversation_ID,Strategy,Type,Game_ID,User_ID,Mutant_ID,Test_ID,Is_Active,Is_Success
1,TEST_FULL_SUITE_PLUS_DEFAULT,DEFEND_DEFAULT,130,6,,,0,1
2,TEST_FULL_SUITE_PLUS_DEFAULT,DEFEND_DEFAULT,131,6,,,0,1
3,TEST_FULL_SUITE_PLUS_DEFAULT,DEFEND_DEFAULT,132,6,,,0,1
4,TEST_FULL_SUITE_PLUS_DEFAULT,DEFEND_DEFAULT,133,6,,,0,1
5,TEST_FULL_SUITE_PLUS_DEFAULT,DEFEND_DEFAULT,134,6,,,0,1
6,MUTANT_ANNOTATED_SINGLE_METHOD,ATTACK_DEFAULT,135,5,,,0,1
7,MUTANT_ANNOTATED_SINGLE_METHOD,ATTACK_DEPENDENCIES,135,5,100,,0,1
8,TEST_FULL_SUITE_PLUS_DEFAULT,DEFEND_ONE_FROM_MANY,130,6,,,0,1
9,TEST_FULL_SUITE_PLUS_DEFAULT,DEFEND_ONE_FROM_MANY,130,6,,101,0,1
10,MUTANT_ANNOTATED_SINGLE_METHOD,ATTACK_DEFAULT,136,5,,,0,1
11,MUTANT_ANNOTATED_SINGLE_METHOD,ATTACK_DEPENDENCIES,136,5,101,,0,1
12,MUTANT_ANNOTATED_SINGLE_METHOD,ATTACK_DEFAULT,137,5,,,0,1
13,MUTANT_ANNOTATED_SINGLE_METHOD,ATTACK_DEPENDENCIES,137,5,105,,0,1
14,TEST_FULL_SUITE_PLUS_DEFAULT,DEFEND_ONE_FROM_MANY,131,6,,,0,1
15,TEST_FULL_SUITE_PLUS_DEFAULT,DEFEND_ONE_FROM_MANY,131,6,,102,0,1
16,TEST_FULL_SUITE_PLUS_DEFAULT,DEFEND_ONE_FROM_MANY,132,6,,,0,1
17,MUTANT_ANNOTATED_SINGLE_METHOD,ATTACK_DEFAULT,138,5,,,0,1
18,MUTANT_ANNOTATED_SINGLE_METHOD,ATTACK_DEPENDENCIES,138,5,106,,0,1
19,TEST_FULL_SUITE_PLUS_DEFAULT,DEFEND_ONE_FROM_MANY,134,6,,,0,1
20,TEST_FULL_SUITE_PLUS_DEFAULT,DEFEND_ONE_FROM_MANY,134,6,,105,0,1
21,MUTANT_ANNOTATED_SINGLE_METHOD,ATTACK_DEFAULT,139,5,,,0,1
22,MUTANT_ANNOTATED_SINGLE_METHOD,ATTACK_DEPENDENCIES,139,5,104,,0,1
23,TEST_FULL_SUITE_PLUS_DEFAULT,DEFEND_ONE_FROM_MANY,133,6,,,0,1
24,TEST_FULL_SUITE_PLUS_DEFAULT,DEFEND_ONE_FROM_MANY,133,6,,104,0,1
25,TEST_FULL_SUITE_PLUS_DEFAULT,DEFEND_ONE_FROM_MANY,132,6,,100,0,1
26,TEST_FULL_SUITE_PLUS_DEFAULT,DEFEND_ONE_FROM_MANY,132,6,,103,1,0
27,MUTANT_ANNOTATED_SINGLE_METHOD,ATTACK_DEFAULT,135,5,,,0,1
28,MUTANT_ANNOTATED_SINGLE_METHOD,ATTACK_DEPENDENCIES,135,5,107,,0,1
29,MUTANT_ANNOTATED_SINGLE_METHOD,ATTACK_DEFAULT,136,5,,,0,1
30,MUTANT_ANNOTATED_SINGLE_METHOD,ATTACK_DEPENDENCIES,136,5,108,,0,1
31,MUTANT_ANNOTATED_SINGLE_METHOD,ATTACK_DEFAULT,139,5,,,0,1
32,MUTANT_ANNOTATED_SINGLE_METHOD,ATTACK_DEPENDENCIES,139,5,109,,0,1
33,MUTANT_ANNOTATED_SINGLE_METHOD,ATTACK_DEFAULT,137,5,,,0,1
34,MUTANT_ANNOTATED_SINGLE_METHOD,ATTACK_DEPENDENCIES,137,5,,,1,0
35,MUTANT_ANNOTATED_SINGLE_METHOD,ATTACK_DEFAULT,138,5,,,0,1
36,MUTANT_ANNOTATED_SINGLE_METHOD,ATTACK_DEPENDENCIES,138,5,,,1,0
37,TEST_FULL_SUITE_PLUS_DEFAULT,DEFEND_DEFAULT,140,6,,106,0,1
38,MUTANT_ANNOTATED_SINGLE_METHOD,ATTACK_DEFAULT,140,5,110,,0,1
39,TEST_FULL_SUITE_PLUS_DEFAULT,DEFEND_DEFAULT,140,6,,107,0,1
40,MUTANT_ANNOTATED_SINGLE_METHOD,ATTACK_DEFAULT,140,5,111,,0,1
41,MUTANT_ANNOTATED_SINGLE_METHOD,ATTACK_DEFAULT,141,5,,,0,1
42,MUTANT_ANNOTATED_SINGLE_METHOD,ATTACK_DEPENDENCIES,141,5,112,,0,1
43,TEST_FULL_SUITE_PLUS_DEFAULT,DEFEND_DEFAULT,141,6,,,0,1
44,TEST_FULL_SUITE_PLUS_DEFAULT,DEFEND_ONE_FROM_MANY,141,6,,,0,1
45,MUTANT_ANNOTATED_SINGLE_METHOD,ATTACK_DEFAULT,141,5,,,0,1
46,MUTANT_ANNOTATED_SINGLE_METHOD,ATTACK_DEPENDENCIES,141,5,113,,0,1
47,TEST_FULL_SUITE_PLUS_DEFAULT,DEFEND_ONE_FROM_MANY,141,6,,108,0,1
48,TEST_FULL_SUITE_PLUS_DEFAULT,DEFEND_ONE_FROM_MANY,141,6,,109,0,1
49,TEST_FULL_SUITE_PLUS_DEFAULT,DEFEND_ONE_FROM_MANY,141,6,,110,0,1
50,MUTANT_ANNOTATED_SINGLE_METHOD,ATTACK_DEFAULT,141,5,,,0,1
51,MUTANT_ANNOTATED_SINGLE_METHOD,ATTACK_DEPENDENCIES,141,5,114,,0,1
52,TEST_FULL_SUITE_PLUS_DEFAULT,DEFEND_ONE_FROM_MANY,141,6,,,0,1
53,TEST_FULL_SUITE_PLUS_DEFAULT,DEFEND_ONE_FROM_MANY,141,6,,111,0,1
54,MUTANT_ANNOTATED_SINGLE_METHOD,ATTACK_DEFAULT,141,5,,,0,1
55,MUTANT_ANNOTATED_SINGLE_METHOD,ATTACK_DEPENDENCIES,141,5,,,0,0
56,TEST_FULL_SUITE_PLUS_DEFAULT,DEFEND_ONE_FROM_MANY,141,6,,,0,1
57,TEST_FULL_SUITE_PLUS_DEFAULT,DEFEND_ONE_FROM_MANY,141,6,,112,0,1
58,MUTANT_ANNOTATED_SINGLE_METHOD,ATTACK_DEPENDENCIES,141,5,,,0,0
59,TEST_FULL_SUITE_PLUS_DEFAULT,DEFEND_ONE_FROM_MANY,141,6,,,0,0
60,MUTANT_ANNOTATED_SINGLE_METHOD,ATTACK_DEPENDENCIES,141,5,,,0,0
61,MUTANT_ANNOTATED_SINGLE_METHOD,ATTACK_DEPENDENCIES,141,5,,,0,0
62,TEST_FULL_SUITE_PLUS_DEFAULT,DEFEND_DEFAULT,141,6,,,0,1
63,MUTANT_ANNOTATED_SINGLE_METHOD,ATTACK_DEPENDENCIES,141,5,116,,0,1
64,TEST_FULL_SUITE_PLUS_DEFAULT,DEFEND_ONE_FROM_MANY,141,6,,,0,1
65,TEST_FULL_SUITE_PLUS_DEFAULT,DEFEND_ONE_FROM_MANY,141,6,,,0,0
66,MUTANT_ANNOTATED_SINGLE_METHOD,ATTACK_DEFAULT,141,5,,,0,1
67,MUTANT_ANNOTATED_SINGLE_METHOD,ATTACK_DEPENDENCIES,141,5,117,,0,1
68,MUTANT_ANNOTATED_SINGLE_METHOD,ATTACK_DEFAULT,141,5,,,0,1
69,MUTANT_ANNOTATED_SINGLE_METHOD,ATTACK_DEPENDENCIES,141,5,,,0,0
70,MUTANT_ANNOTATED_SINGLE_METHOD,ATTACK_DEPENDENCIES,141,5,121,,0,1
71,TEST_FULL_SUITE_PLUS_DEFAULT,DEFEND_DEFAULT,141,6,,,0,1
72,MUTANT_ANNOTATED_SINGLE_METHOD,ATTACK_DEFAULT,141,5,,,0,1
73,TEST_FULL_SUITE_PLUS_DEFAULT,DEFEND_ONE_FROM_MANY,141,6,,,0,1
74,MUTANT_ANNOTATED_SINGLE_METHOD,ATTACK_DEPENDENCIES,141,5,,,0,0
75,TEST_FULL_SUITE_PLUS_DEFAULT,DEFEND_ONE_FROM_MANY,141,6,,113,0,1
76,TEST_FULL_SUITE_PLUS_DEFAULT,DEFEND_ONE_FROM_MANY,141,6,,114,0,1
77,TEST_FULL_SUITE_PLUS_DEFAULT,DEFEND_ONE_FROM_MANY,141,6,,117,0,1
78,MUTANT_ANNOTATED_SINGLE_METHOD,ATTACK_DEPENDENCIES,141,5,122,,0,1
79,MUTANT_ANNOTATED_SINGLE_METHOD,ATTACK_DEFAULT,141,5,,,0,1
80,MUTANT_ANNOTATED_SINGLE_METHOD,ATTACK_DEPENDENCIES,141,5,123,,0,1
81,TEST_FULL_SUITE_PLUS_DEFAULT,DEFEND_ONE_FROM_MANY,141,6,,,0,1
82,TEST_FULL_SUITE_PLUS_DEFAULT,DEFEND_ONE_FROM_MANY,141,6,,118,0,1
83,MUTANT_ANNOTATED_SINGLE_METHOD,ATTACK_DEFAULT,141,5,,,0,1
84,MUTANT_ANNOTATED_SINGLE_METHOD,ATTACK_DEPENDENCIES,141,5,,,0,0
85,TEST_FULL_SUITE_PLUS_DEFAULT,DEFEND_ONE_FROM_MANY,141,6,,119,0,1
86,TEST_FULL_SUITE_PLUS_DEFAULT,DEFEND_ONE_FROM_MANY,141,6,,120,0,1
87,MUTANT_ANNOTATED_SINGLE_METHOD,ATTACK_DEPENDENCIES,141,5,126,,0,1
88,TEST_FULL_SUITE_PLUS_DEFAULT,DEFEND_ONE_FROM_MANY,141,6,,121,0,1
89,MUTANT_ANNOTATED_SINGLE_METHOD,ATTACK_DEFAULT,141,5,,,0,1
90,MUTANT_ANNOTATED_SINGLE_METHOD,ATTACK_DEPENDENCIES,141,5,127,,0,1
91,MUTANT_ANNOTATED_SINGLE_METHOD,ATTACK_DEFAULT,141,5,,,0,1
92,MUTANT_ANNOTATED_SINGLE_METHOD,ATTACK_DEPENDENCIES,141,5,128,,0,1
93,TEST_FULL_SUITE_PLUS_DEFAULT,DEFEND_ONE_FROM_MANY,141,6,,,0,1
94,TEST_FULL_SUITE_PLUS_DEFAULT,DEFEND_ONE_FROM_MANY,141,6,,122,0,1
95,MUTANT_ANNOTATED_SINGLE_METHOD,ATTACK_DEFAULT,141,5,,,0,1
96,MUTANT_ANNOTATED_SINGLE_METHOD,ATTACK_DEPENDENCIES,141,5,,,0,0
97,TEST_FULL_SUITE_PLUS_DEFAULT,DEFEND_ONE_FROM_MANY,141,6,,,0,1
98,TEST_FULL_SUITE_PLUS_DEFAULT,DEFEND_ONE_FROM_MANY,141,6,,123,0,1
99,TEST_FULL_SUITE_PLUS_DEFAULT,DEFEND_ONE_FROM_MANY,141,6,,,0,1
100,TEST_FULL_SUITE_PLUS_DEFAULT,DEFEND_ONE_FROM_MANY,141,6,,124,0,1
101,MUTANT_ANNOTATED_SINGLE_METHOD,ATTACK_DEPENDENCIES,141,5,,,0,0
102,TEST_FULL_SUITE_PLUS_DEFAULT,DEFEND_ONE_FROM_MANY,141,6,,,0,1
103,TEST_FULL_SUITE_PLUS_DEFAULT,DEFEND_ONE_FROM_MANY,141,6,,125,0,1
104,MUTANT_ANNOTATED_SINGLE_METHOD,ATTACK_DEPENDENCIES,141,5,133,,0,1
105,MUTANT_ANNOTATED_SINGLE_METHOD,ATTACK_DEFAULT,141,5,,,0,1
106,MUTANT_ANNOTATED_SINGLE_METHOD,ATTACK_DEPENDENCIES,141,5,134,,0,1
107,TEST_FULL_SUITE_PLUS_DEFAULT,DEFEND_ONE_FROM_MANY,141,6,,,0,1
108,TEST_FULL_SUITE_PLUS_DEFAULT,DEFEND_ONE_FROM_MANY,141,6,,126,0,1
109,MUTANT_ANNOTATED_SINGLE_METHOD,ATTACK_DEFAULT,141,5,,,0,1
110,MUTANT_ANNOTATED_SINGLE_METHOD,ATTACK_DEPENDENCIES,141,5,,,0,0
111,TEST_FULL_SUITE_PLUS_DEFAULT,DEFEND_ONE_FROM_MANY,141,6,,,0,1
112,TEST_FULL_SUITE_PLUS_DEFAULT,DEFEND_ONE_FROM_MANY,141,6,,127,0,1
113,MUTANT_ANNOTATED_SINGLE_METHOD,ATTACK_DEPENDENCIES,141,5,135,,0,1
114,MUTANT_ANNOTATED_SINGLE_METHOD,ATTACK_DEFAULT,141,5,,,0,1
115,MUTANT_ANNOTATED_SINGLE_METHOD,ATTACK_DEPENDENCIES,141,5,,,0,0
116,TEST_FULL_SUITE_PLUS_DEFAULT,DEFEND_ONE_FROM_MANY,141,6,,,0,1
117,TEST_FULL_SUITE_PLUS_DEFAULT,DEFEND_ONE_FROM_MANY,141,6,,128,0,1
118,MUTANT_ANNOTATED_SINGLE_METHOD,ATTACK_DEPENDENCIES,141,5,,,0,0
119,TEST_FULL_SUITE_PLUS_DEFAULT,DEFEND_ONE_FROM_MANY,141,6,,,0,1
120,TEST_FULL_SUITE_PLUS_DEFAULT,DEFEND_ONE_FROM_MANY,141,6,,129,0,1
121,MUTANT_ANNOTATED_SINGLE_METHOD,ATTACK_DEPENDENCIES,141,5,,,0,0
122,MUTANT_ANNOTATED_SINGLE_METHOD,ATTACK_DEPENDENCIES,141,5,,,0,0
123,TEST_FULL_SUITE_PLUS_DEFAULT,DEFEND_ONE_FROM_MANY,141,6,,,0,1
124,TEST_FULL_SUITE_PLUS_DEFAULT,DEFEND_ONE_FROM_MANY,141,6,,,0,0
125,MUTANT_ANNOTATED_SINGLE_METHOD,ATTACK_DEPENDENCIES,141,5,138,,0,1
126,MUTANT_ANNOTATED_SINGLE_METHOD,ATTACK_DEFAULT,141,5,,,0,1
127,MUTANT_ANNOTATED_SINGLE_METHOD,ATTACK_DEPENDENCIES,141,5,,,0,0
128,MUTANT_ANNOTATED_SINGLE_METHOD,ATTACK_DEPENDENCIES,141,5,,,0,0
129,TEST_FULL_SUITE_PLUS_DEFAULT,DEFEND_DEFAULT,141,6,,,0,1
130,TEST_FULL_SUITE_PLUS_DEFAULT,DEFEND_ONE_FROM_MANY,141,6,,,0,1
131,TEST_FULL_SUITE_PLUS_DEFAULT,DEFEND_ONE_FROM_MANY,141,6,,,0,0
132,MUTANT_ANNOTATED_SINGLE_METHOD,ATTACK_DEPENDENCIES,141,5,143,,0,1
133,MUTANT_ANNOTATED_SINGLE_METHOD,ATTACK_DEFAULT,141,5,,,0,1
134,MUTANT_ANNOTATED_SINGLE_METHOD,ATTACK_DEPENDENCIES,141,5,,,0,0
135,MUTANT_ANNOTATED_SINGLE_METHOD,ATTACK_DEPENDENCIES,141,5,146,,0,1
136,TEST_FULL_SUITE_PLUS_DEFAULT,DEFEND_DEFAULT,141,6,,,0,1
137,TEST_FULL_SUITE_PLUS_DEFAULT,DEFEND_ONE_FROM_MANY,141,6,,,0,1
138,TEST_FULL_SUITE_PLUS_DEFAULT,DEFEND_ONE_FROM_MANY,141,6,,,0,0
139,MUTANT_ANNOTATED_SINGLE_METHOD,ATTACK_DEFAULT,141,5,,,0,1
140,MUTANT_ANNOTATED_SINGLE_METHOD,ATTACK_DEPENDENCIES,141,5,,,0,0
141,MUTANT_ANNOTATED_SINGLE_METHOD,ATTACK_DEPENDENCIES,141,5,,,0,0
142,MUTANT_ANNOTATED_SINGLE_METHOD,ATTACK_DEPENDENCIES,141,5,147,,0,1
143,TEST_FULL_SUITE_PLUS_DEFAULT,DEFEND_DEFAULT,141,6,,,0,1
144,MUTANT_ANNOTATED_SINGLE_METHOD,ATTACK_DEFAULT,141,5,,,0,1
145,MUTANT_ANNOTATED_SINGLE_METHOD,ATTACK_DEPENDENCIES,141,5,148,,0,1
146,TEST_FULL_SUITE_PLUS_DEFAULT,DEFEND_ONE_FROM_MANY,141,6,,,0,1
147,TEST_FULL_SUITE_PLUS_DEFAULT,DEFEND_ONE_FROM_MANY,141,6,,,0,0
148,MUTANT_ANNOTATED_SINGLE_METHOD,ATTACK_DEFAULT,141,5,,,0,1
149,MUTANT_ANNOTATED_SINGLE_METHOD,ATTACK_DEPENDENCIES,141,5,,,0,0
150,MUTANT_ANNOTATED_SINGLE_METHOD,ATTACK_DEPENDENCIES,141,5,,,0,0
151,TEST_FULL_SUITE_PLUS_DEFAULT,DEFEND_DEFAULT,141,6,,,0,1
152,TEST_FULL_SUITE_PLUS_DEFAULT,DEFEND_ONE_FROM_MANY,141,6,,,0,1
153,TEST_FULL_SUITE_PLUS_DEFAULT,DEFEND_ONE_FROM_MANY,141,6,,133,0,1
154,MUTANT_ANNOTATED_SINGLE_METHOD,ATTACK_DEPENDENCIES,141,5,149,,0,1
155,TEST_FULL_SUITE_PLUS_DEFAULT,DEFEND_ONE_FROM_MANY,141,6,,134,0,1
156,MUTANT_ANNOTATED_SINGLE_METHOD,ATTACK_DEFAULT,141,5,,,0,1
157,MUTANT_ANNOTATED_SINGLE_METHOD,ATTACK_DEPENDENCIES,141,5,,,0,0
158,TEST_FULL_SUITE_PLUS_DEFAULT,DEFEND_ONE_FROM_MANY,141,6,,136,0,1
159,TEST_FULL_SUITE_PLUS_DEFAULT,DEFEND_ONE_FROM_MANY,141,6,,,0,1
160,TEST_FULL_SUITE_PLUS_DEFAULT,DEFEND_ONE_FROM_MANY,141,6,,137,0,1
161,MUTANT_ANNOTATED_SINGLE_METHOD,ATTACK_DEPENDENCIES,141,5,,,0,0
162,TEST_FULL_SUITE_PLUS_DEFAULT,DEFEND_ONE_FROM_MANY,141,6,,138,0,1
163,TEST_FULL_SUITE_PLUS_DEFAULT,DEFEND_ONE_FROM_MANY,141,6,,139,0,1
164,MUTANT_ANNOTATED_SINGLE_METHOD,ATTACK_DEPENDENCIES,141,5,150,,0,1
165,MUTANT_ANNOTATED_SINGLE_METHOD,ATTACK_DEFAULT,141,5,,,0,1
166,MUTANT_ANNOTATED_SINGLE_METHOD,ATTACK_DEPENDENCIES,141,5,,,0,0
167,TEST_FULL_SUITE_PLUS_DEFAULT,DEFEND_ONE_FROM_MANY,141,6,,,0,0
168,MUTANT_ANNOTATED_SINGLE_METHOD,ATTACK_DEPENDENCIES,141,5,,,0,0
169,MUTANT_ANNOTATED_SINGLE_METHOD,ATTACK_DEPENDENCIES,141,5,152,,0,1
170,MUTANT_ANNOTATED_SINGLE_METHOD,ATTACK_DEFAULT,141,5,,,0,1
171,MUTANT_ANNOTATED_SINGLE_METHOD,ATTACK_DEPENDENCIES,141,5,153,,0,1
172,TEST_FULL_SUITE_PLUS_DEFAULT,DEFEND_DEFAULT,141,6,,,0,1
173,TEST_FULL_SUITE_PLUS_DEFAULT,DEFEND_ONE_FROM_MANY,141,6,,,0,1
174,TEST_FULL_SUITE_PLUS_DEFAULT,DEFEND_ONE_FROM_MANY,141,6,,140,0,1
175,MUTANT_ANNOTATED_SINGLE_METHOD,ATTACK_DEFAULT,141,5,,,0,1
176,MUTANT_ANNOTATED_SINGLE_METHOD,ATTACK_DEPENDENCIES,141,5,,,0,0
177,TEST_FULL_SUITE_PLUS_DEFAULT,DEFEND_ONE_FROM_MANY,141,6,,,0,1
178,TEST_FULL_SUITE_PLUS_DEFAULT,DEFEND_ONE_FROM_MANY,141,6,,141,0,1
179,MUTANT_ANNOTATED_SINGLE_METHOD,ATTACK_DEPENDENCIES,141,5,154,,0,1
180,TEST_FULL_SUITE_PLUS_DEFAULT,DEFEND_ONE_FROM_MANY,141,6,,,0,1
181,TEST_FULL_SUITE_PLUS_DEFAULT,DEFEND_ONE_FROM_MANY,141,6,,,0,0
182,MUTANT_ANNOTATED_SINGLE_METHOD,ATTACK_DEFAULT,141,5,,,0,1
183,MUTANT_ANNOTATED_SINGLE_METHOD,ATTACK_DEPENDENCIES,141,5,155,,0,1
184,MUTANT_ANNOTATED_SINGLE_METHOD,ATTACK_DEFAULT,141,5,,,0,1
185,MUTANT_ANNOTATED_SINGLE_METHOD,ATTACK_DEPENDENCIES,141,5,156,,0,1
186,MUTANT_ANNOTATED_SINGLE_METHOD,ATTACK_DEFAULT,141,5,,,0,1
187,MUTANT_ANNOTATED_SINGLE_METHOD,ATTACK_DEPENDENCIES,141,5,,,0,0
188,TEST_FULL_SUITE_PLUS_DEFAULT,DEFEND_DEFAULT,141,6,,,0,1
189,TEST_FULL_SUITE_PLUS_DEFAULT,DEFEND_ONE_FROM_MANY,141,6,,,0,1
190,TEST_FULL_SUITE_PLUS_DEFAULT,DEFEND_ONE_FROM_MANY,141,6,,142,0,1
191,MUTANT_ANNOTATED_SINGLE_METHOD,ATTACK_DEPENDENCIES,141,5,157,,0,1
192,MUTANT_ANNOTATED_SINGLE_METHOD,ATTACK_DEFAULT,141,5,,,0,1
193,MUTANT_ANNOTATED_SINGLE_METHOD,ATTACK_DEPENDENCIES,141,5,,,0,0
194,TEST_FULL_SUITE_PLUS_DEFAULT,DEFEND_ONE_FROM_MANY,141,6,,,0,1
195,TEST_FULL_SUITE_PLUS_DEFAULT,DEFEND_ONE_FROM_MANY,141,6,,,0,0
196,MUTANT_ANNOTATED_SINGLE_METHOD,ATTACK_DEPENDENCIES,141,5,159,,0,1
197,MUTANT_ANNOTATED_SINGLE_METHOD,ATTACK_DEFAULT,141,5,,,0,1
198,MUTANT_ANNOTATED_SINGLE_METHOD,ATTACK_DEPENDENCIES,141,5,,,0,0
199,TEST_FULL_SUITE_PLUS_DEFAULT,DEFEND_DEFAULT,141,6,,,0,1
200,TEST_FULL_SUITE_PLUS_DEFAULT,DEFEND_ONE_FROM_MANY,141,6,,,0,1
201,TEST_FULL_SUITE_PLUS_DEFAULT,DEFEND_ONE_FROM_MANY,141,6,,,0,0
202,MUTANT_ANNOTATED_SINGLE_METHOD,ATTACK_DEPENDENCIES,141,5,160,,0,1
203,MUTANT_ANNOTATED_SINGLE_METHOD,ATTACK_DEFAULT,141,5,,,0,1
204,MUTANT_ANNOTATED_SINGLE_METHOD,ATTACK_DEPENDENCIES,141,5,161,,0,1
205,MUTANT_ANNOTATED_SINGLE_METHOD,ATTACK_DEFAULT,141,5,,,0,1
206,MUTANT_ANNOTATED_SINGLE_METHOD,ATTACK_DEPENDENCIES,141,5,,,0,0
207,TEST_FULL_SUITE_PLUS_DEFAULT,DEFEND_DEFAULT,141,6,,,0,1
208,TEST_FULL_SUITE_PLUS_DEFAULT,DEFEND_ONE_FROM_MANY,141,6,,,0,1
209,TEST_FULL_SUITE_PLUS_DEFAULT,DEFEND_ONE_FROM_MANY,141,6,,143,0,1
210,MUTANT_ANNOTATED_SINGLE_METHOD,ATTACK_DEPENDENCIES,141,5,162,,0,1
211,MUTANT_ANNOTATED_SINGLE_METHOD,ATTACK_DEFAULT,141,5,,,0,1
212,MUTANT_ANNOTATED_SINGLE_METHOD,ATTACK_DEPENDENCIES,141,5,163,,0,1
213,TEST_FULL_SUITE_PLUS_DEFAULT,DEFEND_ONE_FROM_MANY,141,6,,,0,1
214,TEST_FULL_SUITE_PLUS_DEFAULT,DEFEND_ONE_FROM_MANY,141,6,,144,0,1
215,MUTANT_ANNOTATED_SINGLE_METHOD,ATTACK_DEFAULT,141,5,,,0,1
216,MUTANT_ANNOTATED_SINGLE_METHOD,ATTACK_DEPENDENCIES,141,5,,,0,0
217,TEST_FULL_SUITE_PLUS_DEFAULT,DEFEND_ONE_FROM_MANY,141,6,,,0,0
218,MUTANT_ANNOTATED_SINGLE_METHOD,ATTACK_DEPENDENCIES,141,5,,,0,0
219,MUTANT_ANNOTATED_SINGLE_METHOD,ATTACK_DEPENDENCIES,141,5,,,0,0
220,TEST_FULL_SUITE_PLUS_DEFAULT,DEFEND_DEFAULT,141,6,,,0,1
221,TEST_FULL_SUITE_PLUS_DEFAULT,DEFEND_ONE_FROM_MANY,141,6,,,0,1
222,TEST_FULL_SUITE_PLUS_DEFAULT,DEFEND_ONE_FROM_MANY,141,6,,150,0,1
223,MUTANT_ANNOTATED_SINGLE_METHOD,ATTACK_DEPENDENCIES,141,5,,,0,0
224,TEST_FULL_SUITE_PLUS_DEFAULT,DEFEND_ONE_FROM_MANY,141,6,,151,0,1
225,TEST_FULL_SUITE_PLUS_DEFAULT,DEFEND_ONE_FROM_MANY,141,6,,152,0,1
226,MUTANT_ANNOTATED_SINGLE_METHOD,ATTACK_DEPENDENCIES,141,5,164,,0,1
227,TEST_FULL_SUITE_PLUS_DEFAULT,DEFEND_ONE_FROM_MANY,141,6,,153,0,1
228,MUTANT_ANNOTATED_SINGLE_METHOD,ATTACK_DEFAULT,141,5,,,0,1
229,MUTANT_ANNOTATED_SINGLE_METHOD,ATTACK_DEPENDENCIES,141,5,165,,0,1
230,TEST_FULL_SUITE_PLUS_DEFAULT,DEFEND_ONE_FROM_MANY,141,6,,154,0,1
231,MUTANT_ANNOTATED_SINGLE_METHOD,ATTACK_DEFAULT,141,5,,,0,1
232,MUTANT_ANNOTATED_SINGLE_METHOD,ATTACK_DEPENDENCIES,141,5,166,,0,1
233,TEST_FULL_SUITE_PLUS_DEFAULT,DEFEND_ONE_FROM_MANY,141,6,,155,0,1
234,TEST_FULL_SUITE_PLUS_DEFAULT,DEFEND_ONE_FROM_MANY,141,6,,156,0,1
235,MUTANT_ANNOTATED_SINGLE_METHOD,ATTACK_DEFAULT,141,5,,,0,1
236,MUTANT_ANNOTATED_SINGLE_METHOD,ATTACK_DEPENDENCIES,141,5,167,,0,1
237,MUTANT_ANNOTATED_SINGLE_METHOD,ATTACK_DEFAULT,141,5,,,0,1
238,MUTANT_ANNOTATED_SINGLE_METHOD,ATTACK_DEPENDENCIES,141,5,,,1,0
239,TEST_FULL_SUITE_PLUS_DEFAULT,DEFEND_ONE_FROM_MANY,141,6,,157,1,0
240,TEST_FULL_SUITE_PLUS_DEFAULT,DEFEND_DEFAULT,142,6,,,0,1
241,TEST_FULL_SUITE_PLUS_DEFAULT,DEFEND_ONE_FROM_MANY,142,6,,,0,1
242,TEST_FULL_SUITE_PLUS_DEFAULT,DEFEND_ONE_FROM_MANY,142,6,,158,1,0
243,TEST_FULL_SUITE_PLUS_DEFAULT,DEFEND_DEFAULT,203,6,,,0,1
244,TEST_FULL_SUITE_PLUS_DEFAULT,DEFEND_ONE_FROM_MANY,203,6,,,0,1
245,TEST_FULL_SUITE_PLUS_DEFAULT,DEFEND_ONE_FROM_MANY,203,6,,,1,0
246,MUTANT_ANNOTATED_SINGLE_METHOD,ATTACK_DEFAULT,208,5,,,0,1
247,MUTANT_ANNOTATED_SINGLE_METHOD,ATTACK_DEPENDENCIES,208,5,,,1,0
248,TEST_FULL_SUITE_PLUS_DEFAULT,DEFEND_DEFAULT,209,6,,,0,1
249,MUTANT_ANNOTATED_SINGLE_METHOD,ATTACK_DEFAULT,210,5,,,0,1
250,MUTANT_ANNOTATED_SINGLE_METHOD,ATTACK_DEPENDENCIES,210,5,168,,0,1
251,TEST_FULL_SUITE_PLUS_DEFAULT,DEFEND_DEFAULT,211,6,,,0,1
252,MUTANT_ANNOTATED_SINGLE_METHOD,ATTACK_DEFAULT,212,5,,,0,1
253,MUTANT_ANNOTATED_SINGLE_METHOD,ATTACK_DEPENDENCIES,212,5,169,,0,1
254,TEST_FULL_SUITE_PLUS_DEFAULT,DEFEND_DEFAULT,213,6,,,0,0
255,TEST_FULL_SUITE_PLUS_DEFAULT,DEFEND_ONE_FROM_MANY,209,6,,,0,1
256,MUTANT_ANNOTATED_SINGLE_METHOD,ATTACK_DEFAULT,214,5,,,0,1
257,MUTANT_ANNOTATED_SINGLE_METHOD,ATTACK_DEPENDENCIES,214,5,170,,0,1
258,TEST_FULL_SUITE_PLUS_DEFAULT,DEFEND_DEFAULT,215,6,,,0,1
259,TEST_FULL_SUITE_PLUS_DEFAULT,DEFEND_ONE_FROM_MANY,209,6,,159,1,0
260,MUTANT_ANNOTATED_SINGLE_METHOD,ATTACK_DEFAULT,216,5,,,0,1
261,MUTANT_ANNOTATED_SINGLE_METHOD,ATTACK_DEPENDENCIES,216,5,,,1,0
262,TEST_FULL_SUITE_PLUS_DEFAULT,DEFEND_DEFAULT,217,6,,,0,1
263,TEST_FULL_SUITE_PLUS_DEFAULT,DEFEND_ONE_FROM_MANY,211,6,,,0,1
264,TEST_FULL_SUITE_PLUS_DEFAULT,DEFEND_ONE_FROM_MANY,215,6,,,0,1
265,TEST_FULL_SUITE_PLUS_DEFAULT,DEFEND_ONE_FROM_MANY,215,6,,,1,0
266,TEST_FULL_SUITE_PLUS_DEFAULT,DEFEND_ONE_FROM_MANY,211,6,,160,1,0
267,TEST_FULL_SUITE_PLUS_DEFAULT,DEFEND_ONE_FROM_MANY,217,6,,,0,1
268,TEST_FULL_SUITE_PLUS_DEFAULT,DEFEND_ONE_FROM_MANY,217,6,,,1,0
269,MUTANT_ANNOTATED_SINGLE_METHOD,ATTACK_DEFAULT,227,5,,,0,1
270,MUTANT_ANNOTATED_SINGLE_METHOD,ATTACK_DEPENDENCIES,227,5,171,,0,1
271,TEST_FULL_SUITE_PLUS_DEFAULT,DEFEND_DEFAULT,228,6,,,0,1
272,MUTANT_ANNOTATED_SINGLE_METHOD,ATTACK_DEFAULT,229,5,,,0,1
273,MUTANT_ANNOTATED_SINGLE_METHOD,ATTACK_DEPENDENCIES,229,5,,,1,0
274,TEST_FULL_SUITE_PLUS_DEFAULT,DEFEND_DEFAULT,230,6,,,0,1
275,MUTANT_ANNOTATED_SINGLE_METHOD,ATTACK_DEFAULT,231,5,,,0,1
276,MUTANT_ANNOTATED_SINGLE_METHOD,ATTACK_DEPENDENCIES,231,5,,,1,0
277,TEST_FULL_SUITE_PLUS_DEFAULT,DEFEND_DEFAULT,232,6,,,0,1
278,MUTANT_ANNOTATED_SINGLE_METHOD,ATTACK_DEFAULT,233,5,,,0,1
279,MUTANT_ANNOTATED_SINGLE_METHOD,ATTACK_DEPENDENCIES,233,5,,,1,0
280,TEST_FULL_SUITE_PLUS_DEFAULT,DEFEND_DEFAULT,234,6,,,0,1
281,MUTANT_ANNOTATED_SINGLE_METHOD,ATTACK_DEFAULT,235,5,,,0,1
282,TEST_FULL_SUITE_PLUS_DEFAULT,DEFEND_ONE_FROM_MANY,228,6,,,0,1
283,MUTANT_ANNOTATED_SINGLE_METHOD,ATTACK_DEPENDENCIES,235,5,,,1,0
284,TEST_FULL_SUITE_PLUS_DEFAULT,DEFEND_ONE_FROM_MANY,230,6,,,0,1
285,TEST_FULL_SUITE_PLUS_DEFAULT,DEFEND_DEFAULT,236,6,,,0,1
286,TEST_FULL_SUITE_PLUS_DEFAULT,DEFEND_ONE_FROM_MANY,228,6,,161,1,0
287,TEST_FULL_SUITE_PLUS_DEFAULT,DEFEND_ONE_FROM_MANY,230,6,,162,1,0
288,TEST_FULL_SUITE_PLUS_DEFAULT,DEFEND_ONE_FROM_MANY,232,6,,,0,1
289,TEST_FULL_SUITE_PLUS_DEFAULT,DEFEND_ONE_FROM_MANY,232,6,,163,1,0
290,TEST_FULL_SUITE_PLUS_DEFAULT,DEFEND_ONE_FROM_MANY,236,6,,,0,1
291,TEST_FULL_SUITE_PLUS_DEFAULT,DEFEND_ONE_FROM_MANY,236,6,,,1,0
292,TEST_FULL_SUITE_PLUS_DEFAULT,DEFEND_ONE_FROM_MANY,234,6,,,0,1
293,TEST_FULL_SUITE_PLUS_DEFAULT,DEFEND_ONE_FROM_MANY,234,6,,,1,0
294,MUTANT_ANNOTATED_SINGLE_METHOD,ATTACK_DEFAULT,237,5,,,0,1
295,TEST_FULL_SUITE_PLUS_DEFAULT,DEFEND_DEFAULT,240,6,,,0,1
296,TEST_FULL_SUITE_PLUS_DEFAULT,DEFEND_DEFAULT,241,6,,,0,1
297,TEST_FULL_SUITE_PLUS_DEFAULT,DEFEND_DEFAULT,249,6,,,0,1
298,TEST_FULL_SUITE_PLUS_DEFAULT,DEFEND_DEFAULT,250,6,,,0,1
299,MUTANT_ANNOTATED_SINGLE_METHOD,ATTACK_DEFAULT,247,5,,,0,1
300,MUTANT_ANNOTATED_SINGLE_METHOD,ATTACK_DEFAULT,243,5,,,0,1
301,TEST_FULL_SUITE_PLUS_DEFAULT,DEFEND_DEFAULT,242,6,,,0,1
302,MUTANT_ANNOTATED_SINGLE_METHOD,ATTACK_DEPENDENCIES,237,5,176,,0,1
303,MUTANT_ANNOTATED_SINGLE_METHOD,ATTACK_DEFAULT,246,5,,,0,1
304,MUTANT_ANNOTATED_SINGLE_METHOD,ATTACK_DEFAULT,245,5,,,0,1
305,MUTANT_ANNOTATED_SINGLE_METHOD,ATTACK_DEPENDENCIES,247,5,,,1,0
306,MUTANT_ANNOTATED_SINGLE_METHOD,ATTACK_DEPENDENCIES,243,5,175,,0,1
307,MUTANT_ANNOTATED_SINGLE_METHOD,ATTACK_DEPENDENCIES,245,5,,,1,0
308,MUTANT_ANNOTATED_SINGLE_METHOD,ATTACK_DEPENDENCIES,246,5,173,,0,1
309,TEST_FULL_SUITE_PLUS_DEFAULT,DEFEND_ONE_FROM_MANY,250,6,,,0,1
310,TEST_FULL_SUITE_PLUS_DEFAULT,DEFEND_ONE_FROM_MANY,250,6,,,1,0
311,TEST_FULL_SUITE_PLUS_DEFAULT,DEFEND_ONE_FROM_MANY,240,6,,,0,1
312,TEST_FULL_SUITE_PLUS_DEFAULT,DEFEND_ONE_FROM_MANY,242,6,,,0,1
313,TEST_FULL_SUITE_PLUS_DEFAULT,DEFEND_ONE_FROM_MANY,241,6,,,0,1
314,TEST_FULL_SUITE_PLUS_DEFAULT,DEFEND_ONE_FROM_MANY,241,6,,,1,0
315,TEST_FULL_SUITE_PLUS_DEFAULT,DEFEND_ONE_FROM_MANY,249,6,,,0,1
316,TEST_FULL_SUITE_PLUS_DEFAULT,DEFEND_ONE_FROM_MANY,249,6,,,1,0
317,TEST_FULL_SUITE_PLUS_DEFAULT,DEFEND_ONE_FROM_MANY,240,6,,164,1,0
318,TEST_FULL_SUITE_PLUS_DEFAULT,DEFEND_ONE_FROM_MANY,242,6,,165,1,0
319,TEST_FULL_SUITE_PLUS_DEFAULT,DEFEND_DEFAULT,252,6,,,0,1
320,TEST_FULL_SUITE_PLUS_DEFAULT,DEFEND_ONE_FROM_MANY,252,6,,,0,1
321,TEST_FULL_SUITE_PLUS_DEFAULT,DEFEND_ONE_FROM_MANY,252,6,,166,0,1
322,TEST_FULL_SUITE_PLUS_DEFAULT,DEFEND_ONE_FROM_MANY,252,6,,167,0,1
323,TEST_FULL_SUITE_PLUS_DEFAULT,DEFEND_ONE_FROM_MANY,252,6,,168,0,1
324,TEST_FULL_SUITE_PLUS_DEFAULT,DEFEND_ONE_FROM_MANY,252,6,,169,0,1
325,TEST_FULL_SUITE_PLUS_DEFAULT,DEFEND_ONE_FROM_MANY,252,6,,170,0,1
326,TEST_FULL_SUITE_PLUS_DEFAULT,DEFEND_ONE_FROM_MANY,252,6,,171,0,1
327,TEST_FULL_SUITE_PLUS_DEFAULT,DEFEND_ONE_FROM_MANY,252,6,,172,0,1
328,TEST_FULL_SUITE_PLUS_DEFAULT,DEFEND_ONE_FROM_MANY,252,6,,173,0,1
329,TEST_FULL_SUITE_PLUS_DEFAULT,DEFEND_ONE_FROM_MANY,252,6,,174,0,1
330,TEST_FULL_SUITE_PLUS_DEFAULT,DEFEND_ONE_FROM_MANY,252,6,,175,0,1
331,TEST_FULL_SUITE_PLUS_DEFAULT,DEFEND_ONE_FROM_MANY,252,6,,176,0,1
332,TEST_FULL_SUITE_PLUS_DEFAULT,DEFEND_ONE_FROM_MANY,252,6,,177,0,1
333,TEST_FULL_SUITE_PLUS_DEFAULT,DEFEND_ONE_FROM_MANY,252,6,,178,0,1
334,TEST_FULL_SUITE_PLUS_DEFAULT,DEFEND_ONE_FROM_MANY,252,6,,179,0,1
335,TEST_FULL_SUITE_PLUS_DEFAULT,DEFEND_ONE_FROM_MANY,252,6,,180,0,1
336,TEST_FULL_SUITE_PLUS_DEFAULT,DEFEND_ONE_FROM_MANY,252,6,,181,0,1
337,TEST_FULL_SUITE_PLUS_DEFAULT,DEFEND_ONE_FROM_MANY,252,6,,182,0,1
338,TEST_FULL_SUITE_PLUS_DEFAULT,DEFEND_ONE_FROM_MANY,252,6,,183,0,1
339,TEST_FULL_SUITE_PLUS_DEFAULT,DEFEND_ONE_FROM_MANY,252,6,,,1,0
340,TEST_FULL_SUITE_PLUS_DEFAULT,DEFEND_DEFAULT,252,6,,184,0,1
341,TEST_FULL_SUITE_PLUS_DEFAULT,DEFEND_DEFAULT,252,6,,185,0,1
342,TEST_FULL_SUITE_PLUS_DEFAULT,DEFEND_DEFAULT,252,6,,186,0,1
343,TEST_FULL_SUITE_PLUS_DEFAULT,DEFEND_DEFAULT,252,6,,187,0,1
344,TEST_FULL_SUITE_PLUS_DEFAULT,DEFEND_DEFAULT,252,6,,188,0,1
345,TEST_FULL_SUITE_PLUS_DEFAULT,DEFEND_DEFAULT,252,6,,189,0,1
346,TEST_FULL_SUITE_PLUS_DEFAULT,DEFEND_DEFAULT,252,6,,190,0,1
347,TEST_FULL_SUITE_PLUS_DEFAULT,DEFEND_DEFAULT,252,6,,191,0,1
348,TEST_FULL_SUITE_PLUS_DEFAULT,DEFEND_DEFAULT,252,6,,192,0,1
349,TEST_FULL_SUITE_PLUS_DEFAULT,DEFEND_DEFAULT,252,6,,193,0,1
350,TEST_FULL_SUITE_PLUS_DEFAULT,DEFEND_DEFAULT,252,6,,194,0,1
351,TEST_FULL_SUITE_PLUS_DEFAULT,DEFEND_DEFAULT,252,6,,195,0,1
352,TEST_FULL_SUITE_PLUS_DEFAULT,DEFEND_DEFAULT,252,6,,196,0,1
353,TEST_FULL_SUITE_PLUS_DEFAULT,DEFEND_DEFAULT,252,6,,197,0,1
354,TEST_FULL_SUITE_PLUS_DEFAULT,DEFEND_DEFAULT,252,6,,198,0,1
355,TEST_FULL_SUITE_PLUS_DEFAULT,DEFEND_DEFAULT,252,6,,,0,0
356,TEST_FULL_SUITE_PLUS_DEFAULT,DEFEND_DEFAULT,252,6,,201,0,1
357,TEST_FULL_SUITE_PLUS_DEFAULT,DEFEND_DEFAULT,252,6,,202,0,1
358,TEST_FULL_SUITE_PLUS_DEFAULT,DEFEND_DEFAULT,252,6,,203,0,1
359,TEST_FULL_SUITE_PLUS_DEFAULT,DEFEND_DEFAULT,252,6,,205,0,1
360,TEST_FULL_SUITE_PLUS_DEFAULT,DEFEND_DEFAULT,252,6,,,0,0
361,TEST_FULL_SUITE_PLUS_DEFAULT,DEFEND_DEFAULT,252,6,,208,0,1
362,TEST_FULL_SUITE_PLUS_DEFAULT,DEFEND_DEFAULT,252,6,,209,0,1
363,TEST_FULL_SUITE_PLUS_DEFAULT,DEFEND_DEFAULT,252,6,,210,0,1
364,TEST_FULL_SUITE_PLUS_DEFAULT,DEFEND_DEFAULT,252,6,,211,0,1
365,TEST_FULL_SUITE_PLUS_DEFAULT,DEFEND_DEFAULT,252,6,,212,0,1
366,TEST_FULL_SUITE_PLUS_DEFAULT,DEFEND_DEFAULT,252,6,,213,0,1
367,TEST_FULL_SUITE_PLUS_DEFAULT,DEFEND_DEFAULT,252,6,,214,0,1
368,TEST_FULL_SUITE_PLUS_DEFAULT,DEFEND_DEFAULT,252,6,,,0,0
369,TEST_FULL_SUITE_PLUS_DEFAULT,DEFEND_DEFAULT,252,6,,216,0,1
370,TEST_FULL_SUITE_PLUS_DEFAULT,DEFEND_DEFAULT,252,6,,217,0,1
371,TEST_FULL_SUITE_PLUS_DEFAULT,DEFEND_DEFAULT,252,6,,218,0,1
372,TEST_FULL_SUITE_PLUS_DEFAULT,DEFEND_DEFAULT,252,6,,219,0,1
373,TEST_FULL_SUITE_PLUS_DEFAULT,DEFEND_DEFAULT,252,6,,220,0,1
374,TEST_FULL_SUITE_PLUS_DEFAULT,DEFEND_DEFAULT,252,6,,221,0,1
375,TEST_FULL_SUITE_PLUS_DEFAULT,DEFEND_DEFAULT,252,6,,222,0,1
376,TEST_FULL_SUITE_PLUS_DEFAULT,DEFEND_DEFAULT,252,6,,223,0,1
377,TEST_FULL_SUITE_PLUS_DEFAULT,DEFEND_DEFAULT,252,6,,224,0,1
378,TEST_FULL_SUITE_PLUS_DEFAULT,DEFEND_DEFAULT,252,6,,225,0,1
379,TEST_FULL_SUITE_PLUS_DEFAULT,DEFEND_DEFAULT,252,6,,227,0,1
380,TEST_FULL_SUITE_PLUS_DEFAULT,DEFEND_DEFAULT,252,6,,,0,0
381,TEST_FULL_SUITE_PLUS_DEFAULT,DEFEND_DEFAULT,252,6,,230,0,1
382,TEST_FULL_SUITE_PLUS_DEFAULT,DEFEND_DEFAULT,252,6,,,0,0
383,TEST_FULL_SUITE_PLUS_DEFAULT,DEFEND_DEFAULT,252,6,,235,0,1
384,TEST_FULL_SUITE_PLUS_DEFAULT,DEFEND_DEFAULT,252,6,,237,0,1
385,TEST_FULL_SUITE_PLUS_DEFAULT,DEFEND_DEFAULT,252,6,,238,0,1
386,TEST_FULL_SUITE_PLUS_DEFAULT,DEFEND_DEFAULT,252,6,,239,0,1
387,TEST_FULL_SUITE_PLUS_DEFAULT,DEFEND_DEFAULT,252,6,,240,0,1
388,TEST_FULL_SUITE_PLUS_DEFAULT,DEFEND_DEFAULT,252,6,,241,0,1
389,TEST_FULL_SUITE_PLUS_DEFAULT,DEFEND_DEFAULT,252,6,,242,0,1
390,TEST_FULL_SUITE_PLUS_DEFAULT,DEFEND_DEFAULT,252,6,,243,0,1
391,TEST_FULL_SUITE_PLUS_DEFAULT,DEFEND_DEFAULT,252,6,,244,0,1
392,TEST_FULL_SUITE_PLUS_DEFAULT,DEFEND_DEFAULT,252,6,,245,0,1
393,TEST_FULL_SUITE_PLUS_DEFAULT,DEFEND_DEFAULT,252,6,,,0,0
394,TEST_FULL_SUITE_PLUS_DEFAULT,DEFEND_DEFAULT,252,6,,248,0,1
395,TEST_FULL_SUITE_PLUS_DEFAULT,DEFEND_DEFAULT,252,6,,249,0,1
396,TEST_FULL_SUITE_PLUS_DEFAULT,DEFEND_DEFAULT,252,6,,250,0,1
397,TEST_FULL_SUITE_PLUS_DEFAULT,DEFEND_DEFAULT,252,6,,251,0,1
398,TEST_FULL_SUITE_PLUS_DEFAULT,DEFEND_DEFAULT,252,6,,254,0,1
399,TEST_FULL_SUITE_PLUS_DEFAULT,DEFEND_DEFAULT,252,6,,255,0,1
400,TEST_FULL_SUITE_PLUS_DEFAULT,DEFEND_DEFAULT,252,6,,257,0,1
401,TEST_FULL_SUITE_PLUS_DEFAULT,DEFEND_DEFAULT,252,6,,258,0,1
402,TEST_FULL_SUITE_PLUS_DEFAULT,DEFEND_DEFAULT,252,6,,259,0,1
403,TEST_FULL_SUITE_PLUS_DEFAULT,DEFEND_DEFAULT,252,6,,260,0,1
404,TEST_FULL_SUITE_PLUS_DEFAULT,DEFEND_DEFAULT,252,6,,261,0,1
405,TEST_FULL_SUITE_PLUS_DEFAULT,DEFEND_DEFAULT,252,6,,262,0,1
406,TEST_FULL_SUITE_PLUS_DEFAULT,DEFEND_DEFAULT,252,6,,263,0,1
407,TEST_FULL_SUITE_PLUS_DEFAULT,DEFEND_DEFAULT,252,6,,266,0,1
408,TEST_FULL_SUITE_PLUS_DEFAULT,DEFEND_DEFAULT,253,6,,,0,1
409,TEST_FULL_SUITE_PLUS_DEFAULT,DEFEND_ONE_FROM_MANY,253,6,,,0,1
410,TEST_FULL_SUITE_PLUS_DEFAULT,DEFEND_ONE_FROM_MANY,253,6,,267,0,1
411,TEST_FULL_SUITE_PLUS_DEFAULT,DEFEND_ONE_FROM_MANY,253,6,,268,0,1
412,TEST_FULL_SUITE_PLUS_DEFAULT,DEFEND_ONE_FROM_MANY,253,6,,269,0,1
413,TEST_FULL_SUITE_PLUS_DEFAULT,DEFEND_ONE_FROM_MANY,253,6,,270,0,1
414,TEST_FULL_SUITE_PLUS_DEFAULT,DEFEND_ONE_FROM_MANY,253,6,,271,0,1
415,TEST_FULL_SUITE_PLUS_DEFAULT,DEFEND_ONE_FROM_MANY,253,6,,272,0,1
416,TEST_FULL_SUITE_PLUS_DEFAULT,DEFEND_ONE_FROM_MANY,253,6,,273,0,1
417,TEST_FULL_SUITE_PLUS_DEFAULT,DEFEND_ONE_FROM_MANY,253,6,,274,0,1
418,TEST_FULL_SUITE_PLUS_DEFAULT,DEFEND_ONE_FROM_MANY,253,6,,275,0,1
419,TEST_FULL_SUITE_PLUS_DEFAULT,DEFEND_ONE_FROM_MANY,253,6,,276,0,1
420,TEST_FULL_SUITE_PLUS_DEFAULT,DEFEND_ONE_FROM_MANY,253,6,,277,0,1
421,TEST_FULL_SUITE_PLUS_DEFAULT,DEFEND_ONE_FROM_MANY,253,6,,278,0,1
422,TEST_FULL_SUITE_PLUS_DEFAULT,DEFEND_ONE_FROM_MANY,253,6,,279,0,1
423,TEST_FULL_SUITE_PLUS_DEFAULT,DEFEND_ONE_FROM_MANY,253,6,,280,0,1
424,TEST_FULL_SUITE_PLUS_DEFAULT,DEFEND_ONE_FROM_MANY,253,6,,281,0,1
425,TEST_FULL_SUITE_PLUS_DEFAULT,DEFEND_ONE_FROM_MANY,253,6,,282,0,1
426,TEST_FULL_SUITE_PLUS_DEFAULT,DEFEND_ONE_FROM_MANY,253,6,,283,0,1
427,TEST_FULL_SUITE_PLUS_DEFAULT,DEFEND_ONE_FROM_MANY,253,6,,284,0,1
428,TEST_FULL_SUITE_PLUS_DEFAULT,DEFEND_ONE_FROM_MANY,253,6,,285,0,1
429,TEST_FULL_SUITE_PLUS_DEFAULT,DEFEND_ONE_FROM_MANY,253,6,,286,0,1
430,TEST_FULL_SUITE_PLUS_DEFAULT,DEFEND_ONE_FROM_MANY,253,6,,287,0,1
431,TEST_FULL_SUITE_PLUS_DEFAULT,DEFEND_ONE_FROM_MANY,253,6,,288,0,1
432,TEST_FULL_SUITE_PLUS_DEFAULT,DEFEND_FOCUS,253,6,,291,0,1
433,TEST_FULL_SUITE_PLUS_DEFAULT,DEFEND_FOCUS,253,6,,293,0,1
434,TEST_FULL_SUITE_PLUS_DEFAULT,DEFEND_FOCUS,253,6,,295,0,1
435,TEST_FULL_SUITE_PLUS_DEFAULT,DEFEND_FOCUS,253,6,,296,0,1
436,TEST_FULL_SUITE_PLUS_DEFAULT,DEFEND_DEFAULT,260,6,,,0,1
437,MUTANT_ANNOTATED_SINGLE_METHOD,ATTACK_DEFAULT,261,5,,,0,1
438,MUTANT_ANNOTATED_SINGLE_METHOD,ATTACK_DEPENDENCIES,261,5,,,1,0
439,TEST_FULL_SUITE_PLUS_DEFAULT,DEFEND_ONE_FROM_MANY,260,6,,,0,1
440,TEST_FULL_SUITE_PLUS_DEFAULT,DEFEND_ONE_FROM_MANY,260,6,,297,0,1
441,TEST_FULL_SUITE_PLUS_DEFAULT,DEFEND_ONE_FROM_MANY,260,6,,,1,0
442,TEST_FULL_SUITE_PLUS_DEFAULT,DEFEND_DEFAULT,262,6,,,0,1
443,MUTANT_ANNOTATED_SINGLE_METHOD,ATTACK_DEFAULT,263,5,,,0,1
444,MUTANT_ANNOTATED_SINGLE_METHOD,ATTACK_DEPENDENCIES,263,5,,,1,0
445,TEST_FULL_SUITE_PLUS_DEFAULT,DEFEND_ONE_FROM_MANY,262,6,,,0,1
446,TEST_FULL_SUITE_PLUS_DEFAULT,DEFEND_ONE_FROM_MANY,262,6,,298,0,1
447,TEST_FULL_SUITE_PLUS_DEFAULT,DEFEND_ONE_FROM_MANY,262,6,,299,1,0
448,TEST_FULL_SUITE_PLUS_DEFAULT,DEFEND_DEFAULT,265,6,,,0,1
449,MUTANT_ANNOTATED_SINGLE_METHOD,ATTACK_DEFAULT,281,5,,,0,1
450,MUTANT_ANNOTATED_SINGLE_METHOD,ATTACK_DEFAULT,279,5,,,0,1
451,TEST_FULL_SUITE_PLUS_DEFAULT,DEFEND_DEFAULT,273,6,,,0,1
452,MUTANT_ANNOTATED_SINGLE_METHOD,ATTACK_DEPENDENCIES,281,5,226,,0,1
453,MUTANT_ANNOTATED_SINGLE_METHOD,ATTACK_DEPENDENCIES,279,5,225,,0,1
454,MUTANT_ANNOTATED_SINGLE_METHOD,ATTACK_DEFAULT,283,5,,,0,1
455,TEST_FULL_SUITE_PLUS_DEFAULT,DEFEND_DEFAULT,276,6,,,0,1
456,MUTANT_ANNOTATED_SINGLE_METHOD,ATTACK_DEPENDENCIES,283,5,,,1,0
457,MUTANT_ANNOTATED_SINGLE_METHOD,ATTACK_DEFAULT,272,5,,,0,1
458,MUTANT_ANNOTATED_SINGLE_METHOD,ATTACK_DEPENDENCIES,272,5,237,,0,1
459,TEST_FULL_SUITE_PLUS_DEFAULT,DEFEND_DEFAULT,285,6,,,0,1
460,TEST_FULL_SUITE_PLUS_DEFAULT,DEFEND_DEFAULT,284,6,,,0,1
461,MUTANT_ANNOTATED_SINGLE_METHOD,ATTACK_DEFAULT,286,5,,,0,1
462,MUTANT_ANNOTATED_SINGLE_METHOD,ATTACK_DEFAULT,293,5,,,0,1
463,MUTANT_ANNOTATED_SINGLE_METHOD,ATTACK_DEPENDENCIES,286,5,234,,0,1
464,MUTANT_ANNOTATED_SINGLE_METHOD,ATTACK_DEFAULT,287,5,,,0,1
465,MUTANT_ANNOTATED_SINGLE_METHOD,ATTACK_DEFAULT,294,5,,,0,1
466,TEST_FULL_SUITE_PLUS_DEFAULT,DEFEND_DEFAULT,291,6,,,0,1
467,MUTANT_ANNOTATED_SINGLE_METHOD,ATTACK_DEFAULT,288,5,,,0,1
468,MUTANT_ANNOTATED_SINGLE_METHOD,ATTACK_DEPENDENCIES,293,5,230,,0,1
469,TEST_FULL_SUITE_PLUS_DEFAULT,DEFEND_DEFAULT,289,6,,,0,1
470,MUTANT_ANNOTATED_SINGLE_METHOD,ATTACK_DEFAULT,292,5,,,0,1
471,TEST_FULL_SUITE_PLUS_DEFAULT,DEFEND_DEFAULT,297,6,,,0,1
472,MUTANT_ANNOTATED_SINGLE_METHOD,ATTACK_DEPENDENCIES,287,5,228,,0,1
473,MUTANT_ANNOTATED_SINGLE_METHOD,ATTACK_DEPENDENCIES,294,5,227,,0,1
474,TEST_FULL_SUITE_PLUS_DEFAULT,DEFEND_DEFAULT,295,6,,,0,1
475,MUTANT_ANNOTATED_SINGLE_METHOD,ATTACK_DEFAULT,299,5,,,0,1
476,MUTANT_ANNOTATED_SINGLE_METHOD,ATTACK_DEPENDENCIES,288,5,229,,0,1
477,TEST_FULL_SUITE_PLUS_DEFAULT,DEFEND_DEFAULT,298,6,,,0,1
478,TEST_FULL_SUITE_PLUS_DEFAULT,DEFEND_DEFAULT,296,6,,,0,1
479,TEST_FULL_SUITE_PLUS_DEFAULT,DEFEND_DEFAULT,290,6,,,0,1
480,MUTANT_ANNOTATED_SINGLE_METHOD,ATTACK_DEFAULT,300,5,,,0,1
481,MUTANT_ANNOTATED_SINGLE_METHOD,ATTACK_DEPENDENCIES,292,5,235,,0,1
482,MUTANT_ANNOTATED_SINGLE_METHOD,ATTACK_DEPENDENCIES,299,5,236,,0,1
483,MUTANT_ANNOTATED_SINGLE_METHOD,ATTACK_DEPENDENCIES,300,5,232,,0,1
484,TEST_FULL_SUITE_PLUS_DEFAULT,DEFEND_ONE_FROM_MANY,265,6,,,0,1
485,TEST_FULL_SUITE_PLUS_DEFAULT,DEFEND_ONE_FROM_MANY,273,6,,,0,1
486,TEST_FULL_SUITE_PLUS_DEFAULT,DEFEND_ONE_FROM_MANY,273,6,,,1,0
487,TEST_FULL_SUITE_PLUS_DEFAULT,DEFEND_ONE_FROM_MANY,265,6,,300,0,1
488,TEST_FULL_SUITE_PLUS_DEFAULT,DEFEND_ONE_FROM_MANY,276,6,,,0,1
489,TEST_FULL_SUITE_PLUS_DEFAULT,DEFEND_ONE_FROM_MANY,276,6,,305,0,1
490,TEST_FULL_SUITE_PLUS_DEFAULT,DEFEND_ONE_FROM_MANY,298,6,,,0,1
491,TEST_FULL_SUITE_PLUS_DEFAULT,DEFEND_ONE_FROM_MANY,298,6,,310,0,1
492,TEST_FULL_SUITE_PLUS_DEFAULT,DEFEND_ONE_FROM_MANY,297,6,,,0,1
493,TEST_FULL_SUITE_PLUS_DEFAULT,DEFEND_ONE_FROM_MANY,297,6,,,1,0
494,TEST_FULL_SUITE_PLUS_DEFAULT,DEFEND_ONE_FROM_MANY,296,6,,,0,1
495,TEST_FULL_SUITE_PLUS_DEFAULT,DEFEND_ONE_FROM_MANY,296,6,,311,0,1
496,TEST_FULL_SUITE_PLUS_DEFAULT,DEFEND_ONE_FROM_MANY,284,6,,,0,1
497,TEST_FULL_SUITE_PLUS_DEFAULT,DEFEND_ONE_FROM_MANY,290,6,,,0,1
498,TEST_FULL_SUITE_PLUS_DEFAULT,DEFEND_ONE_FROM_MANY,295,6,,,0,1
499,TEST_FULL_SUITE_PLUS_DEFAULT,DEFEND_ONE_FROM_MANY,295,6,,309,0,1
500,TEST_FULL_SUITE_PLUS_DEFAULT,DEFEND_ONE_FROM_MANY,289,6,,,0,1
501,TEST_FULL_SUITE_PLUS_DEFAULT,DEFEND_ONE_FROM_MANY,289,6,,308,0,1
502,TEST_FULL_SUITE_PLUS_DEFAULT,DEFEND_ONE_FROM_MANY,284,6,,301,0,1
503,TEST_FULL_SUITE_PLUS_DEFAULT,DEFEND_ONE_FROM_MANY,290,6,,302,0,1
504,TEST_FULL_SUITE_PLUS_DEFAULT,DEFEND_ONE_FROM_MANY,285,6,,,0,1
505,TEST_FULL_SUITE_PLUS_DEFAULT,DEFEND_ONE_FROM_MANY,291,6,,,0,1
506,TEST_FULL_SUITE_PLUS_DEFAULT,DEFEND_ONE_FROM_MANY,285,6,,303,0,1
507,TEST_FULL_SUITE_PLUS_DEFAULT,DEFEND_ONE_FROM_MANY,291,6,,304,0,1
508,TEST_FULL_SUITE_PLUS_DEFAULT,DEFEND_ONE_FROM_MANY,265,6,,,1,0
509,MUTANT_ANNOTATED_SINGLE_METHOD,ATTACK_DEFAULT,281,5,,,0,1
510,MUTANT_ANNOTATED_SINGLE_METHOD,ATTACK_DEFAULT,279,5,,,0,1
511,MUTANT_ANNOTATED_SINGLE_METHOD,ATTACK_DEPENDENCIES,281,5,,,1,0
512,MUTANT_ANNOTATED_SINGLE_METHOD,ATTACK_DEPENDENCIES,279,5,,,1,0
513,TEST_FULL_SUITE_PLUS_DEFAULT,DEFEND_ONE_FROM_MANY,285,6,,,1,0
514,TEST_FULL_SUITE_PLUS_DEFAULT,DEFEND_ONE_FROM_MANY,284,6,,,1,0
515,MUTANT_ANNOTATED_SINGLE_METHOD,ATTACK_DEFAULT,293,5,,,0,1
516,MUTANT_ANNOTATED_SINGLE_METHOD,ATTACK_DEFAULT,287,5,,,0,1
517,MUTANT_ANNOTATED_SINGLE_METHOD,ATTACK_DEFAULT,294,5,,,0,1
518,MUTANT_ANNOTATED_SINGLE_METHOD,ATTACK_DEFAULT,288,5,,,0,1
519,MUTANT_ANNOTATED_SINGLE_METHOD,ATTACK_DEPENDENCIES,293,5,,,1,0
520,MUTANT_ANNOTATED_SINGLE_METHOD,ATTACK_DEPENDENCIES,287,5,,,1,0
521,MUTANT_ANNOTATED_SINGLE_METHOD,ATTACK_DEPENDENCIES,294,5,,,1,0
522,MUTANT_ANNOTATED_SINGLE_METHOD,ATTACK_DEPENDENCIES,288,5,,,1,0
523,MUTANT_ANNOTATED_SINGLE_METHOD,ATTACK_DEFAULT,300,5,,,0,1
524,MUTANT_ANNOTATED_SINGLE_METHOD,ATTACK_DEPENDENCIES,300,5,,,1,0
525,TEST_FULL_SUITE_PLUS_DEFAULT,DEFEND_ONE_FROM_MANY,291,6,,306,1,0
526,TEST_FULL_SUITE_PLUS_DEFAULT,DEFEND_ONE_FROM_MANY,290,6,,307,1,0
527,MUTANT_ANNOTATED_SINGLE_METHOD,ATTACK_DEFAULT,286,5,,,0,1
528,MUTANT_ANNOTATED_SINGLE_METHOD,ATTACK_DEPENDENCIES,286,5,,,1,0
529,TEST_FULL_SUITE_PLUS_DEFAULT,DEFEND_DEFAULT,302,6,,,0,1
530,MUTANT_ANNOTATED_SINGLE_METHOD,ATTACK_DEFAULT,303,5,,,0,1
531,TEST_FULL_SUITE_PLUS_DEFAULT,DEFEND_DEFAULT,308,6,,,0,1
532,MUTANT_ANNOTATED_SINGLE_METHOD,ATTACK_DEFAULT,301,5,,,0,1
533,MUTANT_ANNOTATED_SINGLE_METHOD,ATTACK_DEFAULT,306,5,,,0,1
534,MUTANT_ANNOTATED_SINGLE_METHOD,ATTACK_DEPENDENCIES,303,5,,,1,0
535,MUTANT_ANNOTATED_SINGLE_METHOD,ATTACK_DEPENDENCIES,306,5,240,,0,1
536,MUTANT_ANNOTATED_SINGLE_METHOD,ATTACK_DEPENDENCIES,301,5,241,,0,1
537,TEST_FULL_SUITE_PLUS_DEFAULT,DEFEND_ONE_FROM_MANY,308,6,,,0,1
538,TEST_FULL_SUITE_PLUS_DEFAULT,DEFEND_ONE_FROM_MANY,308,6,,312,1,0
539,TEST_FULL_SUITE_PLUS_DEFAULT,DEFEND_ONE_FROM_MANY,302,6,,,0,1
540,TEST_FULL_SUITE_PLUS_DEFAULT,DEFEND_ONE_FROM_MANY,302,6,,313,1,0
541,MUTANT_ANNOTATED_SINGLE_METHOD,ATTACK_DEFAULT,309,5,,,0,1
542,MUTANT_ANNOTATED_SINGLE_METHOD,ATTACK_DEPENDENCIES,309,5,243,,0,1
543,MUTANT_ANNOTATED_SINGLE_METHOD,ATTACK_DEFAULT,311,5,,,0,1
544,MUTANT_ANNOTATED_SINGLE_METHOD,ATTACK_DEFAULT,313,5,,,0,1
545,TEST_FULL_SUITE_PLUS_DEFAULT,DEFEND_DEFAULT,315,6,,,0,1
546,TEST_FULL_SUITE_PLUS_DEFAULT,DEFEND_DEFAULT,318,6,,,0,1
547,MUTANT_ANNOTATED_SINGLE_METHOD,ATTACK_DEFAULT,314,5,,,0,1
548,TEST_FULL_SUITE_PLUS_DEFAULT,DEFEND_DEFAULT,317,6,,,0,1
549,MUTANT_ANNOTATED_SINGLE_METHOD,ATTACK_DEPENDENCIES,311,5,,,0,0
550,MUTANT_ANNOTATED_SINGLE_METHOD,ATTACK_DEPENDENCIES,313,5,244,,0,1
551,MUTANT_ANNOTATED_SINGLE_METHOD,ATTACK_DEPENDENCIES,314,5,245,,0,1
552,TEST_FULL_SUITE_PLUS_DEFAULT,DEFEND_ONE_FROM_MANY,317,6,,,0,1
553,TEST_FULL_SUITE_PLUS_DEFAULT,DEFEND_ONE_FROM_MANY,317,6,,317,0,1
554,TEST_FULL_SUITE_PLUS_DEFAULT,DEFEND_ONE_FROM_MANY,315,6,,,0,1
555,TEST_FULL_SUITE_PLUS_DEFAULT,DEFEND_ONE_FROM_MANY,315,6,,316,0,1
556,TEST_FULL_SUITE_PLUS_DEFAULT,DEFEND_ONE_FROM_MANY,318,6,,,0,1
557,TEST_FULL_SUITE_PLUS_DEFAULT,DEFEND_ONE_FROM_MANY,318,6,,315,0,1
558,MUTANT_ANNOTATED_SINGLE_METHOD,ATTACK_DEFAULT,313,5,,,0,1
559,TEST_FULL_SUITE_PLUS_DEFAULT,DEFEND_ONE_FROM_MANY,318,6,,318,0,1
560,MUTANT_ANNOTATED_SINGLE_METHOD,ATTACK_DEFAULT,314,5,,,0,1
561,MUTANT_ANNOTATED_SINGLE_METHOD,ATTACK_DEPENDENCIES,313,5,249,,0,1
562,MUTANT_ANNOTATED_SINGLE_METHOD,ATTACK_DEPENDENCIES,314,5,250,,0,1
563,MUTANT_ANNOTATED_SINGLE_METHOD,ATTACK_DEFAULT,313,5,,,0,1
564,TEST_FULL_SUITE_PLUS_DEFAULT,DEFEND_ONE_FROM_MANY,315,6,,,0,1
565,TEST_FULL_SUITE_PLUS_DEFAULT,DEFEND_ONE_FROM_MANY,315,6,,319,0,1
566,MUTANT_ANNOTATED_SINGLE_METHOD,ATTACK_DEFAULT,314,5,,,0,1
567,TEST_FULL_SUITE_PLUS_DEFAULT,DEFEND_ONE_FROM_MANY,317,6,,,0,1
568,TEST_FULL_SUITE_PLUS_DEFAULT,DEFEND_ONE_FROM_MANY,317,6,,320,0,1
569,MUTANT_ANNOTATED_SINGLE_METHOD,ATTACK_DEPENDENCIES,313,5,260,,0,1
570,MUTANT_ANNOTATED_SINGLE_METHOD,ATTACK_DEPENDENCIES,314,5,,,0,0
571,MUTANT_ANNOTATED_SINGLE_METHOD,ATTACK_DEPENDENCIES,311,5,,,0,0
572,MUTANT_ANNOTATED_SINGLE_METHOD,ATTACK_DEFAULT,313,5,,,0,1
573,TEST_FULL_SUITE_PLUS_DEFAULT,DEFEND_ONE_FROM_MANY,318,6,,,0,1
574,TEST_FULL_SUITE_PLUS_DEFAULT,DEFEND_ONE_FROM_MANY,318,6,,322,0,1
575,MUTANT_ANNOTATED_SINGLE_METHOD,ATTACK_DEPENDENCIES,313,5,270,,0,1
576,MUTANT_ANNOTATED_SINGLE_METHOD,ATTACK_DEFAULT,313,5,,,0,1
577,TEST_FULL_SUITE_PLUS_DEFAULT,DEFEND_ONE_FROM_MANY,315,6,,,0,1
578,TEST_FULL_SUITE_PLUS_DEFAULT,DEFEND_ONE_FROM_MANY,315,6,,324,0,1
579,TEST_FULL_SUITE_PLUS_DEFAULT,DEFEND_ONE_FROM_MANY,317,6,,,0,1
580,TEST_FULL_SUITE_PLUS_DEFAULT,DEFEND_ONE_FROM_MANY,317,6,,323,0,1
581,MUTANT_ANNOTATED_SINGLE_METHOD,ATTACK_DEPENDENCIES,313,5,277,,0,1
582,MUTANT_ANNOTATED_SINGLE_METHOD,ATTACK_DEPENDENCIES,311,5,,,0,0
583,MUTANT_ANNOTATED_SINGLE_METHOD,ATTACK_DEPENDENCIES,314,5,278,,0,1
584,MUTANT_ANNOTATED_SINGLE_METHOD,ATTACK_DEFAULT,313,5,,,0,1
585,MUTANT_ANNOTATED_SINGLE_METHOD,ATTACK_DEFAULT,314,5,,,0,1
586,TEST_FULL_SUITE_PLUS_DEFAULT,DEFEND_ONE_FROM_MANY,318,6,,,0,1
587,TEST_FULL_SUITE_PLUS_DEFAULT,DEFEND_ONE_FROM_MANY,318,6,,328,0,1
588,MUTANT_ANNOTATED_SINGLE_METHOD,ATTACK_DEPENDENCIES,313,5,286,,0,1
589,MUTANT_ANNOTATED_SINGLE_METHOD,ATTACK_DEPENDENCIES,314,5,290,,0,1
590,MUTANT_ANNOTATED_SINGLE_METHOD,ATTACK_DEFAULT,313,5,,,0,1
591,TEST_FULL_SUITE_PLUS_DEFAULT,DEFEND_ONE_FROM_MANY,315,6,,,0,1
592,TEST_FULL_SUITE_PLUS_DEFAULT,DEFEND_ONE_FROM_MANY,315,6,,335,0,1
593,TEST_FULL_SUITE_PLUS_DEFAULT,DEFEND_ONE_FROM_MANY,317,6,,,0,1
594,TEST_FULL_SUITE_PLUS_DEFAULT,DEFEND_ONE_FROM_MANY,317,6,,334,0,1
595,MUTANT_ANNOTATED_SINGLE_METHOD,ATTACK_DEPENDENCIES,313,5,296,,0,1
596,MUTANT_ANNOTATED_SINGLE_METHOD,ATTACK_DEPENDENCIES,311,5,307,,0,1
597,MUTANT_ANNOTATED_SINGLE_METHOD,ATTACK_DEFAULT,314,5,,,0,1
598,MUTANT_ANNOTATED_SINGLE_METHOD,ATTACK_DEPENDENCIES,314,5,299,,0,1
599,MUTANT_ANNOTATED_SINGLE_METHOD,ATTACK_DEFAULT,313,5,,,0,1
600,TEST_FULL_SUITE_PLUS_DEFAULT,DEFEND_ONE_FROM_MANY,318,6,,,0,1
601,TEST_FULL_SUITE_PLUS_DEFAULT,DEFEND_ONE_FROM_MANY,318,6,,339,0,1
602,MUTANT_ANNOTATED_SINGLE_METHOD,ATTACK_DEPENDENCIES,313,5,304,,0,1
603,MUTANT_ANNOTATED_SINGLE_METHOD,ATTACK_DEFAULT,314,5,,,0,1
604,MUTANT_ANNOTATED_SINGLE_METHOD,ATTACK_DEPENDENCIES,314,5,311,,0,1
605,MUTANT_ANNOTATED_SINGLE_METHOD,ATTACK_DEFAULT,311,5,,,0,1
606,MUTANT_ANNOTATED_SINGLE_METHOD,ATTACK_DEFAULT,313,5,,,0,1
607,TEST_FULL_SUITE_PLUS_DEFAULT,DEFEND_ONE_FROM_MANY,315,6,,,0,1
608,TEST_FULL_SUITE_PLUS_DEFAULT,DEFEND_ONE_FROM_MANY,315,6,,,1,0
609,TEST_FULL_SUITE_PLUS_DEFAULT,DEFEND_ONE_FROM_MANY,317,6,,,0,1
610,TEST_FULL_SUITE_PLUS_DEFAULT,DEFEND_ONE_FROM_MANY,317,6,,,1,0
611,MUTANT_ANNOTATED_SINGLE_METHOD,ATTACK_DEPENDENCIES,313,5,,,1,0
612,MUTANT_ANNOTATED_SINGLE_METHOD,ATTACK_DEPENDENCIES,311,5,,,1,0
613,TEST_FULL_SUITE_PLUS_DEFAULT,DEFEND_DEFAULT,321,6,,,0,1
614,MUTANT_ANNOTATED_SINGLE_METHOD,ATTACK_DEFAULT,324,5,,,0,1
615,TEST_FULL_SUITE_PLUS_DEFAULT,DEFEND_DEFAULT,323,6,,,0,1
616,TEST_FULL_SUITE_PLUS_DEFAULT,DEFEND_DEFAULT,327,6,,,0,1
617,MUTANT_ANNOTATED_SINGLE_METHOD,ATTACK_DEFAULT,326,5,,,0,1
618,MUTANT_ANNOTATED_SINGLE_METHOD,ATTACK_DEFAULT,325,5,,,0,1
619,MUTANT_ANNOTATED_SINGLE_METHOD,ATTACK_DEPENDENCIES,324,5,318,,0,1
620,MUTANT_ANNOTATED_SINGLE_METHOD,ATTACK_DEPENDENCIES,325,5,317,,0,1
621,MUTANT_ANNOTATED_SINGLE_METHOD,ATTACK_DEPENDENCIES,326,5,314,,0,1
622,TEST_FULL_SUITE_PLUS_DEFAULT,DEFEND_ONE_FROM_MANY,321,6,,,0,1
623,TEST_FULL_SUITE_PLUS_DEFAULT,DEFEND_ONE_FROM_MANY,321,6,,341,0,1
624,TEST_FULL_SUITE_PLUS_DEFAULT,DEFEND_ONE_FROM_MANY,323,6,,,0,1
625,TEST_FULL_SUITE_PLUS_DEFAULT,DEFEND_ONE_FROM_MANY,327,6,,,0,1
626,TEST_FULL_SUITE_PLUS_DEFAULT,DEFEND_ONE_FROM_MANY,323,6,,342,0,1
627,TEST_FULL_SUITE_PLUS_DEFAULT,DEFEND_ONE_FROM_MANY,327,6,,343,0,1
628,MUTANT_ANNOTATED_SINGLE_METHOD,ATTACK_DEFAULT,324,5,,,0,1
629,MUTANT_ANNOTATED_SINGLE_METHOD,ATTACK_DEFAULT,326,5,,,0,1
630,MUTANT_ANNOTATED_SINGLE_METHOD,ATTACK_DEFAULT,325,5,,,0,1
631,MUTANT_ANNOTATED_SINGLE_METHOD,ATTACK_DEPENDENCIES,324,5,334,,0,1
632,MUTANT_ANNOTATED_SINGLE_METHOD,ATTACK_DEPENDENCIES,326,5,330,,0,1
633,MUTANT_ANNOTATED_SINGLE_METHOD,ATTACK_DEPENDENCIES,325,5,333,,0,1
634,TEST_FULL_SUITE_PLUS_DEFAULT,DEFEND_ONE_FROM_MANY,321,6,,344,0,1
635,TEST_FULL_SUITE_PLUS_DEFAULT,DEFEND_ONE_FROM_MANY,327,6,,346,0,1
636,TEST_FULL_SUITE_PLUS_DEFAULT,DEFEND_ONE_FROM_MANY,323,6,,345,0,1
637,MUTANT_ANNOTATED_SINGLE_METHOD,ATTACK_DEFAULT,324,5,,,0,1
638,MUTANT_ANNOTATED_SINGLE_METHOD,ATTACK_DEFAULT,326,5,,,0,1
639,MUTANT_ANNOTATED_SINGLE_METHOD,ATTACK_DEFAULT,325,5,,,0,1
640,MUTANT_ANNOTATED_SINGLE_METHOD,ATTACK_DEPENDENCIES,324,5,344,,0,1
641,MUTANT_ANNOTATED_SINGLE_METHOD,ATTACK_DEPENDENCIES,326,5,349,,0,1
642,MUTANT_ANNOTATED_SINGLE_METHOD,ATTACK_DEPENDENCIES,325,5,353,,0,1
643,TEST_FULL_SUITE_PLUS_DEFAULT,DEFEND_ONE_FROM_MANY,321,6,,349,0,1
644,TEST_FULL_SUITE_PLUS_DEFAULT,DEFEND_ONE_FROM_MANY,323,6,,350,0,1
645,TEST_FULL_SUITE_PLUS_DEFAULT,DEFEND_ONE_FROM_MANY,327,6,,351,0,1
646,MUTANT_ANNOTATED_SINGLE_METHOD,ATTACK_DEFAULT,324,5,,,0,1
647,MUTANT_ANNOTATED_SINGLE_METHOD,ATTACK_DEPENDENCIES,324,5,357,,0,1
648,TEST_FULL_SUITE_PLUS_DEFAULT,DEFEND_ONE_FROM_MANY,321,6,,357,0,1
649,TEST_FULL_SUITE_PLUS_DEFAULT,DEFEND_ONE_FROM_MANY,323,6,,358,0,1
650,TEST_FULL_SUITE_PLUS_DEFAULT,DEFEND_ONE_FROM_MANY,327,6,,359,0,1
651,MUTANT_ANNOTATED_SINGLE_METHOD,ATTACK_DEFAULT,326,5,,,0,1
652,MUTANT_ANNOTATED_SINGLE_METHOD,ATTACK_DEFAULT,325,5,,,0,1
653,MUTANT_ANNOTATED_SINGLE_METHOD,ATTACK_DEPENDENCIES,325,5,364,,0,1
654,MUTANT_ANNOTATED_SINGLE_METHOD,ATTACK_DEPENDENCIES,326,5,363,,0,1
655,MUTANT_ANNOTATED_SINGLE_METHOD,ATTACK_DEFAULT,324,5,,,0,1
656,MUTANT_ANNOTATED_SINGLE_METHOD,ATTACK_DEPENDENCIES,324,5,369,,0,1
657,TEST_FULL_SUITE_PLUS_DEFAULT,DEFEND_ONE_FROM_MANY,323,6,,364,0,1
658,TEST_FULL_SUITE_PLUS_DEFAULT,DEFEND_ONE_FROM_MANY,321,6,,363,0,1
659,TEST_FULL_SUITE_PLUS_DEFAULT,DEFEND_ONE_FROM_MANY,327,6,,365,0,1
660,MUTANT_ANNOTATED_SINGLE_METHOD,ATTACK_DEFAULT,326,5,,,0,1
661,MUTANT_ANNOTATED_SINGLE_METHOD,ATTACK_DEFAULT,325,5,,,0,1
662,MUTANT_ANNOTATED_SINGLE_METHOD,ATTACK_DEPENDENCIES,325,5,378,,0,1
663,MUTANT_ANNOTATED_SINGLE_METHOD,ATTACK_DEPENDENCIES,326,5,375,,0,1
664,MUTANT_ANNOTATED_SINGLE_METHOD,ATTACK_DEFAULT,324,5,,,0,1
665,MUTANT_ANNOTATED_SINGLE_METHOD,ATTACK_DEPENDENCIES,324,5,381,,0,1
666,TEST_FULL_SUITE_PLUS_DEFAULT,DEFEND_ONE_FROM_MANY,323,6,,372,0,1
667,TEST_FULL_SUITE_PLUS_DEFAULT,DEFEND_ONE_FROM_MANY,321,6,,371,0,1
668,TEST_FULL_SUITE_PLUS_DEFAULT,DEFEND_ONE_FROM_MANY,327,6,,373,0,1
669,MUTANT_ANNOTATED_SINGLE_METHOD,ATTACK_DEFAULT,326,5,,,0,1
670,MUTANT_ANNOTATED_SINGLE_METHOD,ATTACK_DEFAULT,325,5,,,0,1
671,MUTANT_ANNOTATED_SINGLE_METHOD,ATTACK_DEPENDENCIES,325,5,388,,0,1
672,MUTANT_ANNOTATED_SINGLE_METHOD,ATTACK_DEPENDENCIES,326,5,393,,0,1
673,MUTANT_ANNOTATED_SINGLE_METHOD,ATTACK_DEFAULT,324,5,,,0,1
674,MUTANT_ANNOTATED_SINGLE_METHOD,ATTACK_DEPENDENCIES,324,5,392,,0,1
675,TEST_FULL_SUITE_PLUS_DEFAULT,DEFEND_ONE_FROM_MANY,321,6,,394,0,1
676,TEST_FULL_SUITE_PLUS_DEFAULT,DEFEND_ONE_FROM_MANY,323,6,,378,0,1
677,TEST_FULL_SUITE_PLUS_DEFAULT,DEFEND_ONE_FROM_MANY,327,6,,379,0,1
678,MUTANT_ANNOTATED_SINGLE_METHOD,ATTACK_DEFAULT,325,5,,,0,1
679,MUTANT_ANNOTATED_SINGLE_METHOD,ATTACK_DEPENDENCIES,325,5,398,,0,1
680,MUTANT_ANNOTATED_SINGLE_METHOD,ATTACK_DEFAULT,324,5,,,0,1
681,MUTANT_ANNOTATED_SINGLE_METHOD,ATTACK_DEFAULT,326,5,,,0,1
682,MUTANT_ANNOTATED_SINGLE_METHOD,ATTACK_DEPENDENCIES,324,5,403,,0,1
683,MUTANT_ANNOTATED_SINGLE_METHOD,ATTACK_DEPENDENCIES,326,5,410,,0,1
684,TEST_FULL_SUITE_PLUS_DEFAULT,DEFEND_ONE_FROM_MANY,323,6,,384,0,1
685,TEST_FULL_SUITE_PLUS_DEFAULT,DEFEND_ONE_FROM_MANY,327,6,,385,0,1
686,MUTANT_ANNOTATED_SINGLE_METHOD,ATTACK_DEFAULT,325,5,,,0,1
687,MUTANT_ANNOTATED_SINGLE_METHOD,ATTACK_DEPENDENCIES,325,5,411,,0,1
688,MUTANT_ANNOTATED_SINGLE_METHOD,ATTACK_DEFAULT,324,5,,,0,1
689,MUTANT_ANNOTATED_SINGLE_METHOD,ATTACK_DEPENDENCIES,324,5,421,,0,1
690,TEST_FULL_SUITE_PLUS_DEFAULT,DEFEND_ONE_FROM_MANY,323,6,,392,0,1
691,TEST_FULL_SUITE_PLUS_DEFAULT,DEFEND_ONE_FROM_MANY,327,6,,393,0,1
692,MUTANT_ANNOTATED_SINGLE_METHOD,ATTACK_DEFAULT,326,5,,,0,1
693,MUTANT_ANNOTATED_SINGLE_METHOD,ATTACK_DEFAULT,325,5,,,0,1
694,MUTANT_ANNOTATED_SINGLE_METHOD,ATTACK_DEPENDENCIES,326,5,428,,0,1
695,MUTANT_ANNOTATED_SINGLE_METHOD,ATTACK_DEPENDENCIES,325,5,422,,0,1
696,TEST_FULL_SUITE_PLUS_DEFAULT,DEFEND_ONE_FROM_MANY,321,6,,,0,1
697,TEST_FULL_SUITE_PLUS_DEFAULT,DEFEND_ONE_FROM_MANY,323,6,,399,0,1
698,TEST_FULL_SUITE_PLUS_DEFAULT,DEFEND_ONE_FROM_MANY,321,6,,397,0,1
699,TEST_FULL_SUITE_PLUS_DEFAULT,DEFEND_ONE_FROM_MANY,327,6,,398,0,1
700,MUTANT_ANNOTATED_SINGLE_METHOD,ATTACK_DEFAULT,324,5,,,0,1
701,MUTANT_ANNOTATED_SINGLE_METHOD,ATTACK_DEFAULT,325,5,,,0,1
702,MUTANT_ANNOTATED_SINGLE_METHOD,ATTACK_DEPENDENCIES,324,5,436,,0,1
703,MUTANT_ANNOTATED_SINGLE_METHOD,ATTACK_DEPENDENCIES,325,5,435,,0,1
704,MUTANT_ANNOTATED_SINGLE_METHOD,ATTACK_DEFAULT,326,5,,,0,1
705,MUTANT_ANNOTATED_SINGLE_METHOD,ATTACK_DEPENDENCIES,326,5,451,,0,1
706,TEST_FULL_SUITE_PLUS_DEFAULT,DEFEND_ONE_FROM_MANY,323,6,,405,0,1
707,TEST_FULL_SUITE_PLUS_DEFAULT,DEFEND_ONE_FROM_MANY,321,6,,404,0,1
708,TEST_FULL_SUITE_PLUS_DEFAULT,DEFEND_ONE_FROM_MANY,327,6,,406,0,1
709,MUTANT_ANNOTATED_SINGLE_METHOD,ATTACK_DEFAULT,324,5,,,0,1
710,MUTANT_ANNOTATED_SINGLE_METHOD,ATTACK_DEFAULT,325,5,,,0,1
711,MUTANT_ANNOTATED_SINGLE_METHOD,ATTACK_DEPENDENCIES,324,5,449,,0,1
712,MUTANT_ANNOTATED_SINGLE_METHOD,ATTACK_DEPENDENCIES,325,5,445,,0,1
713,TEST_FULL_SUITE_PLUS_DEFAULT,DEFEND_ONE_FROM_MANY,321,6,,411,0,1
714,TEST_FULL_SUITE_PLUS_DEFAULT,DEFEND_ONE_FROM_MANY,327,6,,412,0,1
715,TEST_FULL_SUITE_PLUS_DEFAULT,DEFEND_ONE_FROM_MANY,323,6,,413,0,1
716,MUTANT_ANNOTATED_SINGLE_METHOD,ATTACK_DEFAULT,325,5,,,0,1
717,MUTANT_ANNOTATED_SINGLE_METHOD,ATTACK_DEPENDENCIES,325,5,458,,0,1
718,MUTANT_ANNOTATED_SINGLE_METHOD,ATTACK_DEFAULT,326,5,,,0,1
719,MUTANT_ANNOTATED_SINGLE_METHOD,ATTACK_DEFAULT,324,5,,,0,1
720,MUTANT_ANNOTATED_SINGLE_METHOD,ATTACK_DEPENDENCIES,324,5,462,,0,1
721,MUTANT_ANNOTATED_SINGLE_METHOD,ATTACK_DEPENDENCIES,326,5,463,,0,1
722,TEST_FULL_SUITE_PLUS_DEFAULT,DEFEND_ONE_FROM_MANY,321,6,,424,0,1
723,TEST_FULL_SUITE_PLUS_DEFAULT,DEFEND_ONE_FROM_MANY,323,6,,417,0,1
724,TEST_FULL_SUITE_PLUS_DEFAULT,DEFEND_ONE_FROM_MANY,327,6,,418,0,1
725,MUTANT_ANNOTATED_SINGLE_METHOD,ATTACK_DEFAULT,325,5,,,0,1
726,MUTANT_ANNOTATED_SINGLE_METHOD,ATTACK_DEPENDENCIES,325,5,470,,0,1
727,TEST_FULL_SUITE_PLUS_DEFAULT,DEFEND_ONE_FROM_MANY,323,6,,422,0,1
728,TEST_FULL_SUITE_PLUS_DEFAULT,DEFEND_ONE_FROM_MANY,327,6,,423,0,1
729,MUTANT_ANNOTATED_SINGLE_METHOD,ATTACK_DEFAULT,324,5,,,0,1
730,MUTANT_ANNOTATED_SINGLE_METHOD,ATTACK_DEFAULT,326,5,,,0,1
731,MUTANT_ANNOTATED_SINGLE_METHOD,ATTACK_DEPENDENCIES,326,5,482,,0,1
732,MUTANT_ANNOTATED_SINGLE_METHOD,ATTACK_DEPENDENCIES,324,5,476,,0,1
733,TEST_FULL_SUITE_PLUS_DEFAULT,DEFEND_ONE_FROM_MANY,321,6,,,0,1
734,MUTANT_ANNOTATED_SINGLE_METHOD,ATTACK_DEFAULT,325,5,,,0,1
735,MUTANT_ANNOTATED_SINGLE_METHOD,ATTACK_DEPENDENCIES,325,5,479,,0,1
736,TEST_FULL_SUITE_PLUS_DEFAULT,DEFEND_ONE_FROM_MANY,323,6,,431,0,1
737,TEST_FULL_SUITE_PLUS_DEFAULT,DEFEND_ONE_FROM_MANY,321,6,,428,0,1
738,TEST_FULL_SUITE_PLUS_DEFAULT,DEFEND_ONE_FROM_MANY,327,6,,430,0,1
739,MUTANT_ANNOTATED_SINGLE_METHOD,ATTACK_DEFAULT,324,5,,,0,1
740,MUTANT_ANNOTATED_SINGLE_METHOD,ATTACK_DEFAULT,325,5,,,0,1
741,MUTANT_ANNOTATED_SINGLE_METHOD,ATTACK_DEPENDENCIES,325,5,491,,0,1
742,MUTANT_ANNOTATED_SINGLE_METHOD,ATTACK_DEPENDENCIES,324,5,494,,0,1
743,TEST_FULL_SUITE_PLUS_DEFAULT,DEFEND_ONE_FROM_MANY,323,6,,436,0,1
744,TEST_FULL_SUITE_PLUS_DEFAULT,DEFEND_ONE_FROM_MANY,321,6,,434,0,1
745,TEST_FULL_SUITE_PLUS_DEFAULT,DEFEND_ONE_FROM_MANY,327,6,,435,0,1
746,MUTANT_ANNOTATED_SINGLE_METHOD,ATTACK_DEFAULT,326,5,,,0,1
747,MUTANT_ANNOTATED_SINGLE_METHOD,ATTACK_DEPENDENCIES,326,5,490,,0,1
748,TEST_FULL_SUITE_PLUS_DEFAULT,DEFEND_ONE_FROM_MANY,323,6,,440,0,1
749,TEST_FULL_SUITE_PLUS_DEFAULT,DEFEND_ONE_FROM_MANY,321,6,,438,0,1
750,TEST_FULL_SUITE_PLUS_DEFAULT,DEFEND_ONE_FROM_MANY,327,6,,439,0,1
751,MUTANT_ANNOTATED_SINGLE_METHOD,ATTACK_DEFAULT,326,5,,,0,1
752,MUTANT_ANNOTATED_SINGLE_METHOD,ATTACK_DEFAULT,325,5,,,0,1
753,MUTANT_ANNOTATED_SINGLE_METHOD,ATTACK_DEPENDENCIES,326,5,498,,0,1
754,MUTANT_ANNOTATED_SINGLE_METHOD,ATTACK_DEPENDENCIES,325,5,501,,0,1
755,MUTANT_ANNOTATED_SINGLE_METHOD,ATTACK_DEFAULT,324,5,,,0,1
756,MUTANT_ANNOTATED_SINGLE_METHOD,ATTACK_DEPENDENCIES,324,5,504,,0,1
757,TEST_FULL_SUITE_PLUS_DEFAULT,DEFEND_ONE_FROM_MANY,321,6,,446,0,1
758,TEST_FULL_SUITE_PLUS_DEFAULT,DEFEND_ONE_FROM_MANY,327,6,,448,0,1
759,TEST_FULL_SUITE_PLUS_DEFAULT,DEFEND_ONE_FROM_MANY,323,6,,447,0,1
760,MUTANT_ANNOTATED_SINGLE_METHOD,ATTACK_DEFAULT,326,5,,,0,1
761,MUTANT_ANNOTATED_SINGLE_METHOD,ATTACK_DEFAULT,325,5,,,0,1
762,MUTANT_ANNOTATED_SINGLE_METHOD,ATTACK_DEPENDENCIES,326,5,513,,0,1
763,MUTANT_ANNOTATED_SINGLE_METHOD,ATTACK_DEPENDENCIES,325,5,511,,0,1
764,MUTANT_ANNOTATED_SINGLE_METHOD,ATTACK_DEFAULT,324,5,,,0,1
765,MUTANT_ANNOTATED_SINGLE_METHOD,ATTACK_DEPENDENCIES,324,5,518,,0,1
766,TEST_FULL_SUITE_PLUS_DEFAULT,DEFEND_ONE_FROM_MANY,321,6,,455,0,1
767,TEST_FULL_SUITE_PLUS_DEFAULT,DEFEND_ONE_FROM_MANY,323,6,,456,0,1
768,TEST_FULL_SUITE_PLUS_DEFAULT,DEFEND_ONE_FROM_MANY,327,6,,457,0,1
769,MUTANT_ANNOTATED_SINGLE_METHOD,ATTACK_DEFAULT,325,5,,,0,1
770,MUTANT_ANNOTATED_SINGLE_METHOD,ATTACK_DEPENDENCIES,325,5,519,,0,1
771,MUTANT_ANNOTATED_SINGLE_METHOD,ATTACK_DEFAULT,326,5,,,0,1
772,MUTANT_ANNOTATED_SINGLE_METHOD,ATTACK_DEPENDENCIES,326,5,527,,0,1
773,TEST_FULL_SUITE_PLUS_DEFAULT,DEFEND_ONE_FROM_MANY,321,6,,461,0,1
774,TEST_FULL_SUITE_PLUS_DEFAULT,DEFEND_ONE_FROM_MANY,323,6,,463,0,1
775,TEST_FULL_SUITE_PLUS_DEFAULT,DEFEND_ONE_FROM_MANY,327,6,,462,0,1
776,MUTANT_ANNOTATED_SINGLE_METHOD,ATTACK_DEFAULT,324,5,,,0,1
777,MUTANT_ANNOTATED_SINGLE_METHOD,ATTACK_DEFAULT,325,5,,,0,1
778,MUTANT_ANNOTATED_SINGLE_METHOD,ATTACK_DEPENDENCIES,325,5,530,,0,1
779,MUTANT_ANNOTATED_SINGLE_METHOD,ATTACK_DEPENDENCIES,324,5,526,,0,1
780,TEST_FULL_SUITE_PLUS_DEFAULT,DEFEND_FOCUS,321,6,,477,0,1
781,TEST_FULL_SUITE_PLUS_DEFAULT,DEFEND_ONE_FROM_MANY,327,6,,469,0,1
782,TEST_FULL_SUITE_PLUS_DEFAULT,DEFEND_ONE_FROM_MANY,323,6,,470,0,1
783,MUTANT_ANNOTATED_SINGLE_METHOD,ATTACK_DEFAULT,324,5,,,0,1
784,MUTANT_ANNOTATED_SINGLE_METHOD,ATTACK_DEFAULT,326,5,,,0,1
785,MUTANT_ANNOTATED_SINGLE_METHOD,ATTACK_DEFAULT,325,5,,,0,1
786,MUTANT_ANNOTATED_SINGLE_METHOD,ATTACK_DEPENDENCIES,326,5,533,,0,1
787,MUTANT_ANNOTATED_SINGLE_METHOD,ATTACK_DEPENDENCIES,325,5,535,,0,1
788,MUTANT_ANNOTATED_SINGLE_METHOD,ATTACK_DEPENDENCIES,324,5,539,,0,1
789,TEST_FULL_SUITE_PLUS_DEFAULT,DEFEND_FOCUS,323,6,,478,0,1
790,TEST_FULL_SUITE_PLUS_DEFAULT,DEFEND_ONE_FROM_MANY,327,6,,475,0,1
791,MUTANT_ANNOTATED_SINGLE_METHOD,ATTACK_DEFAULT,326,5,,,0,1
792,MUTANT_ANNOTATED_SINGLE_METHOD,ATTACK_DEFAULT,325,5,,,0,1
793,MUTANT_ANNOTATED_SINGLE_METHOD,ATTACK_DEPENDENCIES,326,5,545,,0,1
794,MUTANT_ANNOTATED_SINGLE_METHOD,ATTACK_DEPENDENCIES,325,5,549,,0,1
795,TEST_FULL_SUITE_PLUS_DEFAULT,DEFEND_FOCUS,321,6,,487,0,1
796,MUTANT_ANNOTATED_SINGLE_METHOD,ATTACK_DEFAULT,324,5,,,0,1
797,TEST_FULL_SUITE_PLUS_DEFAULT,DEFEND_FOCUS,323,6,,484,0,1
798,MUTANT_ANNOTATED_SINGLE_METHOD,ATTACK_DEPENDENCIES,324,5,548,,0,1
799,TEST_FULL_SUITE_PLUS_DEFAULT,DEFEND_ONE_FROM_MANY,327,6,,481,0,1
800,MUTANT_ANNOTATED_SINGLE_METHOD,ATTACK_DEFAULT,326,5,,,0,1
801,TEST_FULL_SUITE_PLUS_DEFAULT,DEFEND_FOCUS,327,6,,488,0,1
802,TEST_FULL_SUITE_PLUS_DEFAULT,DEFEND_FOCUS,323,6,,489,0,1
803,MUTANT_ANNOTATED_SINGLE_METHOD,ATTACK_DEPENDENCIES,326,5,554,,0,1
804,MUTANT_ANNOTATED_SINGLE_METHOD,ATTACK_DEFAULT,324,5,,,0,1
805,MUTANT_ANNOTATED_SINGLE_METHOD,ATTACK_DEFAULT,325,5,,,0,1
806,MUTANT_ANNOTATED_SINGLE_METHOD,ATTACK_DEPENDENCIES,324,5,559,,0,1
807,MUTANT_ANNOTATED_SINGLE_METHOD,ATTACK_DEPENDENCIES,325,5,,,0,0
808,TEST_FULL_SUITE_PLUS_DEFAULT,DEFEND_FOCUS,321,6,,494,0,1
809,TEST_FULL_SUITE_PLUS_DEFAULT,DEFEND_FOCUS,327,6,,496,0,1
810,TEST_FULL_SUITE_PLUS_DEFAULT,DEFEND_FOCUS,323,6,,495,0,1
811,MUTANT_ANNOTATED_SINGLE_METHOD,ATTACK_DEFAULT,326,5,,,0,1
812,MUTANT_ANNOTATED_SINGLE_METHOD,ATTACK_DEPENDENCIES,326,5,564,,0,1
813,TEST_FULL_SUITE_PLUS_DEFAULT,DEFEND_FOCUS,321,6,,498,0,1
814,TEST_FULL_SUITE_PLUS_DEFAULT,DEFEND_FOCUS,327,6,,500,0,1
815,TEST_FULL_SUITE_PLUS_DEFAULT,DEFEND_FOCUS,323,6,,499,0,1
816,MUTANT_ANNOTATED_SINGLE_METHOD,ATTACK_DEFAULT,324,5,,,0,1
817,MUTANT_ANNOTATED_SINGLE_METHOD,ATTACK_DEPENDENCIES,324,5,565,,0,1
818,TEST_FULL_SUITE_PLUS_DEFAULT,DEFEND_FOCUS,321,6,,505,0,1
819,MUTANT_ANNOTATED_SINGLE_METHOD,ATTACK_DEPENDENCIES,325,5,570,,0,1
820,TEST_FULL_SUITE_PLUS_DEFAULT,DEFEND_FOCUS,327,6,,504,0,1
821,TEST_FULL_SUITE_PLUS_DEFAULT,DEFEND_FOCUS,323,6,,506,0,1
822,MUTANT_ANNOTATED_SINGLE_METHOD,ATTACK_DEFAULT,324,5,,,0,1
823,MUTANT_ANNOTATED_SINGLE_METHOD,ATTACK_DEFAULT,326,5,,,0,1
824,MUTANT_ANNOTATED_SINGLE_METHOD,ATTACK_DEPENDENCIES,324,5,574,,0,1
825,MUTANT_ANNOTATED_SINGLE_METHOD,ATTACK_DEPENDENCIES,326,5,572,,0,1
826,TEST_FULL_SUITE_PLUS_DEFAULT,DEFEND_FOCUS,321,6,,529,0,1
827,TEST_FULL_SUITE_PLUS_DEFAULT,DEFEND_FOCUS,327,6,,524,0,1
828,TEST_FULL_SUITE_PLUS_DEFAULT,DEFEND_FOCUS,323,6,,510,0,1
829,MUTANT_ANNOTATED_SINGLE_METHOD,ATTACK_DEFAULT,325,5,,,0,1
830,MUTANT_ANNOTATED_SINGLE_METHOD,ATTACK_DEPENDENCIES,325,5,577,,0,1
831,MUTANT_ANNOTATED_SINGLE_METHOD,ATTACK_DEFAULT,324,5,,,0,1
832,MUTANT_ANNOTATED_SINGLE_METHOD,ATTACK_DEFAULT,326,5,,,0,1
833,TEST_FULL_SUITE_PLUS_DEFAULT,DEFEND_FOCUS,323,6,,518,0,1
834,MUTANT_ANNOTATED_SINGLE_METHOD,ATTACK_DEPENDENCIES,326,5,580,,0,1
835,MUTANT_ANNOTATED_SINGLE_METHOD,ATTACK_DEPENDENCIES,324,5,579,,0,1
836,MUTANT_ANNOTATED_SINGLE_METHOD,ATTACK_DEFAULT,325,5,,,0,1
837,MUTANT_ANNOTATED_SINGLE_METHOD,ATTACK_DEPENDENCIES,325,5,581,,0,1
838,MUTANT_ANNOTATED_SINGLE_METHOD,ATTACK_DEFAULT,324,5,,,0,1
839,TEST_FULL_SUITE_PLUS_DEFAULT,DEFEND_FOCUS,323,6,,525,0,1
840,MUTANT_ANNOTATED_SINGLE_METHOD,ATTACK_DEPENDENCIES,324,5,586,,0,1
841,MUTANT_ANNOTATED_SINGLE_METHOD,ATTACK_DEFAULT,326,5,,,0,1
842,MUTANT_ANNOTATED_SINGLE_METHOD,ATTACK_DEFAULT,325,5,,,0,1
843,MUTANT_ANNOTATED_SINGLE_METHOD,ATTACK_DEPENDENCIES,326,5,587,,0,1
844,MUTANT_ANNOTATED_SINGLE_METHOD,ATTACK_DEPENDENCIES,325,5,584,,0,1
845,TEST_FULL_SUITE_PLUS_DEFAULT,DEFEND_FOCUS,327,6,,534,0,1
846,TEST_FULL_SUITE_PLUS_DEFAULT,DEFEND_FOCUS,323,6,,528,0,1
847,MUTANT_ANNOTATED_SINGLE_METHOD,ATTACK_DEFAULT,325,5,,,0,1
848,MUTANT_ANNOTATED_SINGLE_METHOD,ATTACK_DEPENDENCIES,325,5,589,,0,1
849,TEST_FULL_SUITE_PLUS_DEFAULT,DEFEND_FOCUS,321,6,,540,0,1
850,MUTANT_ANNOTATED_SINGLE_METHOD,ATTACK_DEFAULT,324,5,,,0,1
851,MUTANT_ANNOTATED_SINGLE_METHOD,ATTACK_DEFAULT,326,5,,,0,1
852,TEST_FULL_SUITE_PLUS_DEFAULT,DEFEND_FOCUS,323,6,,550,0,1
853,MUTANT_ANNOTATED_SINGLE_METHOD,ATTACK_DEPENDENCIES,324,5,590,,0,1
854,MUTANT_ANNOTATED_SINGLE_METHOD,ATTACK_DEPENDENCIES,326,5,591,,0,1
855,MUTANT_ANNOTATED_SINGLE_METHOD,ATTACK_DEFAULT,325,5,,,0,1
856,MUTANT_ANNOTATED_SINGLE_METHOD,ATTACK_DEPENDENCIES,325,5,592,,0,1
857,TEST_FULL_SUITE_PLUS_DEFAULT,DEFEND_FOCUS,327,6,,554,0,1
858,MUTANT_ANNOTATED_SINGLE_METHOD,ATTACK_DEFAULT,324,5,,,0,1
859,MUTANT_ANNOTATED_SINGLE_METHOD,ATTACK_DEFAULT,326,5,,,0,1
860,MUTANT_ANNOTATED_SINGLE_METHOD,ATTACK_DEFAULT,325,5,,,0,1
861,MUTANT_ANNOTATED_SINGLE_METHOD,ATTACK_DEPENDENCIES,324,5,595,,0,1
862,MUTANT_ANNOTATED_SINGLE_METHOD,ATTACK_DEPENDENCIES,325,5,594,,0,1
863,MUTANT_ANNOTATED_SINGLE_METHOD,ATTACK_DEPENDENCIES,326,5,593,,0,1
864,TEST_FULL_SUITE_PLUS_DEFAULT,DEFEND_FOCUS,321,6,,548,0,1
865,MUTANT_ANNOTATED_SINGLE_METHOD,ATTACK_DEFAULT,324,5,,,0,1
866,MUTANT_ANNOTATED_SINGLE_METHOD,ATTACK_DEFAULT,326,5,,,0,1
867,MUTANT_ANNOTATED_SINGLE_METHOD,ATTACK_DEFAULT,325,5,,,0,1
868,MUTANT_ANNOTATED_SINGLE_METHOD,ATTACK_DEPENDENCIES,324,5,597,,0,1
869,MUTANT_ANNOTATED_SINGLE_METHOD,ATTACK_DEPENDENCIES,326,5,599,,0,1
870,MUTANT_ANNOTATED_SINGLE_METHOD,ATTACK_DEPENDENCIES,325,5,596,,0,1
871,TEST_FULL_SUITE_PLUS_DEFAULT,DEFEND_FOCUS,321,6,,561,0,1
872,TEST_FULL_SUITE_PLUS_DEFAULT,DEFEND_FOCUS,323,6,,568,0,1
873,MUTANT_ANNOTATED_SINGLE_METHOD,ATTACK_DEFAULT,324,5,,,0,1
874,MUTANT_ANNOTATED_SINGLE_METHOD,ATTACK_DEFAULT,325,5,,,0,1
875,MUTANT_ANNOTATED_SINGLE_METHOD,ATTACK_DEPENDENCIES,324,5,605,,0,1
876,MUTANT_ANNOTATED_SINGLE_METHOD,ATTACK_DEPENDENCIES,325,5,604,,0,1
877,MUTANT_ANNOTATED_SINGLE_METHOD,ATTACK_DEFAULT,326,5,,,0,1
878,TEST_FULL_SUITE_PLUS_DEFAULT,DEFEND_FOCUS,327,6,,576,0,1
879,MUTANT_ANNOTATED_SINGLE_METHOD,ATTACK_DEPENDENCIES,326,5,607,,0,1
880,MUTANT_ANNOTATED_SINGLE_METHOD,ATTACK_DEFAULT,324,5,,,0,1
881,MUTANT_ANNOTATED_SINGLE_METHOD,ATTACK_DEFAULT,325,5,,,0,1
882,MUTANT_ANNOTATED_SINGLE_METHOD,ATTACK_DEPENDENCIES,324,5,610,,0,1
883,MUTANT_ANNOTATED_SINGLE_METHOD,ATTACK_DEPENDENCIES,325,5,609,,0,1
884,TEST_FULL_SUITE_PLUS_DEFAULT,DEFEND_FOCUS,321,6,,567,0,1
885,MUTANT_ANNOTATED_SINGLE_METHOD,ATTACK_DEFAULT,326,5,,,0,1
886,MUTANT_ANNOTATED_SINGLE_METHOD,ATTACK_DEPENDENCIES,326,5,613,,0,1
887,MUTANT_ANNOTATED_SINGLE_METHOD,ATTACK_DEFAULT,324,5,,,0,1
888,MUTANT_ANNOTATED_SINGLE_METHOD,ATTACK_DEFAULT,325,5,,,0,1
889,MUTANT_ANNOTATED_SINGLE_METHOD,ATTACK_DEPENDENCIES,324,5,615,,0,1
890,MUTANT_ANNOTATED_SINGLE_METHOD,ATTACK_DEPENDENCIES,325,5,614,,0,1
891,TEST_FULL_SUITE_PLUS_DEFAULT,DEFEND_FOCUS,321,6,,579,0,1
892,MUTANT_ANNOTATED_SINGLE_METHOD,ATTACK_DEFAULT,326,5,,,0,1
893,TEST_FULL_SUITE_PLUS_DEFAULT,DEFEND_FOCUS,323,6,,577,0,1
894,MUTANT_ANNOTATED_SINGLE_METHOD,ATTACK_DEPENDENCIES,326,5,617,,0,1
895,MUTANT_ANNOTATED_SINGLE_METHOD,ATTACK_DEFAULT,324,5,,,0,1
896,MUTANT_ANNOTATED_SINGLE_METHOD,ATTACK_DEFAULT,325,5,,,0,1
897,MUTANT_ANNOTATED_SINGLE_METHOD,ATTACK_DEPENDENCIES,325,5,620,,0,1
898,MUTANT_ANNOTATED_SINGLE_METHOD,ATTACK_DEPENDENCIES,324,5,621,,0,1
899,MUTANT_ANNOTATED_SINGLE_METHOD,ATTACK_DEFAULT,326,5,,,0,1
900,TEST_FULL_SUITE_PLUS_DEFAULT,DEFEND_FOCUS,327,6,,580,0,1
901,TEST_FULL_SUITE_PLUS_DEFAULT,DEFEND_FOCUS,323,6,,581,0,1
902,MUTANT_ANNOTATED_SINGLE_METHOD,ATTACK_DEPENDENCIES,326,5,623,,0,1
903,MUTANT_ANNOTATED_SINGLE_METHOD,ATTACK_DEFAULT,325,5,,,0,1
904,MUTANT_ANNOTATED_SINGLE_METHOD,ATTACK_DEPENDENCIES,325,5,627,,0,1
905,TEST_FULL_SUITE_PLUS_DEFAULT,DEFEND_FOCUS,321,6,,585,0,1
906,MUTANT_ANNOTATED_SINGLE_METHOD,ATTACK_DEFAULT,324,5,,,0,1
907,TEST_FULL_SUITE_PLUS_DEFAULT,DEFEND_FOCUS,327,6,,587,0,1
908,TEST_FULL_SUITE_PLUS_DEFAULT,DEFEND_FOCUS,323,6,,595,0,1
909,MUTANT_ANNOTATED_SINGLE_METHOD,ATTACK_DEPENDENCIES,324,5,629,,0,1
910,MUTANT_ANNOTATED_SINGLE_METHOD,ATTACK_DEFAULT,326,5,,,0,1
911,MUTANT_ANNOTATED_SINGLE_METHOD,ATTACK_DEPENDENCIES,326,5,631,,0,1
912,TEST_FULL_SUITE_PLUS_DEFAULT,DEFEND_FOCUS,321,6,,594,0,1
913,MUTANT_ANNOTATED_SINGLE_METHOD,ATTACK_DEFAULT,325,5,,,0,1
914,TEST_FULL_SUITE_PLUS_DEFAULT,DEFEND_FOCUS,327,6,,592,0,1
915,MUTANT_ANNOTATED_SINGLE_METHOD,ATTACK_DEPENDENCIES,325,5,633,,0,1
916,MUTANT_ANNOTATED_SINGLE_METHOD,ATTACK_DEFAULT,324,5,,,0,1
917,MUTANT_ANNOTATED_SINGLE_METHOD,ATTACK_DEPENDENCIES,324,5,635,,0,1
918,MUTANT_ANNOTATED_SINGLE_METHOD,ATTACK_DEFAULT,326,5,,,0,1
919,TEST_FULL_SUITE_PLUS_DEFAULT,DEFEND_FOCUS,327,6,,596,0,1
920,MUTANT_ANNOTATED_SINGLE_METHOD,ATTACK_DEPENDENCIES,326,5,634,,0,1
921,MUTANT_ANNOTATED_SINGLE_METHOD,ATTACK_EQUIVALENCE,324,5,,,0,1
922,MUTANT_ANNOTATED_SINGLE_METHOD,ATTACK_DEFAULT,325,5,,,0,1
923,MUTANT_ANNOTATED_SINGLE_METHOD,ATTACK_DEPENDENCIES,325,5,637,,0,1
924,TEST_FULL_SUITE_PLUS_DEFAULT,DEFEND_FOCUS,321,6,,600,0,1
925,MUTANT_ANNOTATED_SINGLE_METHOD,ATTACK_DEFAULT,326,5,,,0,1
926,TEST_FULL_SUITE_PLUS_DEFAULT,DEFEND_FOCUS,327,6,,602,0,1
927,TEST_FULL_SUITE_PLUS_DEFAULT,DEFEND_FOCUS,323,6,,601,0,1
928,MUTANT_ANNOTATED_SINGLE_METHOD,ATTACK_DEPENDENCIES,326,5,640,,0,1
929,MUTANT_ANNOTATED_SINGLE_METHOD,ATTACK_DEFAULT,324,5,,,0,1
930,MUTANT_ANNOTATED_SINGLE_METHOD,ATTACK_DEPENDENCIES,324,5,643,,0,1
931,TEST_FULL_SUITE_PLUS_DEFAULT,DEFEND_FOCUS,321,6,,613,0,1
932,MUTANT_ANNOTATED_SINGLE_METHOD,ATTACK_DEFAULT,325,5,,,0,1
933,TEST_FULL_SUITE_PLUS_DEFAULT,DEFEND_FOCUS,327,6,,614,0,1
934,TEST_FULL_SUITE_PLUS_DEFAULT,DEFEND_FOCUS,323,6,,615,0,1
935,MUTANT_ANNOTATED_SINGLE_METHOD,ATTACK_DEPENDENCIES,325,5,645,,0,1
936,MUTANT_ANNOTATED_SINGLE_METHOD,ATTACK_DEFAULT,326,5,,,0,1
937,MUTANT_ANNOTATED_SINGLE_METHOD,ATTACK_DEPENDENCIES,326,5,644,,0,1
938,MUTANT_ANNOTATED_SINGLE_METHOD,ATTACK_DEFAULT,324,5,,,0,1
939,MUTANT_ANNOTATED_SINGLE_METHOD,ATTACK_DEPENDENCIES,324,5,653,,0,1
940,MUTANT_ANNOTATED_SINGLE_METHOD,ATTACK_DEFAULT,326,5,,,0,1
941,MUTANT_ANNOTATED_SINGLE_METHOD,ATTACK_DEFAULT,325,5,,,0,1
942,MUTANT_ANNOTATED_SINGLE_METHOD,ATTACK_DEPENDENCIES,326,5,650,,0,1
943,MUTANT_ANNOTATED_SINGLE_METHOD,ATTACK_DEPENDENCIES,325,5,652,,0,1
944,TEST_FULL_SUITE_PLUS_DEFAULT,DEFEND_FOCUS,321,6,,619,0,1
945,TEST_FULL_SUITE_PLUS_DEFAULT,DEFEND_FOCUS,327,6,,618,0,1
946,TEST_FULL_SUITE_PLUS_DEFAULT,DEFEND_FOCUS,323,6,,620,0,1
947,MUTANT_ANNOTATED_SINGLE_METHOD,ATTACK_EQUIVALENCE,324,5,,,0,1
948,MUTANT_ANNOTATED_SINGLE_METHOD,ATTACK_DEFAULT,326,5,,,0,1
949,MUTANT_ANNOTATED_SINGLE_METHOD,ATTACK_DEPENDENCIES,326,5,654,,0,1
950,TEST_FULL_SUITE_PLUS_DEFAULT,DEFEND_FOCUS,321,6,,633,0,1
951,TEST_FULL_SUITE_PLUS_DEFAULT,DEFEND_FOCUS,327,6,,627,0,1
952,MUTANT_ANNOTATED_SINGLE_METHOD,ATTACK_DEFAULT,325,5,,,0,1
953,TEST_FULL_SUITE_PLUS_DEFAULT,DEFEND_FOCUS,323,6,,629,0,1
954,MUTANT_ANNOTATED_SINGLE_METHOD,ATTACK_DEPENDENCIES,325,5,660,,0,1
955,MUTANT_ANNOTATED_SINGLE_METHOD,ATTACK_DEFAULT,324,5,,,0,1
956,MUTANT_ANNOTATED_SINGLE_METHOD,ATTACK_DEPENDENCIES,324,5,658,,0,1
957,MUTANT_ANNOTATED_SINGLE_METHOD,ATTACK_DEFAULT,326,5,,,0,1
958,MUTANT_ANNOTATED_SINGLE_METHOD,ATTACK_DEPENDENCIES,326,5,659,,0,1
959,TEST_FULL_SUITE_PLUS_DEFAULT,DEFEND_FOCUS,327,6,,635,0,1
960,TEST_FULL_SUITE_PLUS_DEFAULT,DEFEND_FOCUS,323,6,,642,0,1
961,MUTANT_ANNOTATED_SINGLE_METHOD,ATTACK_EQUIVALENCE,324,5,,,0,1
962,MUTANT_ANNOTATED_SINGLE_METHOD,ATTACK_DEFAULT,324,5,,,0,1
963,MUTANT_ANNOTATED_SINGLE_METHOD,ATTACK_DEPENDENCIES,324,5,664,,0,1
964,MUTANT_ANNOTATED_SINGLE_METHOD,ATTACK_DEFAULT,326,5,,,0,1
965,MUTANT_ANNOTATED_SINGLE_METHOD,ATTACK_DEFAULT,325,5,,,0,1
966,MUTANT_ANNOTATED_SINGLE_METHOD,ATTACK_DEPENDENCIES,326,5,663,,0,1
967,MUTANT_ANNOTATED_SINGLE_METHOD,ATTACK_DEPENDENCIES,325,5,665,,0,1
968,MUTANT_ANNOTATED_SINGLE_METHOD,ATTACK_EQUIVALENCE,324,5,,,0,1
969,MUTANT_ANNOTATED_SINGLE_METHOD,ATTACK_EQUIVALENCE,324,5,,,0,1
970,TEST_FULL_SUITE_PLUS_DEFAULT,DEFEND_FOCUS,321,6,,643,0,1
971,TEST_FULL_SUITE_PLUS_DEFAULT,DEFEND_FOCUS,327,6,,655,0,1
972,MUTANT_ANNOTATED_SINGLE_METHOD,ATTACK_DEFAULT,324,5,,,0,1
973,MUTANT_ANNOTATED_SINGLE_METHOD,ATTACK_DEPENDENCIES,324,5,669,,0,1
974,MUTANT_ANNOTATED_SINGLE_METHOD,ATTACK_DEFAULT,326,5,,,0,1
975,MUTANT_ANNOTATED_SINGLE_METHOD,ATTACK_DEFAULT,325,5,,,0,1
976,MUTANT_ANNOTATED_SINGLE_METHOD,ATTACK_DEPENDENCIES,326,5,670,,0,1
977,MUTANT_ANNOTATED_SINGLE_METHOD,ATTACK_DEPENDENCIES,325,5,676,,0,1
978,TEST_FULL_SUITE_PLUS_DEFAULT,DEFEND_FOCUS,321,6,,647,0,1
979,TEST_FULL_SUITE_PLUS_DEFAULT,DEFEND_FOCUS,323,6,,646,0,1
980,MUTANT_ANNOTATED_SINGLE_METHOD,ATTACK_DEFAULT,324,5,,,0,1
981,MUTANT_ANNOTATED_SINGLE_METHOD,ATTACK_DEPENDENCIES,324,5,673,,0,1
982,MUTANT_ANNOTATED_SINGLE_METHOD,ATTACK_DEFAULT,326,5,,,0,1
983,MUTANT_ANNOTATED_SINGLE_METHOD,ATTACK_DEPENDENCIES,326,5,680,,0,1
984,TEST_FULL_SUITE_PLUS_DEFAULT,DEFEND_FOCUS,321,6,,653,0,1
985,TEST_FULL_SUITE_PLUS_DEFAULT,DEFEND_FOCUS,323,6,,651,0,1
986,MUTANT_ANNOTATED_SINGLE_METHOD,ATTACK_DEFAULT,324,5,,,0,1
987,MUTANT_ANNOTATED_SINGLE_METHOD,ATTACK_DEPENDENCIES,324,5,,,0,0
988,MUTANT_ANNOTATED_SINGLE_METHOD,ATTACK_DEFAULT,325,5,,,0,1
989,MUTANT_ANNOTATED_SINGLE_METHOD,ATTACK_DEPENDENCIES,325,5,687,,0,1
990,TEST_FULL_SUITE_PLUS_DEFAULT,DEFEND_FOCUS,323,6,,656,0,1
991,MUTANT_ANNOTATED_SINGLE_METHOD,ATTACK_DEFAULT,326,5,,,0,1
992,MUTANT_ANNOTATED_SINGLE_METHOD,ATTACK_DEPENDENCIES,326,5,683,,0,1
993,TEST_FULL_SUITE_PLUS_DEFAULT,DEFEND_FOCUS,321,6,,666,0,1
994,TEST_FULL_SUITE_PLUS_DEFAULT,DEFEND_FOCUS,327,6,,662,0,1
995,TEST_FULL_SUITE_PLUS_DEFAULT,DEFEND_FOCUS,323,6,,661,0,1
996,MUTANT_ANNOTATED_SINGLE_METHOD,ATTACK_DEFAULT,326,5,,,0,1
997,MUTANT_ANNOTATED_SINGLE_METHOD,ATTACK_DEPENDENCIES,326,5,690,,0,1
998,MUTANT_ANNOTATED_SINGLE_METHOD,ATTACK_DEPENDENCIES,324,5,688,,0,1
999,MUTANT_ANNOTATED_SINGLE_METHOD,ATTACK_DEFAULT,325,5,,,0,1
1000,TEST_FULL_SUITE_PLUS_DEFAULT,DEFEND_FOCUS,327,6,,676,0,1
1001,MUTANT_ANNOTATED_SINGLE_METHOD,ATTACK_DEPENDENCIES,325,5,692,,0,1
1002,TEST_FULL_SUITE_PLUS_DEFAULT,DEFEND_FOCUS,323,6,,668,0,1
1003,MUTANT_ANNOTATED_SINGLE_METHOD,ATTACK_DEFAULT,324,5,,,0,1
1004,MUTANT_ANNOTATED_SINGLE_METHOD,ATTACK_DEPENDENCIES,324,5,696,,0,1
1005,MUTANT_ANNOTATED_SINGLE_METHOD,ATTACK_DEFAULT,326,5,,,0,1
1006,MUTANT_ANNOTATED_SINGLE_METHOD,ATTACK_DEPENDENCIES,326,5,697,,0,1
1007,TEST_FULL_SUITE_PLUS_DEFAULT,DEFEND_FOCUS,321,6,,683,0,1
1008,MUTANT_ANNOTATED_SINGLE_METHOD,ATTACK_DEFAULT,325,5,,,0,1
1009,TEST_FULL_SUITE_PLUS_DEFAULT,DEFEND_FOCUS,323,6,,674,0,1
1010,MUTANT_ANNOTATED_SINGLE_METHOD,ATTACK_DEPENDENCIES,325,5,702,,0,1
1011,TEST_FULL_SUITE_PLUS_DEFAULT,DEFEND_FOCUS,327,6,,684,0,1
1012,TEST_FULL_SUITE_PLUS_DEFAULT,DEFEND_FOCUS,323,6,,680,0,1
1013,MUTANT_ANNOTATED_SINGLE_METHOD,ATTACK_DEFAULT,324,5,,,0,1
1014,MUTANT_ANNOTATED_SINGLE_METHOD,ATTACK_DEPENDENCIES,324,5,700,,0,1
1015,MUTANT_ANNOTATED_SINGLE_METHOD,ATTACK_DEFAULT,326,5,,,0,1
1016,MUTANT_ANNOTATED_SINGLE_METHOD,ATTACK_DEPENDENCIES,326,5,701,,0,1
1017,TEST_FULL_SUITE_PLUS_DEFAULT,DEFEND_FOCUS,323,6,,,1,0
1018,MUTANT_ANNOTATED_SINGLE_METHOD,ATTACK_DEFAULT,324,5,,,0,1
1019,MUTANT_ANNOTATED_SINGLE_METHOD,ATTACK_DEPENDENCIES,324,5,705,,0,1
1020,MUTANT_ANNOTATED_SINGLE_METHOD,ATTACK_DEFAULT,326,5,,,0,1
1021,MUTANT_ANNOTATED_SINGLE_METHOD,ATTACK_DEFAULT,325,5,,,0,1
1022,MUTANT_ANNOTATED_SINGLE_METHOD,ATTACK_DEPENDENCIES,326,5,704,,0,1
1023,MUTANT_ANNOTATED_SINGLE_METHOD,ATTACK_DEPENDENCIES,325,5,706,,0,1
1024,TEST_FULL_SUITE_PLUS_DEFAULT,DEFEND_FOCUS,321,6,,696,0,1
1025,TEST_FULL_SUITE_PLUS_DEFAULT,DEFEND_FOCUS,327,6,,690,0,1
1026,MUTANT_ANNOTATED_SINGLE_METHOD,ATTACK_DEFAULT,326,5,,,0,1
1027,MUTANT_ANNOTATED_SINGLE_METHOD,ATTACK_DEPENDENCIES,326,5,712,,0,1
1028,MUTANT_ANNOTATED_SINGLE_METHOD,ATTACK_DEFAULT,324,5,,,0,1
1029,MUTANT_ANNOTATED_SINGLE_METHOD,ATTACK_DEPENDENCIES,324,5,708,,0,1
1030,TEST_FULL_SUITE_PLUS_DEFAULT,DEFEND_FOCUS,327,6,,697,0,1
1031,MUTANT_ANNOTATED_SINGLE_METHOD,ATTACK_DEFAULT,325,5,,,0,1
1032,MUTANT_ANNOTATED_SINGLE_METHOD,ATTACK_DEPENDENCIES,325,5,710,,0,1
1033,MUTANT_ANNOTATED_SINGLE_METHOD,ATTACK_EQUIVALENCE,324,5,,,0,1
1034,TEST_FULL_SUITE_PLUS_DEFAULT,DEFEND_FOCUS,321,6,,708,0,1
1035,TEST_FULL_SUITE_PLUS_DEFAULT,DEFEND_FOCUS,327,6,,702,0,1
1036,MUTANT_ANNOTATED_SINGLE_METHOD,ATTACK_DEFAULT,324,5,,,0,1
1037,MUTANT_ANNOTATED_SINGLE_METHOD,ATTACK_DEFAULT,325,5,,,0,1
1038,MUTANT_ANNOTATED_SINGLE_METHOD,ATTACK_DEPENDENCIES,325,5,715,,0,1
1039,MUTANT_ANNOTATED_SINGLE_METHOD,ATTACK_DEPENDENCIES,324,5,,,1,0
1040,MUTANT_ANNOTATED_SINGLE_METHOD,ATTACK_EQUIVALENCE,324,5,,,0,1
1041,MUTANT_ANNOTATED_SINGLE_METHOD,ATTACK_DEFAULT,326,5,,,0,1
1042,MUTANT_ANNOTATED_SINGLE_METHOD,ATTACK_DEPENDENCIES,326,5,,,1,0
1043,MUTANT_ANNOTATED_SINGLE_METHOD,ATTACK_EQUIVALENCE,324,5,,,0,1
1044,MUTANT_ANNOTATED_SINGLE_METHOD,ATTACK_EQUIVALENCE,324,5,,,0,1
1045,MUTANT_ANNOTATED_SINGLE_METHOD,ATTACK_DEFAULT,331,5,,,0,1
1046,TEST_FULL_SUITE_PLUS_DEFAULT,DEFEND_DEFAULT,332,6,,,0,1
1047,TEST_FULL_SUITE_PLUS_DEFAULT,DEFEND_DEFAULT,333,6,,,0,1
1048,TEST_FULL_SUITE_PLUS_DEFAULT,DEFEND_DEFAULT,334,6,,,0,1
1049,MUTANT_ANNOTATED_SINGLE_METHOD,ATTACK_DEFAULT,336,5,,,0,1
1050,MUTANT_ANNOTATED_SINGLE_METHOD,ATTACK_DEFAULT,330,5,,,0,1
1051,MUTANT_ANNOTATED_SINGLE_METHOD,ATTACK_DEPENDENCIES,331,5,717,,0,1
1052,MUTANT_ANNOTATED_SINGLE_METHOD,ATTACK_DEPENDENCIES,336,5,716,,0,1
1053,MUTANT_ANNOTATED_SINGLE_METHOD,ATTACK_DEPENDENCIES,330,5,718,,0,1
1054,TEST_FULL_SUITE_PLUS_DEFAULT,DEFEND_ONE_FROM_MANY,334,6,,,0,1
1055,TEST_FULL_SUITE_PLUS_DEFAULT,DEFEND_ONE_FROM_MANY,334,6,,709,0,1
1056,TEST_FULL_SUITE_PLUS_DEFAULT,DEFEND_ONE_FROM_MANY,332,6,,,0,1
1057,TEST_FULL_SUITE_PLUS_DEFAULT,DEFEND_ONE_FROM_MANY,333,6,,,0,1
1058,MUTANT_ANNOTATED_SINGLE_METHOD,ATTACK_DEFAULT,331,5,,,0,1
1059,MUTANT_ANNOTATED_SINGLE_METHOD,ATTACK_DEFAULT,336,5,,,0,1
1060,MUTANT_ANNOTATED_SINGLE_METHOD,ATTACK_DEFAULT,330,5,,,0,1
1061,MUTANT_ANNOTATED_SINGLE_METHOD,ATTACK_DEPENDENCIES,331,5,720,,0,1
1062,MUTANT_ANNOTATED_SINGLE_METHOD,ATTACK_DEPENDENCIES,330,5,721,,0,1
1063,MUTANT_ANNOTATED_SINGLE_METHOD,ATTACK_DEPENDENCIES,336,5,722,,0,1
1064,TEST_FULL_SUITE_PLUS_DEFAULT,DEFEND_ONE_FROM_MANY,332,6,,710,0,1
1065,TEST_FULL_SUITE_PLUS_DEFAULT,DEFEND_ONE_FROM_MANY,333,6,,711,0,1
1066,TEST_FULL_SUITE_PLUS_DEFAULT,DEFEND_ONE_FROM_MANY,334,6,,712,0,1
1067,TEST_FULL_SUITE_PLUS_DEFAULT,DEFEND_ONE_FROM_MANY,332,6,,713,0,1
1068,TEST_FULL_SUITE_PLUS_DEFAULT,DEFEND_ONE_FROM_MANY,333,6,,714,0,1
1069,MUTANT_ANNOTATED_SINGLE_METHOD,ATTACK_DEFAULT,331,5,,,0,1
1070,MUTANT_ANNOTATED_SINGLE_METHOD,ATTACK_DEFAULT,330,5,,,0,1
1071,MUTANT_ANNOTATED_SINGLE_METHOD,ATTACK_DEPENDENCIES,331,5,728,,0,1
1072,MUTANT_ANNOTATED_SINGLE_METHOD,ATTACK_DEPENDENCIES,330,5,734,,0,1
1073,TEST_FULL_SUITE_PLUS_DEFAULT,DEFEND_ONE_FROM_MANY,334,6,,715,0,1
1074,TEST_FULL_SUITE_PLUS_DEFAULT,DEFEND_ONE_FROM_MANY,332,6,,716,0,1
1075,TEST_FULL_SUITE_PLUS_DEFAULT,DEFEND_ONE_FROM_MANY,333,6,,717,0,1
1076,MUTANT_ANNOTATED_SINGLE_METHOD,ATTACK_DEFAULT,336,5,,,0,1
1077,MUTANT_ANNOTATED_SINGLE_METHOD,ATTACK_DEPENDENCIES,336,5,737,,0,1
1078,MUTANT_ANNOTATED_SINGLE_METHOD,ATTACK_DEFAULT,331,5,,,0,1
1079,MUTANT_ANNOTATED_SINGLE_METHOD,ATTACK_DEPENDENCIES,331,5,738,,0,1
1080,TEST_FULL_SUITE_PLUS_DEFAULT,DEFEND_ONE_FROM_MANY,334,6,,718,0,1
1081,TEST_FULL_SUITE_PLUS_DEFAULT,DEFEND_ONE_FROM_MANY,332,6,,719,0,1
1082,TEST_FULL_SUITE_PLUS_DEFAULT,DEFEND_ONE_FROM_MANY,333,6,,720,0,1
1083,MUTANT_ANNOTATED_SINGLE_METHOD,ATTACK_DEFAULT,330,5,,,0,1
1084,MUTANT_ANNOTATED_SINGLE_METHOD,ATTACK_DEPENDENCIES,330,5,752,,0,1
1085,MUTANT_ANNOTATED_SINGLE_METHOD,ATTACK_DEFAULT,331,5,,,0,1
1086,MUTANT_ANNOTATED_SINGLE_METHOD,ATTACK_DEFAULT,336,5,,,0,1
1087,MUTANT_ANNOTATED_SINGLE_METHOD,ATTACK_DEPENDENCIES,331,5,749,,0,1
1088,MUTANT_ANNOTATED_SINGLE_METHOD,ATTACK_DEPENDENCIES,336,5,748,,0,1
1089,TEST_FULL_SUITE_PLUS_DEFAULT,DEFEND_ONE_FROM_MANY,334,6,,721,0,1
1090,TEST_FULL_SUITE_PLUS_DEFAULT,DEFEND_ONE_FROM_MANY,332,6,,723,0,1
1091,TEST_FULL_SUITE_PLUS_DEFAULT,DEFEND_ONE_FROM_MANY,333,6,,724,0,1
1092,MUTANT_ANNOTATED_SINGLE_METHOD,ATTACK_DEFAULT,331,5,,,0,1
1093,MUTANT_ANNOTATED_SINGLE_METHOD,ATTACK_DEFAULT,336,5,,,0,1
1094,MUTANT_ANNOTATED_SINGLE_METHOD,ATTACK_DEFAULT,330,5,,,0,1
1095,MUTANT_ANNOTATED_SINGLE_METHOD,ATTACK_DEPENDENCIES,331,5,770,,0,1
1096,MUTANT_ANNOTATED_SINGLE_METHOD,ATTACK_DEPENDENCIES,336,5,763,,0,1
1097,MUTANT_ANNOTATED_SINGLE_METHOD,ATTACK_DEPENDENCIES,330,5,765,,0,1
1098,TEST_FULL_SUITE_PLUS_DEFAULT,DEFEND_ONE_FROM_MANY,334,6,,726,0,1
1099,TEST_FULL_SUITE_PLUS_DEFAULT,DEFEND_ONE_FROM_MANY,332,6,,727,0,1
1100,TEST_FULL_SUITE_PLUS_DEFAULT,DEFEND_ONE_FROM_MANY,333,6,,728,0,1
1101,MUTANT_ANNOTATED_SINGLE_METHOD,ATTACK_DEFAULT,336,5,,,0,1
1102,MUTANT_ANNOTATED_SINGLE_METHOD,ATTACK_DEFAULT,330,5,,,0,1
1103,MUTANT_ANNOTATED_SINGLE_METHOD,ATTACK_DEPENDENCIES,330,5,774,,0,1
1104,MUTANT_ANNOTATED_SINGLE_METHOD,ATTACK_DEPENDENCIES,336,5,780,,0,1
1105,TEST_FULL_SUITE_PLUS_DEFAULT,DEFEND_ONE_FROM_MANY,334,6,,730,0,1
1106,TEST_FULL_SUITE_PLUS_DEFAULT,DEFEND_ONE_FROM_MANY,332,6,,731,0,1
1107,TEST_FULL_SUITE_PLUS_DEFAULT,DEFEND_ONE_FROM_MANY,333,6,,732,0,1
1108,MUTANT_ANNOTATED_SINGLE_METHOD,ATTACK_DEFAULT,331,5,,,0,1
1109,MUTANT_ANNOTATED_SINGLE_METHOD,ATTACK_DEPENDENCIES,331,5,782,,0,1
1110,MUTANT_ANNOTATED_SINGLE_METHOD,ATTACK_DEFAULT,330,5,,,0,1
1111,MUTANT_ANNOTATED_SINGLE_METHOD,ATTACK_DEPENDENCIES,330,5,793,,0,1
1112,TEST_FULL_SUITE_PLUS_DEFAULT,DEFEND_ONE_FROM_MANY,334,6,,734,0,1
1113,TEST_FULL_SUITE_PLUS_DEFAULT,DEFEND_ONE_FROM_MANY,332,6,,735,0,1
1114,TEST_FULL_SUITE_PLUS_DEFAULT,DEFEND_ONE_FROM_MANY,333,6,,736,0,1
1115,MUTANT_ANNOTATED_SINGLE_METHOD,ATTACK_DEFAULT,331,5,,,0,1
1116,MUTANT_ANNOTATED_SINGLE_METHOD,ATTACK_DEFAULT,336,5,,,0,1
1117,MUTANT_ANNOTATED_SINGLE_METHOD,ATTACK_DEPENDENCIES,331,5,791,,0,1
1118,MUTANT_ANNOTATED_SINGLE_METHOD,ATTACK_DEPENDENCIES,336,5,796,,0,1
1119,TEST_FULL_SUITE_PLUS_DEFAULT,DEFEND_ONE_FROM_MANY,334,6,,750,0,1
1120,TEST_FULL_SUITE_PLUS_DEFAULT,DEFEND_ONE_FROM_MANY,332,6,,741,0,1
1121,TEST_FULL_SUITE_PLUS_DEFAULT,DEFEND_ONE_FROM_MANY,333,6,,742,0,1
1122,MUTANT_ANNOTATED_SINGLE_METHOD,ATTACK_DEFAULT,331,5,,,0,1
1123,MUTANT_ANNOTATED_SINGLE_METHOD,ATTACK_DEFAULT,330,5,,,0,1
1124,MUTANT_ANNOTATED_SINGLE_METHOD,ATTACK_DEPENDENCIES,331,5,808,,0,1
1125,MUTANT_ANNOTATED_SINGLE_METHOD,ATTACK_DEPENDENCIES,330,5,801,,0,1
1126,MUTANT_ANNOTATED_SINGLE_METHOD,ATTACK_DEFAULT,336,5,,,0,1
1127,MUTANT_ANNOTATED_SINGLE_METHOD,ATTACK_DEPENDENCIES,336,5,814,,0,1
1128,TEST_FULL_SUITE_PLUS_DEFAULT,DEFEND_ONE_FROM_MANY,332,6,,747,0,1
1129,TEST_FULL_SUITE_PLUS_DEFAULT,DEFEND_ONE_FROM_MANY,333,6,,748,0,1
1130,MUTANT_ANNOTATED_SINGLE_METHOD,ATTACK_DEFAULT,330,5,,,0,1
1131,MUTANT_ANNOTATED_SINGLE_METHOD,ATTACK_DEPENDENCIES,330,5,809,,0,1
1132,TEST_FULL_SUITE_PLUS_DEFAULT,DEFEND_ONE_FROM_MANY,332,6,,749,0,1
1133,TEST_FULL_SUITE_PLUS_DEFAULT,DEFEND_ONE_FROM_MANY,333,6,,751,0,1
1134,MUTANT_ANNOTATED_SINGLE_METHOD,ATTACK_DEFAULT,331,5,,,0,1
1135,MUTANT_ANNOTATED_SINGLE_METHOD,ATTACK_DEFAULT,330,5,,,0,1
1136,MUTANT_ANNOTATED_SINGLE_METHOD,ATTACK_DEPENDENCIES,331,5,821,,0,1
1137,MUTANT_ANNOTATED_SINGLE_METHOD,ATTACK_DEPENDENCIES,330,5,820,,0,1
1138,MUTANT_ANNOTATED_SINGLE_METHOD,ATTACK_DEFAULT,336,5,,,0,1
1139,TEST_FULL_SUITE_PLUS_DEFAULT,DEFEND_ONE_FROM_MANY,334,6,,,0,1
1140,MUTANT_ANNOTATED_SINGLE_METHOD,ATTACK_DEPENDENCIES,336,5,826,,0,1
1141,TEST_FULL_SUITE_PLUS_DEFAULT,DEFEND_ONE_FROM_MANY,334,6,,756,0,1
1142,TEST_FULL_SUITE_PLUS_DEFAULT,DEFEND_ONE_FROM_MANY,332,6,,757,0,1
1143,TEST_FULL_SUITE_PLUS_DEFAULT,DEFEND_ONE_FROM_MANY,333,6,,758,0,1
1144,MUTANT_ANNOTATED_SINGLE_METHOD,ATTACK_DEFAULT,331,5,,,0,1
1145,MUTANT_ANNOTATED_SINGLE_METHOD,ATTACK_DEFAULT,330,5,,,0,1
1146,MUTANT_ANNOTATED_SINGLE_METHOD,ATTACK_DEPENDENCIES,331,5,828,,0,1
1147,MUTANT_ANNOTATED_SINGLE_METHOD,ATTACK_DEPENDENCIES,330,5,830,,0,1
1148,TEST_FULL_SUITE_PLUS_DEFAULT,DEFEND_ONE_FROM_MANY,334,6,,762,0,1
1149,TEST_FULL_SUITE_PLUS_DEFAULT,DEFEND_ONE_FROM_MANY,332,6,,763,0,1
1150,TEST_FULL_SUITE_PLUS_DEFAULT,DEFEND_ONE_FROM_MANY,333,6,,765,0,1
1151,MUTANT_ANNOTATED_SINGLE_METHOD,ATTACK_DEFAULT,331,5,,,0,1
1152,MUTANT_ANNOTATED_SINGLE_METHOD,ATTACK_DEFAULT,336,5,,,0,1
1153,MUTANT_ANNOTATED_SINGLE_METHOD,ATTACK_DEFAULT,330,5,,,0,1
1154,MUTANT_ANNOTATED_SINGLE_METHOD,ATTACK_DEPENDENCIES,331,5,835,,0,1
1155,MUTANT_ANNOTATED_SINGLE_METHOD,ATTACK_DEPENDENCIES,336,5,838,,0,1
1156,MUTANT_ANNOTATED_SINGLE_METHOD,ATTACK_DEPENDENCIES,330,5,841,,0,1
1157,TEST_FULL_SUITE_PLUS_DEFAULT,DEFEND_ONE_FROM_MANY,334,6,,767,0,1
1158,TEST_FULL_SUITE_PLUS_DEFAULT,DEFEND_ONE_FROM_MANY,332,6,,768,0,1
1159,TEST_FULL_SUITE_PLUS_DEFAULT,DEFEND_ONE_FROM_MANY,333,6,,769,0,1
1160,MUTANT_ANNOTATED_SINGLE_METHOD,ATTACK_DEFAULT,331,5,,,0,1
1161,MUTANT_ANNOTATED_SINGLE_METHOD,ATTACK_DEPENDENCIES,331,5,844,,0,1
1162,MUTANT_ANNOTATED_SINGLE_METHOD,ATTACK_DEFAULT,336,5,,,0,1
1163,MUTANT_ANNOTATED_SINGLE_METHOD,ATTACK_DEFAULT,330,5,,,0,1
1164,MUTANT_ANNOTATED_SINGLE_METHOD,ATTACK_DEPENDENCIES,336,5,846,,0,1
1165,MUTANT_ANNOTATED_SINGLE_METHOD,ATTACK_DEPENDENCIES,330,5,843,,0,1
1166,TEST_FULL_SUITE_PLUS_DEFAULT,DEFEND_ONE_FROM_MANY,334,6,,773,0,1
1167,TEST_FULL_SUITE_PLUS_DEFAULT,DEFEND_ONE_FROM_MANY,332,6,,774,0,1
1168,TEST_FULL_SUITE_PLUS_DEFAULT,DEFEND_ONE_FROM_MANY,333,6,,775,0,1
1169,MUTANT_ANNOTATED_SINGLE_METHOD,ATTACK_DEFAULT,331,5,,,0,1
1170,MUTANT_ANNOTATED_SINGLE_METHOD,ATTACK_DEFAULT,330,5,,,0,1
1171,MUTANT_ANNOTATED_SINGLE_METHOD,ATTACK_DEPENDENCIES,331,5,849,,0,1
1172,MUTANT_ANNOTATED_SINGLE_METHOD,ATTACK_DEPENDENCIES,330,5,851,,0,1
1173,TEST_FULL_SUITE_PLUS_DEFAULT,DEFEND_ONE_FROM_MANY,334,6,,785,0,1
1174,TEST_FULL_SUITE_PLUS_DEFAULT,DEFEND_ONE_FROM_MANY,332,6,,781,0,1
1175,TEST_FULL_SUITE_PLUS_DEFAULT,DEFEND_ONE_FROM_MANY,333,6,,782,0,1
1176,MUTANT_ANNOTATED_SINGLE_METHOD,ATTACK_DEFAULT,336,5,,,0,1
1177,MUTANT_ANNOTATED_SINGLE_METHOD,ATTACK_DEPENDENCIES,336,5,856,,0,1
1178,MUTANT_ANNOTATED_SINGLE_METHOD,ATTACK_DEFAULT,331,5,,,0,1
1179,MUTANT_ANNOTATED_SINGLE_METHOD,ATTACK_DEFAULT,330,5,,,0,1
1180,MUTANT_ANNOTATED_SINGLE_METHOD,ATTACK_DEPENDENCIES,331,5,868,,0,1
1181,MUTANT_ANNOTATED_SINGLE_METHOD,ATTACK_DEPENDENCIES,330,5,858,,0,1
1182,TEST_FULL_SUITE_PLUS_DEFAULT,DEFEND_ONE_FROM_MANY,332,6,,784,0,1
1183,TEST_FULL_SUITE_PLUS_DEFAULT,DEFEND_ONE_FROM_MANY,333,6,,786,0,1
1184,TEST_FULL_SUITE_PLUS_DEFAULT,DEFEND_ONE_FROM_MANY,334,6,,,0,1
1185,MUTANT_ANNOTATED_SINGLE_METHOD,ATTACK_DEFAULT,336,5,,,0,1
1186,MUTANT_ANNOTATED_SINGLE_METHOD,ATTACK_DEFAULT,330,5,,,0,1
1187,MUTANT_ANNOTATED_SINGLE_METHOD,ATTACK_DEPENDENCIES,336,5,870,,0,1
1188,MUTANT_ANNOTATED_SINGLE_METHOD,ATTACK_DEPENDENCIES,330,5,866,,0,1
1189,TEST_FULL_SUITE_PLUS_DEFAULT,DEFEND_ONE_FROM_MANY,334,6,,792,0,1
1190,TEST_FULL_SUITE_PLUS_DEFAULT,DEFEND_ONE_FROM_MANY,332,6,,793,0,1
1191,TEST_FULL_SUITE_PLUS_DEFAULT,DEFEND_ONE_FROM_MANY,333,6,,794,0,1
1192,MUTANT_ANNOTATED_SINGLE_METHOD,ATTACK_DEFAULT,331,5,,,0,1
1193,MUTANT_ANNOTATED_SINGLE_METHOD,ATTACK_DEFAULT,330,5,,,0,1
1194,MUTANT_ANNOTATED_SINGLE_METHOD,ATTACK_DEPENDENCIES,331,5,877,,0,1
1195,MUTANT_ANNOTATED_SINGLE_METHOD,ATTACK_DEPENDENCIES,330,5,876,,0,1
1196,TEST_FULL_SUITE_PLUS_DEFAULT,DEFEND_FOCUS,332,6,,800,0,1
1197,TEST_FULL_SUITE_PLUS_DEFAULT,DEFEND_ONE_FROM_MANY,334,6,,797,0,1
1198,TEST_FULL_SUITE_PLUS_DEFAULT,DEFEND_ONE_FROM_MANY,333,6,,799,0,1
1199,MUTANT_ANNOTATED_SINGLE_METHOD,ATTACK_DEFAULT,336,5,,,0,1
1200,MUTANT_ANNOTATED_SINGLE_METHOD,ATTACK_DEPENDENCIES,336,5,881,,0,1
1201,MUTANT_ANNOTATED_SINGLE_METHOD,ATTACK_DEFAULT,331,5,,,0,1
1202,MUTANT_ANNOTATED_SINGLE_METHOD,ATTACK_DEFAULT,330,5,,,0,1
1203,MUTANT_ANNOTATED_SINGLE_METHOD,ATTACK_DEPENDENCIES,331,5,883,,0,1
1204,MUTANT_ANNOTATED_SINGLE_METHOD,ATTACK_DEPENDENCIES,330,5,884,,0,1
1205,TEST_FULL_SUITE_PLUS_DEFAULT,DEFEND_FOCUS,332,6,,806,0,1
1206,TEST_FULL_SUITE_PLUS_DEFAULT,DEFEND_ONE_FROM_MANY,334,6,,804,0,1
1207,TEST_FULL_SUITE_PLUS_DEFAULT,DEFEND_ONE_FROM_MANY,333,6,,805,0,1
1208,MUTANT_ANNOTATED_SINGLE_METHOD,ATTACK_DEFAULT,336,5,,,0,1
1209,MUTANT_ANNOTATED_SINGLE_METHOD,ATTACK_DEPENDENCIES,336,5,889,,0,1
1210,MUTANT_ANNOTATED_SINGLE_METHOD,ATTACK_DEFAULT,331,5,,,0,1
1211,MUTANT_ANNOTATED_SINGLE_METHOD,ATTACK_DEFAULT,330,5,,,0,1
1212,MUTANT_ANNOTATED_SINGLE_METHOD,ATTACK_DEPENDENCIES,331,5,890,,0,1
1213,MUTANT_ANNOTATED_SINGLE_METHOD,ATTACK_DEPENDENCIES,330,5,891,,0,1
1214,TEST_FULL_SUITE_PLUS_DEFAULT,DEFEND_FOCUS,332,6,,818,0,1
1215,TEST_FULL_SUITE_PLUS_DEFAULT,DEFEND_ONE_FROM_MANY,334,6,,814,0,1
1216,TEST_FULL_SUITE_PLUS_DEFAULT,DEFEND_ONE_FROM_MANY,333,6,,816,0,1
1217,MUTANT_ANNOTATED_SINGLE_METHOD,ATTACK_DEFAULT,331,5,,,0,1
1218,MUTANT_ANNOTATED_SINGLE_METHOD,ATTACK_DEFAULT,336,5,,,0,1
1219,MUTANT_ANNOTATED_SINGLE_METHOD,ATTACK_DEFAULT,330,5,,,0,1
1220,MUTANT_ANNOTATED_SINGLE_METHOD,ATTACK_DEPENDENCIES,331,5,902,,0,1
1221,MUTANT_ANNOTATED_SINGLE_METHOD,ATTACK_DEPENDENCIES,336,5,897,,0,1
1222,MUTANT_ANNOTATED_SINGLE_METHOD,ATTACK_DEPENDENCIES,330,5,903,,0,1
1223,TEST_FULL_SUITE_PLUS_DEFAULT,DEFEND_FOCUS,332,6,,832,0,1
1224,TEST_FULL_SUITE_PLUS_DEFAULT,DEFEND_ONE_FROM_MANY,334,6,,820,0,1
1225,TEST_FULL_SUITE_PLUS_DEFAULT,DEFEND_FOCUS,333,6,,,0,0
1226,MUTANT_ANNOTATED_SINGLE_METHOD,ATTACK_DEFAULT,336,5,,,0,1
1227,MUTANT_ANNOTATED_SINGLE_METHOD,ATTACK_DEPENDENCIES,336,5,906,,0,1
1228,TEST_FULL_SUITE_PLUS_DEFAULT,DEFEND_ONE_FROM_MANY,334,6,,825,0,1
1229,MUTANT_ANNOTATED_SINGLE_METHOD,ATTACK_DEFAULT,331,5,,,0,1
1230,MUTANT_ANNOTATED_SINGLE_METHOD,ATTACK_DEFAULT,330,5,,,0,1
1231,MUTANT_ANNOTATED_SINGLE_METHOD,ATTACK_DEPENDENCIES,331,5,915,,0,1
1232,MUTANT_ANNOTATED_SINGLE_METHOD,ATTACK_DEPENDENCIES,330,5,913,,0,1
1233,TEST_FULL_SUITE_PLUS_DEFAULT,DEFEND_FOCUS,334,6,,833,0,1
1234,MUTANT_ANNOTATED_SINGLE_METHOD,ATTACK_DEFAULT,336,5,,,0,1
1235,MUTANT_ANNOTATED_SINGLE_METHOD,ATTACK_DEPENDENCIES,336,5,911,,0,1
1236,TEST_FULL_SUITE_PLUS_DEFAULT,DEFEND_FOCUS,334,6,,844,0,1
1237,TEST_FULL_SUITE_PLUS_DEFAULT,DEFEND_FOCUS,332,6,,845,0,1
1238,MUTANT_ANNOTATED_SINGLE_METHOD,ATTACK_DEFAULT,336,5,,,0,1
1239,MUTANT_ANNOTATED_SINGLE_METHOD,ATTACK_DEFAULT,330,5,,,0,1
1240,MUTANT_ANNOTATED_SINGLE_METHOD,ATTACK_DEPENDENCIES,336,5,924,,0,1
1241,MUTANT_ANNOTATED_SINGLE_METHOD,ATTACK_DEPENDENCIES,330,5,926,,0,1
1242,MUTANT_ANNOTATED_SINGLE_METHOD,ATTACK_DEFAULT,331,5,,,0,1
1243,MUTANT_ANNOTATED_SINGLE_METHOD,ATTACK_DEPENDENCIES,331,5,925,,0,1
1244,TEST_FULL_SUITE_PLUS_DEFAULT,DEFEND_FOCUS,333,6,,846,0,1
1245,MUTANT_ANNOTATED_SINGLE_METHOD,ATTACK_DEFAULT,331,5,,,0,1
1246,MUTANT_ANNOTATED_SINGLE_METHOD,ATTACK_DEFAULT,336,5,,,0,1
1247,MUTANT_ANNOTATED_SINGLE_METHOD,ATTACK_DEFAULT,330,5,,,0,1
1248,TEST_FULL_SUITE_PLUS_DEFAULT,DEFEND_FOCUS,334,6,,860,0,1
1249,MUTANT_ANNOTATED_SINGLE_METHOD,ATTACK_DEPENDENCIES,331,5,934,,0,1
1250,MUTANT_ANNOTATED_SINGLE_METHOD,ATTACK_DEPENDENCIES,336,5,938,,0,1
1251,MUTANT_ANNOTATED_SINGLE_METHOD,ATTACK_DEPENDENCIES,330,5,936,,0,1
1252,TEST_FULL_SUITE_PLUS_DEFAULT,DEFEND_FOCUS,332,6,,852,0,1
1253,TEST_FULL_SUITE_PLUS_DEFAULT,DEFEND_FOCUS,333,6,,855,0,1
1254,MUTANT_ANNOTATED_SINGLE_METHOD,ATTACK_DEFAULT,331,5,,,0,1
1255,MUTANT_ANNOTATED_SINGLE_METHOD,ATTACK_DEPENDENCIES,331,5,942,,0,1
1256,TEST_FULL_SUITE_PLUS_DEFAULT,DEFEND_FOCUS,332,6,,862,0,1
1257,TEST_FULL_SUITE_PLUS_DEFAULT,DEFEND_FOCUS,333,6,,863,0,1
1258,MUTANT_ANNOTATED_SINGLE_METHOD,ATTACK_DEFAULT,330,5,,,0,1
1259,MUTANT_ANNOTATED_SINGLE_METHOD,ATTACK_DEPENDENCIES,330,5,943,,0,1
1260,MUTANT_ANNOTATED_SINGLE_METHOD,ATTACK_DEFAULT,336,5,,,0,1
1261,TEST_FULL_SUITE_PLUS_DEFAULT,DEFEND_FOCUS,334,6,,867,0,1
1262,MUTANT_ANNOTATED_SINGLE_METHOD,ATTACK_DEPENDENCIES,336,5,941,,0,1
1263,TEST_FULL_SUITE_PLUS_DEFAULT,DEFEND_FOCUS,332,6,,886,0,1
1264,TEST_FULL_SUITE_PLUS_DEFAULT,DEFEND_FOCUS,333,6,,868,0,1
1265,TEST_FULL_SUITE_PLUS_DEFAULT,DEFEND_FOCUS,334,6,,881,0,1
1266,TEST_FULL_SUITE_PLUS_DEFAULT,DEFEND_FOCUS,333,6,,877,0,1
1267,MUTANT_ANNOTATED_SINGLE_METHOD,ATTACK_DEFAULT,331,5,,,0,1
1268,MUTANT_ANNOTATED_SINGLE_METHOD,ATTACK_DEFAULT,336,5,,,0,1
1269,MUTANT_ANNOTATED_SINGLE_METHOD,ATTACK_DEPENDENCIES,336,5,946,,0,1
1270,MUTANT_ANNOTATED_SINGLE_METHOD,ATTACK_DEPENDENCIES,331,5,948,,0,1
1271,MUTANT_ANNOTATED_SINGLE_METHOD,ATTACK_DEFAULT,330,5,,,0,1
1272,MUTANT_ANNOTATED_SINGLE_METHOD,ATTACK_DEPENDENCIES,330,5,950,,0,1
1273,TEST_FULL_SUITE_PLUS_DEFAULT,DEFEND_FOCUS,333,6,,883,0,1
1274,MUTANT_ANNOTATED_SINGLE_METHOD,ATTACK_DEFAULT,336,5,,,0,1
1275,MUTANT_ANNOTATED_SINGLE_METHOD,ATTACK_DEPENDENCIES,336,5,951,,0,1
1276,MUTANT_ANNOTATED_SINGLE_METHOD,ATTACK_DEFAULT,331,5,,,0,1
1277,TEST_FULL_SUITE_PLUS_DEFAULT,DEFEND_FOCUS,334,6,,894,0,1
1278,MUTANT_ANNOTATED_SINGLE_METHOD,ATTACK_DEPENDENCIES,331,5,954,,0,1
1279,TEST_FULL_SUITE_PLUS_DEFAULT,DEFEND_FOCUS,333,6,,888,0,1
1280,MUTANT_ANNOTATED_SINGLE_METHOD,ATTACK_DEFAULT,330,5,,,0,1
1281,MUTANT_ANNOTATED_SINGLE_METHOD,ATTACK_DEPENDENCIES,330,5,962,,0,1
1282,MUTANT_ANNOTATED_SINGLE_METHOD,ATTACK_DEFAULT,336,5,,,0,1
1283,MUTANT_ANNOTATED_SINGLE_METHOD,ATTACK_DEPENDENCIES,336,5,961,,0,1
1284,TEST_FULL_SUITE_PLUS_DEFAULT,DEFEND_FOCUS,332,6,,895,0,1
1285,TEST_FULL_SUITE_PLUS_DEFAULT,DEFEND_FOCUS,333,6,,912,0,1
1286,MUTANT_ANNOTATED_SINGLE_METHOD,ATTACK_DEFAULT,331,5,,,0,1
1287,MUTANT_ANNOTATED_SINGLE_METHOD,ATTACK_DEPENDENCIES,331,5,958,,0,1
1288,TEST_FULL_SUITE_PLUS_DEFAULT,DEFEND_FOCUS,334,6,,910,0,1
1289,TEST_FULL_SUITE_PLUS_DEFAULT,DEFEND_FOCUS,332,6,,903,0,1
1290,MUTANT_ANNOTATED_SINGLE_METHOD,ATTACK_DEFAULT,331,5,,,0,1
1291,MUTANT_ANNOTATED_SINGLE_METHOD,ATTACK_DEPENDENCIES,331,5,965,,0,1
1292,MUTANT_ANNOTATED_SINGLE_METHOD,ATTACK_DEFAULT,336,5,,,0,1
1293,MUTANT_ANNOTATED_SINGLE_METHOD,ATTACK_DEFAULT,330,5,,,0,1
1294,MUTANT_ANNOTATED_SINGLE_METHOD,ATTACK_DEPENDENCIES,336,5,971,,0,1
1295,MUTANT_ANNOTATED_SINGLE_METHOD,ATTACK_DEPENDENCIES,330,5,966,,0,1
1296,TEST_FULL_SUITE_PLUS_DEFAULT,DEFEND_FOCUS,332,6,,911,0,1
1297,MUTANT_ANNOTATED_SINGLE_METHOD,ATTACK_DEFAULT,331,5,,,0,1
1298,MUTANT_ANNOTATED_SINGLE_METHOD,ATTACK_DEFAULT,330,5,,,0,1
1299,TEST_FULL_SUITE_PLUS_DEFAULT,DEFEND_FOCUS,334,6,,927,0,1
1300,MUTANT_ANNOTATED_SINGLE_METHOD,ATTACK_DEPENDENCIES,331,5,975,,0,1
1301,MUTANT_ANNOTATED_SINGLE_METHOD,ATTACK_DEPENDENCIES,330,5,972,,0,1
1302,TEST_FULL_SUITE_PLUS_DEFAULT,DEFEND_FOCUS,332,6,,917,0,1
1303,TEST_FULL_SUITE_PLUS_DEFAULT,DEFEND_FOCUS,333,6,,920,0,1
1304,MUTANT_ANNOTATED_SINGLE_METHOD,ATTACK_DEFAULT,336,5,,,0,1
1305,MUTANT_ANNOTATED_SINGLE_METHOD,ATTACK_DEFAULT,330,5,,,0,1
1306,MUTANT_ANNOTATED_SINGLE_METHOD,ATTACK_DEPENDENCIES,336,5,980,,0,1
1307,MUTANT_ANNOTATED_SINGLE_METHOD,ATTACK_DEPENDENCIES,330,5,978,,0,1
1308,TEST_FULL_SUITE_PLUS_DEFAULT,DEFEND_FOCUS,332,6,,929,0,1
1309,TEST_FULL_SUITE_PLUS_DEFAULT,DEFEND_FOCUS,333,6,,930,0,1
1310,MUTANT_ANNOTATED_SINGLE_METHOD,ATTACK_DEFAULT,331,5,,,0,1
1311,MUTANT_ANNOTATED_SINGLE_METHOD,ATTACK_DEPENDENCIES,331,5,981,,0,1
1312,MUTANT_ANNOTATED_SINGLE_METHOD,ATTACK_DEFAULT,330,5,,,0,1
1313,TEST_FULL_SUITE_PLUS_DEFAULT,DEFEND_FOCUS,334,6,,943,0,1
1314,MUTANT_ANNOTATED_SINGLE_METHOD,ATTACK_DEPENDENCIES,330,5,987,,0,1
1315,TEST_FULL_SUITE_PLUS_DEFAULT,DEFEND_FOCUS,332,6,,937,0,1
1316,TEST_FULL_SUITE_PLUS_DEFAULT,DEFEND_FOCUS,333,6,,938,0,1
1317,MUTANT_ANNOTATED_SINGLE_METHOD,ATTACK_DEFAULT,331,5,,,0,1
1318,MUTANT_ANNOTATED_SINGLE_METHOD,ATTACK_DEFAULT,336,5,,,0,1
1319,MUTANT_ANNOTATED_SINGLE_METHOD,ATTACK_DEPENDENCIES,331,5,994,,0,1
1320,MUTANT_ANNOTATED_SINGLE_METHOD,ATTACK_DEPENDENCIES,336,5,986,,0,1
1321,TEST_FULL_SUITE_PLUS_DEFAULT,DEFEND_FOCUS,332,6,,944,0,1
1322,TEST_FULL_SUITE_PLUS_DEFAULT,DEFEND_FOCUS,333,6,,961,0,1
1323,MUTANT_ANNOTATED_SINGLE_METHOD,ATTACK_DEFAULT,336,5,,,0,1
1324,MUTANT_ANNOTATED_SINGLE_METHOD,ATTACK_DEFAULT,330,5,,,0,1
1325,MUTANT_ANNOTATED_SINGLE_METHOD,ATTACK_DEPENDENCIES,336,5,990,,0,1
1326,MUTANT_ANNOTATED_SINGLE_METHOD,ATTACK_DEPENDENCIES,330,5,991,,0,1
1327,TEST_FULL_SUITE_PLUS_DEFAULT,DEFEND_FOCUS,334,6,,949,0,1
1328,TEST_FULL_SUITE_PLUS_DEFAULT,DEFEND_FOCUS,332,6,,950,0,1
1329,MUTANT_ANNOTATED_SINGLE_METHOD,ATTACK_DEFAULT,336,5,,,0,1
1330,MUTANT_ANNOTATED_SINGLE_METHOD,ATTACK_DEFAULT,330,5,,,0,1
1331,MUTANT_ANNOTATED_SINGLE_METHOD,ATTACK_DEPENDENCIES,336,5,1001,,0,1
1332,MUTANT_ANNOTATED_SINGLE_METHOD,ATTACK_DEPENDENCIES,330,5,998,,0,1
1333,MUTANT_ANNOTATED_SINGLE_METHOD,ATTACK_DEFAULT,331,5,,,0,1
1334,TEST_FULL_SUITE_PLUS_DEFAULT,DEFEND_FOCUS,334,6,,959,0,1
1335,MUTANT_ANNOTATED_SINGLE_METHOD,ATTACK_DEPENDENCIES,331,5,999,,0,1
1336,TEST_FULL_SUITE_PLUS_DEFAULT,DEFEND_FOCUS,332,6,,,0,0
1337,MUTANT_ANNOTATED_SINGLE_METHOD,ATTACK_DEFAULT,331,5,,,0,1
1338,MUTANT_ANNOTATED_SINGLE_METHOD,ATTACK_DEFAULT,330,5,,,0,1
1339,MUTANT_ANNOTATED_SINGLE_METHOD,ATTACK_DEPENDENCIES,331,5,1003,,0,1
1340,MUTANT_ANNOTATED_SINGLE_METHOD,ATTACK_DEPENDENCIES,330,5,1005,,0,1
1341,MUTANT_ANNOTATED_SINGLE_METHOD,ATTACK_DEFAULT,336,5,,,0,1
1342,MUTANT_ANNOTATED_SINGLE_METHOD,ATTACK_DEPENDENCIES,336,5,1006,,0,1
1343,MUTANT_ANNOTATED_SINGLE_METHOD,ATTACK_DEFAULT,331,5,,,0,1
1344,TEST_FULL_SUITE_PLUS_DEFAULT,DEFEND_FOCUS,334,6,,974,0,1
1345,MUTANT_ANNOTATED_SINGLE_METHOD,ATTACK_DEPENDENCIES,331,5,1007,,0,1
1346,TEST_FULL_SUITE_PLUS_DEFAULT,DEFEND_FOCUS,333,6,,975,0,1
1347,MUTANT_ANNOTATED_SINGLE_METHOD,ATTACK_DEFAULT,330,5,,,0,1
1348,MUTANT_ANNOTATED_SINGLE_METHOD,ATTACK_DEPENDENCIES,330,5,1009,,0,1
1349,MUTANT_ANNOTATED_SINGLE_METHOD,ATTACK_DEFAULT,336,5,,,0,1
1350,MUTANT_ANNOTATED_SINGLE_METHOD,ATTACK_DEFAULT,331,5,,,0,1
1351,MUTANT_ANNOTATED_SINGLE_METHOD,ATTACK_DEPENDENCIES,336,5,1015,,0,1
1352,MUTANT_ANNOTATED_SINGLE_METHOD,ATTACK_DEPENDENCIES,331,5,1018,,0,1
1353,MUTANT_ANNOTATED_SINGLE_METHOD,ATTACK_DEFAULT,330,5,,,0,1
1354,MUTANT_ANNOTATED_SINGLE_METHOD,ATTACK_DEPENDENCIES,330,5,1016,,0,1
1355,TEST_FULL_SUITE_PLUS_DEFAULT,DEFEND_FOCUS,334,6,,988,0,1
1356,TEST_FULL_SUITE_PLUS_DEFAULT,DEFEND_FOCUS,332,6,,983,0,1
1357,TEST_FULL_SUITE_PLUS_DEFAULT,DEFEND_FOCUS,333,6,,998,0,1
1358,MUTANT_ANNOTATED_SINGLE_METHOD,ATTACK_DEFAULT,336,5,,,0,1
1359,MUTANT_ANNOTATED_SINGLE_METHOD,ATTACK_DEFAULT,330,5,,,0,1
1360,MUTANT_ANNOTATED_SINGLE_METHOD,ATTACK_DEPENDENCIES,336,5,1024,,0,1
1361,MUTANT_ANNOTATED_SINGLE_METHOD,ATTACK_DEPENDENCIES,330,5,1020,,0,1
1362,MUTANT_ANNOTATED_SINGLE_METHOD,ATTACK_DEFAULT,331,5,,,0,1
1363,MUTANT_ANNOTATED_SINGLE_METHOD,ATTACK_DEPENDENCIES,331,5,1025,,0,1
1364,TEST_FULL_SUITE_PLUS_DEFAULT,DEFEND_FOCUS,332,6,,995,0,1
1365,MUTANT_ANNOTATED_SINGLE_METHOD,ATTACK_DEFAULT,330,5,,,0,1
1366,MUTANT_ANNOTATED_SINGLE_METHOD,ATTACK_DEPENDENCIES,330,5,1029,,0,1
1367,TEST_FULL_SUITE_PLUS_DEFAULT,DEFEND_FOCUS,334,6,,1003,0,1
1368,MUTANT_ANNOTATED_SINGLE_METHOD,ATTACK_DEFAULT,331,5,,,0,1
1369,MUTANT_ANNOTATED_SINGLE_METHOD,ATTACK_DEFAULT,336,5,,,0,1
1370,MUTANT_ANNOTATED_SINGLE_METHOD,ATTACK_DEPENDENCIES,331,5,1038,,0,1
1371,MUTANT_ANNOTATED_SINGLE_METHOD,ATTACK_DEPENDENCIES,336,5,1034,,0,1
1372,MUTANT_ANNOTATED_SINGLE_METHOD,ATTACK_DEFAULT,330,5,,,0,1
1373,MUTANT_ANNOTATED_SINGLE_METHOD,ATTACK_DEPENDENCIES,330,5,1037,,0,1
1374,TEST_FULL_SUITE_PLUS_DEFAULT,DEFEND_FOCUS,332,6,,1004,0,1
1375,TEST_FULL_SUITE_PLUS_DEFAULT,DEFEND_FOCUS,333,6,,1016,0,1
1376,MUTANT_ANNOTATED_SINGLE_METHOD,ATTACK_DEFAULT,336,5,,,0,1
1377,TEST_FULL_SUITE_PLUS_DEFAULT,DEFEND_FOCUS,334,6,,1014,0,1
1378,MUTANT_ANNOTATED_SINGLE_METHOD,ATTACK_DEPENDENCIES,336,5,1040,,0,1
1379,TEST_FULL_SUITE_PLUS_DEFAULT,DEFEND_FOCUS,332,6,,1009,0,1
1380,MUTANT_ANNOTATED_SINGLE_METHOD,ATTACK_DEFAULT,331,5,,,0,1
1381,MUTANT_ANNOTATED_SINGLE_METHOD,ATTACK_DEFAULT,330,5,,,0,1
1382,MUTANT_ANNOTATED_SINGLE_METHOD,ATTACK_DEPENDENCIES,331,5,1045,,0,1
1383,MUTANT_ANNOTATED_SINGLE_METHOD,ATTACK_DEPENDENCIES,330,5,1043,,0,1
1384,MUTANT_ANNOTATED_SINGLE_METHOD,ATTACK_DEFAULT,336,5,,,0,1
1385,MUTANT_ANNOTATED_SINGLE_METHOD,ATTACK_DEPENDENCIES,336,5,1046,,0,1
1386,TEST_FULL_SUITE_PLUS_DEFAULT,DEFEND_FOCUS,332,6,,1017,0,1
1387,MUTANT_ANNOTATED_SINGLE_METHOD,ATTACK_DEFAULT,330,5,,,0,1
1388,MUTANT_ANNOTATED_SINGLE_METHOD,ATTACK_DEPENDENCIES,330,5,1048,,0,1
1389,MUTANT_ANNOTATED_SINGLE_METHOD,ATTACK_DEFAULT,331,5,,,0,1
1390,TEST_FULL_SUITE_PLUS_DEFAULT,DEFEND_FOCUS,334,6,,1029,0,1
1391,MUTANT_ANNOTATED_SINGLE_METHOD,ATTACK_DEPENDENCIES,331,5,1047,,0,1
1392,TEST_FULL_SUITE_PLUS_DEFAULT,DEFEND_FOCUS,332,6,,1023,0,1
1393,TEST_FULL_SUITE_PLUS_DEFAULT,DEFEND_FOCUS,333,6,,1024,0,1
1394,MUTANT_ANNOTATED_SINGLE_METHOD,ATTACK_DEFAULT,331,5,,,0,1
1395,MUTANT_ANNOTATED_SINGLE_METHOD,ATTACK_DEFAULT,336,5,,,0,1
1396,MUTANT_ANNOTATED_SINGLE_METHOD,ATTACK_DEFAULT,330,5,,,0,1
1397,MUTANT_ANNOTATED_SINGLE_METHOD,ATTACK_DEPENDENCIES,331,5,1050,,0,1
1398,MUTANT_ANNOTATED_SINGLE_METHOD,ATTACK_DEPENDENCIES,336,5,1052,,0,1
1399,MUTANT_ANNOTATED_SINGLE_METHOD,ATTACK_DEPENDENCIES,330,5,1053,,0,1
1400,TEST_FULL_SUITE_PLUS_DEFAULT,DEFEND_FOCUS,332,6,,1047,0,1
1401,TEST_FULL_SUITE_PLUS_DEFAULT,DEFEND_FOCUS,333,6,,1033,0,1
1402,MUTANT_ANNOTATED_SINGLE_METHOD,ATTACK_DEFAULT,331,5,,,0,1
1403,TEST_FULL_SUITE_PLUS_DEFAULT,DEFEND_FOCUS,334,6,,,0,0
1404,MUTANT_ANNOTATED_SINGLE_METHOD,ATTACK_DEPENDENCIES,331,5,1054,,0,1
1405,TEST_FULL_SUITE_PLUS_DEFAULT,DEFEND_FOCUS,333,6,,1041,0,1
1406,MUTANT_ANNOTATED_SINGLE_METHOD,ATTACK_DEFAULT,336,5,,,0,1
1407,MUTANT_ANNOTATED_SINGLE_METHOD,ATTACK_DEFAULT,330,5,,,0,1
1408,MUTANT_ANNOTATED_SINGLE_METHOD,ATTACK_DEPENDENCIES,336,5,1058,,0,1
1409,MUTANT_ANNOTATED_SINGLE_METHOD,ATTACK_DEPENDENCIES,330,5,1059,,0,1
1410,MUTANT_ANNOTATED_SINGLE_METHOD,ATTACK_DEFAULT,331,5,,,0,1
1411,MUTANT_ANNOTATED_SINGLE_METHOD,ATTACK_DEPENDENCIES,331,5,1060,,0,1
1412,TEST_FULL_SUITE_PLUS_DEFAULT,DEFEND_FOCUS,333,6,,1048,0,1
1413,MUTANT_ANNOTATED_SINGLE_METHOD,ATTACK_DEFAULT,336,5,,,0,1
1414,MUTANT_ANNOTATED_SINGLE_METHOD,ATTACK_DEFAULT,331,5,,,0,1
1415,MUTANT_ANNOTATED_SINGLE_METHOD,ATTACK_DEFAULT,330,5,,,0,1
1416,MUTANT_ANNOTATED_SINGLE_METHOD,ATTACK_DEPENDENCIES,331,5,1064,,0,1
1417,MUTANT_ANNOTATED_SINGLE_METHOD,ATTACK_DEPENDENCIES,336,5,1067,,0,1
1418,MUTANT_ANNOTATED_SINGLE_METHOD,ATTACK_DEPENDENCIES,330,5,1063,,0,1
1419,TEST_FULL_SUITE_PLUS_DEFAULT,DEFEND_FOCUS,332,6,,1058,0,1
1420,TEST_FULL_SUITE_PLUS_DEFAULT,DEFEND_FOCUS,333,6,,1065,0,1
1421,MUTANT_ANNOTATED_SINGLE_METHOD,ATTACK_DEFAULT,331,5,,,0,1
1422,MUTANT_ANNOTATED_SINGLE_METHOD,ATTACK_DEFAULT,330,5,,,0,1
1423,MUTANT_ANNOTATED_SINGLE_METHOD,ATTACK_DEPENDENCIES,331,5,1071,,0,1
1424,MUTANT_ANNOTATED_SINGLE_METHOD,ATTACK_DEPENDENCIES,330,5,1069,,0,1
1425,MUTANT_ANNOTATED_SINGLE_METHOD,ATTACK_DEFAULT,336,5,,,0,1
1426,MUTANT_ANNOTATED_SINGLE_METHOD,ATTACK_DEPENDENCIES,336,5,1072,,0,1
1427,MUTANT_ANNOTATED_SINGLE_METHOD,ATTACK_DEFAULT,330,5,,,0,1
1428,TEST_FULL_SUITE_PLUS_DEFAULT,DEFEND_FOCUS,334,6,,1072,0,1
1429,TEST_FULL_SUITE_PLUS_DEFAULT,DEFEND_FOCUS,332,6,,1064,0,1
1430,MUTANT_ANNOTATED_SINGLE_METHOD,ATTACK_DEPENDENCIES,330,5,1074,,0,1
1431,MUTANT_ANNOTATED_SINGLE_METHOD,ATTACK_DEFAULT,331,5,,,0,1
1432,MUTANT_ANNOTATED_SINGLE_METHOD,ATTACK_DEPENDENCIES,331,5,1083,,0,1
1433,MUTANT_ANNOTATED_SINGLE_METHOD,ATTACK_EQUIVALENCE,331,5,,,0,1
1434,MUTANT_ANNOTATED_SINGLE_METHOD,ATTACK_DEFAULT,336,5,,,0,1
1435,MUTANT_ANNOTATED_SINGLE_METHOD,ATTACK_DEFAULT,330,5,,,0,1
1436,MUTANT_ANNOTATED_SINGLE_METHOD,ATTACK_DEPENDENCIES,336,5,1078,,0,1
1437,TEST_FULL_SUITE_PLUS_DEFAULT,DEFEND_FOCUS,332,6,,1073,0,1
1438,MUTANT_ANNOTATED_SINGLE_METHOD,ATTACK_DEPENDENCIES,330,5,1079,,0,1
1439,TEST_FULL_SUITE_PLUS_DEFAULT,DEFEND_FOCUS,333,6,,1079,0,1
1440,TEST_FULL_SUITE_PLUS_DEFAULT,DEFEND_FOCUS,334,6,,1077,0,1
1441,TEST_FULL_SUITE_PLUS_DEFAULT,DEFEND_FOCUS,332,6,,1078,0,1
1442,MUTANT_ANNOTATED_SINGLE_METHOD,ATTACK_EQUIVALENCE,331,5,,,0,1
1443,MUTANT_ANNOTATED_SINGLE_METHOD,ATTACK_DEFAULT,336,5,,,0,1
1444,MUTANT_ANNOTATED_SINGLE_METHOD,ATTACK_DEFAULT,330,5,,,0,1
1445,MUTANT_ANNOTATED_SINGLE_METHOD,ATTACK_DEPENDENCIES,336,5,1082,,0,1
1446,MUTANT_ANNOTATED_SINGLE_METHOD,ATTACK_DEPENDENCIES,330,5,1081,,0,1
1447,MUTANT_ANNOTATED_SINGLE_METHOD,ATTACK_EQUIVALENCE,331,5,,,0,1
1448,TEST_FULL_SUITE_PLUS_DEFAULT,DEFEND_FOCUS,334,6,,1086,0,1
1449,TEST_FULL_SUITE_PLUS_DEFAULT,DEFEND_FOCUS,332,6,,,1,0
1450,TEST_FULL_SUITE_PLUS_DEFAULT,DEFEND_FOCUS,333,6,,1087,0,1
1451,MUTANT_ANNOTATED_SINGLE_METHOD,ATTACK_DEFAULT,330,5,,,0,1
1452,MUTANT_ANNOTATED_SINGLE_METHOD,ATTACK_DEPENDENCIES,330,5,,,1,0
1453,MUTANT_ANNOTATED_SINGLE_METHOD,ATTACK_EQUIVALENCE,331,5,,,0,1
1454,TEST_FULL_SUITE_PLUS_DEFAULT,DEFEND_FOCUS,334,6,,,1,0
1455,TEST_FULL_SUITE_PLUS_DEFAULT,DEFEND_FOCUS,333,6,,1096,0,1
1456,MUTANT_ANNOTATED_SINGLE_METHOD,ATTACK_EQUIVALENCE,331,5,,,0,1
1457,MUTANT_ANNOTATED_SINGLE_METHOD,ATTACK_EQUIVALENCE,331,5,,,0,1
1458,MUTANT_ANNOTATED_SINGLE_METHOD,ATTACK_EQUIVALENCE,331,5,,,0,1
1459,MUTANT_ANNOTATED_SINGLE_METHOD,ATTACK_EQUIVALENCE,331,5,,,0,1
1460,MUTANT_ANNOTATED_SINGLE_METHOD,ATTACK_EQUIVALENCE,331,5,,,0,1
1461,MUTANT_ANNOTATED_SINGLE_METHOD,ATTACK_EQUIVALENCE,331,5,,,0,1
1462,MUTANT_ANNOTATED_SINGLE_METHOD,ATTACK_EQUIVALENCE,331,5,,,0,1
1463,MUTANT_ANNOTATED_SINGLE_METHOD,ATTACK_EQUIVALENCE,331,5,,,0,1
1464,MUTANT_ANNOTATED_SINGLE_METHOD,ATTACK_EQUIVALENCE,331,5,,,0,1
1465,MUTANT_ANNOTATED_SINGLE_METHOD,ATTACK_EQUIVALENCE,331,5,,,0,1
1466,MUTANT_ANNOTATED_SINGLE_METHOD,ATTACK_EQUIVALENCE,331,5,,,0,1
1467,MUTANT_ANNOTATED_SINGLE_METHOD,ATTACK_EQUIVALENCE,331,5,,,0,1
1468,MUTANT_ANNOTATED_SINGLE_METHOD,ATTACK_EQUIVALENCE,331,5,,,0,1
1469,MUTANT_ANNOTATED_SINGLE_METHOD,ATTACK_EQUIVALENCE,331,5,,,0,1
1470,MUTANT_ANNOTATED_SINGLE_METHOD,ATTACK_EQUIVALENCE,331,5,,,0,1
1471,MUTANT_ANNOTATED_SINGLE_METHOD,ATTACK_EQUIVALENCE,331,5,,,0,1
1472,MUTANT_ANNOTATED_SINGLE_METHOD,ATTACK_EQUIVALENCE,331,5,,,0,1
1473,MUTANT_ANNOTATED_SINGLE_METHOD,ATTACK_EQUIVALENCE,331,5,,,0,1
1474,MUTANT_ANNOTATED_SINGLE_METHOD,ATTACK_EQUIVALENCE,331,5,,,0,1
1475,MUTANT_ANNOTATED_SINGLE_METHOD,ATTACK_EQUIVALENCE,331,5,,,0,1
1476,MUTANT_ANNOTATED_SINGLE_METHOD,ATTACK_EQUIVALENCE,331,5,,,0,1
1477,MUTANT_ANNOTATED_SINGLE_METHOD,ATTACK_EQUIVALENCE,331,5,,,0,1
1478,MUTANT_ANNOTATED_SINGLE_METHOD,ATTACK_EQUIVALENCE,331,5,,,0,1
1479,MUTANT_ANNOTATED_SINGLE_METHOD,ATTACK_EQUIVALENCE,331,5,,,0,1
1480,MUTANT_ANNOTATED_SINGLE_METHOD,ATTACK_EQUIVALENCE,331,5,,,0,1
1481,MUTANT_ANNOTATED_SINGLE_METHOD,ATTACK_DEFAULT,337,5,,,0,1
1482,MUTANT_ANNOTATED_SINGLE_METHOD,ATTACK_DEPENDENCIES,337,5,1084,,0,1
1483,MUTANT_ANNOTATED_SINGLE_METHOD,ATTACK_DEFAULT,337,5,,,0,1
1484,MUTANT_ANNOTATED_SINGLE_METHOD,ATTACK_DEPENDENCIES,337,5,1085,,0,1
1485,MUTANT_ANNOTATED_SINGLE_METHOD,ATTACK_DEFAULT,337,5,,,0,1
1486,MUTANT_ANNOTATED_SINGLE_METHOD,ATTACK_DEPENDENCIES,337,5,1086,,0,1
1487,MUTANT_ANNOTATED_SINGLE_METHOD,ATTACK_DEFAULT,337,5,,,0,1
1488,MUTANT_ANNOTATED_SINGLE_METHOD,ATTACK_DEPENDENCIES,337,5,1087,,0,1
1489,MUTANT_ANNOTATED_SINGLE_METHOD,ATTACK_DEFAULT,337,5,,,0,1
1490,MUTANT_ANNOTATED_SINGLE_METHOD,ATTACK_DEPENDENCIES,337,5,1088,,0,1
1491,MUTANT_ANNOTATED_SINGLE_METHOD,ATTACK_DEFAULT,337,5,,,0,1
1492,MUTANT_ANNOTATED_SINGLE_METHOD,ATTACK_DEPENDENCIES,337,5,1089,,0,1
1493,MUTANT_ANNOTATED_SINGLE_METHOD,ATTACK_DEFAULT,337,5,,,0,1
1494,MUTANT_ANNOTATED_SINGLE_METHOD,ATTACK_DEPENDENCIES,337,5,1090,,0,1
1495,MUTANT_ANNOTATED_SINGLE_METHOD,ATTACK_DEFAULT,337,5,,,0,1
1496,MUTANT_ANNOTATED_SINGLE_METHOD,ATTACK_DEPENDENCIES,337,5,1091,,0,1
1497,MUTANT_ANNOTATED_SINGLE_METHOD,ATTACK_DEFAULT,337,5,,,0,1
1498,MUTANT_ANNOTATED_SINGLE_METHOD,ATTACK_DEPENDENCIES,337,5,1092,,0,1
1499,MUTANT_ANNOTATED_SINGLE_METHOD,ATTACK_DEFAULT,337,5,,,0,1
1500,MUTANT_ANNOTATED_SINGLE_METHOD,ATTACK_DEPENDENCIES,337,5,1093,,0,1
1501,MUTANT_ANNOTATED_SINGLE_METHOD,ATTACK_DEFAULT,337,5,,,0,1
1502,MUTANT_ANNOTATED_SINGLE_METHOD,ATTACK_DEPENDENCIES,337,5,1094,,0,1
1503,MUTANT_ANNOTATED_SINGLE_METHOD,ATTACK_DEFAULT,337,5,,,0,1
1504,MUTANT_ANNOTATED_SINGLE_METHOD,ATTACK_DEPENDENCIES,337,5,1095,,0,1
1505,MUTANT_ANNOTATED_SINGLE_METHOD,ATTACK_DEFAULT,337,5,,,0,1
1506,MUTANT_ANNOTATED_SINGLE_METHOD,ATTACK_DEPENDENCIES,337,5,1096,,0,1
1507,MUTANT_ANNOTATED_SINGLE_METHOD,ATTACK_DEFAULT,337,5,,,0,1
1508,MUTANT_ANNOTATED_SINGLE_METHOD,ATTACK_DEPENDENCIES,337,5,1097,,0,1
1509,MUTANT_ANNOTATED_SINGLE_METHOD,ATTACK_DEFAULT,337,5,,,0,1
1510,MUTANT_ANNOTATED_SINGLE_METHOD,ATTACK_DEPENDENCIES,337,5,1098,,0,1
1511,MUTANT_ANNOTATED_SINGLE_METHOD,ATTACK_DEFAULT,337,5,,,0,1
1512,MUTANT_ANNOTATED_SINGLE_METHOD,ATTACK_DEPENDENCIES,337,5,1099,,0,1
1513,MUTANT_ANNOTATED_SINGLE_METHOD,ATTACK_DEFAULT,337,5,,,0,1
1514,MUTANT_ANNOTATED_SINGLE_METHOD,ATTACK_DEPENDENCIES,337,5,1100,,0,1
1515,MUTANT_ANNOTATED_SINGLE_METHOD,ATTACK_DEFAULT,337,5,,,0,1
1516,MUTANT_ANNOTATED_SINGLE_METHOD,ATTACK_DEPENDENCIES,337,5,1101,,0,1
1517,MUTANT_ANNOTATED_SINGLE_METHOD,ATTACK_DEFAULT,337,5,,,0,1
1518,MUTANT_ANNOTATED_SINGLE_METHOD,ATTACK_DEPENDENCIES,337,5,1102,,0,1
1519,MUTANT_ANNOTATED_SINGLE_METHOD,ATTACK_DEFAULT,337,5,,,0,1
1520,MUTANT_ANNOTATED_SINGLE_METHOD,ATTACK_DEPENDENCIES,337,5,1104,,0,1
1521,MUTANT_ANNOTATED_SINGLE_METHOD,ATTACK_DEFAULT,337,5,,,0,1
1522,MUTANT_ANNOTATED_SINGLE_METHOD,ATTACK_DEPENDENCIES,337,5,1105,,0,1
1523,MUTANT_ANNOTATED_SINGLE_METHOD,ATTACK_DEFAULT,337,5,,,0,1
1524,MUTANT_ANNOTATED_SINGLE_METHOD,ATTACK_DEPENDENCIES,337,5,,,1,0
1525,MUTANT_ANNOTATED_SINGLE_METHOD,ATTACK_DEFAULT,338,5,,,0,1
1526,TEST_FULL_SUITE_PLUS_DEFAULT,DEFEND_DEFAULT,342,6,,,0,1
1527,TEST_FULL_SUITE_PLUS_DEFAULT,DEFEND_DEFAULT,339,6,,,0,1
1528,MUTANT_ANNOTATED_SINGLE_METHOD,ATTACK_DEFAULT,344,5,,,0,1
1529,MUTANT_ANNOTATED_SINGLE_METHOD,ATTACK_DEFAULT,345,5,,,0,1
1530,TEST_FULL_SUITE_PLUS_DEFAULT,DEFEND_DEFAULT,346,6,,,0,1
1531,MUTANT_ANNOTATED_SINGLE_METHOD,ATTACK_DEPENDENCIES,338,5,1107,,0,1
1532,MUTANT_ANNOTATED_SINGLE_METHOD,ATTACK_DEPENDENCIES,345,5,1111,,0,1
1533,MUTANT_ANNOTATED_SINGLE_METHOD,ATTACK_DEPENDENCIES,344,5,1106,,0,1
1534,TEST_FULL_SUITE_PLUS_DEFAULT,DEFEND_ONE_FROM_MANY,346,6,,,0,1
1535,TEST_FULL_SUITE_PLUS_DEFAULT,DEFEND_ONE_FROM_MANY,346,6,,1138,0,1
1536,TEST_FULL_SUITE_PLUS_DEFAULT,DEFEND_ONE_FROM_MANY,339,6,,,0,1
1537,TEST_FULL_SUITE_PLUS_DEFAULT,DEFEND_ONE_FROM_MANY,339,6,,1139,0,1
1538,TEST_FULL_SUITE_PLUS_DEFAULT,DEFEND_ONE_FROM_MANY,342,6,,,0,1
1539,TEST_FULL_SUITE_PLUS_DEFAULT,DEFEND_ONE_FROM_MANY,342,6,,1140,0,1
1540,MUTANT_ANNOTATED_SINGLE_METHOD,ATTACK_DEFAULT,338,5,,,0,1
1541,MUTANT_ANNOTATED_SINGLE_METHOD,ATTACK_DEFAULT,344,5,,,0,1
1542,MUTANT_ANNOTATED_SINGLE_METHOD,ATTACK_DEPENDENCIES,344,5,1114,,0,1
1543,MUTANT_ANNOTATED_SINGLE_METHOD,ATTACK_DEPENDENCIES,338,5,1121,,0,1
1544,TEST_FULL_SUITE_PLUS_DEFAULT,DEFEND_ONE_FROM_MANY,342,6,,1141,0,1
1545,TEST_FULL_SUITE_PLUS_DEFAULT,DEFEND_ONE_FROM_MANY,339,6,,1142,0,1
1546,TEST_FULL_SUITE_PLUS_DEFAULT,DEFEND_ONE_FROM_MANY,346,6,,1143,0,1
1547,MUTANT_ANNOTATED_SINGLE_METHOD,ATTACK_DEFAULT,345,5,,,0,1
1548,MUTANT_ANNOTATED_SINGLE_METHOD,ATTACK_DEPENDENCIES,345,5,1120,,0,1
1549,MUTANT_ANNOTATED_SINGLE_METHOD,ATTACK_DEFAULT,344,5,,,0,1
1550,MUTANT_ANNOTATED_SINGLE_METHOD,ATTACK_DEPENDENCIES,344,5,1127,,0,1
1551,TEST_FULL_SUITE_PLUS_DEFAULT,DEFEND_ONE_FROM_MANY,342,6,,1144,0,1
1552,TEST_FULL_SUITE_PLUS_DEFAULT,DEFEND_ONE_FROM_MANY,339,6,,1145,0,1
1553,TEST_FULL_SUITE_PLUS_DEFAULT,DEFEND_ONE_FROM_MANY,346,6,,1146,0,1
1554,MUTANT_ANNOTATED_SINGLE_METHOD,ATTACK_DEFAULT,338,5,,,0,1
1555,MUTANT_ANNOTATED_SINGLE_METHOD,ATTACK_DEFAULT,345,5,,,0,1
1556,MUTANT_ANNOTATED_SINGLE_METHOD,ATTACK_DEPENDENCIES,345,5,1137,,0,1
1557,MUTANT_ANNOTATED_SINGLE_METHOD,ATTACK_DEPENDENCIES,338,5,1132,,0,1
1558,MUTANT_ANNOTATED_SINGLE_METHOD,ATTACK_DEFAULT,344,5,,,0,1
1559,MUTANT_ANNOTATED_SINGLE_METHOD,ATTACK_DEPENDENCIES,344,5,1136,,0,1
1560,TEST_FULL_SUITE_PLUS_DEFAULT,DEFEND_ONE_FROM_MANY,342,6,,1147,0,1
1561,TEST_FULL_SUITE_PLUS_DEFAULT,DEFEND_ONE_FROM_MANY,339,6,,1148,0,1
1562,TEST_FULL_SUITE_PLUS_DEFAULT,DEFEND_ONE_FROM_MANY,346,6,,1149,0,1
1563,MUTANT_ANNOTATED_SINGLE_METHOD,ATTACK_DEFAULT,338,5,,,0,1
1564,MUTANT_ANNOTATED_SINGLE_METHOD,ATTACK_DEPENDENCIES,338,5,1142,,0,1
1565,MUTANT_ANNOTATED_SINGLE_METHOD,ATTACK_DEFAULT,344,5,,,0,1
1566,MUTANT_ANNOTATED_SINGLE_METHOD,ATTACK_DEFAULT,345,5,,,0,1
1567,MUTANT_ANNOTATED_SINGLE_METHOD,ATTACK_DEPENDENCIES,344,5,1147,,0,1
1568,MUTANT_ANNOTATED_SINGLE_METHOD,ATTACK_DEPENDENCIES,345,5,1149,,0,1
1569,TEST_FULL_SUITE_PLUS_DEFAULT,DEFEND_ONE_FROM_MANY,342,6,,1151,0,1
1570,TEST_FULL_SUITE_PLUS_DEFAULT,DEFEND_ONE_FROM_MANY,339,6,,1150,0,1
1571,TEST_FULL_SUITE_PLUS_DEFAULT,DEFEND_ONE_FROM_MANY,346,6,,1152,0,1
1572,MUTANT_ANNOTATED_SINGLE_METHOD,ATTACK_DEFAULT,338,5,,,0,1
1573,MUTANT_ANNOTATED_SINGLE_METHOD,ATTACK_DEPENDENCIES,338,5,1156,,0,1
1574,MUTANT_ANNOTATED_SINGLE_METHOD,ATTACK_DEFAULT,344,5,,,0,1
1575,MUTANT_ANNOTATED_SINGLE_METHOD,ATTACK_DEFAULT,345,5,,,0,1
1576,MUTANT_ANNOTATED_SINGLE_METHOD,ATTACK_DEPENDENCIES,345,5,1158,,0,1
1577,MUTANT_ANNOTATED_SINGLE_METHOD,ATTACK_DEPENDENCIES,344,5,1161,,0,1
1578,TEST_FULL_SUITE_PLUS_DEFAULT,DEFEND_ONE_FROM_MANY,342,6,,1153,0,1
1579,TEST_FULL_SUITE_PLUS_DEFAULT,DEFEND_ONE_FROM_MANY,339,6,,1154,0,1
1580,TEST_FULL_SUITE_PLUS_DEFAULT,DEFEND_ONE_FROM_MANY,346,6,,1155,0,1
1581,MUTANT_ANNOTATED_SINGLE_METHOD,ATTACK_DEFAULT,338,5,,,0,1
1582,MUTANT_ANNOTATED_SINGLE_METHOD,ATTACK_DEPENDENCIES,338,5,1164,,0,1
1583,MUTANT_ANNOTATED_SINGLE_METHOD,ATTACK_DEFAULT,345,5,,,0,1
1584,MUTANT_ANNOTATED_SINGLE_METHOD,ATTACK_DEPENDENCIES,345,5,1169,,0,1
1585,TEST_FULL_SUITE_PLUS_DEFAULT,DEFEND_ONE_FROM_MANY,339,6,,1157,0,1
1586,TEST_FULL_SUITE_PLUS_DEFAULT,DEFEND_ONE_FROM_MANY,342,6,,1158,0,1
1587,TEST_FULL_SUITE_PLUS_DEFAULT,DEFEND_ONE_FROM_MANY,346,6,,1159,0,1
1588,MUTANT_ANNOTATED_SINGLE_METHOD,ATTACK_DEFAULT,344,5,,,0,1
1589,MUTANT_ANNOTATED_SINGLE_METHOD,ATTACK_DEPENDENCIES,344,5,1178,,0,1
1590,MUTANT_ANNOTATED_SINGLE_METHOD,ATTACK_DEFAULT,338,5,,,0,1
1591,MUTANT_ANNOTATED_SINGLE_METHOD,ATTACK_DEPENDENCIES,338,5,1175,,0,1
1592,MUTANT_ANNOTATED_SINGLE_METHOD,ATTACK_DEFAULT,345,5,,,0,1
1593,MUTANT_ANNOTATED_SINGLE_METHOD,ATTACK_DEPENDENCIES,345,5,1182,,0,1
1594,TEST_FULL_SUITE_PLUS_DEFAULT,DEFEND_ONE_FROM_MANY,339,6,,1160,0,1
1595,TEST_FULL_SUITE_PLUS_DEFAULT,DEFEND_ONE_FROM_MANY,346,6,,1161,0,1
1596,TEST_FULL_SUITE_PLUS_DEFAULT,DEFEND_ONE_FROM_MANY,342,6,,1162,0,1
1597,MUTANT_ANNOTATED_SINGLE_METHOD,ATTACK_DEFAULT,338,5,,,0,1
1598,MUTANT_ANNOTATED_SINGLE_METHOD,ATTACK_DEPENDENCIES,338,5,1187,,0,1
1599,MUTANT_ANNOTATED_SINGLE_METHOD,ATTACK_DEFAULT,344,5,,,0,1
1600,MUTANT_ANNOTATED_SINGLE_METHOD,ATTACK_DEFAULT,345,5,,,0,1
1601,MUTANT_ANNOTATED_SINGLE_METHOD,ATTACK_DEPENDENCIES,344,5,1199,,0,1
1602,MUTANT_ANNOTATED_SINGLE_METHOD,ATTACK_DEPENDENCIES,345,5,1191,,0,1
1603,TEST_FULL_SUITE_PLUS_DEFAULT,DEFEND_ONE_FROM_MANY,342,6,,1163,0,1
1604,TEST_FULL_SUITE_PLUS_DEFAULT,DEFEND_ONE_FROM_MANY,339,6,,1164,0,1
1605,TEST_FULL_SUITE_PLUS_DEFAULT,DEFEND_ONE_FROM_MANY,346,6,,1165,0,1
1606,MUTANT_ANNOTATED_SINGLE_METHOD,ATTACK_DEFAULT,338,5,,,0,1
1607,MUTANT_ANNOTATED_SINGLE_METHOD,ATTACK_DEPENDENCIES,338,5,1198,,0,1
1608,MUTANT_ANNOTATED_SINGLE_METHOD,ATTACK_DEFAULT,345,5,,,0,1
1609,MUTANT_ANNOTATED_SINGLE_METHOD,ATTACK_DEPENDENCIES,345,5,1201,,0,1
1610,TEST_FULL_SUITE_PLUS_DEFAULT,DEFEND_ONE_FROM_MANY,339,6,,1167,0,1
1611,TEST_FULL_SUITE_PLUS_DEFAULT,DEFEND_ONE_FROM_MANY,342,6,,1168,0,1
1612,TEST_FULL_SUITE_PLUS_DEFAULT,DEFEND_ONE_FROM_MANY,346,6,,1181,0,1
1613,MUTANT_ANNOTATED_SINGLE_METHOD,ATTACK_DEFAULT,338,5,,,0,1
1614,MUTANT_ANNOTATED_SINGLE_METHOD,ATTACK_DEPENDENCIES,338,5,1206,,0,1
1615,MUTANT_ANNOTATED_SINGLE_METHOD,ATTACK_DEFAULT,344,5,,,0,1
1616,MUTANT_ANNOTATED_SINGLE_METHOD,ATTACK_DEFAULT,345,5,,,0,1
1617,MUTANT_ANNOTATED_SINGLE_METHOD,ATTACK_DEPENDENCIES,344,5,1216,,0,1
1618,MUTANT_ANNOTATED_SINGLE_METHOD,ATTACK_DEPENDENCIES,345,5,1210,,0,1
1619,TEST_FULL_SUITE_PLUS_DEFAULT,DEFEND_ONE_FROM_MANY,339,6,,1172,0,1
1620,TEST_FULL_SUITE_PLUS_DEFAULT,DEFEND_ONE_FROM_MANY,342,6,,1173,0,1
1621,MUTANT_ANNOTATED_SINGLE_METHOD,ATTACK_DEFAULT,338,5,,,0,1
1622,MUTANT_ANNOTATED_SINGLE_METHOD,ATTACK_DEPENDENCIES,338,5,1220,,0,1
1623,MUTANT_ANNOTATED_SINGLE_METHOD,ATTACK_DEFAULT,345,5,,,0,1
1624,MUTANT_ANNOTATED_SINGLE_METHOD,ATTACK_DEPENDENCIES,345,5,1218,,0,1
1625,TEST_FULL_SUITE_PLUS_DEFAULT,DEFEND_ONE_FROM_MANY,339,6,,1179,0,1
1626,TEST_FULL_SUITE_PLUS_DEFAULT,DEFEND_ONE_FROM_MANY,342,6,,1180,0,1
1627,MUTANT_ANNOTATED_SINGLE_METHOD,ATTACK_DEFAULT,344,5,,,0,1
1628,TEST_FULL_SUITE_PLUS_DEFAULT,DEFEND_ONE_FROM_MANY,346,6,,,0,1
1629,MUTANT_ANNOTATED_SINGLE_METHOD,ATTACK_DEFAULT,345,5,,,0,1
1630,MUTANT_ANNOTATED_SINGLE_METHOD,ATTACK_DEPENDENCIES,344,5,1227,,0,1
1631,MUTANT_ANNOTATED_SINGLE_METHOD,ATTACK_DEPENDENCIES,345,5,1223,,0,1
1632,MUTANT_ANNOTATED_SINGLE_METHOD,ATTACK_DEFAULT,338,5,,,0,1
1633,TEST_FULL_SUITE_PLUS_DEFAULT,DEFEND_ONE_FROM_MANY,339,6,,1187,0,1
1634,MUTANT_ANNOTATED_SINGLE_METHOD,ATTACK_DEPENDENCIES,338,5,1231,,0,1
1635,TEST_FULL_SUITE_PLUS_DEFAULT,DEFEND_ONE_FROM_MANY,342,6,,1188,0,1
1636,TEST_FULL_SUITE_PLUS_DEFAULT,DEFEND_ONE_FROM_MANY,346,6,,1189,0,1
1637,MUTANT_ANNOTATED_SINGLE_METHOD,ATTACK_DEFAULT,345,5,,,0,1
1638,MUTANT_ANNOTATED_SINGLE_METHOD,ATTACK_DEPENDENCIES,345,5,1237,,0,1
1639,TEST_FULL_SUITE_PLUS_DEFAULT,DEFEND_ONE_FROM_MANY,339,6,,1190,0,1
1640,TEST_FULL_SUITE_PLUS_DEFAULT,DEFEND_ONE_FROM_MANY,342,6,,1191,0,1
1641,TEST_FULL_SUITE_PLUS_DEFAULT,DEFEND_ONE_FROM_MANY,346,6,,1192,0,1
1642,MUTANT_ANNOTATED_SINGLE_METHOD,ATTACK_DEFAULT,344,5,,,0,1
1643,MUTANT_ANNOTATED_SINGLE_METHOD,ATTACK_DEPENDENCIES,344,5,1247,,0,1
1644,MUTANT_ANNOTATED_SINGLE_METHOD,ATTACK_DEFAULT,338,5,,,0,1
1645,MUTANT_ANNOTATED_SINGLE_METHOD,ATTACK_DEPENDENCIES,338,5,1245,,0,1
1646,MUTANT_ANNOTATED_SINGLE_METHOD,ATTACK_DEFAULT,345,5,,,0,1
1647,MUTANT_ANNOTATED_SINGLE_METHOD,ATTACK_DEPENDENCIES,345,5,1243,,0,1
1648,TEST_FULL_SUITE_PLUS_DEFAULT,DEFEND_ONE_FROM_MANY,339,6,,1193,0,1
1649,TEST_FULL_SUITE_PLUS_DEFAULT,DEFEND_ONE_FROM_MANY,342,6,,1194,0,1
1650,TEST_FULL_SUITE_PLUS_DEFAULT,DEFEND_ONE_FROM_MANY,346,6,,1195,0,1
1651,MUTANT_ANNOTATED_SINGLE_METHOD,ATTACK_DEFAULT,345,5,,,0,1
1652,MUTANT_ANNOTATED_SINGLE_METHOD,ATTACK_DEPENDENCIES,345,5,1251,,0,1
1653,MUTANT_ANNOTATED_SINGLE_METHOD,ATTACK_DEFAULT,338,5,,,0,1
1654,MUTANT_ANNOTATED_SINGLE_METHOD,ATTACK_DEPENDENCIES,338,5,1255,,0,1
1655,TEST_FULL_SUITE_PLUS_DEFAULT,DEFEND_ONE_FROM_MANY,339,6,,1199,0,1
1656,TEST_FULL_SUITE_PLUS_DEFAULT,DEFEND_ONE_FROM_MANY,346,6,,1201,0,1
1657,TEST_FULL_SUITE_PLUS_DEFAULT,DEFEND_ONE_FROM_MANY,342,6,,1200,0,1
1658,MUTANT_ANNOTATED_SINGLE_METHOD,ATTACK_DEFAULT,344,5,,,0,1
1659,MUTANT_ANNOTATED_SINGLE_METHOD,ATTACK_DEPENDENCIES,344,5,,,0,0
1660,MUTANT_ANNOTATED_SINGLE_METHOD,ATTACK_DEFAULT,345,5,,,0,1
1661,MUTANT_ANNOTATED_SINGLE_METHOD,ATTACK_DEPENDENCIES,345,5,1260,,0,1
1662,TEST_FULL_SUITE_PLUS_DEFAULT,DEFEND_ONE_FROM_MANY,339,6,,1213,0,1
1663,TEST_FULL_SUITE_PLUS_DEFAULT,DEFEND_ONE_FROM_MANY,342,6,,1205,0,1
1664,TEST_FULL_SUITE_PLUS_DEFAULT,DEFEND_ONE_FROM_MANY,346,6,,1206,0,1
1665,MUTANT_ANNOTATED_SINGLE_METHOD,ATTACK_DEFAULT,338,5,,,0,1
1666,MUTANT_ANNOTATED_SINGLE_METHOD,ATTACK_DEPENDENCIES,338,5,1261,,0,1
1667,TEST_FULL_SUITE_PLUS_DEFAULT,DEFEND_ONE_FROM_MANY,342,6,,1211,0,1
1668,TEST_FULL_SUITE_PLUS_DEFAULT,DEFEND_ONE_FROM_MANY,346,6,,1212,0,1
1669,MUTANT_ANNOTATED_SINGLE_METHOD,ATTACK_DEFAULT,345,5,,,0,1
1670,MUTANT_ANNOTATED_SINGLE_METHOD,ATTACK_DEPENDENCIES,345,5,1270,,0,1
1671,MUTANT_ANNOTATED_SINGLE_METHOD,ATTACK_DEFAULT,338,5,,,0,1
1672,MUTANT_ANNOTATED_SINGLE_METHOD,ATTACK_DEPENDENCIES,338,5,1268,,0,1
1673,TEST_FULL_SUITE_PLUS_DEFAULT,DEFEND_ONE_FROM_MANY,339,6,,,0,1
1674,MUTANT_ANNOTATED_SINGLE_METHOD,ATTACK_DEPENDENCIES,344,5,1276,,0,1
1675,TEST_FULL_SUITE_PLUS_DEFAULT,DEFEND_ONE_FROM_MANY,339,6,,1216,0,1
1676,TEST_FULL_SUITE_PLUS_DEFAULT,DEFEND_ONE_FROM_MANY,342,6,,1217,0,1
1677,TEST_FULL_SUITE_PLUS_DEFAULT,DEFEND_ONE_FROM_MANY,346,6,,1218,0,1
1678,MUTANT_ANNOTATED_SINGLE_METHOD,ATTACK_DEFAULT,338,5,,,0,1
1679,MUTANT_ANNOTATED_SINGLE_METHOD,ATTACK_DEPENDENCIES,338,5,1273,,0,1
1680,MUTANT_ANNOTATED_SINGLE_METHOD,ATTACK_DEFAULT,345,5,,,0,1
1681,MUTANT_ANNOTATED_SINGLE_METHOD,ATTACK_DEPENDENCIES,345,5,1277,,0,1
1682,TEST_FULL_SUITE_PLUS_DEFAULT,DEFEND_ONE_FROM_MANY,339,6,,1219,0,1
1683,TEST_FULL_SUITE_PLUS_DEFAULT,DEFEND_ONE_FROM_MANY,342,6,,1220,0,1
1684,TEST_FULL_SUITE_PLUS_DEFAULT,DEFEND_ONE_FROM_MANY,346,6,,1221,0,1
1685,MUTANT_ANNOTATED_SINGLE_METHOD,ATTACK_DEFAULT,338,5,,,0,1
1686,MUTANT_ANNOTATED_SINGLE_METHOD,ATTACK_DEPENDENCIES,338,5,1280,,0,1
1687,MUTANT_ANNOTATED_SINGLE_METHOD,ATTACK_DEFAULT,344,5,,,0,1
1688,MUTANT_ANNOTATED_SINGLE_METHOD,ATTACK_DEFAULT,345,5,,,0,1
1689,MUTANT_ANNOTATED_SINGLE_METHOD,ATTACK_DEPENDENCIES,344,5,1283,,0,1
1690,MUTANT_ANNOTATED_SINGLE_METHOD,ATTACK_DEPENDENCIES,345,5,1284,,0,1
1691,TEST_FULL_SUITE_PLUS_DEFAULT,DEFEND_ONE_FROM_MANY,339,6,,1226,0,1
1692,TEST_FULL_SUITE_PLUS_DEFAULT,DEFEND_ONE_FROM_MANY,342,6,,1227,0,1
1693,TEST_FULL_SUITE_PLUS_DEFAULT,DEFEND_ONE_FROM_MANY,346,6,,1228,0,1
1694,MUTANT_ANNOTATED_SINGLE_METHOD,ATTACK_DEFAULT,338,5,,,0,1
1695,MUTANT_ANNOTATED_SINGLE_METHOD,ATTACK_DEPENDENCIES,338,5,1287,,0,1
1696,MUTANT_ANNOTATED_SINGLE_METHOD,ATTACK_DEFAULT,344,5,,,0,1
1697,TEST_FULL_SUITE_PLUS_DEFAULT,DEFEND_FOCUS,342,6,,1239,0,1
1698,MUTANT_ANNOTATED_SINGLE_METHOD,ATTACK_DEFAULT,345,5,,,0,1
1699,MUTANT_ANNOTATED_SINGLE_METHOD,ATTACK_DEPENDENCIES,344,5,1291,,0,1
1700,MUTANT_ANNOTATED_SINGLE_METHOD,ATTACK_DEPENDENCIES,345,5,1289,,0,1
1701,TEST_FULL_SUITE_PLUS_DEFAULT,DEFEND_ONE_FROM_MANY,339,6,,1230,0,1
1702,TEST_FULL_SUITE_PLUS_DEFAULT,DEFEND_ONE_FROM_MANY,346,6,,1231,0,1
1703,MUTANT_ANNOTATED_SINGLE_METHOD,ATTACK_DEFAULT,338,5,,,0,1
1704,MUTANT_ANNOTATED_SINGLE_METHOD,ATTACK_DEPENDENCIES,338,5,1290,,0,1
1705,TEST_FULL_SUITE_PLUS_DEFAULT,DEFEND_FOCUS,346,6,,1241,0,1
1706,MUTANT_ANNOTATED_SINGLE_METHOD,ATTACK_DEFAULT,345,5,,,0,1
1707,MUTANT_ANNOTATED_SINGLE_METHOD,ATTACK_DEPENDENCIES,345,5,1292,,0,1
1708,TEST_FULL_SUITE_PLUS_DEFAULT,DEFEND_ONE_FROM_MANY,339,6,,1238,0,1
1709,MUTANT_ANNOTATED_SINGLE_METHOD,ATTACK_DEFAULT,338,5,,,0,1
1710,MUTANT_ANNOTATED_SINGLE_METHOD,ATTACK_DEPENDENCIES,338,5,1293,,0,1
1711,MUTANT_ANNOTATED_SINGLE_METHOD,ATTACK_DEFAULT,344,5,,,0,1
1712,TEST_FULL_SUITE_PLUS_DEFAULT,DEFEND_FOCUS,342,6,,1242,0,1
1713,MUTANT_ANNOTATED_SINGLE_METHOD,ATTACK_DEFAULT,345,5,,,0,1
1714,MUTANT_ANNOTATED_SINGLE_METHOD,ATTACK_DEPENDENCIES,344,5,1294,,0,1
1715,MUTANT_ANNOTATED_SINGLE_METHOD,ATTACK_DEPENDENCIES,345,5,1299,,0,1
1716,TEST_FULL_SUITE_PLUS_DEFAULT,DEFEND_ONE_FROM_MANY,339,6,,1240,0,1
1717,MUTANT_ANNOTATED_SINGLE_METHOD,ATTACK_DEFAULT,338,5,,,0,1
1718,MUTANT_ANNOTATED_SINGLE_METHOD,ATTACK_DEPENDENCIES,338,5,1310,,0,1
1719,TEST_FULL_SUITE_PLUS_DEFAULT,DEFEND_DEFAULT,339,6,,,1,0
1720,TEST_FULL_SUITE_PLUS_DEFAULT,DEFEND_FOCUS,342,6,,1246,0,1
1721,MUTANT_ANNOTATED_SINGLE_METHOD,ATTACK_DEFAULT,344,5,,,0,1
1722,TEST_FULL_SUITE_PLUS_DEFAULT,DEFEND_FOCUS,346,6,,1245,0,1
1723,MUTANT_ANNOTATED_SINGLE_METHOD,ATTACK_DEPENDENCIES,344,5,1301,,0,1
1724,MUTANT_ANNOTATED_SINGLE_METHOD,ATTACK_DEFAULT,345,5,,,0,1
1725,MUTANT_ANNOTATED_SINGLE_METHOD,ATTACK_DEPENDENCIES,345,5,1307,,0,1
1726,TEST_FULL_SUITE_PLUS_DEFAULT,DEFEND_FOCUS,339,6,,1252,0,1
1727,MUTANT_ANNOTATED_SINGLE_METHOD,ATTACK_DEFAULT,344,5,,,0,1
1728,TEST_FULL_SUITE_PLUS_DEFAULT,DEFEND_FOCUS,342,6,,1258,0,1
1729,TEST_FULL_SUITE_PLUS_DEFAULT,DEFEND_FOCUS,346,6,,1254,0,1
1730,MUTANT_ANNOTATED_SINGLE_METHOD,ATTACK_DEPENDENCIES,344,5,1316,,0,1
1731,TEST_FULL_SUITE_PLUS_DEFAULT,DEFEND_FOCUS,339,6,,1261,0,1
1732,TEST_FULL_SUITE_PLUS_DEFAULT,DEFEND_FOCUS,346,6,,1259,0,1
1733,MUTANT_ANNOTATED_SINGLE_METHOD,ATTACK_DEFAULT,345,5,,,0,1
1734,MUTANT_ANNOTATED_SINGLE_METHOD,ATTACK_DEPENDENCIES,345,5,1317,,0,1
1735,MUTANT_ANNOTATED_SINGLE_METHOD,ATTACK_DEFAULT,338,5,,,0,1
1736,MUTANT_ANNOTATED_SINGLE_METHOD,ATTACK_DEPENDENCIES,338,5,1319,,0,1
1737,TEST_FULL_SUITE_PLUS_DEFAULT,DEFEND_FOCUS,339,6,,1265,0,1
1738,TEST_FULL_SUITE_PLUS_DEFAULT,DEFEND_FOCUS,342,6,,1263,0,1
1739,TEST_FULL_SUITE_PLUS_DEFAULT,DEFEND_FOCUS,346,6,,1268,0,1
1740,MUTANT_ANNOTATED_SINGLE_METHOD,ATTACK_DEFAULT,344,5,,,0,1
1741,MUTANT_ANNOTATED_SINGLE_METHOD,ATTACK_DEFAULT,345,5,,,0,1
1742,MUTANT_ANNOTATED_SINGLE_METHOD,ATTACK_DEPENDENCIES,344,5,1337,,0,1
1743,MUTANT_ANNOTATED_SINGLE_METHOD,ATTACK_DEPENDENCIES,345,5,1326,,0,1
1744,MUTANT_ANNOTATED_SINGLE_METHOD,ATTACK_DEFAULT,338,5,,,0,1
1745,MUTANT_ANNOTATED_SINGLE_METHOD,ATTACK_DEPENDENCIES,338,5,1330,,0,1
1746,TEST_FULL_SUITE_PLUS_DEFAULT,DEFEND_FOCUS,339,6,,1277,0,1
1747,TEST_FULL_SUITE_PLUS_DEFAULT,DEFEND_FOCUS,342,6,,1275,0,1
1748,MUTANT_ANNOTATED_SINGLE_METHOD,ATTACK_DEFAULT,345,5,,,0,1
1749,MUTANT_ANNOTATED_SINGLE_METHOD,ATTACK_DEPENDENCIES,345,5,1335,,0,1
1750,TEST_FULL_SUITE_PLUS_DEFAULT,DEFEND_FOCUS,346,6,,1274,0,1
1751,MUTANT_ANNOTATED_SINGLE_METHOD,ATTACK_DEFAULT,338,5,,,0,1
1752,MUTANT_ANNOTATED_SINGLE_METHOD,ATTACK_DEPENDENCIES,338,5,1338,,0,1
1753,MUTANT_ANNOTATED_SINGLE_METHOD,ATTACK_DEFAULT,345,5,,,0,1
1754,MUTANT_ANNOTATED_SINGLE_METHOD,ATTACK_DEPENDENCIES,345,5,1341,,0,1
1755,TEST_FULL_SUITE_PLUS_DEFAULT,DEFEND_FOCUS,342,6,,1280,0,1
1756,MUTANT_ANNOTATED_SINGLE_METHOD,ATTACK_DEFAULT,344,5,,,0,1
1757,TEST_FULL_SUITE_PLUS_DEFAULT,DEFEND_FOCUS,346,6,,1282,0,1
1758,MUTANT_ANNOTATED_SINGLE_METHOD,ATTACK_DEPENDENCIES,344,5,1352,,0,1
1759,MUTANT_ANNOTATED_SINGLE_METHOD,ATTACK_DEFAULT,338,5,,,0,1
1760,MUTANT_ANNOTATED_SINGLE_METHOD,ATTACK_DEPENDENCIES,338,5,1344,,0,1
1761,MUTANT_ANNOTATED_SINGLE_METHOD,ATTACK_DEFAULT,345,5,,,0,1
1762,MUTANT_ANNOTATED_SINGLE_METHOD,ATTACK_DEPENDENCIES,345,5,1345,,0,1
1763,TEST_FULL_SUITE_PLUS_DEFAULT,DEFEND_FOCUS,339,6,,1283,0,1
1764,TEST_FULL_SUITE_PLUS_DEFAULT,DEFEND_FOCUS,342,6,,1290,0,1
1765,MUTANT_ANNOTATED_SINGLE_METHOD,ATTACK_DEFAULT,338,5,,,0,1
1766,MUTANT_ANNOTATED_SINGLE_METHOD,ATTACK_DEPENDENCIES,338,5,1349,,0,1
1767,MUTANT_ANNOTATED_SINGLE_METHOD,ATTACK_DEFAULT,345,5,,,0,1
1768,MUTANT_ANNOTATED_SINGLE_METHOD,ATTACK_DEPENDENCIES,345,5,1354,,0,1
1769,TEST_FULL_SUITE_PLUS_DEFAULT,DEFEND_FOCUS,339,6,,1307,0,1
1770,TEST_FULL_SUITE_PLUS_DEFAULT,DEFEND_DEFAULT,346,6,,1287,0,1
1771,MUTANT_ANNOTATED_SINGLE_METHOD,ATTACK_DEFAULT,338,5,,,0,1
1772,MUTANT_ANNOTATED_SINGLE_METHOD,ATTACK_DEPENDENCIES,338,5,1356,,0,1
1773,MUTANT_ANNOTATED_SINGLE_METHOD,ATTACK_DEFAULT,344,5,,,0,1
1774,MUTANT_ANNOTATED_SINGLE_METHOD,ATTACK_DEPENDENCIES,344,5,1363,,0,1
1775,TEST_FULL_SUITE_PLUS_DEFAULT,DEFEND_FOCUS,342,6,,1308,0,1
1776,TEST_FULL_SUITE_PLUS_DEFAULT,DEFEND_DEFAULT,346,6,,1300,0,1
1777,MUTANT_ANNOTATED_SINGLE_METHOD,ATTACK_DEFAULT,345,5,,,0,1
1778,MUTANT_ANNOTATED_SINGLE_METHOD,ATTACK_DEPENDENCIES,345,5,1357,,0,1
1779,MUTANT_ANNOTATED_SINGLE_METHOD,ATTACK_DEFAULT,338,5,,,0,1
1780,MUTANT_ANNOTATED_SINGLE_METHOD,ATTACK_DEPENDENCIES,338,5,1359,,0,1
1781,MUTANT_ANNOTATED_SINGLE_METHOD,ATTACK_DEFAULT,345,5,,,0,1
1782,MUTANT_ANNOTATED_SINGLE_METHOD,ATTACK_DEPENDENCIES,345,5,1364,,0,1
1783,MUTANT_ANNOTATED_SINGLE_METHOD,ATTACK_DEFAULT,338,5,,,0,1
1784,MUTANT_ANNOTATED_SINGLE_METHOD,ATTACK_DEPENDENCIES,338,5,1366,,0,1
1785,MUTANT_ANNOTATED_SINGLE_METHOD,ATTACK_DEFAULT,344,5,,,0,1
1786,TEST_FULL_SUITE_PLUS_DEFAULT,DEFEND_DEFAULT,346,6,,1311,0,1
1787,MUTANT_ANNOTATED_SINGLE_METHOD,ATTACK_DEFAULT,345,5,,,0,1
1788,MUTANT_ANNOTATED_SINGLE_METHOD,ATTACK_DEPENDENCIES,344,5,1370,,0,1
1789,MUTANT_ANNOTATED_SINGLE_METHOD,ATTACK_DEPENDENCIES,345,5,1375,,0,1
1790,MUTANT_ANNOTATED_SINGLE_METHOD,ATTACK_DEFAULT,338,5,,,0,1
1791,MUTANT_ANNOTATED_SINGLE_METHOD,ATTACK_DEPENDENCIES,338,5,1373,,0,1
1792,TEST_FULL_SUITE_PLUS_DEFAULT,DEFEND_FOCUS,339,6,,1322,0,1
1793,MUTANT_ANNOTATED_SINGLE_METHOD,ATTACK_DEFAULT,344,5,,,0,1
1794,TEST_FULL_SUITE_PLUS_DEFAULT,DEFEND_FOCUS,342,6,,1312,0,1
1795,MUTANT_ANNOTATED_SINGLE_METHOD,ATTACK_DEPENDENCIES,344,5,1381,,0,1
1796,MUTANT_ANNOTATED_SINGLE_METHOD,ATTACK_DEFAULT,338,5,,,0,1
1797,MUTANT_ANNOTATED_SINGLE_METHOD,ATTACK_DEPENDENCIES,338,5,1383,,0,1
1798,MUTANT_ANNOTATED_SINGLE_METHOD,ATTACK_DEFAULT,345,5,,,0,1
1799,MUTANT_ANNOTATED_SINGLE_METHOD,ATTACK_DEPENDENCIES,345,5,1380,,0,1
1800,TEST_FULL_SUITE_PLUS_DEFAULT,DEFEND_FOCUS,342,6,,,0,0
1801,TEST_FULL_SUITE_PLUS_DEFAULT,DEFEND_DEFAULT,346,6,,1323,0,1
1802,MUTANT_ANNOTATED_SINGLE_METHOD,ATTACK_DEFAULT,344,5,,,0,1
1803,MUTANT_ANNOTATED_SINGLE_METHOD,ATTACK_DEPENDENCIES,344,5,1391,,0,1
1804,MUTANT_ANNOTATED_SINGLE_METHOD,ATTACK_DEFAULT,345,5,,,0,1
1805,MUTANT_ANNOTATED_SINGLE_METHOD,ATTACK_DEPENDENCIES,345,5,1385,,0,1
1806,MUTANT_ANNOTATED_SINGLE_METHOD,ATTACK_DEFAULT,338,5,,,0,1
1807,MUTANT_ANNOTATED_SINGLE_METHOD,ATTACK_DEPENDENCIES,338,5,1387,,0,1
1808,MUTANT_ANNOTATED_SINGLE_METHOD,ATTACK_DEFAULT,345,5,,,0,1
1809,MUTANT_ANNOTATED_SINGLE_METHOD,ATTACK_DEPENDENCIES,345,5,1393,,0,1
1810,TEST_FULL_SUITE_PLUS_DEFAULT,DEFEND_FOCUS,339,6,,1327,0,1
1811,TEST_FULL_SUITE_PLUS_DEFAULT,DEFEND_DEFAULT,346,6,,1331,0,1
1812,MUTANT_ANNOTATED_SINGLE_METHOD,ATTACK_DEFAULT,338,5,,,0,1
1813,MUTANT_ANNOTATED_SINGLE_METHOD,ATTACK_DEPENDENCIES,338,5,1399,,0,1
1814,MUTANT_ANNOTATED_SINGLE_METHOD,ATTACK_DEFAULT,344,5,,,0,1
1815,MUTANT_ANNOTATED_SINGLE_METHOD,ATTACK_DEPENDENCIES,344,5,1396,,0,1
1816,MUTANT_ANNOTATED_SINGLE_METHOD,ATTACK_DEFAULT,345,5,,,0,1
1817,MUTANT_ANNOTATED_SINGLE_METHOD,ATTACK_DEPENDENCIES,345,5,1397,,0,1
1818,TEST_FULL_SUITE_PLUS_DEFAULT,DEFEND_FOCUS,339,6,,1339,0,1
1819,TEST_FULL_SUITE_PLUS_DEFAULT,DEFEND_FOCUS,346,6,,1365,0,1
1820,MUTANT_ANNOTATED_SINGLE_METHOD,ATTACK_DEFAULT,344,5,,,0,1
1821,MUTANT_ANNOTATED_SINGLE_METHOD,ATTACK_DEPENDENCIES,344,5,1408,,0,1
1822,TEST_FULL_SUITE_PLUS_DEFAULT,DEFEND_FOCUS,342,6,,1333,0,1
1823,MUTANT_ANNOTATED_SINGLE_METHOD,ATTACK_DEFAULT,345,5,,,0,1
1824,MUTANT_ANNOTATED_SINGLE_METHOD,ATTACK_DEPENDENCIES,345,5,1404,,0,1
1825,MUTANT_ANNOTATED_SINGLE_METHOD,ATTACK_DEFAULT,338,5,,,0,1
1826,MUTANT_ANNOTATED_SINGLE_METHOD,ATTACK_DEPENDENCIES,338,5,1410,,0,1
1827,TEST_FULL_SUITE_PLUS_DEFAULT,DEFEND_FOCUS,342,6,,1338,0,1
1828,TEST_FULL_SUITE_PLUS_DEFAULT,DEFEND_DEFAULT,346,6,,1337,0,1
1829,MUTANT_ANNOTATED_SINGLE_METHOD,ATTACK_EQUIVALENCE,344,5,,,0,1
1830,MUTANT_ANNOTATED_SINGLE_METHOD,ATTACK_DEFAULT,345,5,,,0,1
1831,MUTANT_ANNOTATED_SINGLE_METHOD,ATTACK_DEPENDENCIES,345,5,1409,,0,1
1832,TEST_FULL_SUITE_PLUS_DEFAULT,DEFEND_FOCUS,342,6,,1347,0,1
1833,TEST_FULL_SUITE_PLUS_DEFAULT,DEFEND_FOCUS,339,6,,1345,0,1
1834,MUTANT_ANNOTATED_SINGLE_METHOD,ATTACK_DEFAULT,344,5,,,0,1
1835,TEST_FULL_SUITE_PLUS_DEFAULT,DEFEND_DEFAULT,346,6,,1351,0,1
1836,MUTANT_ANNOTATED_SINGLE_METHOD,ATTACK_DEPENDENCIES,344,5,1414,,0,1
1837,MUTANT_ANNOTATED_SINGLE_METHOD,ATTACK_DEFAULT,345,5,,,0,1
1838,MUTANT_ANNOTATED_SINGLE_METHOD,ATTACK_DEPENDENCIES,345,5,1418,,0,1
1839,MUTANT_ANNOTATED_SINGLE_METHOD,ATTACK_DEFAULT,338,5,,,0,1
1840,MUTANT_ANNOTATED_SINGLE_METHOD,ATTACK_DEPENDENCIES,338,5,1416,,0,1
1841,TEST_FULL_SUITE_PLUS_DEFAULT,DEFEND_FOCUS,339,6,,1352,0,1
1842,TEST_FULL_SUITE_PLUS_DEFAULT,DEFEND_FOCUS,342,6,,1363,0,1
1843,MUTANT_ANNOTATED_SINGLE_METHOD,ATTACK_DEFAULT,344,5,,,0,1
1844,MUTANT_ANNOTATED_SINGLE_METHOD,ATTACK_DEPENDENCIES,344,5,,,0,0
1845,MUTANT_ANNOTATED_SINGLE_METHOD,ATTACK_DEFAULT,338,5,,,0,1
1846,MUTANT_ANNOTATED_SINGLE_METHOD,ATTACK_DEPENDENCIES,338,5,1421,,0,1
1847,TEST_FULL_SUITE_PLUS_DEFAULT,DEFEND_FOCUS,339,6,,1355,0,1
1848,TEST_FULL_SUITE_PLUS_DEFAULT,DEFEND_DEFAULT,346,6,,1356,0,1
1849,MUTANT_ANNOTATED_SINGLE_METHOD,ATTACK_DEFAULT,345,5,,,0,1
1850,MUTANT_ANNOTATED_SINGLE_METHOD,ATTACK_DEPENDENCIES,345,5,1424,,0,1
1851,MUTANT_ANNOTATED_SINGLE_METHOD,ATTACK_DEFAULT,338,5,,,0,1
1852,MUTANT_ANNOTATED_SINGLE_METHOD,ATTACK_DEPENDENCIES,338,5,,,0,0
1853,TEST_FULL_SUITE_PLUS_DEFAULT,DEFEND_FOCUS,339,6,,1357,0,1
1854,TEST_FULL_SUITE_PLUS_DEFAULT,DEFEND_FOCUS,339,6,,1371,0,1
1855,MUTANT_ANNOTATED_SINGLE_METHOD,ATTACK_DEPENDENCIES,344,5,1435,,0,1
1856,TEST_FULL_SUITE_PLUS_DEFAULT,DEFEND_DEFAULT,346,6,,1362,0,1
1857,MUTANT_ANNOTATED_SINGLE_METHOD,ATTACK_DEFAULT,345,5,,,0,1
1858,MUTANT_ANNOTATED_SINGLE_METHOD,ATTACK_DEPENDENCIES,345,5,1431,,0,1
1859,TEST_FULL_SUITE_PLUS_DEFAULT,DEFEND_FOCUS,342,6,,1367,0,1
1860,MUTANT_ANNOTATED_SINGLE_METHOD,ATTACK_DEPENDENCIES,338,5,1433,,0,1
1861,MUTANT_ANNOTATED_SINGLE_METHOD,ATTACK_DEFAULT,345,5,,,0,1
1862,MUTANT_ANNOTATED_SINGLE_METHOD,ATTACK_DEPENDENCIES,345,5,1437,,0,1
1863,MUTANT_ANNOTATED_SINGLE_METHOD,ATTACK_DEFAULT,338,5,,,0,1
1864,MUTANT_ANNOTATED_SINGLE_METHOD,ATTACK_DEPENDENCIES,338,5,,,0,0
1865,TEST_FULL_SUITE_PLUS_DEFAULT,DEFEND_FOCUS,342,6,,,0,0
1866,MUTANT_ANNOTATED_SINGLE_METHOD,ATTACK_DEFAULT,344,5,,,0,1
1867,TEST_FULL_SUITE_PLUS_DEFAULT,DEFEND_FOCUS,346,6,,1374,0,1
1868,MUTANT_ANNOTATED_SINGLE_METHOD,ATTACK_DEPENDENCIES,344,5,1439,,0,1
1869,MUTANT_ANNOTATED_SINGLE_METHOD,ATTACK_DEFAULT,345,5,,,0,1
1870,MUTANT_ANNOTATED_SINGLE_METHOD,ATTACK_DEPENDENCIES,345,5,1445,,0,1
1871,MUTANT_ANNOTATED_SINGLE_METHOD,ATTACK_DEFAULT,344,5,,,0,1
1872,TEST_FULL_SUITE_PLUS_DEFAULT,DEFEND_FOCUS,339,6,,1380,0,1
1873,MUTANT_ANNOTATED_SINGLE_METHOD,ATTACK_DEPENDENCIES,344,5,1443,,0,1
1874,MUTANT_ANNOTATED_SINGLE_METHOD,ATTACK_DEFAULT,344,5,,,0,1
1875,TEST_FULL_SUITE_PLUS_DEFAULT,DEFEND_FOCUS,346,6,,1386,0,1
1876,MUTANT_ANNOTATED_SINGLE_METHOD,ATTACK_DEPENDENCIES,344,5,1448,,0,1
1877,MUTANT_ANNOTATED_SINGLE_METHOD,ATTACK_DEPENDENCIES,338,5,1446,,0,1
1878,MUTANT_ANNOTATED_SINGLE_METHOD,ATTACK_DEFAULT,345,5,,,0,1
1879,MUTANT_ANNOTATED_SINGLE_METHOD,ATTACK_DEPENDENCIES,345,5,1449,,0,1
1880,TEST_FULL_SUITE_PLUS_DEFAULT,DEFEND_FOCUS,339,6,,1387,0,1
1881,MUTANT_ANNOTATED_SINGLE_METHOD,ATTACK_DEFAULT,338,5,,,0,1
1882,MUTANT_ANNOTATED_SINGLE_METHOD,ATTACK_DEPENDENCIES,338,5,1451,,0,1
1883,MUTANT_ANNOTATED_SINGLE_METHOD,ATTACK_DEFAULT,344,5,,,0,1
1884,MUTANT_ANNOTATED_SINGLE_METHOD,ATTACK_DEFAULT,345,5,,,0,1
1885,MUTANT_ANNOTATED_SINGLE_METHOD,ATTACK_DEPENDENCIES,344,5,1456,,0,1
1886,MUTANT_ANNOTATED_SINGLE_METHOD,ATTACK_DEPENDENCIES,345,5,1453,,0,1
1887,TEST_FULL_SUITE_PLUS_DEFAULT,DEFEND_FOCUS,342,6,,1396,0,1
1888,TEST_FULL_SUITE_PLUS_DEFAULT,DEFEND_FOCUS,339,6,,1395,0,1
1889,TEST_FULL_SUITE_PLUS_DEFAULT,DEFEND_DEFAULT,346,6,,1394,0,1
1890,MUTANT_ANNOTATED_SINGLE_METHOD,ATTACK_DEFAULT,338,5,,,0,1
1891,MUTANT_ANNOTATED_SINGLE_METHOD,ATTACK_DEPENDENCIES,338,5,1457,,0,1
1892,MUTANT_ANNOTATED_SINGLE_METHOD,ATTACK_DEFAULT,345,5,,,0,1
1893,MUTANT_ANNOTATED_SINGLE_METHOD,ATTACK_DEPENDENCIES,345,5,1464,,0,1
1894,MUTANT_ANNOTATED_SINGLE_METHOD,ATTACK_DEFAULT,344,5,,,0,1
1895,TEST_FULL_SUITE_PLUS_DEFAULT,DEFEND_FOCUS,339,6,,1397,0,1
1896,TEST_FULL_SUITE_PLUS_DEFAULT,DEFEND_DEFAULT,346,6,,1405,0,1
1897,MUTANT_ANNOTATED_SINGLE_METHOD,ATTACK_DEPENDENCIES,344,5,1463,,0,1
1898,MUTANT_ANNOTATED_SINGLE_METHOD,ATTACK_DEFAULT,338,5,,,0,1
1899,MUTANT_ANNOTATED_SINGLE_METHOD,ATTACK_DEPENDENCIES,338,5,1461,,0,1
1900,TEST_FULL_SUITE_PLUS_DEFAULT,DEFEND_FOCUS,342,6,,1406,0,1
1901,TEST_FULL_SUITE_PLUS_DEFAULT,DEFEND_FOCUS,339,6,,1400,0,1
1902,MUTANT_ANNOTATED_SINGLE_METHOD,ATTACK_DEFAULT,338,5,,,0,1
1903,MUTANT_ANNOTATED_SINGLE_METHOD,ATTACK_DEPENDENCIES,338,5,1471,,0,1
1904,MUTANT_ANNOTATED_SINGLE_METHOD,ATTACK_DEFAULT,344,5,,,0,1
1905,MUTANT_ANNOTATED_SINGLE_METHOD,ATTACK_DEPENDENCIES,344,5,1467,,0,1
1906,MUTANT_ANNOTATED_SINGLE_METHOD,ATTACK_DEFAULT,345,5,,,0,1
1907,MUTANT_ANNOTATED_SINGLE_METHOD,ATTACK_DEPENDENCIES,345,5,1468,,0,1
1908,TEST_FULL_SUITE_PLUS_DEFAULT,DEFEND_FOCUS,339,6,,1407,0,1
1909,MUTANT_ANNOTATED_SINGLE_METHOD,ATTACK_DEFAULT,344,5,,,0,1
1910,MUTANT_ANNOTATED_SINGLE_METHOD,ATTACK_DEFAULT,345,5,,,0,1
1911,MUTANT_ANNOTATED_SINGLE_METHOD,ATTACK_DEPENDENCIES,344,5,1472,,0,1
1912,MUTANT_ANNOTATED_SINGLE_METHOD,ATTACK_DEPENDENCIES,345,5,1475,,0,1
1913,MUTANT_ANNOTATED_SINGLE_METHOD,ATTACK_DEFAULT,338,5,,,0,1
1914,MUTANT_ANNOTATED_SINGLE_METHOD,ATTACK_DEPENDENCIES,338,5,1476,,0,1
1915,TEST_FULL_SUITE_PLUS_DEFAULT,DEFEND_FOCUS,342,6,,1412,0,1
1916,TEST_FULL_SUITE_PLUS_DEFAULT,DEFEND_FOCUS,339,6,,1411,0,1
1917,TEST_FULL_SUITE_PLUS_DEFAULT,DEFEND_DEFAULT,346,6,,1410,0,1
1918,MUTANT_ANNOTATED_SINGLE_METHOD,ATTACK_DEFAULT,344,5,,,0,1
1919,MUTANT_ANNOTATED_SINGLE_METHOD,ATTACK_DEPENDENCIES,344,5,1479,,0,1
1920,MUTANT_ANNOTATED_SINGLE_METHOD,ATTACK_DEFAULT,345,5,,,0,1
1921,MUTANT_ANNOTATED_SINGLE_METHOD,ATTACK_DEPENDENCIES,345,5,1482,,0,1
1922,MUTANT_ANNOTATED_SINGLE_METHOD,ATTACK_DEFAULT,338,5,,,0,1
1923,MUTANT_ANNOTATED_SINGLE_METHOD,ATTACK_DEPENDENCIES,338,5,1481,,0,1
1924,TEST_FULL_SUITE_PLUS_DEFAULT,DEFEND_FOCUS,342,6,,1416,0,1
1925,TEST_FULL_SUITE_PLUS_DEFAULT,DEFEND_FOCUS,339,6,,1417,0,1
1926,TEST_FULL_SUITE_PLUS_DEFAULT,DEFEND_DEFAULT,346,6,,1421,0,1
1927,MUTANT_ANNOTATED_SINGLE_METHOD,ATTACK_DEFAULT,344,5,,,0,1
1928,MUTANT_ANNOTATED_SINGLE_METHOD,ATTACK_DEPENDENCIES,344,5,,,1,0
1929,MUTANT_ANNOTATED_SINGLE_METHOD,ATTACK_DEFAULT,338,5,,,0,1
1930,MUTANT_ANNOTATED_SINGLE_METHOD,ATTACK_DEPENDENCIES,338,5,1489,,0,1
1931,TEST_FULL_SUITE_PLUS_DEFAULT,DEFEND_FOCUS,342,6,,1423,0,1
1932,TEST_FULL_SUITE_PLUS_DEFAULT,DEFEND_FOCUS,339,6,,1422,0,1
1933,MUTANT_ANNOTATED_SINGLE_METHOD,ATTACK_DEFAULT,345,5,,,0,1
1934,MUTANT_ANNOTATED_SINGLE_METHOD,ATTACK_DEPENDENCIES,345,5,1486,,0,1
1935,TEST_FULL_SUITE_PLUS_DEFAULT,DEFEND_FOCUS,342,6,,1427,0,1
1936,TEST_FULL_SUITE_PLUS_DEFAULT,DEFEND_FOCUS,339,6,,1428,0,1
1937,TEST_FULL_SUITE_PLUS_DEFAULT,DEFEND_DEFAULT,346,6,,,1,0
1938,MUTANT_ANNOTATED_SINGLE_METHOD,ATTACK_DEFAULT,345,5,,,0,1
1939,MUTANT_ANNOTATED_SINGLE_METHOD,ATTACK_DEPENDENCIES,345,5,,,1,0
1940,TEST_FULL_SUITE_PLUS_DEFAULT,DEFEND_DEFAULT,347,6,,,0,1
1941,MUTANT_ANNOTATED_SINGLE_METHOD,ATTACK_DEFAULT,348,5,,,0,1
1942,MUTANT_ANNOTATED_SINGLE_METHOD,ATTACK_DEFAULT,355,5,,,0,1
1943,TEST_FULL_SUITE_PLUS_DEFAULT,DEFEND_DEFAULT,354,6,,,0,1
1944,MUTANT_ANNOTATED_SINGLE_METHOD,ATTACK_DEFAULT,353,5,,,0,1
1945,TEST_FULL_SUITE_PLUS_DEFAULT,DEFEND_DEFAULT,351,6,,,0,1
1946,MUTANT_ANNOTATED_SINGLE_METHOD,ATTACK_DEPENDENCIES,348,5,1490,,0,1
1947,MUTANT_ANNOTATED_SINGLE_METHOD,ATTACK_DEPENDENCIES,353,5,1491,,0,1
1948,MUTANT_ANNOTATED_SINGLE_METHOD,ATTACK_DEPENDENCIES,355,5,1497,,0,1
1949,TEST_FULL_SUITE_PLUS_DEFAULT,DEFEND_ONE_FROM_MANY,347,6,,,0,1
1950,TEST_FULL_SUITE_PLUS_DEFAULT,DEFEND_ONE_FROM_MANY,354,6,,,0,1
1951,TEST_FULL_SUITE_PLUS_DEFAULT,DEFEND_ONE_FROM_MANY,347,6,,1429,0,1
1952,TEST_FULL_SUITE_PLUS_DEFAULT,DEFEND_ONE_FROM_MANY,354,6,,1430,0,1
1953,TEST_FULL_SUITE_PLUS_DEFAULT,DEFEND_ONE_FROM_MANY,351,6,,,0,1
1954,TEST_FULL_SUITE_PLUS_DEFAULT,DEFEND_ONE_FROM_MANY,351,6,,1440,0,1
1955,MUTANT_ANNOTATED_SINGLE_METHOD,ATTACK_DEFAULT,348,5,,,0,1
1956,MUTANT_ANNOTATED_SINGLE_METHOD,ATTACK_DEFAULT,353,5,,,0,1
1957,MUTANT_ANNOTATED_SINGLE_METHOD,ATTACK_DEPENDENCIES,348,5,1500,,0,1
1958,MUTANT_ANNOTATED_SINGLE_METHOD,ATTACK_DEPENDENCIES,353,5,1507,,0,1
1959,TEST_FULL_SUITE_PLUS_DEFAULT,DEFEND_ONE_FROM_MANY,347,6,,1432,0,1
1960,TEST_FULL_SUITE_PLUS_DEFAULT,DEFEND_ONE_FROM_MANY,354,6,,1433,0,1
1961,MUTANT_ANNOTATED_SINGLE_METHOD,ATTACK_DEFAULT,355,5,,,0,1
1962,MUTANT_ANNOTATED_SINGLE_METHOD,ATTACK_DEPENDENCIES,355,5,1508,,0,1
1963,MUTANT_ANNOTATED_SINGLE_METHOD,ATTACK_DEFAULT,348,5,,,0,1
1964,MUTANT_ANNOTATED_SINGLE_METHOD,ATTACK_DEPENDENCIES,348,5,1511,,0,1
1965,TEST_FULL_SUITE_PLUS_DEFAULT,DEFEND_ONE_FROM_MANY,347,6,,1435,0,1
1966,TEST_FULL_SUITE_PLUS_DEFAULT,DEFEND_ONE_FROM_MANY,354,6,,1436,0,1
1967,MUTANT_ANNOTATED_SINGLE_METHOD,ATTACK_DEFAULT,355,5,,,0,1
1968,MUTANT_ANNOTATED_SINGLE_METHOD,ATTACK_DEFAULT,353,5,,,0,1
1969,MUTANT_ANNOTATED_SINGLE_METHOD,ATTACK_DEPENDENCIES,355,5,1516,,0,1
1970,MUTANT_ANNOTATED_SINGLE_METHOD,ATTACK_DEPENDENCIES,353,5,1522,,0,1
1971,MUTANT_ANNOTATED_SINGLE_METHOD,ATTACK_DEFAULT,348,5,,,0,1
1972,MUTANT_ANNOTATED_SINGLE_METHOD,ATTACK_DEPENDENCIES,348,5,1526,,0,1
1973,TEST_FULL_SUITE_PLUS_DEFAULT,DEFEND_ONE_FROM_MANY,347,6,,1438,0,1
1974,TEST_FULL_SUITE_PLUS_DEFAULT,DEFEND_ONE_FROM_MANY,354,6,,1439,0,1
1975,MUTANT_ANNOTATED_SINGLE_METHOD,ATTACK_DEFAULT,355,5,,,0,1
1976,MUTANT_ANNOTATED_SINGLE_METHOD,ATTACK_DEPENDENCIES,355,5,1528,,0,1
1977,MUTANT_ANNOTATED_SINGLE_METHOD,ATTACK_DEFAULT,353,5,,,0,1
1978,TEST_FULL_SUITE_PLUS_DEFAULT,DEFEND_ONE_FROM_MANY,351,6,,,0,1
1979,MUTANT_ANNOTATED_SINGLE_METHOD,ATTACK_DEPENDENCIES,353,5,1533,,0,1
1980,TEST_FULL_SUITE_PLUS_DEFAULT,DEFEND_ONE_FROM_MANY,351,6,,1461,0,1
1981,TEST_FULL_SUITE_PLUS_DEFAULT,DEFEND_ONE_FROM_MANY,347,6,,1441,0,1
1982,TEST_FULL_SUITE_PLUS_DEFAULT,DEFEND_ONE_FROM_MANY,354,6,,1442,0,1
1983,MUTANT_ANNOTATED_SINGLE_METHOD,ATTACK_DEFAULT,348,5,,,0,1
1984,MUTANT_ANNOTATED_SINGLE_METHOD,ATTACK_DEFAULT,355,5,,,0,1
1985,MUTANT_ANNOTATED_SINGLE_METHOD,ATTACK_DEPENDENCIES,348,5,1537,,0,1
1986,MUTANT_ANNOTATED_SINGLE_METHOD,ATTACK_DEPENDENCIES,355,5,1540,,0,1
1987,MUTANT_ANNOTATED_SINGLE_METHOD,ATTACK_DEFAULT,353,5,,,0,1
1988,MUTANT_ANNOTATED_SINGLE_METHOD,ATTACK_DEPENDENCIES,353,5,1545,,0,1
1989,TEST_FULL_SUITE_PLUS_DEFAULT,DEFEND_ONE_FROM_MANY,354,6,,1446,0,1
1990,TEST_FULL_SUITE_PLUS_DEFAULT,DEFEND_ONE_FROM_MANY,347,6,,1445,0,1
1991,MUTANT_ANNOTATED_SINGLE_METHOD,ATTACK_DEFAULT,348,5,,,0,1
1992,MUTANT_ANNOTATED_SINGLE_METHOD,ATTACK_DEFAULT,355,5,,,0,1
1993,MUTANT_ANNOTATED_SINGLE_METHOD,ATTACK_DEPENDENCIES,348,5,1554,,0,1
1994,MUTANT_ANNOTATED_SINGLE_METHOD,ATTACK_DEPENDENCIES,355,5,1550,,0,1
1995,MUTANT_ANNOTATED_SINGLE_METHOD,ATTACK_DEFAULT,353,5,,,0,1
1996,MUTANT_ANNOTATED_SINGLE_METHOD,ATTACK_DEPENDENCIES,353,5,1557,,0,1
1997,TEST_FULL_SUITE_PLUS_DEFAULT,DEFEND_ONE_FROM_MANY,347,6,,1449,0,1
1998,TEST_FULL_SUITE_PLUS_DEFAULT,DEFEND_ONE_FROM_MANY,354,6,,1450,0,1
1999,MUTANT_ANNOTATED_SINGLE_METHOD,ATTACK_DEFAULT,355,5,,,0,1
2000,MUTANT_ANNOTATED_SINGLE_METHOD,ATTACK_DEPENDENCIES,355,5,1566,,0,1
2001,MUTANT_ANNOTATED_SINGLE_METHOD,ATTACK_DEFAULT,348,5,,,0,1
2002,MUTANT_ANNOTATED_SINGLE_METHOD,ATTACK_DEFAULT,353,5,,,0,1
2003,MUTANT_ANNOTATED_SINGLE_METHOD,ATTACK_DEPENDENCIES,348,5,1562,,0,1
2004,MUTANT_ANNOTATED_SINGLE_METHOD,ATTACK_DEPENDENCIES,353,5,1565,,0,1
2005,TEST_FULL_SUITE_PLUS_DEFAULT,DEFEND_ONE_FROM_MANY,347,6,,1455,0,1
2006,TEST_FULL_SUITE_PLUS_DEFAULT,DEFEND_ONE_FROM_MANY,354,6,,1456,0,1
2007,MUTANT_ANNOTATED_SINGLE_METHOD,ATTACK_DEFAULT,348,5,,,0,1
2008,MUTANT_ANNOTATED_SINGLE_METHOD,ATTACK_DEFAULT,355,5,,,0,1
2009,MUTANT_ANNOTATED_SINGLE_METHOD,ATTACK_DEFAULT,353,5,,,0,1
2010,MUTANT_ANNOTATED_SINGLE_METHOD,ATTACK_DEPENDENCIES,348,5,1578,,0,1
2011,MUTANT_ANNOTATED_SINGLE_METHOD,ATTACK_DEPENDENCIES,355,5,1585,,0,1
2012,MUTANT_ANNOTATED_SINGLE_METHOD,ATTACK_DEPENDENCIES,353,5,1572,,0,1
2013,TEST_FULL_SUITE_PLUS_DEFAULT,DEFEND_ONE_FROM_MANY,347,6,,1459,0,1
2014,TEST_FULL_SUITE_PLUS_DEFAULT,DEFEND_ONE_FROM_MANY,354,6,,1460,0,1
2015,MUTANT_ANNOTATED_SINGLE_METHOD,ATTACK_DEFAULT,353,5,,,0,1
2016,TEST_FULL_SUITE_PLUS_DEFAULT,DEFEND_ONE_FROM_MANY,351,6,,,0,1
2017,MUTANT_ANNOTATED_SINGLE_METHOD,ATTACK_DEPENDENCIES,353,5,1586,,0,1
2018,TEST_FULL_SUITE_PLUS_DEFAULT,DEFEND_ONE_FROM_MANY,351,6,,1490,0,1
2019,TEST_FULL_SUITE_PLUS_DEFAULT,DEFEND_ONE_FROM_MANY,347,6,,1464,0,1
2020,TEST_FULL_SUITE_PLUS_DEFAULT,DEFEND_ONE_FROM_MANY,354,6,,1465,0,1
2021,MUTANT_ANNOTATED_SINGLE_METHOD,ATTACK_DEFAULT,348,5,,,0,1
2022,MUTANT_ANNOTATED_SINGLE_METHOD,ATTACK_DEPENDENCIES,348,5,1596,,0,1
2023,MUTANT_ANNOTATED_SINGLE_METHOD,ATTACK_DEFAULT,355,5,,,0,1
2024,MUTANT_ANNOTATED_SINGLE_METHOD,ATTACK_DEFAULT,353,5,,,0,1
2025,MUTANT_ANNOTATED_SINGLE_METHOD,ATTACK_DEPENDENCIES,355,5,1592,,0,1
2026,MUTANT_ANNOTATED_SINGLE_METHOD,ATTACK_DEPENDENCIES,353,5,1593,,0,1
2027,TEST_FULL_SUITE_PLUS_DEFAULT,DEFEND_ONE_FROM_MANY,347,6,,1471,0,1
2028,TEST_FULL_SUITE_PLUS_DEFAULT,DEFEND_ONE_FROM_MANY,354,6,,1472,0,1
2029,MUTANT_ANNOTATED_SINGLE_METHOD,ATTACK_DEFAULT,355,5,,,0,1
2030,MUTANT_ANNOTATED_SINGLE_METHOD,ATTACK_DEFAULT,353,5,,,0,1
2031,MUTANT_ANNOTATED_SINGLE_METHOD,ATTACK_DEPENDENCIES,355,5,1600,,0,1
2032,MUTANT_ANNOTATED_SINGLE_METHOD,ATTACK_DEPENDENCIES,353,5,1601,,0,1
2033,TEST_FULL_SUITE_PLUS_DEFAULT,DEFEND_ONE_FROM_MANY,354,6,,1480,0,1
2034,TEST_FULL_SUITE_PLUS_DEFAULT,DEFEND_ONE_FROM_MANY,347,6,,1479,0,1
2035,MUTANT_ANNOTATED_SINGLE_METHOD,ATTACK_DEFAULT,348,5,,,0,1
2036,MUTANT_ANNOTATED_SINGLE_METHOD,ATTACK_DEPENDENCIES,348,5,1609,,0,1
2037,MUTANT_ANNOTATED_SINGLE_METHOD,ATTACK_DEFAULT,355,5,,,0,1
2038,MUTANT_ANNOTATED_SINGLE_METHOD,ATTACK_DEFAULT,353,5,,,0,1
2039,MUTANT_ANNOTATED_SINGLE_METHOD,ATTACK_DEPENDENCIES,355,5,1610,,0,1
2040,MUTANT_ANNOTATED_SINGLE_METHOD,ATTACK_DEPENDENCIES,353,5,1613,,0,1
2041,TEST_FULL_SUITE_PLUS_DEFAULT,DEFEND_ONE_FROM_MANY,347,6,,1487,0,1
2042,TEST_FULL_SUITE_PLUS_DEFAULT,DEFEND_ONE_FROM_MANY,354,6,,1488,0,1
2043,MUTANT_ANNOTATED_SINGLE_METHOD,ATTACK_DEFAULT,348,5,,,0,1
2044,MUTANT_ANNOTATED_SINGLE_METHOD,ATTACK_DEFAULT,355,5,,,0,1
2045,TEST_FULL_SUITE_PLUS_DEFAULT,DEFEND_ONE_FROM_MANY,351,6,,,0,1
2046,MUTANT_ANNOTATED_SINGLE_METHOD,ATTACK_DEPENDENCIES,348,5,1616,,0,1
2047,MUTANT_ANNOTATED_SINGLE_METHOD,ATTACK_DEPENDENCIES,355,5,1618,,0,1
2048,TEST_FULL_SUITE_PLUS_DEFAULT,DEFEND_ONE_FROM_MANY,351,6,,1516,0,1
2049,TEST_FULL_SUITE_PLUS_DEFAULT,DEFEND_ONE_FROM_MANY,347,6,,1494,0,1
2050,TEST_FULL_SUITE_PLUS_DEFAULT,DEFEND_ONE_FROM_MANY,354,6,,1495,0,1
2051,MUTANT_ANNOTATED_SINGLE_METHOD,ATTACK_DEFAULT,353,5,,,0,1
2052,MUTANT_ANNOTATED_SINGLE_METHOD,ATTACK_DEPENDENCIES,353,5,1623,,0,1
2053,MUTANT_ANNOTATED_SINGLE_METHOD,ATTACK_DEFAULT,348,5,,,0,1
2054,MUTANT_ANNOTATED_SINGLE_METHOD,ATTACK_DEFAULT,355,5,,,0,1
2055,MUTANT_ANNOTATED_SINGLE_METHOD,ATTACK_DEPENDENCIES,348,5,1627,,0,1
2056,MUTANT_ANNOTATED_SINGLE_METHOD,ATTACK_DEPENDENCIES,355,5,1629,,0,1
2057,TEST_FULL_SUITE_PLUS_DEFAULT,DEFEND_ONE_FROM_MANY,354,6,,1508,0,1
2058,TEST_FULL_SUITE_PLUS_DEFAULT,DEFEND_ONE_FROM_MANY,347,6,,1499,0,1
2059,MUTANT_ANNOTATED_SINGLE_METHOD,ATTACK_DEFAULT,353,5,,,0,1
2060,MUTANT_ANNOTATED_SINGLE_METHOD,ATTACK_DEPENDENCIES,353,5,1636,,0,1
2061,MUTANT_ANNOTATED_SINGLE_METHOD,ATTACK_DEFAULT,348,5,,,0,1
2062,MUTANT_ANNOTATED_SINGLE_METHOD,ATTACK_DEFAULT,355,5,,,0,1
2063,MUTANT_ANNOTATED_SINGLE_METHOD,ATTACK_DEPENDENCIES,348,5,1645,,0,1
2064,MUTANT_ANNOTATED_SINGLE_METHOD,ATTACK_DEPENDENCIES,355,5,1640,,0,1
2065,TEST_FULL_SUITE_PLUS_DEFAULT,DEFEND_ONE_FROM_MANY,347,6,,1507,0,1
2066,MUTANT_ANNOTATED_SINGLE_METHOD,ATTACK_DEFAULT,353,5,,,0,1
2067,MUTANT_ANNOTATED_SINGLE_METHOD,ATTACK_DEPENDENCIES,353,5,1646,,0,1
2068,TEST_FULL_SUITE_PLUS_DEFAULT,DEFEND_ONE_FROM_MANY,354,6,,,0,1
2069,MUTANT_ANNOTATED_SINGLE_METHOD,ATTACK_DEFAULT,355,5,,,0,1
2070,MUTANT_ANNOTATED_SINGLE_METHOD,ATTACK_DEPENDENCIES,355,5,1650,,0,1
2071,TEST_FULL_SUITE_PLUS_DEFAULT,DEFEND_ONE_FROM_MANY,347,6,,1514,0,1
2072,TEST_FULL_SUITE_PLUS_DEFAULT,DEFEND_ONE_FROM_MANY,354,6,,1515,0,1
2073,MUTANT_ANNOTATED_SINGLE_METHOD,ATTACK_DEFAULT,348,5,,,0,1
2074,MUTANT_ANNOTATED_SINGLE_METHOD,ATTACK_DEFAULT,353,5,,,0,1
2075,MUTANT_ANNOTATED_SINGLE_METHOD,ATTACK_DEPENDENCIES,348,5,1653,,0,1
2076,MUTANT_ANNOTATED_SINGLE_METHOD,ATTACK_DEPENDENCIES,353,5,1655,,0,1
2077,MUTANT_ANNOTATED_SINGLE_METHOD,ATTACK_DEFAULT,355,5,,,0,1
2078,TEST_FULL_SUITE_PLUS_DEFAULT,DEFEND_ONE_FROM_MANY,351,6,,,0,1
2079,MUTANT_ANNOTATED_SINGLE_METHOD,ATTACK_DEPENDENCIES,355,5,1661,,0,1
2080,TEST_FULL_SUITE_PLUS_DEFAULT,DEFEND_ONE_FROM_MANY,351,6,,1532,0,1
2081,TEST_FULL_SUITE_PLUS_DEFAULT,DEFEND_ONE_FROM_MANY,354,6,,1524,0,1
2082,TEST_FULL_SUITE_PLUS_DEFAULT,DEFEND_ONE_FROM_MANY,347,6,,1523,0,1
2083,MUTANT_ANNOTATED_SINGLE_METHOD,ATTACK_DEFAULT,348,5,,,0,1
2084,MUTANT_ANNOTATED_SINGLE_METHOD,ATTACK_DEFAULT,353,5,,,0,1
2085,MUTANT_ANNOTATED_SINGLE_METHOD,ATTACK_DEPENDENCIES,348,5,1665,,0,1
2086,MUTANT_ANNOTATED_SINGLE_METHOD,ATTACK_DEPENDENCIES,353,5,1660,,0,1
2087,TEST_FULL_SUITE_PLUS_DEFAULT,DEFEND_ONE_FROM_MANY,347,6,,1530,0,1
2088,TEST_FULL_SUITE_PLUS_DEFAULT,DEFEND_ONE_FROM_MANY,354,6,,1531,0,1
2089,MUTANT_ANNOTATED_SINGLE_METHOD,ATTACK_DEFAULT,355,5,,,0,1
2090,MUTANT_ANNOTATED_SINGLE_METHOD,ATTACK_DEFAULT,353,5,,,0,1
2091,MUTANT_ANNOTATED_SINGLE_METHOD,ATTACK_DEPENDENCIES,353,5,1677,,0,1
2092,MUTANT_ANNOTATED_SINGLE_METHOD,ATTACK_DEPENDENCIES,355,5,1671,,0,1
2093,MUTANT_ANNOTATED_SINGLE_METHOD,ATTACK_DEFAULT,348,5,,,0,1
2094,TEST_FULL_SUITE_PLUS_DEFAULT,DEFEND_ONE_FROM_MANY,351,6,,,0,1
2095,MUTANT_ANNOTATED_SINGLE_METHOD,ATTACK_DEPENDENCIES,348,5,1682,,0,1
2096,TEST_FULL_SUITE_PLUS_DEFAULT,DEFEND_ONE_FROM_MANY,351,6,,1554,0,1
2097,TEST_FULL_SUITE_PLUS_DEFAULT,DEFEND_ONE_FROM_MANY,347,6,,1537,0,1
2098,TEST_FULL_SUITE_PLUS_DEFAULT,DEFEND_ONE_FROM_MANY,354,6,,1538,0,1
2099,MUTANT_ANNOTATED_SINGLE_METHOD,ATTACK_DEFAULT,355,5,,,0,1
2100,MUTANT_ANNOTATED_SINGLE_METHOD,ATTACK_DEPENDENCIES,355,5,1683,,0,1
2101,MUTANT_ANNOTATED_SINGLE_METHOD,ATTACK_DEFAULT,353,5,,,0,1
2102,MUTANT_ANNOTATED_SINGLE_METHOD,ATTACK_DEPENDENCIES,353,5,1692,,0,1
2103,TEST_FULL_SUITE_PLUS_DEFAULT,DEFEND_ONE_FROM_MANY,347,6,,1543,0,1
2104,TEST_FULL_SUITE_PLUS_DEFAULT,DEFEND_ONE_FROM_MANY,354,6,,1544,0,1
2105,MUTANT_ANNOTATED_SINGLE_METHOD,ATTACK_DEFAULT,348,5,,,0,1
2106,MUTANT_ANNOTATED_SINGLE_METHOD,ATTACK_DEFAULT,355,5,,,0,1
2107,MUTANT_ANNOTATED_SINGLE_METHOD,ATTACK_DEPENDENCIES,348,5,1699,,0,1
2108,MUTANT_ANNOTATED_SINGLE_METHOD,ATTACK_DEPENDENCIES,355,5,1696,,0,1
2109,MUTANT_ANNOTATED_SINGLE_METHOD,ATTACK_DEFAULT,353,5,,,0,1
2110,MUTANT_ANNOTATED_SINGLE_METHOD,ATTACK_DEPENDENCIES,353,5,1707,,0,1
2111,TEST_FULL_SUITE_PLUS_DEFAULT,DEFEND_ONE_FROM_MANY,347,6,,1547,0,1
2112,TEST_FULL_SUITE_PLUS_DEFAULT,DEFEND_ONE_FROM_MANY,354,6,,1548,0,1
2113,MUTANT_ANNOTATED_SINGLE_METHOD,ATTACK_DEFAULT,355,5,,,0,1
2114,MUTANT_ANNOTATED_SINGLE_METHOD,ATTACK_DEPENDENCIES,355,5,1708,,0,1
2115,TEST_FULL_SUITE_PLUS_DEFAULT,DEFEND_FOCUS,347,6,,1561,0,1
2116,MUTANT_ANNOTATED_SINGLE_METHOD,ATTACK_DEFAULT,348,5,,,0,1
2117,MUTANT_ANNOTATED_SINGLE_METHOD,ATTACK_DEPENDENCIES,348,5,1713,,0,1
2118,TEST_FULL_SUITE_PLUS_DEFAULT,DEFEND_ONE_FROM_MANY,354,6,,1553,0,1
2119,MUTANT_ANNOTATED_SINGLE_METHOD,ATTACK_DEFAULT,355,5,,,0,1
2120,MUTANT_ANNOTATED_SINGLE_METHOD,ATTACK_DEFAULT,353,5,,,0,1
2121,MUTANT_ANNOTATED_SINGLE_METHOD,ATTACK_DEPENDENCIES,355,5,1720,,0,1
2122,MUTANT_ANNOTATED_SINGLE_METHOD,ATTACK_DEPENDENCIES,353,5,1722,,0,1
2123,TEST_FULL_SUITE_PLUS_DEFAULT,DEFEND_ONE_FROM_MANY,351,6,,,0,1
2124,TEST_FULL_SUITE_PLUS_DEFAULT,DEFEND_ONE_FROM_MANY,351,6,,1575,0,1
2125,TEST_FULL_SUITE_PLUS_DEFAULT,DEFEND_ONE_FROM_MANY,354,6,,1559,0,1
2126,MUTANT_ANNOTATED_SINGLE_METHOD,ATTACK_DEFAULT,348,5,,,0,1
2127,MUTANT_ANNOTATED_SINGLE_METHOD,ATTACK_DEPENDENCIES,348,5,1724,,0,1
2128,TEST_FULL_SUITE_PLUS_DEFAULT,DEFEND_FOCUS,347,6,,1581,0,1
2129,TEST_FULL_SUITE_PLUS_DEFAULT,DEFEND_FOCUS,354,6,,1565,0,1
2130,MUTANT_ANNOTATED_SINGLE_METHOD,ATTACK_DEFAULT,355,5,,,0,1
2131,MUTANT_ANNOTATED_SINGLE_METHOD,ATTACK_DEPENDENCIES,355,5,1726,,0,1
2132,MUTANT_ANNOTATED_SINGLE_METHOD,ATTACK_DEFAULT,353,5,,,0,1
2133,MUTANT_ANNOTATED_SINGLE_METHOD,ATTACK_DEPENDENCIES,353,5,1728,,0,1
2134,MUTANT_ANNOTATED_SINGLE_METHOD,ATTACK_DEFAULT,348,5,,,0,1
2135,TEST_FULL_SUITE_PLUS_DEFAULT,DEFEND_FOCUS,354,6,,1576,0,1
2136,MUTANT_ANNOTATED_SINGLE_METHOD,ATTACK_DEFAULT,355,5,,,0,1
2137,MUTANT_ANNOTATED_SINGLE_METHOD,ATTACK_DEPENDENCIES,348,5,1735,,0,1
2138,MUTANT_ANNOTATED_SINGLE_METHOD,ATTACK_DEPENDENCIES,355,5,1737,,0,1
2139,MUTANT_ANNOTATED_SINGLE_METHOD,ATTACK_DEFAULT,353,5,,,0,1
2140,MUTANT_ANNOTATED_SINGLE_METHOD,ATTACK_DEPENDENCIES,353,5,1736,,0,1
2141,MUTANT_ANNOTATED_SINGLE_METHOD,ATTACK_DEFAULT,348,5,,,0,1
2142,TEST_FULL_SUITE_PLUS_DEFAULT,DEFEND_FOCUS,354,6,,1587,0,1
2143,TEST_FULL_SUITE_PLUS_DEFAULT,DEFEND_ONE_FROM_MANY,351,6,,,0,1
2144,MUTANT_ANNOTATED_SINGLE_METHOD,ATTACK_DEFAULT,355,5,,,0,1
2145,MUTANT_ANNOTATED_SINGLE_METHOD,ATTACK_DEFAULT,353,5,,,0,1
2146,MUTANT_ANNOTATED_SINGLE_METHOD,ATTACK_DEPENDENCIES,348,5,1748,,0,1
2147,MUTANT_ANNOTATED_SINGLE_METHOD,ATTACK_DEPENDENCIES,355,5,1749,,0,1
2148,MUTANT_ANNOTATED_SINGLE_METHOD,ATTACK_DEPENDENCIES,353,5,1745,,0,1
2149,TEST_FULL_SUITE_PLUS_DEFAULT,DEFEND_ONE_FROM_MANY,351,6,,1598,0,1
2150,TEST_FULL_SUITE_PLUS_DEFAULT,DEFEND_FOCUS,347,6,,1589,0,1
2151,MUTANT_ANNOTATED_SINGLE_METHOD,ATTACK_DEFAULT,353,5,,,0,1
2152,MUTANT_ANNOTATED_SINGLE_METHOD,ATTACK_DEPENDENCIES,353,5,1750,,0,1
2153,TEST_FULL_SUITE_PLUS_DEFAULT,DEFEND_FOCUS,347,6,,1591,0,1
2154,MUTANT_ANNOTATED_SINGLE_METHOD,ATTACK_DEFAULT,348,5,,,0,1
2155,TEST_FULL_SUITE_PLUS_DEFAULT,DEFEND_FOCUS,354,6,,1597,0,1
2156,MUTANT_ANNOTATED_SINGLE_METHOD,ATTACK_DEFAULT,355,5,,,0,1
2157,MUTANT_ANNOTATED_SINGLE_METHOD,ATTACK_DEFAULT,353,5,,,0,1
2158,MUTANT_ANNOTATED_SINGLE_METHOD,ATTACK_DEPENDENCIES,348,5,1756,,0,1
2159,MUTANT_ANNOTATED_SINGLE_METHOD,ATTACK_DEPENDENCIES,355,5,1754,,0,1
2160,MUTANT_ANNOTATED_SINGLE_METHOD,ATTACK_DEPENDENCIES,353,5,1755,,0,1
2161,TEST_FULL_SUITE_PLUS_DEFAULT,DEFEND_FOCUS,347,6,,1611,0,1
2162,MUTANT_ANNOTATED_SINGLE_METHOD,ATTACK_DEFAULT,355,5,,,0,1
2163,MUTANT_ANNOTATED_SINGLE_METHOD,ATTACK_DEFAULT,353,5,,,0,1
2164,MUTANT_ANNOTATED_SINGLE_METHOD,ATTACK_DEPENDENCIES,355,5,1759,,0,1
2165,MUTANT_ANNOTATED_SINGLE_METHOD,ATTACK_DEPENDENCIES,353,5,1762,,0,1
2166,MUTANT_ANNOTATED_SINGLE_METHOD,ATTACK_DEFAULT,348,5,,,0,1
2167,MUTANT_ANNOTATED_SINGLE_METHOD,ATTACK_DEPENDENCIES,348,5,1764,,0,1
2168,TEST_FULL_SUITE_PLUS_DEFAULT,DEFEND_FOCUS,354,6,,1607,0,1
2169,TEST_FULL_SUITE_PLUS_DEFAULT,DEFEND_ONE_FROM_MANY,351,6,,,0,1
2170,MUTANT_ANNOTATED_SINGLE_METHOD,ATTACK_DEFAULT,355,5,,,0,1
2171,MUTANT_ANNOTATED_SINGLE_METHOD,ATTACK_DEPENDENCIES,355,5,1770,,0,1
2172,TEST_FULL_SUITE_PLUS_DEFAULT,DEFEND_ONE_FROM_MANY,351,6,,1617,0,1
2173,MUTANT_ANNOTATED_SINGLE_METHOD,ATTACK_DEFAULT,353,5,,,0,1
2174,MUTANT_ANNOTATED_SINGLE_METHOD,ATTACK_DEPENDENCIES,353,5,1772,,0,1
2175,MUTANT_ANNOTATED_SINGLE_METHOD,ATTACK_DEFAULT,348,5,,,0,1
2176,MUTANT_ANNOTATED_SINGLE_METHOD,ATTACK_DEPENDENCIES,348,5,1780,,0,1
2177,MUTANT_ANNOTATED_SINGLE_METHOD,ATTACK_DEFAULT,355,5,,,0,1
2178,MUTANT_ANNOTATED_SINGLE_METHOD,ATTACK_DEPENDENCIES,355,5,1778,,0,1
2179,TEST_FULL_SUITE_PLUS_DEFAULT,DEFEND_FOCUS,354,6,,1615,0,1
2180,MUTANT_ANNOTATED_SINGLE_METHOD,ATTACK_DEFAULT,353,5,,,0,1
2181,MUTANT_ANNOTATED_SINGLE_METHOD,ATTACK_DEPENDENCIES,353,5,1781,,0,1
2182,MUTANT_ANNOTATED_SINGLE_METHOD,ATTACK_DEFAULT,355,5,,,0,1
2183,MUTANT_ANNOTATED_SINGLE_METHOD,ATTACK_DEPENDENCIES,355,5,1787,,0,1
2184,TEST_FULL_SUITE_PLUS_DEFAULT,DEFEND_FOCUS,347,6,,1616,0,1
2185,MUTANT_ANNOTATED_SINGLE_METHOD,ATTACK_DEFAULT,348,5,,,0,1
2186,MUTANT_ANNOTATED_SINGLE_METHOD,ATTACK_DEFAULT,353,5,,,0,1
2187,MUTANT_ANNOTATED_SINGLE_METHOD,ATTACK_DEPENDENCIES,348,5,1791,,0,1
2188,MUTANT_ANNOTATED_SINGLE_METHOD,ATTACK_DEPENDENCIES,353,5,1788,,0,1
2189,MUTANT_ANNOTATED_SINGLE_METHOD,ATTACK_DEFAULT,355,5,,,0,1
2190,MUTANT_ANNOTATED_SINGLE_METHOD,ATTACK_DEPENDENCIES,355,5,1794,,0,1
2191,TEST_FULL_SUITE_PLUS_DEFAULT,DEFEND_FOCUS,347,6,,1622,0,1
2192,TEST_FULL_SUITE_PLUS_DEFAULT,DEFEND_ONE_FROM_MANY,351,6,,,0,1
2193,TEST_FULL_SUITE_PLUS_DEFAULT,DEFEND_FOCUS,354,6,,1623,0,1
2194,MUTANT_ANNOTATED_SINGLE_METHOD,ATTACK_DEFAULT,353,5,,,0,1
2195,MUTANT_ANNOTATED_SINGLE_METHOD,ATTACK_DEPENDENCIES,353,5,,,0,0
2196,TEST_FULL_SUITE_PLUS_DEFAULT,DEFEND_ONE_FROM_MANY,351,6,,1630,0,1
2197,MUTANT_ANNOTATED_SINGLE_METHOD,ATTACK_DEFAULT,348,5,,,0,1
2198,MUTANT_ANNOTATED_SINGLE_METHOD,ATTACK_DEPENDENCIES,348,5,1800,,0,1
2199,TEST_FULL_SUITE_PLUS_DEFAULT,DEFEND_FOCUS,347,6,,1639,0,1
2200,TEST_FULL_SUITE_PLUS_DEFAULT,DEFEND_FOCUS,354,6,,1626,0,1
2201,MUTANT_ANNOTATED_SINGLE_METHOD,ATTACK_DEFAULT,355,5,,,0,1
2202,MUTANT_ANNOTATED_SINGLE_METHOD,ATTACK_DEPENDENCIES,355,5,1802,,0,1
2203,MUTANT_ANNOTATED_SINGLE_METHOD,ATTACK_DEFAULT,348,5,,,0,1
2204,TEST_FULL_SUITE_PLUS_DEFAULT,DEFEND_FOCUS,354,6,,1634,0,1
2205,MUTANT_ANNOTATED_SINGLE_METHOD,ATTACK_DEFAULT,355,5,,,0,1
2206,MUTANT_ANNOTATED_SINGLE_METHOD,ATTACK_DEPENDENCIES,348,5,1807,,0,1
2207,MUTANT_ANNOTATED_SINGLE_METHOD,ATTACK_DEPENDENCIES,355,5,1812,,0,1
2208,MUTANT_ANNOTATED_SINGLE_METHOD,ATTACK_DEPENDENCIES,353,5,1813,,0,1
2209,MUTANT_ANNOTATED_SINGLE_METHOD,ATTACK_DEFAULT,348,5,,,0,1
2210,TEST_FULL_SUITE_PLUS_DEFAULT,DEFEND_ONE_FROM_MANY,351,6,,,0,1
2211,MUTANT_ANNOTATED_SINGLE_METHOD,ATTACK_DEPENDENCIES,348,5,1815,,0,1
2212,TEST_FULL_SUITE_PLUS_DEFAULT,DEFEND_ONE_FROM_MANY,351,6,,,0,0
2213,MUTANT_ANNOTATED_SINGLE_METHOD,ATTACK_DEFAULT,355,5,,,0,1
2214,MUTANT_ANNOTATED_SINGLE_METHOD,ATTACK_DEFAULT,353,5,,,0,1
2215,MUTANT_ANNOTATED_SINGLE_METHOD,ATTACK_DEPENDENCIES,355,5,1817,,0,1
2216,MUTANT_ANNOTATED_SINGLE_METHOD,ATTACK_DEPENDENCIES,353,5,1816,,0,1
2217,TEST_FULL_SUITE_PLUS_DEFAULT,DEFEND_FOCUS,354,6,,1643,0,1
2218,MUTANT_ANNOTATED_SINGLE_METHOD,ATTACK_DEFAULT,348,5,,,0,1
2219,MUTANT_ANNOTATED_SINGLE_METHOD,ATTACK_DEFAULT,355,5,,,0,1
2220,MUTANT_ANNOTATED_SINGLE_METHOD,ATTACK_DEFAULT,353,5,,,0,1
2221,MUTANT_ANNOTATED_SINGLE_METHOD,ATTACK_DEPENDENCIES,348,5,1821,,0,1
2222,MUTANT_ANNOTATED_SINGLE_METHOD,ATTACK_DEPENDENCIES,353,5,1823,,0,1
2223,MUTANT_ANNOTATED_SINGLE_METHOD,ATTACK_DEPENDENCIES,355,5,1822,,0,1
2224,TEST_FULL_SUITE_PLUS_DEFAULT,DEFEND_FOCUS,347,6,,1644,0,1
2225,MUTANT_ANNOTATED_SINGLE_METHOD,ATTACK_DEFAULT,348,5,,,0,1
2226,MUTANT_ANNOTATED_SINGLE_METHOD,ATTACK_DEFAULT,355,5,,,0,1
2227,MUTANT_ANNOTATED_SINGLE_METHOD,ATTACK_DEPENDENCIES,348,5,1831,,0,1
2228,MUTANT_ANNOTATED_SINGLE_METHOD,ATTACK_DEPENDENCIES,355,5,1826,,0,1
2229,TEST_FULL_SUITE_PLUS_DEFAULT,DEFEND_FOCUS,347,6,,1648,0,1
2230,TEST_FULL_SUITE_PLUS_DEFAULT,DEFEND_FOCUS,354,6,,1655,0,1
2231,MUTANT_ANNOTATED_SINGLE_METHOD,ATTACK_DEFAULT,353,5,,,0,1
2232,MUTANT_ANNOTATED_SINGLE_METHOD,ATTACK_DEPENDENCIES,353,5,1833,,0,1
2233,MUTANT_ANNOTATED_SINGLE_METHOD,ATTACK_DEFAULT,355,5,,,0,1
2234,MUTANT_ANNOTATED_SINGLE_METHOD,ATTACK_DEPENDENCIES,355,5,1836,,0,1
2235,TEST_FULL_SUITE_PLUS_DEFAULT,DEFEND_FOCUS,347,6,,1660,0,1
2236,MUTANT_ANNOTATED_SINGLE_METHOD,ATTACK_DEFAULT,348,5,,,0,1
2237,MUTANT_ANNOTATED_SINGLE_METHOD,ATTACK_DEFAULT,353,5,,,0,1
2238,MUTANT_ANNOTATED_SINGLE_METHOD,ATTACK_DEPENDENCIES,353,5,1839,,0,1
2239,MUTANT_ANNOTATED_SINGLE_METHOD,ATTACK_DEPENDENCIES,348,5,1841,,0,1
2240,TEST_FULL_SUITE_PLUS_DEFAULT,DEFEND_DEFAULT,351,6,,,0,1
2241,TEST_FULL_SUITE_PLUS_DEFAULT,DEFEND_FOCUS,354,6,,1668,0,1
2242,MUTANT_ANNOTATED_SINGLE_METHOD,ATTACK_DEFAULT,355,5,,,0,1
2243,MUTANT_ANNOTATED_SINGLE_METHOD,ATTACK_DEPENDENCIES,355,5,1843,,0,1
2244,MUTANT_ANNOTATED_SINGLE_METHOD,ATTACK_DEFAULT,353,5,,,0,1
2245,MUTANT_ANNOTATED_SINGLE_METHOD,ATTACK_DEPENDENCIES,353,5,1851,,0,1
2246,TEST_FULL_SUITE_PLUS_DEFAULT,DEFEND_ONE_FROM_MANY,351,6,,,0,1
2247,TEST_FULL_SUITE_PLUS_DEFAULT,DEFEND_ONE_FROM_MANY,351,6,,1687,0,1
2248,TEST_FULL_SUITE_PLUS_DEFAULT,DEFEND_FOCUS,347,6,,1669,0,1
2249,MUTANT_ANNOTATED_SINGLE_METHOD,ATTACK_DEFAULT,348,5,,,0,1
2250,MUTANT_ANNOTATED_SINGLE_METHOD,ATTACK_DEFAULT,355,5,,,0,1
2251,MUTANT_ANNOTATED_SINGLE_METHOD,ATTACK_DEPENDENCIES,355,5,1852,,0,1
2252,MUTANT_ANNOTATED_SINGLE_METHOD,ATTACK_DEPENDENCIES,348,5,1850,,0,1
2253,TEST_FULL_SUITE_PLUS_DEFAULT,DEFEND_FOCUS,347,6,,1677,0,1
2254,TEST_FULL_SUITE_PLUS_DEFAULT,DEFEND_FOCUS,354,6,,1680,0,1
2255,MUTANT_ANNOTATED_SINGLE_METHOD,ATTACK_DEFAULT,348,5,,,0,1
2256,MUTANT_ANNOTATED_SINGLE_METHOD,ATTACK_DEFAULT,355,5,,,0,1
2257,MUTANT_ANNOTATED_SINGLE_METHOD,ATTACK_DEFAULT,353,5,,,0,1
2258,MUTANT_ANNOTATED_SINGLE_METHOD,ATTACK_DEPENDENCIES,348,5,1855,,0,1
2259,MUTANT_ANNOTATED_SINGLE_METHOD,ATTACK_DEPENDENCIES,353,5,1858,,0,1
2260,MUTANT_ANNOTATED_SINGLE_METHOD,ATTACK_DEPENDENCIES,355,5,1857,,0,1
2261,TEST_FULL_SUITE_PLUS_DEFAULT,DEFEND_FOCUS,347,6,,1690,0,1
2262,MUTANT_ANNOTATED_SINGLE_METHOD,ATTACK_DEFAULT,348,5,,,0,1
2263,MUTANT_ANNOTATED_SINGLE_METHOD,ATTACK_DEFAULT,355,5,,,0,1
2264,MUTANT_ANNOTATED_SINGLE_METHOD,ATTACK_DEPENDENCIES,348,5,1861,,0,1
2265,MUTANT_ANNOTATED_SINGLE_METHOD,ATTACK_DEPENDENCIES,355,5,1863,,0,1
2266,TEST_FULL_SUITE_PLUS_DEFAULT,DEFEND_FOCUS,354,6,,1691,0,1
2267,MUTANT_ANNOTATED_SINGLE_METHOD,ATTACK_DEFAULT,353,5,,,0,1
2268,MUTANT_ANNOTATED_SINGLE_METHOD,ATTACK_DEPENDENCIES,353,5,1862,,0,1
2269,MUTANT_ANNOTATED_SINGLE_METHOD,ATTACK_DEFAULT,348,5,,,0,1
2270,MUTANT_ANNOTATED_SINGLE_METHOD,ATTACK_DEPENDENCIES,348,5,1864,,0,1
2271,TEST_FULL_SUITE_PLUS_DEFAULT,DEFEND_ONE_FROM_MANY,351,6,,,0,1
2272,MUTANT_ANNOTATED_SINGLE_METHOD,ATTACK_DEFAULT,355,5,,,0,1
2273,MUTANT_ANNOTATED_SINGLE_METHOD,ATTACK_DEFAULT,353,5,,,0,1
2274,MUTANT_ANNOTATED_SINGLE_METHOD,ATTACK_DEPENDENCIES,355,5,1867,,0,1
2275,MUTANT_ANNOTATED_SINGLE_METHOD,ATTACK_DEPENDENCIES,353,5,1871,,0,1
2276,TEST_FULL_SUITE_PLUS_DEFAULT,DEFEND_ONE_FROM_MANY,351,6,,1710,0,1
2277,MUTANT_ANNOTATED_SINGLE_METHOD,ATTACK_DEFAULT,348,5,,,0,1
2278,MUTANT_ANNOTATED_SINGLE_METHOD,ATTACK_DEPENDENCIES,348,5,1870,,0,1
2279,TEST_FULL_SUITE_PLUS_DEFAULT,DEFEND_FOCUS,347,6,,1694,0,1
2280,TEST_FULL_SUITE_PLUS_DEFAULT,DEFEND_FOCUS,354,6,,1701,0,1
2281,MUTANT_ANNOTATED_SINGLE_METHOD,ATTACK_DEFAULT,355,5,,,0,1
2282,MUTANT_ANNOTATED_SINGLE_METHOD,ATTACK_DEPENDENCIES,355,5,1877,,0,1
2283,MUTANT_ANNOTATED_SINGLE_METHOD,ATTACK_DEFAULT,348,5,,,0,1
2284,MUTANT_ANNOTATED_SINGLE_METHOD,ATTACK_DEFAULT,353,5,,,0,1
2285,MUTANT_ANNOTATED_SINGLE_METHOD,ATTACK_DEPENDENCIES,348,5,1882,,0,1
2286,MUTANT_ANNOTATED_SINGLE_METHOD,ATTACK_DEPENDENCIES,353,5,1887,,0,1
2287,TEST_FULL_SUITE_PLUS_DEFAULT,DEFEND_FOCUS,347,6,,1700,0,1
2288,MUTANT_ANNOTATED_SINGLE_METHOD,ATTACK_DEFAULT,355,5,,,0,1
2289,MUTANT_ANNOTATED_SINGLE_METHOD,ATTACK_DEPENDENCIES,355,5,1883,,0,1
2290,TEST_FULL_SUITE_PLUS_DEFAULT,DEFEND_FOCUS,347,6,,1707,0,1
2291,MUTANT_ANNOTATED_SINGLE_METHOD,ATTACK_DEFAULT,348,5,,,0,1
2292,TEST_FULL_SUITE_PLUS_DEFAULT,DEFEND_FOCUS,354,6,,1709,0,1
2293,MUTANT_ANNOTATED_SINGLE_METHOD,ATTACK_DEFAULT,355,5,,,0,1
2294,MUTANT_ANNOTATED_SINGLE_METHOD,ATTACK_DEPENDENCIES,348,5,1889,,0,1
2295,MUTANT_ANNOTATED_SINGLE_METHOD,ATTACK_DEPENDENCIES,355,5,1907,,0,1
2296,MUTANT_ANNOTATED_SINGLE_METHOD,ATTACK_DEFAULT,353,5,,,0,1
2297,MUTANT_ANNOTATED_SINGLE_METHOD,ATTACK_DEPENDENCIES,353,5,1900,,0,1
2298,TEST_FULL_SUITE_PLUS_DEFAULT,DEFEND_FOCUS,347,6,,1711,0,1
2299,MUTANT_ANNOTATED_SINGLE_METHOD,ATTACK_DEFAULT,348,5,,,0,1
2300,MUTANT_ANNOTATED_SINGLE_METHOD,ATTACK_DEPENDENCIES,348,5,1903,,0,1
2301,TEST_FULL_SUITE_PLUS_DEFAULT,DEFEND_FOCUS,347,6,,1717,0,1
2302,TEST_FULL_SUITE_PLUS_DEFAULT,DEFEND_ONE_FROM_MANY,351,6,,,0,1
2303,TEST_FULL_SUITE_PLUS_DEFAULT,DEFEND_FOCUS,354,6,,1723,0,1
2304,MUTANT_ANNOTATED_SINGLE_METHOD,ATTACK_DEFAULT,353,5,,,0,1
2305,MUTANT_ANNOTATED_SINGLE_METHOD,ATTACK_DEPENDENCIES,353,5,1908,,0,1
2306,TEST_FULL_SUITE_PLUS_DEFAULT,DEFEND_ONE_FROM_MANY,351,6,,,0,0
2307,MUTANT_ANNOTATED_SINGLE_METHOD,ATTACK_DEFAULT,348,5,,,0,1
2308,MUTANT_ANNOTATED_SINGLE_METHOD,ATTACK_DEFAULT,355,5,,,0,1
2309,MUTANT_ANNOTATED_SINGLE_METHOD,ATTACK_DEPENDENCIES,348,5,1916,,0,1
2310,MUTANT_ANNOTATED_SINGLE_METHOD,ATTACK_DEPENDENCIES,355,5,1914,,0,1
2311,TEST_FULL_SUITE_PLUS_DEFAULT,DEFEND_FOCUS,347,6,,1725,0,1
2312,MUTANT_ANNOTATED_SINGLE_METHOD,ATTACK_DEFAULT,353,5,,,0,1
2313,MUTANT_ANNOTATED_SINGLE_METHOD,ATTACK_DEPENDENCIES,353,5,1920,,0,1
2314,TEST_FULL_SUITE_PLUS_DEFAULT,DEFEND_FOCUS,347,6,,1740,0,1
2315,TEST_FULL_SUITE_PLUS_DEFAULT,DEFEND_FOCUS,354,6,,1732,0,1
2316,MUTANT_ANNOTATED_SINGLE_METHOD,ATTACK_DEFAULT,355,5,,,0,1
2317,MUTANT_ANNOTATED_SINGLE_METHOD,ATTACK_DEPENDENCIES,355,5,1919,,0,1
2318,MUTANT_ANNOTATED_SINGLE_METHOD,ATTACK_DEFAULT,348,5,,,0,1
2319,MUTANT_ANNOTATED_SINGLE_METHOD,ATTACK_DEPENDENCIES,348,5,1928,,0,1
2320,MUTANT_ANNOTATED_SINGLE_METHOD,ATTACK_DEFAULT,355,5,,,0,1
2321,MUTANT_ANNOTATED_SINGLE_METHOD,ATTACK_DEFAULT,353,5,,,0,1
2322,MUTANT_ANNOTATED_SINGLE_METHOD,ATTACK_DEPENDENCIES,355,5,1925,,0,1
2323,MUTANT_ANNOTATED_SINGLE_METHOD,ATTACK_DEPENDENCIES,353,5,1926,,0,1
2324,TEST_FULL_SUITE_PLUS_DEFAULT,DEFEND_FOCUS,354,6,,1748,0,1
2325,MUTANT_ANNOTATED_SINGLE_METHOD,ATTACK_DEFAULT,355,5,,,0,1
2326,MUTANT_ANNOTATED_SINGLE_METHOD,ATTACK_DEFAULT,353,5,,,0,1
2327,MUTANT_ANNOTATED_SINGLE_METHOD,ATTACK_DEPENDENCIES,353,5,,,0,0
2328,MUTANT_ANNOTATED_SINGLE_METHOD,ATTACK_DEPENDENCIES,355,5,1930,,0,1
2329,MUTANT_ANNOTATED_SINGLE_METHOD,ATTACK_DEFAULT,348,5,,,0,1
2330,MUTANT_ANNOTATED_SINGLE_METHOD,ATTACK_DEPENDENCIES,348,5,1932,,0,1
2331,TEST_FULL_SUITE_PLUS_DEFAULT,DEFEND_FOCUS,347,6,,1762,0,1
2332,TEST_FULL_SUITE_PLUS_DEFAULT,DEFEND_DEFAULT,351,6,,,0,1
2333,MUTANT_ANNOTATED_SINGLE_METHOD,ATTACK_DEFAULT,355,5,,,0,1
2334,MUTANT_ANNOTATED_SINGLE_METHOD,ATTACK_DEPENDENCIES,355,5,1933,,0,1
2335,TEST_FULL_SUITE_PLUS_DEFAULT,DEFEND_ONE_FROM_MANY,351,6,,,0,1
2336,TEST_FULL_SUITE_PLUS_DEFAULT,DEFEND_ONE_FROM_MANY,351,6,,,1,0
2337,TEST_FULL_SUITE_PLUS_DEFAULT,DEFEND_FOCUS,354,6,,1763,0,1
2338,MUTANT_ANNOTATED_SINGLE_METHOD,ATTACK_DEFAULT,348,5,,,0,1
2339,MUTANT_ANNOTATED_SINGLE_METHOD,ATTACK_DEFAULT,355,5,,,0,1
2340,MUTANT_ANNOTATED_SINGLE_METHOD,ATTACK_DEPENDENCIES,353,5,1935,,0,1
2341,MUTANT_ANNOTATED_SINGLE_METHOD,ATTACK_DEPENDENCIES,348,5,,,1,0
2342,MUTANT_ANNOTATED_SINGLE_METHOD,ATTACK_DEPENDENCIES,355,5,,,1,0
2343,MUTANT_ANNOTATED_SINGLE_METHOD,ATTACK_DEFAULT,353,5,,,0,1
2344,MUTANT_ANNOTATED_SINGLE_METHOD,ATTACK_DEPENDENCIES,353,5,,,1,0
