Mutant_ID,JavaFile,MD5,ClassFile,Alive,Game_ID,Class_ID,RoundCreated,RoundKilled,Equivalent,Player_ID,NumberAiKillingTests,Timestamp,Points,MutatedLines,KillMessage
100,mutants/mp/135/5/00000001/CharRange.java,380dbefd636cbab4e94a1b86b29e9d70,mutants/mp/135/5/00000001/CharRange.class,1,135,101,1,,ASSUMED_NO,244,0,2026-01-31 16:13:08,1,79,
101,mutants/mp/136/5/00000001/CharRange.java,d0ddf962ae07a7b48c2153a4af269e7e,mutants/mp/136/5/00000001/CharRange.class,1,136,101,1,,ASSUMED_NO,249,0,2026-01-31 16:13:10,1,54,
102,mutants/mp/137/5/00000001/CharRange.java,064a9a71521049bd050037664502b0ca,,0,137,101,1,,ASSUMED_NO,254,0,2026-01-31 16:13:10,0,54,
103,mutants/mp/138/5/00000001/CharRange.java,bd1141c2b2f996360cf6d41bc4df4ee1,,0,138,101,1,,ASSUMED_NO,259,0,2026-01-31 16:13:11,0,79,
104,mutants/mp/139/5/00000001/CharRange.java,672c97a201b61cf8d0f20db416521805,mutants/mp/139/5/00000001/CharRange.class,1,139,101,1,,ASSUMED_NO,264,0,2026-01-31 16:13:13,1,54,
105,mutants/mp/137/5/00000002/CharRange.java,eccb7e92bee8fa701af14b690a26766f,mutants/mp/137/5/00000002/CharRange.class,1,137,101,1,,ASSUMED_NO,254,0,2026-01-31 16:13:25,1,54,
106,mutants/mp/138/5/00000002/CharRange.java,92e523b6904c8dc15b1b609d433d4c09,mutants/mp/138/5/00000002/CharRange.class,1,138,101,1,,ASSUMED_NO,259,0,2026-01-31 16:13:26,1,79,
107,mutants/mp/135/5/00000002/CharRange.java,4b6275bbfe46a62d960ac79ec4cc3854,mutants/mp/135/5/00000002/CharRange.class,1,135,101,1,,ASSUMED_NO,244,0,2026-01-31 16:13:38,1,79,
108,mutants/mp/136/5/00000002/CharRange.java,a64ad70a6da71d510494bf4e948703a1,mutants/mp/136/5/00000002/CharRange.class,1,136,101,1,,ASSUMED_NO,249,0,2026-01-31 16:13:39,1,79,
109,mutants/mp/139/5/00000002/CharRange.java,10f49cb33531fd82fead596738b666cc,mutants/mp/139/5/00000002/CharRange.class,1,139,101,1,,ASSUMED_NO,264,0,2026-01-31 16:13:43,1,66,
110,mutants/mp/140/5/00000001/ByteVector.java,9ed36580a3d41cd5d1d4955b2e6d72c4,mutants/mp/140/5/00000001/ByteVector.class,0,140,100,1,1,ASSUMED_NO,269,0,2026-01-31 16:18:30,1,"1,244","[junit] Testcase: test took 0.008 sec
[junit] expected:<3> but was:<6>
[junit] junit.framework.AssertionFailedError: expected:<3> but was:<6>
[junit] 	at TestByteVector.test(TestByteVector.java:16)
[junit] 	at java.base/jdk.internal.reflect.NativeMethodAccessorImpl.invoke0(Native Method)
[junit] 	at java.base/jdk.internal.reflect.NativeMethodAccessorImpl.invoke(NativeMethodAccessorImpl.java:77)
[junit] 	at java.base/jdk.internal.reflect.DelegatingMethodAccessorImpl.invoke(DelegatingMethodAccessorImpl.java:43)
[junit] 	at java.base/java.util.concurrent.FutureTask.run(FutureTask.java:264)
[junit] 	at java.base/java.lang.Thread.run(Thread.java:840)
"
111,mutants/mp/140/5/00000002/ByteVector.java,06aa9b9a564b8bb0567f54051a969c30,mutants/mp/140/5/00000002/ByteVector.class,1,140,100,1,,ASSUMED_NO,269,0,2026-01-31 16:18:55,3,"1,86,88,255",
112,mutants/mp/141/5/00000001/ByteVector.java,186ec79c2611c54cdbf464a3da1fe5fb,mutants/mp/141/5/00000001/ByteVector.class,1,141,100,1,,ASSUMED_NO,273,0,2026-01-31 16:20:35,1,46,
113,mutants/mp/141/5/00000002/ByteVector.java,f46c395fc0d09d1bbde1030e326a5888,mutants/mp/141/5/00000002/ByteVector.class,1,141,100,1,,ASSUMED_NO,273,0,2026-01-31 16:21:50,7,"44,45,46,47,48,49",
114,mutants/mp/141/5/00000003/ByteVector.java,fea7ba54e1cebc4ee8ec52bde9a24135,mutants/mp/141/5/00000003/ByteVector.class,0,141,100,1,1,ASSUMED_NO,273,0,2026-01-31 16:22:51,3,"63,64,65,67,68","Buildfile: /srv/codedefenders-class-2026/build.xml

test-mutant:
[junit] Running TestByteVector
[junit] Testsuite: TestByteVector
[junit] Tests run: 1, Failures: 0, Errors: 1, Skipped: 0, Time elapsed: 0.016 sec
[junit] Tests run: 1, Failures: 0, Errors: 1, Skipped: 0, Time elapsed: 0.016 sec
[junit]
[junit] Testcase: test took 0.006 sec
[junit] 	Caused an ERROR
[junit] Index 1 out of bounds for length 1
[junit] java.lang.ArrayIndexOutOfBoundsException: Index 1 out of bounds for length 1
[junit] 	at ByteVector.put11(ByteVector.java:72)
[junit] 	at TestByteVector.test(TestByteVector.java:11)
[junit] 	at java.base/jdk.internal.reflect.NativeMethodAccessorImpl.invoke0(Native Method)
[junit] 	at java.base/jdk.internal.reflect.NativeMethodAccessorImpl.invoke(NativeMethodAccessorImpl.java:77)
[junit] 	at java.base/jdk.internal.reflect.DelegatingMethodAccessorImpl.invoke(DelegatingMethodAccessorImpl.java:43)
[junit] 	at java.base/java.util.concurrent.FutureTask.run(FutureTask.java:264)
[junit] 	at java.base/java.lang.Thread.run(Thread.java:840)
[junit]
[junit] Test TestByteVector FAILED

BUILD SUCCESSFUL
Total time: 0 seconds
  "
115,mutants/mp/141/5/00000004/ByteVector.java,ed249d0bff21c98546fff557941f21c1,,0,141,100,1,,ASSUMED_NO,273,0,2026-01-31 16:27:06,0,"82,85,86,87",
116,mutants/mp/141/5/00000005/ByteVector.java,cff817eddc9e8b64dfa68c2dd5241f9b,mutants/mp/141/5/00000005/ByteVector.class,1,141,100,1,,ASSUMED_NO,273,0,2026-01-31 16:27:35,6,"82,83,84,86,87,88",
117,mutants/mp/141/5/00000006/ByteVector.java,e8679b03bb1eab2d087a107a5271d5bb,mutants/mp/141/5/00000006/ByteVector.class,1,141,100,1,,ASSUMED_NO,273,0,2026-01-31 16:28:06,6,"122,124",
118,mutants/mp/141/5/00000007/ByteVector.java,9f78acc6a96f7b1bbc5951da130ee93a,,0,141,100,1,,ASSUMED_NO,273,0,2026-01-31 16:28:36,0,"143,144,145",
119,mutants/mp/141/5/00000008/ByteVector.java,bff6fb1dd79e263a08b3a822288eccfc,,0,141,100,1,,ASSUMED_NO,273,0,2026-01-31 16:29:06,0,"143,144,145",
120,mutants/mp/141/5/00000009/ByteVector.java,71e7f9be197bb1bb6aad8825f67867e4,,0,141,100,1,,ASSUMED_NO,273,0,2026-01-31 16:29:21,0,"143,144,145",
121,mutants/mp/141/5/00000010/ByteVector.java,dd385f97b818278f48a5b49241c7a130,mutants/mp/141/5/00000010/ByteVector.class,1,141,100,1,,ASSUMED_NO,273,0,2026-01-31 16:29:36,2,"143,144,145",
122,mutants/mp/141/5/00000011/ByteVector.java,2118968ae9aab5b3d251e1f4374c317d,mutants/mp/141/5/00000011/ByteVector.class,1,141,100,1,,ASSUMED_NO,273,0,2026-01-31 16:31:07,2,"143,145",
123,mutants/mp/141/5/00000012/ByteVector.java,e1601991e82104988e805671eb8751ee,mutants/mp/141/5/00000012/ByteVector.class,1,141,100,1,,ASSUMED_NO,273,0,2026-01-31 16:32:07,2,"143,144,145",
124,mutants/mp/141/5/00000013/ByteVector.java,5dda6f94cf5b33163cca2a4b1b27b28f,,0,141,100,1,,ASSUMED_NO,273,0,2026-01-31 16:32:52,0,"143,144,146,147,148,149,150,151,152,153,154,155,156,157,158,159",
125,mutants/mp/141/5/00000014/ByteVector.java,303aa846ec3885c651936076d20de0d3,,0,141,100,1,,ASSUMED_NO,273,0,2026-01-31 16:33:07,0,"142,143,144,146,147,148,149,150,151,152,153,154,155,156,157,158,159",
126,mutants/mp/141/5/00000015/ByteVector.java,f8c660aaa7ebf89bfd05ddf70f234ed9,mutants/mp/141/5/00000015/ByteVector.class,1,141,100,1,,ASSUMED_NO,273,0,2026-01-31 16:33:36,2,"143,144,145",
127,mutants/mp/141/5/00000016/ByteVector.java,1587c9dc212d3424f248f77a89c4679e,mutants/mp/141/5/00000016/ByteVector.class,1,141,100,1,,ASSUMED_NO,273,0,2026-01-31 16:34:07,2,"143,145",
128,mutants/mp/141/5/00000017/ByteVector.java,c8368bb081477d82c00b95060c348993,mutants/mp/141/5/00000017/ByteVector.class,1,141,100,1,,ASSUMED_NO,273,0,2026-01-31 16:35:22,2,"143,144,145",
129,mutants/mp/141/5/00000018/ByteVector.java,1421b2fafd759c1b0b9e858f21248d27,,0,141,100,1,,ASSUMED_NO,273,0,2026-01-31 16:35:51,0,"143,144,145",
130,mutants/mp/141/5/00000019/ByteVector.java,ede9d745984438874de76b1e95c8a1bb,,0,141,100,1,,ASSUMED_NO,273,0,2026-01-31 16:36:08,0,"143,144",
131,mutants/mp/141/5/00000020/ByteVector.java,44cf3222cd15905c786275c01a211c73,,0,141,100,1,,ASSUMED_NO,273,0,2026-01-31 16:36:37,0,"143,144,145",
132,mutants/mp/141/5/00000021/ByteVector.java,42948af837c80bc1a3a77c34e058edc8,,0,141,100,1,,ASSUMED_NO,273,0,2026-01-31 16:38:21,0,"143,144,145,147,148,149,150,151,152,153,154,155,156,157",
133,mutants/mp/141/5/00000022/ByteVector.java,c34267e5cdc8299d2ca4594675de7332,mutants/mp/141/5/00000022/ByteVector.class,1,141,100,1,,ASSUMED_NO,273,0,2026-01-31 16:38:37,2,"143,144,145,147,148,149,150,151,152,153,154,155,156,157",
134,mutants/mp/141/5/00000023/ByteVector.java,36d5fb884bc281007e19be48255c7594,mutants/mp/141/5/00000023/ByteVector.class,1,141,100,1,,ASSUMED_NO,273,0,2026-01-31 16:39:06,2,"143,144,145",
135,mutants/mp/141/5/00000024/ByteVector.java,b10452676f08a1e2e0590cf6e87bafca,mutants/mp/141/5/00000024/ByteVector.class,1,141,100,1,,ASSUMED_NO,273,0,2026-01-31 16:40:36,2,"143,144,145",
136,mutants/mp/141/5/00000025/ByteVector.java,0e3bf54d05f3dd9e22352317c15e850a,,0,141,100,1,,ASSUMED_NO,273,0,2026-01-31 16:41:07,0,"143,144,145",
137,mutants/mp/141/5/00000026/ByteVector.java,f0e102e393980fa8b6a9cc4f721eff52,,0,141,100,1,,ASSUMED_NO,273,0,2026-01-31 16:43:21,0,"143,144,145",
138,mutants/mp/141/5/00000027/ByteVector.java,511efa3c873c04119934c75784dbb8f8,mutants/mp/141/5/00000027/ByteVector.class,1,141,100,1,,ASSUMED_NO,273,0,2026-01-31 16:45:07,2,"143,145",
139,mutants/mp/141/5/00000028/ByteVector.java,ad40f9fdcb808ba9b81ce5176d0bafab,,0,141,100,1,,ASSUMED_NO,273,0,2026-01-31 16:45:36,0,"143,144,145,146,148,149,150,151,153,154,155,156",
140,mutants/mp/141/5/00000029/ByteVector.java,a1cd02c70fdd2ea6ca6ff7b2c3192cff,,0,141,100,1,,ASSUMED_NO,273,0,2026-01-31 16:45:51,0,"143,144,145,146,148,149,150,151,153,154,155,156",
141,mutants/mp/141/5/00000030/ByteVector.java,c67cbbbf70867e95bcad02684d679217,,0,141,100,1,,ASSUMED_NO,273,0,2026-01-31 16:46:07,0,"143,144,145,146,148,149,150,151,153,154,155,156",
142,mutants/mp/141/5/00000031/ByteVector.java,b990c7f45d35034a3728722a97423d92,,0,141,100,1,,ASSUMED_NO,273,0,2026-01-31 16:46:22,0,"143,144,145,146,148,149,150,151,153,154,155,156",
143,mutants/mp/141/5/00000032/ByteVector.java,f13df7ece903d054dec714ba7fd09ca2,mutants/mp/141/5/00000032/ByteVector.class,1,141,100,1,,ASSUMED_NO,273,0,2026-01-31 16:47:37,2,"143,144,145",
144,mutants/mp/141/5/00000033/ByteVector.java,5317bf999df2a9ca570b6df8236ee393,,0,141,100,1,,ASSUMED_NO,273,0,2026-01-31 16:48:06,0,"143,144,145,161",
145,mutants/mp/141/5/00000034/ByteVector.java,ceefbfc7ff3f9c1b25b706fd096dcb6c,,0,141,100,1,,ASSUMED_NO,273,0,2026-01-31 16:48:36,0,"143,144,145,161",
146,mutants/mp/141/5/00000035/ByteVector.java,f181a08305bec13aeb240831f51a87d2,mutants/mp/141/5/00000035/ByteVector.class,1,141,100,1,,ASSUMED_NO,273,0,2026-01-31 16:49:07,2,143,
147,mutants/mp/141/5/00000036/ByteVector.java,e6931aecb5ca0c92cbd51726f377d630,mutants/mp/141/5/00000036/ByteVector.class,1,141,100,1,,ASSUMED_NO,273,0,2026-01-31 16:51:37,2,"143,145",
148,mutants/mp/141/5/00000037/ByteVector.java,01163ab970cdaa5a1c8ee8b913926acf,mutants/mp/141/5/00000037/ByteVector.class,1,141,100,1,,ASSUMED_NO,273,0,2026-01-31 16:52:07,2,"143,144,145",
149,mutants/mp/141/5/00000038/ByteVector.java,61ede6ba9927c13af759aaa6c9e0cc11,mutants/mp/141/5/00000038/ByteVector.class,1,141,100,1,,ASSUMED_NO,273,0,2026-01-31 16:54:52,2,"143,145,147,152",
150,mutants/mp/141/5/00000039/ByteVector.java,a273bde68fac1f1c91127ab23d0e6e76,mutants/mp/141/5/00000039/ByteVector.class,1,141,100,1,,ASSUMED_NO,273,0,2026-01-31 16:57:22,2,"143,144,145,147",
151,mutants/mp/141/5/00000040/ByteVector.java,6fe5abb3f5a4943752efe0e3ef57aeae,,0,141,100,1,,ASSUMED_NO,273,0,2026-01-31 16:58:53,0,143,
152,mutants/mp/141/5/00000041/ByteVector.java,a583914b37a877ec95a22dec08852b70,mutants/mp/141/5/00000041/ByteVector.class,1,141,100,1,,ASSUMED_NO,273,0,2026-01-31 16:59:51,2,"143,144,145,147",
153,mutants/mp/141/5/00000042/ByteVector.java,261a0a0fcd59acceb4c23c3c275bc6a1,mutants/mp/141/5/00000042/ByteVector.class,1,141,100,1,,ASSUMED_NO,273,0,2026-01-31 17:00:36,2,"143,145",
154,mutants/mp/141/5/00000043/ByteVector.java,06da179a65bc36bd4b04fb4ebe659712,mutants/mp/141/5/00000043/ByteVector.class,1,141,100,1,,ASSUMED_NO,273,0,2026-01-31 17:02:08,2,"143,144,145,147",
155,mutants/mp/141/5/00000044/ByteVector.java,9750d2a95d8a700669432f6a946e0a45,mutants/mp/141/5/00000044/ByteVector.class,1,141,100,1,,ASSUMED_NO,273,0,2026-01-31 17:03:23,2,"143,144,145,147,148,149,150,151,152,153,154,155,156,157",
156,mutants/mp/141/5/00000045/ByteVector.java,f1c8ab178ee9837c39933fede0f429a1,mutants/mp/141/5/00000045/ByteVector.class,1,141,100,1,,ASSUMED_NO,273,0,2026-01-31 17:03:52,2,"143,145",
157,mutants/mp/141/5/00000046/ByteVector.java,6e85b882580bf075f5b711efc420d076,mutants/mp/141/5/00000046/ByteVector.class,1,141,100,1,,ASSUMED_NO,273,0,2026-01-31 17:05:52,2,"143,145,147,148,149,150,151,152,153,154,155,156",
158,mutants/mp/141/5/00000047/ByteVector.java,a437fd8e474b8ee42e8c76e66d6a46ca,,0,141,100,1,,ASSUMED_NO,273,0,2026-01-31 17:06:23,0,"143,144,145",
159,mutants/mp/141/5/00000048/ByteVector.java,01df974ec41eae6393f6b50b183d7f4c,mutants/mp/141/5/00000048/ByteVector.class,1,141,100,1,,ASSUMED_NO,273,0,2026-01-31 17:07:52,2,"143,144,145,147,152",
160,mutants/mp/141/5/00000049/ByteVector.java,dea0569792cc13c6a831d135d2d5b94c,mutants/mp/141/5/00000049/ByteVector.class,1,141,100,1,,ASSUMED_NO,273,0,2026-01-31 17:09:39,2,"143,144,145",
161,mutants/mp/141/5/00000050/ByteVector.java,ea2295a06ccd3ddd6774bcbb235b899f,mutants/mp/141/5/00000050/ByteVector.class,0,141,100,1,1,ASSUMED_NO,273,0,2026-01-31 17:10:07,1,"143,157","[junit] Testcase: test took 0.01 sec
[junit] expected:<8> but was:<12>
[junit] junit.framework.AssertionFailedError: expected:<8> but was:<12>
[junit] 	at TestByteVector.test(TestByteVector.java:13)
[junit] 	at java.base/jdk.internal.reflect.NativeMethodAccessorImpl.invoke0(Native Method)
[junit] 	at java.base/jdk.internal.reflect.NativeMethodAccessorImpl.invoke(NativeMethodAccessorImpl.java:77)
[junit] 	at java.base/jdk.internal.reflect.DelegatingMethodAccessorImpl.invoke(DelegatingMethodAccessorImpl.java:43)
[junit] 	at java.base/java.util.concurrent.FutureTask.run(FutureTask.java:264)
[junit] 	at java.base/java.lang.Thread.run(Thread.java:840)
"
162,mutants/mp/141/5/00000051/ByteVector.java,7a9a9043196a667dbaeb0e565b8beea9,mutants/mp/141/5/00000051/ByteVector.class,1,141,100,1,,ASSUMED_NO,273,0,2026-01-31 17:12:07,2,"143,144,145,147,148,149,150,151,153,154,155,156,157",
163,mutants/mp/141/5/00000052/ByteVector.java,1a5faf81bf7b84af71ee542a1d2616c2,mutants/mp/141/5/00000052/ByteVector.class,1,141,100,1,,ASSUMED_NO,273,0,2026-01-31 17:12:37,2,"143,145",
164,mutants/mp/141/5/00000053/ByteVector.java,d85e8438478cce7aa0fb01c5bff96739,mutants/mp/141/5/00000053/ByteVector.class,1,141,100,1,,ASSUMED_NO,273,0,2026-01-31 17:17:07,2,"143,145",
165,mutants/mp/141/5/00000054/ByteVector.java,b21c77aa8eb1d5894a03c580bd11143e,mutants/mp/141/5/00000054/ByteVector.class,1,141,100,1,,ASSUMED_NO,273,0,2026-01-31 17:17:37,2,"143,145",
166,mutants/mp/141/5/00000055/ByteVector.java,a4c810173af9aecfb247861734d63a36,mutants/mp/141/5/00000055/ByteVector.class,1,141,100,1,,ASSUMED_NO,273,0,2026-01-31 17:18:37,2,"143,144,145,146",
167,mutants/mp/141/5/00000056/ByteVector.java,dd902f2746831cc9c1a57cbfb57b8a63,mutants/mp/141/5/00000056/ByteVector.class,1,141,100,1,,ASSUMED_NO,273,0,2026-01-31 17:19:07,2,"143,148,149,150,151,153,154,155,156",
168,mutants/mp/210/5/00000001/ByteVector.java,2245199204a90335e9a81afeed3743e6,mutants/mp/210/5/00000001/ByteVector.class,1,210,100,1,,ASSUMED_NO,590,0,2026-02-01 16:55:21,1,"45,46,47",
169,mutants/mp/212/5/00000001/ByteVector.java,c95b3690aeba5fac8ecf7556b70ec9ca,mutants/mp/212/5/00000001/ByteVector.class,1,212,100,1,,ASSUMED_NO,600,0,2026-02-01 16:55:24,1,122,
170,mutants/mp/214/5/00000001/CharRange.java,53ddd530c2c613d60b7947235a04b94b,mutants/mp/214/5/00000001/CharRange.class,1,214,101,1,,ASSUMED_NO,610,0,2026-02-01 16:55:26,1,54,
171,mutants/mp/227/5/00000001/ByteVector.java,b93d988da9cbe5c5380e6bf9050498ac,mutants/mp/227/5/00000001/ByteVector.class,1,227,100,1,,ASSUMED_NO,674,0,2026-02-01 17:01:13,1,"45,46,47",
172,mutants/mp/233/5/00000001/CharRange.java,bbe724d0cb74c9645306ec12132f50e5,,0,233,101,1,,ASSUMED_NO,704,0,2026-02-01 17:01:20,0,54,
173,mutants/mp/246/5/00000001/CharRange.java,380dbefd636cbab4e94a1b86b29e9d70,mutants/mp/246/5/00000001/CharRange.class,1,246,101,1,,ASSUMED_NO,788,0,2026-02-01 17:03:28,1,79,
174,mutants/mp/247/5/00000001/CharRange.java,bf9a798cc0d80d74b8c80a0003414266,,0,247,101,1,,ASSUMED_NO,789,0,2026-02-01 17:03:29,0,54,
175,mutants/mp/243/5/00000001/ByteVector.java,90fe2bf06470af8f3a49a2803d0071da,mutants/mp/243/5/00000001/ByteVector.class,1,243,100,1,,ASSUMED_NO,785,0,2026-02-01 17:03:29,1,"122,124",
176,mutants/mp/237/5/00000001/ByteVector.java,250ac5ba12160a0de8c8616e568346c0,mutants/mp/237/5/00000001/ByteVector.class,1,237,100,1,,ASSUMED_NO,780,0,2026-02-01 17:03:30,1,"143,144,145",
177,mutants/mp/252/152/00000001/ByteVector.java,842b89b9d30a29de69f648b51c6a0ccb,mutants/mp/252/152/00000001/ByteVector.class,0,252,100,1,1,ASSUMED_NO,795,0,2026-02-02 14:26:05,0,81,"Buildfile: /srv/codedefenders-class-2026/build.xml

test-mutant:
[junit] Running TestByteVector
[junit] Testsuite: TestByteVector
[junit] Tests run: 1, Failures: 0, Errors: 1, Skipped: 0, Time elapsed: 0.017 sec
[junit] Tests run: 1, Failures: 0, Errors: 1, Skipped: 0, Time elapsed: 0.017 sec
[junit]
[junit] Testcase: test took 0.007 sec
[junit] 	Caused an ERROR
[junit] Index -1 out of bounds for length 2
[junit] java.lang.ArrayIndexOutOfBoundsException: Index -1 out of bounds for length 2
[junit] 	at ByteVector.putShort(ByteVector.java:86)
[junit] 	at TestByteVector.test(TestByteVector.java:11)
[junit] 	at java.base/jdk.internal.reflect.NativeMethodAccessorImpl.invoke0(Native Method)
[junit] 	at java.base/jdk.internal.reflect.NativeMethodAccessorImpl.invoke(NativeMethodAccessorImpl.java:77)
[junit] 	at java.base/jdk.internal.reflect.DelegatingMethodAccessorImpl.invoke(DelegatingMethodAccessorImpl.java:43)
[junit] 	at java.base/java.util.concurrent.FutureTask.run(FutureTask.java:264)
[junit] 	at java.base/java.lang.Thread.run(Thread.java:840)
[junit]
[junit] Test TestByteVector FAILED

BUILD SUCCESSFUL
Total time: 0 seconds
  "
178,mutants/mp/252/152/00000002/ByteVector.java,ed8ce40f21556702e629a528a6ee2575,mutants/mp/252/152/00000002/ByteVector.class,0,252,100,1,1,ASSUMED_NO,795,0,2026-02-02 14:26:30,3,238,"Buildfile: /srv/codedefenders-class-2026/build.xml

test-mutant:
[junit] Running TestByteVector
[junit] Testsuite: TestByteVector
[junit] Tests run: 1, Failures: 0, Errors: 1, Skipped: 0, Time elapsed: 0.016 sec
[junit] Tests run: 1, Failures: 0, Errors: 1, Skipped: 0, Time elapsed: 0.016 sec
[junit]
[junit] Testcase: test took 0.006 sec
[junit] 	Caused an ERROR
[junit] arraycopy: last destination index 5 out of bounds for byte[2]
[junit] java.lang.ArrayIndexOutOfBoundsException: arraycopy: last destination index 5 out of bounds for byte[2]
[junit] 	at java.base/java.lang.System.arraycopy(Native Method)
[junit] 	at ByteVector.putByteArray(ByteVector.java:242)
[junit] 	at TestByteVector.test(TestByteVector.java:12)
[junit] 	at java.base/jdk.internal.reflect.NativeMethodAccessorImpl.invoke0(Native Method)
[junit] 	at java.base/jdk.internal.reflect.NativeMethodAccessorImpl.invoke(NativeMethodAccessorImpl.java:77)
[junit] 	at java.base/jdk.internal.reflect.DelegatingMethodAccessorImpl.invoke(DelegatingMethodAccessorImpl.java:43)
[junit] 	at java.base/java.util.concurrent.FutureTask.run(FutureTask.java:264)
[junit] 	at java.base/java.lang.Thread.run(Thread.java:840)
[junit]
[junit] Test TestByteVector FAILED

BUILD SUCCESSFUL
Total time: 0 seconds
  "
179,mutants/mp/252/152/00000003/ByteVector.java,ac33a7d4a7ceb45e16eddad2bdbd4c06,mutants/mp/252/152/00000003/ByteVector.class,0,252,100,1,1,ASSUMED_NO,795,0,2026-02-02 14:30:41,1,100,"[junit] Testcase: test took 0.008 sec
[junit] arrays first differed at element [0]; expected:<127> but was:<52>
[junit] junit.framework.AssertionFailedError: arrays first differed at element [0]; expected:<127> but was:<52>
[junit] 	at TestByteVector.test(TestByteVector.java:13)
[junit] 	at java.base/jdk.internal.reflect.NativeMethodAccessorImpl.invoke0(Native Method)
[junit] 	at java.base/jdk.internal.reflect.NativeMethodAccessorImpl.invoke(NativeMethodAccessorImpl.java:77)
[junit] 	at java.base/jdk.internal.reflect.DelegatingMethodAccessorImpl.invoke(DelegatingMethodAccessorImpl.java:43)
[junit] 	at java.base/java.util.concurrent.FutureTask.run(FutureTask.java:264)
[junit] 	at java.base/java.lang.Thread.run(Thread.java:840)
[junit] Caused by: java.lang.AssertionError: expected:<127> but was:<52>
"
180,mutants/mp/252/152/00000004/ByteVector.java,3a69e333300c813bbf14a14d6d5bfab1,mutants/mp/252/152/00000004/ByteVector.class,0,252,100,1,1,ASSUMED_NO,795,0,2026-02-02 14:30:58,0,126,"[junit] Testcase: test took 0.008 sec
[junit] arrays first differed at element [0]; expected:<1> but was:<0>
[junit] junit.framework.AssertionFailedError: arrays first differed at element [0]; expected:<1> but was:<0>
[junit] 	at TestByteVector.test(TestByteVector.java:13)
[junit] 	at java.base/jdk.internal.reflect.NativeMethodAccessorImpl.invoke0(Native Method)
[junit] 	at java.base/jdk.internal.reflect.NativeMethodAccessorImpl.invoke(NativeMethodAccessorImpl.java:77)
[junit] 	at java.base/jdk.internal.reflect.DelegatingMethodAccessorImpl.invoke(DelegatingMethodAccessorImpl.java:43)
[junit] 	at java.base/java.util.concurrent.FutureTask.run(FutureTask.java:264)
[junit] 	at java.base/java.lang.Thread.run(Thread.java:840)
[junit] Caused by: java.lang.AssertionError: expected:<1> but was:<0>
"
181,mutants/mp/253/153/00000001/ByteVector.java,8d0fde7f800ade587d04b2e6bcc8665c,mutants/mp/253/153/00000001/ByteVector.class,0,253,100,1,1,ASSUMED_NO,799,0,2026-02-02 16:03:16,1,33,"[junit] Testcase: test took 0.007 sec
[junit] expected:<3> but was:<2>
[junit] junit.framework.AssertionFailedError: expected:<3> but was:<2>
[junit] 	at TestByteVector.test(TestByteVector.java:11)
[junit] 	at java.base/jdk.internal.reflect.NativeMethodAccessorImpl.invoke0(Native Method)
[junit] 	at java.base/jdk.internal.reflect.NativeMethodAccessorImpl.invoke(NativeMethodAccessorImpl.java:77)
[junit] 	at java.base/jdk.internal.reflect.DelegatingMethodAccessorImpl.invoke(DelegatingMethodAccessorImpl.java:43)
[junit] 	at java.base/java.util.concurrent.FutureTask.run(FutureTask.java:264)
[junit] 	at java.base/java.lang.Thread.run(Thread.java:840)
"
182,mutants/mp/253/153/00000002/ByteVector.java,d8fcab63d5fff544afc52cecfcfaa1ba,mutants/mp/253/153/00000002/ByteVector.class,0,253,100,1,1,ASSUMED_NO,799,0,2026-02-02 16:03:29,1,67,"[junit] Testcase: test took 0.008 sec
[junit] expected:<2> but was:<1>
[junit] junit.framework.AssertionFailedError: expected:<2> but was:<1>
[junit] 	at TestByteVector.test(TestByteVector.java:12)
[junit] 	at java.base/jdk.internal.reflect.NativeMethodAccessorImpl.invoke0(Native Method)
[junit] 	at java.base/jdk.internal.reflect.NativeMethodAccessorImpl.invoke(NativeMethodAccessorImpl.java:77)
[junit] 	at java.base/jdk.internal.reflect.DelegatingMethodAccessorImpl.invoke(DelegatingMethodAccessorImpl.java:43)
[junit] 	at java.base/java.util.concurrent.FutureTask.run(FutureTask.java:264)
[junit] 	at java.base/java.lang.Thread.run(Thread.java:840)
"
183,mutants/mp/253/153/00000003/ByteVector.java,acffa169e80a5ebf8f80dd4894f04fa7,mutants/mp/253/153/00000003/ByteVector.class,0,253,100,1,1,ASSUMED_NO,799,0,2026-02-02 16:03:37,1,68,"[junit] Testcase: test took 0.007 sec
[junit] expected:<2> but was:<1>
[junit] junit.framework.AssertionFailedError: expected:<2> but was:<1>
[junit] 	at TestByteVector.test(TestByteVector.java:12)
[junit] 	at java.base/jdk.internal.reflect.NativeMethodAccessorImpl.invoke0(Native Method)
[junit] 	at java.base/jdk.internal.reflect.NativeMethodAccessorImpl.invoke(NativeMethodAccessorImpl.java:77)
[junit] 	at java.base/jdk.internal.reflect.DelegatingMethodAccessorImpl.invoke(DelegatingMethodAccessorImpl.java:43)
[junit] 	at java.base/java.util.concurrent.FutureTask.run(FutureTask.java:264)
[junit] 	at java.base/java.lang.Thread.run(Thread.java:840)
"
184,mutants/mp/253/153/00000004/ByteVector.java,41811612ae03f58de59c14801c3f380e,mutants/mp/253/153/00000004/ByteVector.class,0,253,100,1,1,ASSUMED_NO,799,0,2026-02-02 16:03:49,1,48,"[junit] Testcase: test took 0.008 sec
[junit] expected:<1> but was:<0>
[junit] junit.framework.AssertionFailedError: expected:<1> but was:<0>
[junit] 	at TestByteVector.test(TestByteVector.java:12)
[junit] 	at java.base/jdk.internal.reflect.NativeMethodAccessorImpl.invoke0(Native Method)
[junit] 	at java.base/jdk.internal.reflect.NativeMethodAccessorImpl.invoke(NativeMethodAccessorImpl.java:77)
[junit] 	at java.base/jdk.internal.reflect.DelegatingMethodAccessorImpl.invoke(DelegatingMethodAccessorImpl.java:43)
[junit] 	at java.base/java.util.concurrent.FutureTask.run(FutureTask.java:264)
[junit] 	at java.base/java.lang.Thread.run(Thread.java:840)
"
185,mutants/mp/253/153/00000005/ByteVector.java,90915ef0aca2876478c019ef8c46caec,mutants/mp/253/153/00000005/ByteVector.class,0,253,100,1,1,ASSUMED_NO,799,0,2026-02-02 16:04:08,1,86,"[junit] Testcase: test took 0.008 sec
[junit] expected:<2> but was:<1>
[junit] junit.framework.AssertionFailedError: expected:<2> but was:<1>
[junit] 	at TestByteVector.test(TestByteVector.java:12)
[junit] 	at java.base/jdk.internal.reflect.NativeMethodAccessorImpl.invoke0(Native Method)
[junit] 	at java.base/jdk.internal.reflect.NativeMethodAccessorImpl.invoke(NativeMethodAccessorImpl.java:77)
[junit] 	at java.base/jdk.internal.reflect.DelegatingMethodAccessorImpl.invoke(DelegatingMethodAccessorImpl.java:43)
[junit] 	at java.base/java.util.concurrent.FutureTask.run(FutureTask.java:264)
[junit] 	at java.base/java.lang.Thread.run(Thread.java:840)
"
186,mutants/mp/253/153/00000006/ByteVector.java,660b0ccd0b43373d03ec104c5d193875,mutants/mp/253/153/00000006/ByteVector.class,0,253,100,1,1,ASSUMED_NO,799,0,2026-02-02 16:04:22,1,87,"[junit] Testcase: test took 0.008 sec
[junit] expected:<2> but was:<1>
[junit] junit.framework.AssertionFailedError: expected:<2> but was:<1>
[junit] 	at TestByteVector.test(TestByteVector.java:12)
[junit] 	at java.base/jdk.internal.reflect.NativeMethodAccessorImpl.invoke0(Native Method)
[junit] 	at java.base/jdk.internal.reflect.NativeMethodAccessorImpl.invoke(NativeMethodAccessorImpl.java:77)
[junit] 	at java.base/jdk.internal.reflect.DelegatingMethodAccessorImpl.invoke(DelegatingMethodAccessorImpl.java:43)
[junit] 	at java.base/java.util.concurrent.FutureTask.run(FutureTask.java:264)
[junit] 	at java.base/java.lang.Thread.run(Thread.java:840)
"
187,mutants/mp/253/153/00000007/ByteVector.java,cb5301e63ac1a94a03ffa8977a044fd5,mutants/mp/253/153/00000007/ByteVector.class,0,253,100,1,1,ASSUMED_NO,799,0,2026-02-02 16:04:29,1,106,"[junit] Testcase: test took 0.007 sec
[junit] expected:<3> but was:<2>
[junit] junit.framework.AssertionFailedError: expected:<3> but was:<2>
[junit] 	at TestByteVector.test(TestByteVector.java:12)
[junit] 	at java.base/jdk.internal.reflect.NativeMethodAccessorImpl.invoke0(Native Method)
[junit] 	at java.base/jdk.internal.reflect.NativeMethodAccessorImpl.invoke(NativeMethodAccessorImpl.java:77)
[junit] 	at java.base/jdk.internal.reflect.DelegatingMethodAccessorImpl.invoke(DelegatingMethodAccessorImpl.java:43)
[junit] 	at java.base/java.util.concurrent.FutureTask.run(FutureTask.java:264)
[junit] 	at java.base/java.lang.Thread.run(Thread.java:840)
"
188,mutants/mp/253/153/00000008/ByteVector.java,fd8c8e9dd5ea0796867fb56aa89b601e,mutants/mp/253/153/00000008/ByteVector.class,0,253,100,1,1,ASSUMED_NO,799,0,2026-02-02 16:04:36,1,107,"[junit] Testcase: test took 0.008 sec
[junit] expected:<3> but was:<2>
[junit] junit.framework.AssertionFailedError: expected:<3> but was:<2>
[junit] 	at TestByteVector.test(TestByteVector.java:12)
[junit] 	at java.base/jdk.internal.reflect.NativeMethodAccessorImpl.invoke0(Native Method)
[junit] 	at java.base/jdk.internal.reflect.NativeMethodAccessorImpl.invoke(NativeMethodAccessorImpl.java:77)
[junit] 	at java.base/jdk.internal.reflect.DelegatingMethodAccessorImpl.invoke(DelegatingMethodAccessorImpl.java:43)
[junit] 	at java.base/java.util.concurrent.FutureTask.run(FutureTask.java:264)
[junit] 	at java.base/java.lang.Thread.run(Thread.java:840)
"
189,mutants/mp/253/153/00000009/ByteVector.java,3cd42ff870d833b5fe2136cc2fd89479,mutants/mp/253/153/00000009/ByteVector.class,0,253,100,1,1,ASSUMED_NO,799,0,2026-02-02 16:04:44,1,108,"[junit] Testcase: test took 0.008 sec
[junit] expected:<3> but was:<2>
[junit] junit.framework.AssertionFailedError: expected:<3> but was:<2>
[junit] 	at TestByteVector.test(TestByteVector.java:12)
[junit] 	at java.base/jdk.internal.reflect.NativeMethodAccessorImpl.invoke0(Native Method)
[junit] 	at java.base/jdk.internal.reflect.NativeMethodAccessorImpl.invoke(NativeMethodAccessorImpl.java:77)
[junit] 	at java.base/jdk.internal.reflect.DelegatingMethodAccessorImpl.invoke(DelegatingMethodAccessorImpl.java:43)
[junit] 	at java.base/java.util.concurrent.FutureTask.run(FutureTask.java:264)
[junit] 	at java.base/java.lang.Thread.run(Thread.java:840)
"
190,mutants/mp/253/153/00000010/ByteVector.java,26a65ae46c55b7d10180b9da221012cb,mutants/mp/253/153/00000010/ByteVector.class,0,253,100,1,1,ASSUMED_NO,799,0,2026-02-02 16:04:52,1,126,"[junit] Testcase: test took 0.008 sec
[junit] expected:<4> but was:<3>
[junit] junit.framework.AssertionFailedError: expected:<4> but was:<3>
[junit] 	at TestByteVector.test(TestByteVector.java:12)
[junit] 	at java.base/jdk.internal.reflect.NativeMethodAccessorImpl.invoke0(Native Method)
[junit] 	at java.base/jdk.internal.reflect.NativeMethodAccessorImpl.invoke(NativeMethodAccessorImpl.java:77)
[junit] 	at java.base/jdk.internal.reflect.DelegatingMethodAccessorImpl.invoke(DelegatingMethodAccessorImpl.java:43)
[junit] 	at java.base/java.util.concurrent.FutureTask.run(FutureTask.java:264)
[junit] 	at java.base/java.lang.Thread.run(Thread.java:840)
"
191,mutants/mp/253/153/00000011/ByteVector.java,b638e3c30fbf4aa144a0bc78c28e3333,mutants/mp/253/153/00000011/ByteVector.class,0,253,100,1,1,ASSUMED_NO,799,0,2026-02-02 16:04:58,1,127,"[junit] Testcase: test took 0.008 sec
[junit] expected:<4> but was:<3>
[junit] junit.framework.AssertionFailedError: expected:<4> but was:<3>
[junit] 	at TestByteVector.test(TestByteVector.java:12)
[junit] 	at java.base/jdk.internal.reflect.NativeMethodAccessorImpl.invoke0(Native Method)
[junit] 	at java.base/jdk.internal.reflect.NativeMethodAccessorImpl.invoke(NativeMethodAccessorImpl.java:77)
[junit] 	at java.base/jdk.internal.reflect.DelegatingMethodAccessorImpl.invoke(DelegatingMethodAccessorImpl.java:43)
[junit] 	at java.base/java.util.concurrent.FutureTask.run(FutureTask.java:264)
[junit] 	at java.base/java.lang.Thread.run(Thread.java:840)
"
192,mutants/mp/253/153/00000012/ByteVector.java,a9e0a53076e976611a45ab5955a3fcfe,mutants/mp/253/153/00000012/ByteVector.class,0,253,100,1,1,ASSUMED_NO,799,0,2026-02-02 16:05:11,1,128,"[junit] Testcase: test took 0.008 sec
[junit] expected:<4> but was:<3>
[junit] junit.framework.AssertionFailedError: expected:<4> but was:<3>
[junit] 	at TestByteVector.test(TestByteVector.java:12)
[junit] 	at java.base/jdk.internal.reflect.NativeMethodAccessorImpl.invoke0(Native Method)
[junit] 	at java.base/jdk.internal.reflect.NativeMethodAccessorImpl.invoke(NativeMethodAccessorImpl.java:77)
[junit] 	at java.base/jdk.internal.reflect.DelegatingMethodAccessorImpl.invoke(DelegatingMethodAccessorImpl.java:43)
[junit] 	at java.base/java.util.concurrent.FutureTask.run(FutureTask.java:264)
[junit] 	at java.base/java.lang.Thread.run(Thread.java:840)
"
193,mutants/mp/253/153/00000013/ByteVector.java,13c06dff0cb28e3a4de274c3d218b6e7,mutants/mp/253/153/00000013/ByteVector.class,0,253,100,1,1,ASSUMED_NO,799,0,2026-02-02 16:05:19,1,129,"[junit] Testcase: test took 0.007 sec
[junit] expected:<4> but was:<3>
[junit] junit.framework.AssertionFailedError: expected:<4> but was:<3>
[junit] 	at TestByteVector.test(TestByteVector.java:12)
[junit] 	at java.base/jdk.internal.reflect.NativeMethodAccessorImpl.invoke0(Native Method)
[junit] 	at java.base/jdk.internal.reflect.NativeMethodAccessorImpl.invoke(NativeMethodAccessorImpl.java:77)
[junit] 	at java.base/jdk.internal.reflect.DelegatingMethodAccessorImpl.invoke(DelegatingMethodAccessorImpl.java:43)
[junit] 	at java.base/java.util.concurrent.FutureTask.run(FutureTask.java:264)
[junit] 	at java.base/java.lang.Thread.run(Thread.java:840)
"
194,mutants/mp/253/153/00000014/ByteVector.java,ea7f718ab6212604d3693eee7a67a71d,mutants/mp/253/153/00000014/ByteVector.class,0,253,100,1,1,ASSUMED_NO,799,0,2026-02-02 16:05:32,1,148,"[junit] Testcase: test took 0.014 sec
[junit] expected:<8> but was:<7>
[junit] junit.framework.AssertionFailedError: expected:<8> but was:<7>
[junit] 	at TestByteVector.test(TestByteVector.java:12)
[junit] 	at java.base/jdk.internal.reflect.NativeMethodAccessorImpl.invoke0(Native Method)
[junit] 	at java.base/jdk.internal.reflect.NativeMethodAccessorImpl.invoke(NativeMethodAccessorImpl.java:77)
[junit] 	at java.base/jdk.internal.reflect.DelegatingMethodAccessorImpl.invoke(DelegatingMethodAccessorImpl.java:43)
[junit] 	at java.base/java.util.concurrent.FutureTask.run(FutureTask.java:264)
[junit] 	at java.base/java.lang.Thread.run(Thread.java:840)
"
195,mutants/mp/253/153/00000015/ByteVector.java,712ced5d0786bf75a5ade07b1ec5fac3,mutants/mp/253/153/00000015/ByteVector.class,0,253,100,1,1,ASSUMED_NO,799,0,2026-02-02 16:05:40,1,149,"[junit] Testcase: test took 0.01 sec
[junit] expected:<8> but was:<7>
[junit] junit.framework.AssertionFailedError: expected:<8> but was:<7>
[junit] 	at TestByteVector.test(TestByteVector.java:12)
[junit] 	at java.base/jdk.internal.reflect.NativeMethodAccessorImpl.invoke0(Native Method)
[junit] 	at java.base/jdk.internal.reflect.NativeMethodAccessorImpl.invoke(NativeMethodAccessorImpl.java:77)
[junit] 	at java.base/jdk.internal.reflect.DelegatingMethodAccessorImpl.invoke(DelegatingMethodAccessorImpl.java:43)
[junit] 	at java.base/java.util.concurrent.FutureTask.run(FutureTask.java:264)
[junit] 	at java.base/java.lang.Thread.run(Thread.java:840)
"
196,mutants/mp/253/153/00000016/ByteVector.java,eeb7bec076cbd6d004ba88eeb835c732,mutants/mp/253/153/00000016/ByteVector.class,0,253,100,1,1,ASSUMED_NO,799,0,2026-02-02 16:05:48,1,150,"[junit] Testcase: test took 0.008 sec
[junit] expected:<8> but was:<7>
[junit] junit.framework.AssertionFailedError: expected:<8> but was:<7>
[junit] 	at TestByteVector.test(TestByteVector.java:12)
[junit] 	at java.base/jdk.internal.reflect.NativeMethodAccessorImpl.invoke0(Native Method)
[junit] 	at java.base/jdk.internal.reflect.NativeMethodAccessorImpl.invoke(NativeMethodAccessorImpl.java:77)
[junit] 	at java.base/jdk.internal.reflect.DelegatingMethodAccessorImpl.invoke(DelegatingMethodAccessorImpl.java:43)
[junit] 	at java.base/java.util.concurrent.FutureTask.run(FutureTask.java:264)
[junit] 	at java.base/java.lang.Thread.run(Thread.java:840)
"
197,mutants/mp/253/153/00000017/ByteVector.java,9565489a6d570053b1c9663a9e459a5c,mutants/mp/253/153/00000017/ByteVector.class,0,253,100,1,1,ASSUMED_NO,799,0,2026-02-02 16:05:56,1,151,"[junit] Testcase: test took 0.01 sec
[junit] expected:<8> but was:<7>
[junit] junit.framework.AssertionFailedError: expected:<8> but was:<7>
[junit] 	at TestByteVector.test(TestByteVector.java:12)
[junit] 	at java.base/jdk.internal.reflect.NativeMethodAccessorImpl.invoke0(Native Method)
[junit] 	at java.base/jdk.internal.reflect.NativeMethodAccessorImpl.invoke(NativeMethodAccessorImpl.java:77)
[junit] 	at java.base/jdk.internal.reflect.DelegatingMethodAccessorImpl.invoke(DelegatingMethodAccessorImpl.java:43)
[junit] 	at java.base/java.util.concurrent.FutureTask.run(FutureTask.java:264)
[junit] 	at java.base/java.lang.Thread.run(Thread.java:840)
"
198,mutants/mp/253/153/00000018/ByteVector.java,ea3c6cca3c4fb260e14eab0e86dc5b31,mutants/mp/253/153/00000018/ByteVector.class,0,253,100,1,1,ASSUMED_NO,799,0,2026-02-02 16:06:04,1,153,"[junit] Testcase: test took 0.009 sec
[junit] expected:<8> but was:<7>
[junit] junit.framework.AssertionFailedError: expected:<8> but was:<7>
[junit] 	at TestByteVector.test(TestByteVector.java:12)
[junit] 	at java.base/jdk.internal.reflect.NativeMethodAccessorImpl.invoke0(Native Method)
[junit] 	at java.base/jdk.internal.reflect.NativeMethodAccessorImpl.invoke(NativeMethodAccessorImpl.java:77)
[junit] 	at java.base/jdk.internal.reflect.DelegatingMethodAccessorImpl.invoke(DelegatingMethodAccessorImpl.java:43)
[junit] 	at java.base/java.util.concurrent.FutureTask.run(FutureTask.java:264)
[junit] 	at java.base/java.lang.Thread.run(Thread.java:840)
"
199,mutants/mp/253/153/00000019/ByteVector.java,3ff66aacc33b814527ca36f0970fa865,mutants/mp/253/153/00000019/ByteVector.class,0,253,100,1,1,ASSUMED_NO,799,0,2026-02-02 16:06:15,1,154,"[junit] Testcase: test took 0.01 sec
[junit] expected:<8> but was:<7>
[junit] junit.framework.AssertionFailedError: expected:<8> but was:<7>
[junit] 	at TestByteVector.test(TestByteVector.java:12)
[junit] 	at java.base/jdk.internal.reflect.NativeMethodAccessorImpl.invoke0(Native Method)
[junit] 	at java.base/jdk.internal.reflect.NativeMethodAccessorImpl.invoke(NativeMethodAccessorImpl.java:77)
[junit] 	at java.base/jdk.internal.reflect.DelegatingMethodAccessorImpl.invoke(DelegatingMethodAccessorImpl.java:43)
[junit] 	at java.base/java.util.concurrent.FutureTask.run(FutureTask.java:264)
[junit] 	at java.base/java.lang.Thread.run(Thread.java:840)
"
200,mutants/mp/253/153/00000020/ByteVector.java,8f483c7d103d772ffc3e92a485c0ee14,mutants/mp/253/153/00000020/ByteVector.class,0,253,100,1,1,ASSUMED_NO,799,0,2026-02-02 16:06:21,1,155,"[junit] Testcase: test took 0.015 sec
[junit] expected:<8> but was:<7>
[junit] junit.framework.AssertionFailedError: expected:<8> but was:<7>
[junit] 	at TestByteVector.test(TestByteVector.java:12)
[junit] 	at java.base/jdk.internal.reflect.NativeMethodAccessorImpl.invoke0(Native Method)
[junit] 	at java.base/jdk.internal.reflect.NativeMethodAccessorImpl.invoke(NativeMethodAccessorImpl.java:77)
[junit] 	at java.base/jdk.internal.reflect.DelegatingMethodAccessorImpl.invoke(DelegatingMethodAccessorImpl.java:43)
[junit] 	at java.base/java.util.concurrent.FutureTask.run(FutureTask.java:264)
[junit] 	at java.base/java.lang.Thread.run(Thread.java:840)
"
201,mutants/mp/253/153/00000021/ByteVector.java,1c62335b5dfa789146dcc8043377159f,mutants/mp/253/153/00000021/ByteVector.class,0,253,100,1,1,ASSUMED_NO,799,0,2026-02-02 16:06:31,1,156,"[junit] Testcase: test took 0.011 sec
[junit] expected:<8> but was:<7>
[junit] junit.framework.AssertionFailedError: expected:<8> but was:<7>
[junit] 	at TestByteVector.test(TestByteVector.java:12)
[junit] 	at java.base/jdk.internal.reflect.NativeMethodAccessorImpl.invoke0(Native Method)
[junit] 	at java.base/jdk.internal.reflect.NativeMethodAccessorImpl.invoke(NativeMethodAccessorImpl.java:77)
[junit] 	at java.base/jdk.internal.reflect.DelegatingMethodAccessorImpl.invoke(DelegatingMethodAccessorImpl.java:43)
[junit] 	at java.base/java.util.concurrent.FutureTask.run(FutureTask.java:264)
[junit] 	at java.base/java.lang.Thread.run(Thread.java:840)
"
202,mutants/mp/253/153/00000022/ByteVector.java,6745e761f1eab13adf21d15a0c637fa1,mutants/mp/253/153/00000022/ByteVector.class,0,253,100,1,1,ASSUMED_NO,799,0,2026-02-02 16:06:44,1,181,"[junit] Testcase: test took 0.007 sec
[junit] expected:<4> but was:<3>
[junit] junit.framework.AssertionFailedError: expected:<4> but was:<3>
[junit] 	at TestByteVector.test(TestByteVector.java:12)
[junit] 	at java.base/jdk.internal.reflect.NativeMethodAccessorImpl.invoke0(Native Method)
[junit] 	at java.base/jdk.internal.reflect.NativeMethodAccessorImpl.invoke(NativeMethodAccessorImpl.java:77)
[junit] 	at java.base/jdk.internal.reflect.DelegatingMethodAccessorImpl.invoke(DelegatingMethodAccessorImpl.java:43)
[junit] 	at java.base/java.util.concurrent.FutureTask.run(FutureTask.java:264)
[junit] 	at java.base/java.lang.Thread.run(Thread.java:840)
"
203,mutants/mp/253/153/00000023/ByteVector.java,55685144f1800acdcddf33f2b237795a,mutants/mp/253/153/00000023/ByteVector.class,0,253,100,1,1,ASSUMED_NO,799,0,2026-02-02 16:06:53,1,182,"[junit] Testcase: test took 0.008 sec
[junit] expected:<4> but was:<3>
[junit] junit.framework.AssertionFailedError: expected:<4> but was:<3>
[junit] 	at TestByteVector.test(TestByteVector.java:12)
[junit] 	at java.base/jdk.internal.reflect.NativeMethodAccessorImpl.invoke0(Native Method)
[junit] 	at java.base/jdk.internal.reflect.NativeMethodAccessorImpl.invoke(NativeMethodAccessorImpl.java:77)
[junit] 	at java.base/jdk.internal.reflect.DelegatingMethodAccessorImpl.invoke(DelegatingMethodAccessorImpl.java:43)
[junit] 	at java.base/java.util.concurrent.FutureTask.run(FutureTask.java:264)
[junit] 	at java.base/java.lang.Thread.run(Thread.java:840)
"
204,mutants/mp/253/153/00000024/ByteVector.java,38ebef0a0893bc078fce55c1c87e44cd,mutants/mp/253/153/00000024/ByteVector.class,0,253,100,1,1,ASSUMED_NO,799,0,2026-02-02 16:07:07,1,211,"[junit] Testcase: test took 0.008 sec
[junit] expected:<5> but was:<4>
[junit] junit.framework.AssertionFailedError: expected:<5> but was:<4>
[junit] 	at TestByteVector.test(TestByteVector.java:12)
[junit] 	at java.base/jdk.internal.reflect.NativeMethodAccessorImpl.invoke0(Native Method)
[junit] 	at java.base/jdk.internal.reflect.NativeMethodAccessorImpl.invoke(NativeMethodAccessorImpl.java:77)
[junit] 	at java.base/jdk.internal.reflect.DelegatingMethodAccessorImpl.invoke(DelegatingMethodAccessorImpl.java:43)
[junit] 	at java.base/java.util.concurrent.FutureTask.run(FutureTask.java:264)
[junit] 	at java.base/java.lang.Thread.run(Thread.java:840)
"
205,mutants/mp/253/153/00000025/ByteVector.java,1827eed8e9288ab62a1bd7964ddb6fbb,mutants/mp/253/153/00000025/ByteVector.class,0,253,100,1,1,ASSUMED_NO,799,0,2026-02-02 16:07:14,1,212,"[junit] Testcase: test took 0.008 sec
[junit] expected:<5> but was:<4>
[junit] junit.framework.AssertionFailedError: expected:<5> but was:<4>
[junit] 	at TestByteVector.test(TestByteVector.java:12)
[junit] 	at java.base/jdk.internal.reflect.NativeMethodAccessorImpl.invoke0(Native Method)
[junit] 	at java.base/jdk.internal.reflect.NativeMethodAccessorImpl.invoke(NativeMethodAccessorImpl.java:77)
[junit] 	at java.base/jdk.internal.reflect.DelegatingMethodAccessorImpl.invoke(DelegatingMethodAccessorImpl.java:43)
[junit] 	at java.base/java.util.concurrent.FutureTask.run(FutureTask.java:264)
[junit] 	at java.base/java.lang.Thread.run(Thread.java:840)
"
206,mutants/mp/253/153/00000026/ByteVector.java,9170a4359ce4b0f5e7112f3ffe2c1486,mutants/mp/253/153/00000026/ByteVector.class,0,253,100,1,1,ASSUMED_NO,799,0,2026-02-02 16:07:22,1,213,"[junit] Testcase: test took 0.009 sec
[junit] expected:<5> but was:<4>
[junit] junit.framework.AssertionFailedError: expected:<5> but was:<4>
[junit] 	at TestByteVector.test(TestByteVector.java:12)
[junit] 	at java.base/jdk.internal.reflect.NativeMethodAccessorImpl.invoke0(Native Method)
[junit] 	at java.base/jdk.internal.reflect.NativeMethodAccessorImpl.invoke(NativeMethodAccessorImpl.java:77)
[junit] 	at java.base/jdk.internal.reflect.DelegatingMethodAccessorImpl.invoke(DelegatingMethodAccessorImpl.java:43)
[junit] 	at java.base/java.util.concurrent.FutureTask.run(FutureTask.java:264)
[junit] 	at java.base/java.lang.Thread.run(Thread.java:840)
"
207,mutants/mp/253/153/00000027/ByteVector.java,73fcf8fe125b8930a6878c6faf59e5a8,mutants/mp/253/153/00000027/ByteVector.class,0,253,100,1,1,ASSUMED_NO,799,0,2026-02-02 16:07:32,1,215,"[junit] Testcase: test took 0.008 sec
[junit] expected:<4> but was:<3>
[junit] junit.framework.AssertionFailedError: expected:<4> but was:<3>
[junit] 	at TestByteVector.test(TestByteVector.java:12)
[junit] 	at java.base/jdk.internal.reflect.NativeMethodAccessorImpl.invoke0(Native Method)
[junit] 	at java.base/jdk.internal.reflect.NativeMethodAccessorImpl.invoke(NativeMethodAccessorImpl.java:77)
[junit] 	at java.base/jdk.internal.reflect.DelegatingMethodAccessorImpl.invoke(DelegatingMethodAccessorImpl.java:43)
[junit] 	at java.base/java.util.concurrent.FutureTask.run(FutureTask.java:264)
[junit] 	at java.base/java.lang.Thread.run(Thread.java:840)
"
208,mutants/mp/253/153/00000028/ByteVector.java,c00df67ce0651fe5d924c1333a8d6e1b,mutants/mp/253/153/00000028/ByteVector.class,0,253,100,1,1,ASSUMED_NO,799,0,2026-02-02 16:07:41,1,216,"[junit] Testcase: test took 0.008 sec
[junit] expected:<4> but was:<3>
[junit] junit.framework.AssertionFailedError: expected:<4> but was:<3>
[junit] 	at TestByteVector.test(TestByteVector.java:12)
[junit] 	at java.base/jdk.internal.reflect.NativeMethodAccessorImpl.invoke0(Native Method)
[junit] 	at java.base/jdk.internal.reflect.NativeMethodAccessorImpl.invoke(NativeMethodAccessorImpl.java:77)
[junit] 	at java.base/jdk.internal.reflect.DelegatingMethodAccessorImpl.invoke(DelegatingMethodAccessorImpl.java:43)
[junit] 	at java.base/java.util.concurrent.FutureTask.run(FutureTask.java:264)
[junit] 	at java.base/java.lang.Thread.run(Thread.java:840)
"
209,mutants/mp/253/153/00000029/ByteVector.java,b77ce16d33ea11a95ec013885ec3639a,mutants/mp/253/153/00000029/ByteVector.class,1,253,100,1,,ASSUMED_NO,799,0,2026-02-02 16:09:05,2,46,
210,mutants/mp/253/153/00000030/ByteVector.java,a1a77c0c937e6d28ebfea775b1efbafd,mutants/mp/253/153/00000030/ByteVector.class,0,253,100,1,1,ASSUMED_NO,799,0,2026-02-02 16:09:56,3,89,"[junit] Testcase: test took 0.007 sec
[junit] expected same:<ByteVector@d70db13> was not:<ByteVector@54977b73>
[junit] junit.framework.AssertionFailedError: expected same:<ByteVector@d70db13> was not:<ByteVector@54977b73>
[junit] 	at TestByteVector.test(TestByteVector.java:12)
[junit] 	at java.base/jdk.internal.reflect.NativeMethodAccessorImpl.invoke0(Native Method)
[junit] 	at java.base/jdk.internal.reflect.NativeMethodAccessorImpl.invoke(NativeMethodAccessorImpl.java:77)
[junit] 	at java.base/jdk.internal.reflect.DelegatingMethodAccessorImpl.invoke(DelegatingMethodAccessorImpl.java:43)
[junit] 	at java.base/java.util.concurrent.FutureTask.run(FutureTask.java:264)
[junit] 	at java.base/java.lang.Thread.run(Thread.java:840)
"
211,mutants/mp/253/153/00000031/ByteVector.java,41414bfd33c8163fe584061158bb59dc,mutants/mp/253/153/00000031/ByteVector.class,1,253,100,1,,ASSUMED_NO,799,0,2026-02-02 16:10:24,5,110,
212,mutants/mp/253/153/00000032/ByteVector.java,10df76d56f5b3cbb5521c9eb9591874e,mutants/mp/253/153/00000032/ByteVector.class,0,253,100,1,1,ASSUMED_NO,799,0,2026-02-02 16:10:33,0,50,"[junit] Testcase: test took 0.008 sec
[junit] expected:<2> but was:<1>
[junit] junit.framework.AssertionFailedError: expected:<2> but was:<1>
[junit] 	at TestByteVector.test(TestByteVector.java:12)
[junit] 	at java.base/jdk.internal.reflect.NativeMethodAccessorImpl.invoke0(Native Method)
[junit] 	at java.base/jdk.internal.reflect.NativeMethodAccessorImpl.invoke(NativeMethodAccessorImpl.java:77)
[junit] 	at java.base/jdk.internal.reflect.DelegatingMethodAccessorImpl.invoke(DelegatingMethodAccessorImpl.java:43)
[junit] 	at java.base/java.util.concurrent.FutureTask.run(FutureTask.java:264)
[junit] 	at java.base/java.lang.Thread.run(Thread.java:840)
"
213,mutants/mp/253/153/00000033/ByteVector.java,8834f0cde3d7045cafa1a87d473e1255,mutants/mp/253/153/00000033/ByteVector.class,0,253,100,1,1,ASSUMED_NO,799,0,2026-02-02 16:10:42,4,70,"[junit] Testcase: test took 0.008 sec
[junit] expected:<4> but was:<2>
[junit] junit.framework.AssertionFailedError: expected:<4> but was:<2>
[junit] 	at TestByteVector.test(TestByteVector.java:13)
[junit] 	at java.base/jdk.internal.reflect.NativeMethodAccessorImpl.invoke0(Native Method)
[junit] 	at java.base/jdk.internal.reflect.NativeMethodAccessorImpl.invoke(NativeMethodAccessorImpl.java:77)
[junit] 	at java.base/jdk.internal.reflect.DelegatingMethodAccessorImpl.invoke(DelegatingMethodAccessorImpl.java:43)
[junit] 	at java.base/java.util.concurrent.FutureTask.run(FutureTask.java:264)
[junit] 	at java.base/java.lang.Thread.run(Thread.java:840)
"
214,mutants/mp/253/153/00000034/ByteVector.java,0c1ece87d88d8a8060b59220ae978bac,mutants/mp/253/153/00000034/ByteVector.class,1,253,100,1,,ASSUMED_NO,799,0,2026-02-02 16:10:53,3,131,
215,mutants/mp/253/153/00000035/ByteVector.java,1bc0e7301ab90d0d7e540e89317d6d4e,mutants/mp/253/153/00000035/ByteVector.class,1,253,100,1,,ASSUMED_NO,799,0,2026-02-02 16:11:04,3,158,
216,mutants/mp/253/153/00000036/ByteVector.java,b4166613893fc38433cdb31d60a547e6,mutants/mp/253/153/00000036/ByteVector.class,1,253,100,1,,ASSUMED_NO,799,0,2026-02-02 16:11:17,5,223,
217,mutants/mp/253/153/00000037/ByteVector.java,09cd1a0d79809e82532ad177793f6675,mutants/mp/253/153/00000037/ByteVector.class,0,253,100,1,1,ASSUMED_NO,799,0,2026-02-02 16:12:24,0,107,"[junit] Testcase: test took 0.012 sec
[junit] arrays first differed at element [1]; expected:<1> but was:<0>
[junit] junit.framework.AssertionFailedError: arrays first differed at element [1]; expected:<1> but was:<0>
[junit] 	at TestByteVector.test(TestByteVector.java:13)
[junit] 	at java.base/jdk.internal.reflect.NativeMethodAccessorImpl.invoke0(Native Method)
[junit] 	at java.base/jdk.internal.reflect.NativeMethodAccessorImpl.invoke(NativeMethodAccessorImpl.java:77)
[junit] 	at java.base/jdk.internal.reflect.DelegatingMethodAccessorImpl.invoke(DelegatingMethodAccessorImpl.java:43)
[junit] 	at java.base/java.util.concurrent.FutureTask.run(FutureTask.java:264)
[junit] 	at java.base/java.lang.Thread.run(Thread.java:840)
[junit] Caused by: java.lang.AssertionError: expected:<1> but was:<0>
"
218,mutants/mp/253/153/00000038/ByteVector.java,efc2b9a08369689d99ceed45a18be2cc,mutants/mp/253/153/00000038/ByteVector.class,1,253,100,1,,ASSUMED_NO,799,0,2026-02-02 16:12:49,3,64,
219,mutants/mp/253/153/00000039/ByteVector.java,a7d879e5998bee7d7d5de2036abe0d3c,mutants/mp/253/153/00000039/ByteVector.class,0,253,100,1,1,ASSUMED_NO,799,0,2026-02-02 16:13:00,2,83,"Buildfile: /srv/codedefenders-class-2026/build.xml

test-mutant:
[junit] Running TestByteVector
[junit] Testsuite: TestByteVector
[junit] Tests run: 1, Failures: 0, Errors: 1, Skipped: 0, Time elapsed: 0.02 sec
[junit] Tests run: 1, Failures: 0, Errors: 1, Skipped: 0, Time elapsed: 0.02 sec
[junit]
[junit] Testcase: test took 0.007 sec
[junit] 	Caused an ERROR
[junit] Index 2 out of bounds for length 2
[junit] java.lang.ArrayIndexOutOfBoundsException: Index 2 out of bounds for length 2
[junit] 	at ByteVector.putShort(ByteVector.java:87)
[junit] 	at TestByteVector.test(TestByteVector.java:11)
[junit] 	at java.base/jdk.internal.reflect.NativeMethodAccessorImpl.invoke0(Native Method)
[junit] 	at java.base/jdk.internal.reflect.NativeMethodAccessorImpl.invoke(NativeMethodAccessorImpl.java:77)
[junit] 	at java.base/jdk.internal.reflect.DelegatingMethodAccessorImpl.invoke(DelegatingMethodAccessorImpl.java:43)
[junit] 	at java.base/java.util.concurrent.FutureTask.run(FutureTask.java:264)
[junit] 	at java.base/java.lang.Thread.run(Thread.java:840)
[junit]
[junit] Test TestByteVector FAILED

BUILD SUCCESSFUL
Total time: 0 seconds
  "
220,mutants/mp/253/153/00000040/ByteVector.java,8746f4d127dc9c1b31bfa827084d7cdb,mutants/mp/253/153/00000040/ByteVector.class,1,253,100,1,,ASSUMED_NO,799,0,2026-02-02 16:13:15,4,103,
221,mutants/mp/253/153/00000041/ByteVector.java,7a508cb31132e0bc0e5301635627d2fc,,0,253,100,1,,ASSUMED_NO,799,0,2026-02-02 16:14:04,0,23,
222,mutants/mp/253/153/00000042/ByteVector.java,777c864c5f9752d566cfee36b956e9e7,,0,253,100,1,,ASSUMED_NO,799,0,2026-02-02 16:14:31,0,"23,239",
223,mutants/mp/253/153/00000043/ByteVector.java,875341f8e4c8b98c1c18309aaf6f1e70,mutants/mp/253/153/00000043/ByteVector.class,0,253,100,1,1,ASSUMED_NO,799,0,2026-02-02 16:15:01,0,239,"Buildfile: /srv/codedefenders-class-2026/build.xml

test-mutant:
[junit] Running TestByteVector
[junit] Testsuite: TestByteVector
[junit] Tests run: 1, Failures: 0, Errors: 1, Skipped: 0, Time elapsed: 0.017 sec
[junit] Tests run: 1, Failures: 0, Errors: 1, Skipped: 0, Time elapsed: 0.017 sec
[junit]
[junit] Testcase: test took 0.006 sec
[junit] 	Caused an ERROR
[junit] arraycopy: last destination index 3 out of bounds for byte[2]
[junit] java.lang.ArrayIndexOutOfBoundsException: arraycopy: last destination index 3 out of bounds for byte[2]
[junit] 	at java.base/java.lang.System.arraycopy(Native Method)
[junit] 	at ByteVector.putByteArray(ByteVector.java:242)
[junit] 	at TestByteVector.test(TestByteVector.java:12)
[junit] 	at java.base/jdk.internal.reflect.NativeMethodAccessorImpl.invoke0(Native Method)
[junit] 	at java.base/jdk.internal.reflect.NativeMethodAccessorImpl.invoke(NativeMethodAccessorImpl.java:77)
[junit] 	at java.base/jdk.internal.reflect.DelegatingMethodAccessorImpl.invoke(DelegatingMethodAccessorImpl.java:43)
[junit] 	at java.base/java.util.concurrent.FutureTask.run(FutureTask.java:264)
[junit] 	at java.base/java.lang.Thread.run(Thread.java:840)
[junit]
[junit] Test TestByteVector FAILED

BUILD SUCCESSFUL
Total time: 0 seconds
  "
224,mutants/mp/253/153/00000044/ByteVector.java,f38d9ca39171395d8d23b4b74a8cef7b,mutants/mp/253/153/00000044/ByteVector.class,0,253,100,1,1,ASSUMED_NO,799,0,2026-02-02 16:16:22,0,147,"[junit] Testcase: test took 0.009 sec
[junit] arrays first differed at element [0]; expected:<1> but was:<5>
[junit] junit.framework.AssertionFailedError: arrays first differed at element [0]; expected:<1> but was:<5>
[junit] 	at TestByteVector.test(TestByteVector.java:13)
[junit] 	at java.base/jdk.internal.reflect.NativeMethodAccessorImpl.invoke0(Native Method)
[junit] 	at java.base/jdk.internal.reflect.NativeMethodAccessorImpl.invoke(NativeMethodAccessorImpl.java:77)
[junit] 	at java.base/jdk.internal.reflect.DelegatingMethodAccessorImpl.invoke(DelegatingMethodAccessorImpl.java:43)
[junit] 	at java.base/java.util.concurrent.FutureTask.run(FutureTask.java:264)
[junit] 	at java.base/java.lang.Thread.run(Thread.java:840)
[junit] Caused by: java.lang.AssertionError: expected:<1> but was:<5>
"
225,mutants/mp/279/5/00000001/ByteVector.java,56fb74200ee715cf1ff68bf2d2f09bc4,mutants/mp/279/5/00000001/ByteVector.class,1,279,100,1,,ASSUMED_NO,934,0,2026-02-03 00:31:07,1,"143,145",
226,mutants/mp/281/5/00000001/ByteVector.java,011746d5924210b7477f7ddc3b041f6b,mutants/mp/281/5/00000001/ByteVector.class,1,281,100,1,,ASSUMED_NO,933,0,2026-02-03 00:31:07,1,"122,124,125,126,127,128,129",
227,mutants/mp/294/5/00000001/CharRange.java,631a63606a4a4432244d5197d615db7c,mutants/mp/294/5/00000001/CharRange.class,1,294,101,1,,ASSUMED_NO,1012,0,2026-02-03 00:31:12,1,54,
228,mutants/mp/287/5/00000001/CharRange.java,3d8109dbd91cf9f52ef24be736d6eafb,mutants/mp/287/5/00000001/CharRange.class,1,287,101,1,,ASSUMED_NO,1011,0,2026-02-03 00:31:12,1,54,
229,mutants/mp/288/5/00000001/CharRange.java,dba9123a996fa45664ea261b35d2e694,mutants/mp/288/5/00000001/CharRange.class,1,288,101,1,,ASSUMED_NO,1014,0,2026-02-03 00:31:12,1,54,
230,mutants/mp/293/5/00000001/ByteVector.java,8e8e82ee8780f2a1553aed467336f5ec,mutants/mp/293/5/00000001/ByteVector.class,1,293,100,1,,ASSUMED_NO,1010,0,2026-02-03 00:31:12,1,45,
231,mutants/mp/292/5/00000001/CharRange.java,3dc306cee19c35bd0a0ed34e70804af6,,0,292,101,1,,ASSUMED_NO,1016,0,2026-02-03 00:31:12,0,79,
232,mutants/mp/300/5/00000001/CharRange.java,13c8cc2b1bb3abf1ccf62bd4c453e807,mutants/mp/300/5/00000001/CharRange.class,1,300,101,1,,ASSUMED_NO,1023,0,2026-02-03 00:31:13,1,54,
233,mutants/mp/299/5/00000001/CharRange.java,6b0dedc6d431be2532833687bf7144fa,,0,299,101,1,,ASSUMED_NO,1019,0,2026-02-03 00:31:13,0,"54,56",
234,mutants/mp/286/5/00000001/ByteVector.java,c9965953c5f58c0330e3fad86c64434e,mutants/mp/286/5/00000001/ByteVector.class,1,286,100,1,,ASSUMED_NO,1009,0,2026-02-03 00:31:26,1,"45,47",
235,mutants/mp/292/5/00000002/CharRange.java,4f12d8a3af341d407a9919ed7be323e7,mutants/mp/292/5/00000002/CharRange.class,1,292,101,1,,ASSUMED_NO,1016,0,2026-02-03 00:31:28,1,79,
236,mutants/mp/299/5/00000002/CharRange.java,85e2a7244f2d0d32f6592869fd5ca8a8,mutants/mp/299/5/00000002/CharRange.class,1,299,101,1,,ASSUMED_NO,1019,0,2026-02-03 00:31:29,1,"54,56",
237,mutants/mp/272/5/00000001/ByteVector.java,985b0ab8c3baf02657fcf81c5f0b2f9c,mutants/mp/272/5/00000001/ByteVector.class,1,272,100,1,,ASSUMED_NO,950,0,2026-02-03 00:31:37,1,"45,46,47,48,49",
238,mutants/mp/287/5/00000002/CharRange.java,f3bd29385f7f0f462256a24d6ce458fb,,0,287,101,1,,ASSUMED_NO,1011,0,2026-02-03 00:31:41,0,66,
239,mutants/mp/294/5/00000002/CharRange.java,a51d491a9a3f3aea8f60b23795105701,,0,294,101,1,,ASSUMED_NO,1012,0,2026-02-03 00:31:41,0,66,
240,mutants/mp/306/5/00000001/CharRange.java,631a63606a4a4432244d5197d615db7c,mutants/mp/306/5/00000001/CharRange.class,1,306,101,1,,ASSUMED_NO,1063,0,2026-02-03 08:00:35,1,54,
241,mutants/mp/301/5/00000001/ByteVector.java,904aa57995f48557042e30a3c78b2ac1,mutants/mp/301/5/00000001/ByteVector.class,1,301,100,1,,ASSUMED_NO,1062,0,2026-02-03 08:00:35,1,"45,46,47",
242,mutants/mp/303/5/00000001/CharRange.java,212235682058a6f42d99d695ff56afd5,,0,303,101,1,,ASSUMED_NO,1060,0,2026-02-03 08:00:35,0,54,
243,mutants/mp/309/5/00000001/CharRange.java,ffdfa2b55e5e225ee365567086f20ac8,mutants/mp/309/5/00000001/CharRange.class,1,309,101,1,,ASSUMED_NO,1068,0,2026-02-03 08:08:49,1,136,
244,mutants/mp/313/5/00000001/CharRange.java,dba9123a996fa45664ea261b35d2e694,mutants/mp/313/5/00000001/CharRange.class,0,313,101,1,1,ASSUMED_NO,1109,0,2026-02-03 08:30:09,2,54,"[junit] Testcase: test took 0.007 sec
[junit] expected:<97> but was:<98>
[junit] junit.framework.AssertionFailedError: expected:<97> but was:<98>
[junit] 	at TestCharRange.test(TestCharRange.java:11)
[junit] 	at java.base/jdk.internal.reflect.NativeMethodAccessorImpl.invoke0(Native Method)
[junit] 	at java.base/jdk.internal.reflect.NativeMethodAccessorImpl.invoke(NativeMethodAccessorImpl.java:77)
[junit] 	at java.base/jdk.internal.reflect.DelegatingMethodAccessorImpl.invoke(DelegatingMethodAccessorImpl.java:43)
[junit] 	at java.base/java.util.concurrent.FutureTask.run(FutureTask.java:264)
[junit] 	at java.base/java.lang.Thread.run(Thread.java:840)
"
245,mutants/mp/314/5/00000001/ByteVector.java,35db52b25ef92d88ddc2aa055d32265b,mutants/mp/314/5/00000001/ByteVector.class,1,314,100,1,,ASSUMED_NO,1112,0,2026-02-03 08:30:10,1,"45,48",
246,mutants/mp/318/111/00000001/ByteVector.java,27a85a38193cee73624755283b96f984,mutants/mp/318/111/00000001/ByteVector.class,1,318,100,1,,ASSUMED_NO,1102,0,2026-02-03 08:30:30,3,63,
247,mutants/mp/316/107/00000001/ByteVector.java,77b11122a1191cd22e3a3073747563e8,mutants/mp/316/107/00000001/ByteVector.class,1,316,100,1,,ASSUMED_NO,1107,0,2026-02-03 08:30:36,1,23,
248,mutants/mp/310/105/00000001/CharRange.java,6c1ebf0c7a8c7f5eaa52ac4c0e628c20,mutants/mp/310/105/00000001/CharRange.class,1,310,101,1,,ASSUMED_NO,1105,0,2026-02-03 08:30:38,1,136,
249,mutants/mp/313/5/00000002/CharRange.java,92e523b6904c8dc15b1b609d433d4c09,mutants/mp/313/5/00000002/CharRange.class,1,313,101,1,,ASSUMED_NO,1109,0,2026-02-03 08:30:39,1,79,
250,mutants/mp/314/5/00000002/ByteVector.java,201ded8aeb6582cccf743822628f87a7,mutants/mp/314/5/00000002/ByteVector.class,1,314,100,1,,ASSUMED_NO,1112,0,2026-02-03 08:30:39,1,"45,47",
251,mutants/mp/312/103/00000001/CharRange.java,e686cdb081ec8aa81cec664ac5caefe2,mutants/mp/312/103/00000001/CharRange.class,1,312,101,1,,ASSUMED_NO,1106,0,2026-02-03 08:30:45,4,34,
252,mutants/mp/316/107/00000002/ByteVector.java,f64d0e6381083f3b76485e4a41e4907a,mutants/mp/316/107/00000002/ByteVector.class,1,316,100,1,,ASSUMED_NO,1107,0,2026-02-03 08:30:50,1,33,
253,mutants/mp/315/109/00000001/ByteVector.java,305cc7bc5ae07a193bdbe591cb55f774,mutants/mp/315/109/00000001/ByteVector.class,1,315,100,1,,ASSUMED_NO,1100,0,2026-02-03 08:30:53,4,45,
254,mutants/mp/318/111/00000002/ByteVector.java,b85ef901d678f8c40a02d8302f0023cf,mutants/mp/318/111/00000002/ByteVector.class,1,318,100,1,,ASSUMED_NO,1102,0,2026-02-03 08:30:55,3,"63,64",
255,mutants/mp/317/113/00000001/CharRange.java,e2e06ac1ca748990d2c43ac00472d4cb,mutants/mp/317/113/00000001/CharRange.class,1,317,101,1,,ASSUMED_NO,1104,0,2026-02-03 08:30:58,5,34,
256,mutants/mp/310/105/00000002/CharRange.java,ffff301d00e40218cd042513b3c4cdcf,mutants/mp/310/105/00000002/CharRange.class,1,310,101,1,,ASSUMED_NO,1105,0,2026-02-03 08:31:01,1,136,
257,mutants/mp/316/107/00000003/ByteVector.java,449f3bffc3fef502f6be5136df4ee0e6,mutants/mp/316/107/00000003/ByteVector.class,1,316,100,1,,ASSUMED_NO,1107,0,2026-02-03 08:31:01,1,50,
258,mutants/mp/315/109/00000002/ByteVector.java,b3772932de83bf92a62e518f0883da34,mutants/mp/315/109/00000002/ByteVector.class,1,315,100,1,,ASSUMED_NO,1100,0,2026-02-03 08:31:03,1,46,
259,mutants/mp/318/111/00000003/ByteVector.java,aba7a235297fd4cac9f73fa2502e4b01,mutants/mp/318/111/00000003/ByteVector.class,1,318,100,1,,ASSUMED_NO,1102,0,2026-02-03 08:31:08,3,"45,46",
260,mutants/mp/313/5/00000003/CharRange.java,cd75cecc84be2728d4fd94061ce3f724,mutants/mp/313/5/00000003/CharRange.class,1,313,101,1,,ASSUMED_NO,1109,0,2026-02-03 08:31:09,1,66,
261,mutants/mp/315/109/00000003/ByteVector.java,bc3169d43daaa2b079d96c980735db9a,mutants/mp/315/109/00000003/ByteVector.class,0,315,100,1,1,ASSUMED_NO,1100,0,2026-02-03 08:31:12,0,48,"[junit] Testcase: test took 0.007 sec
[junit] expected:<1> but was:<-1>
[junit] junit.framework.AssertionFailedError: expected:<1> but was:<-1>
[junit] 	at TestByteVector.test(TestByteVector.java:12)
[junit] 	at java.base/jdk.internal.reflect.NativeMethodAccessorImpl.invoke0(Native Method)
[junit] 	at java.base/jdk.internal.reflect.NativeMethodAccessorImpl.invoke(NativeMethodAccessorImpl.java:77)
[junit] 	at java.base/jdk.internal.reflect.DelegatingMethodAccessorImpl.invoke(DelegatingMethodAccessorImpl.java:43)
[junit] 	at java.base/java.util.concurrent.FutureTask.run(FutureTask.java:264)
[junit] 	at java.base/java.lang.Thread.run(Thread.java:840)
"
262,mutants/mp/310/105/00000003/CharRange.java,67190e161710a9ecbd933cfb19c8ded4,mutants/mp/310/105/00000003/CharRange.class,1,310,101,1,,ASSUMED_NO,1105,0,2026-02-03 08:31:18,1,136,
263,mutants/mp/317/113/00000002/CharRange.java,9d80c0133bbeef333c5c40a0c52c6445,mutants/mp/317/113/00000002/CharRange.class,1,317,101,1,,ASSUMED_NO,1104,0,2026-02-03 08:31:20,2,79,
264,mutants/mp/316/107/00000004/ByteVector.java,1da6eb387e43c306c0fd1b8e9dc34316,mutants/mp/316/107/00000004/ByteVector.class,1,316,100,1,,ASSUMED_NO,1107,0,2026-02-03 08:31:20,1,70,
265,mutants/mp/312/103/00000002/CharRange.java,9e3699dfb39020ef43346ed43bf3392b,mutants/mp/312/103/00000002/CharRange.class,1,312,101,1,,ASSUMED_NO,1106,0,2026-02-03 08:31:27,1,207,
266,mutants/mp/315/109/00000004/ByteVector.java,449f3bffc3fef502f6be5136df4ee0e6,mutants/mp/315/109/00000004/ByteVector.class,0,315,100,1,1,ASSUMED_NO,1100,0,2026-02-03 08:31:28,3,50,"Buildfile: /srv/codedefenders-class-2026/build.xml

test-mutant:
[junit] Running TestByteVector
[junit] Testsuite: TestByteVector
[junit] Tests run: 1, Failures: 0, Errors: 1, Skipped: 0, Time elapsed: 0.02 sec
[junit] Tests run: 1, Failures: 0, Errors: 1, Skipped: 0, Time elapsed: 0.02 sec
[junit]
[junit] Testcase: test took 0.008 sec
[junit] 	Caused an ERROR
[junit] Cannot invoke ""ByteVector.putByte(int)"" because the return value of ""ByteVector.putByte(int)"" is null
[junit] java.lang.NullPointerException: Cannot invoke ""ByteVector.putByte(int)"" because the return value of ""ByteVector.putByte(int)"" is null
[junit] 	at TestByteVector.test(TestByteVector.java:11)
[junit] 	at java.base/jdk.internal.reflect.NativeMethodAccessorImpl.invoke0(Native Method)
[junit] 	at java.base/jdk.internal.reflect.NativeMethodAccessorImpl.invoke(NativeMethodAccessorImpl.java:77)
[junit] 	at java.base/jdk.internal.reflect.DelegatingMethodAccessorImpl.invoke(DelegatingMethodAccessorImpl.java:43)
[junit] 	at java.base/java.util.concurrent.FutureTask.run(FutureTask.java:264)
[junit] 	at java.base/java.lang.Thread.run(Thread.java:840)
[junit]
[junit] Test TestByteVector FAILED

BUILD SUCCESSFUL
Total time: 1 second
  "
267,mutants/mp/316/107/00000005/ByteVector.java,636ca45853f3506fb91e5cac3c72feea,mutants/mp/316/107/00000005/ByteVector.class,1,316,100,1,,ASSUMED_NO,1107,0,2026-02-03 08:31:29,1,89,
268,mutants/mp/310/105/00000004/CharRange.java,3d8f56ace163cd07d060bd958d215b31,,0,310,101,1,,ASSUMED_NO,1105,0,2026-02-03 08:31:36,0,124,
269,mutants/mp/318/111/00000004/ByteVector.java,6825e6f9a94bee2a5a2641c784bf250a,mutants/mp/318/111/00000004/ByteVector.class,1,318,100,1,,ASSUMED_NO,1102,0,2026-02-03 08:31:36,2,81,
270,mutants/mp/313/5/00000004/CharRange.java,a64ad70a6da71d510494bf4e948703a1,mutants/mp/313/5/00000004/CharRange.class,1,313,101,1,,ASSUMED_NO,1109,0,2026-02-03 08:31:38,1,79,
271,mutants/mp/316/107/00000006/ByteVector.java,73a40b2765f81293694fef8f55a86fe8,mutants/mp/316/107/00000006/ByteVector.class,1,316,100,1,,ASSUMED_NO,1107,0,2026-02-03 08:31:52,1,211,
272,mutants/mp/318/111/00000005/ByteVector.java,4ed36de18a0a4deef22a06a7cdef6a4a,mutants/mp/318/111/00000005/ByteVector.class,1,318,100,1,,ASSUMED_NO,1102,0,2026-02-03 08:31:56,1,171,
273,mutants/mp/310/105/00000005/CharRange.java,34712018dab36da529396d6f261d33c3,mutants/mp/310/105/00000005/CharRange.class,1,310,101,1,,ASSUMED_NO,1105,0,2026-02-03 08:31:58,1,151,
274,mutants/mp/315/109/00000005/ByteVector.java,3590ab5f325b1741ceb4b163838a1d8d,mutants/mp/315/109/00000005/ByteVector.class,0,315,100,1,1,ASSUMED_NO,1100,0,2026-02-03 08:32:07,2,63,"Buildfile: /srv/codedefenders-class-2026/build.xml

test-mutant:
[junit] Running TestByteVector
[junit] Testsuite: TestByteVector
[junit] Tests run: 1, Failures: 0, Errors: 1, Skipped: 0, Time elapsed: 0.023 sec
[junit] Tests run: 1, Failures: 0, Errors: 1, Skipped: 0, Time elapsed: 0.023 sec
[junit]
[junit] Testcase: test took 0.009 sec
[junit] 	Caused an ERROR
[junit] Index 2 out of bounds for length 2
[junit] java.lang.ArrayIndexOutOfBoundsException: Index 2 out of bounds for length 2
[junit] 	at ByteVector.put11(ByteVector.java:67)
[junit] 	at TestByteVector.test(TestByteVector.java:12)
[junit] 	at java.base/jdk.internal.reflect.NativeMethodAccessorImpl.invoke0(Native Method)
[junit] 	at java.base/jdk.internal.reflect.NativeMethodAccessorImpl.invoke(NativeMethodAccessorImpl.java:77)
[junit] 	at java.base/jdk.internal.reflect.DelegatingMethodAccessorImpl.invoke(DelegatingMethodAccessorImpl.java:43)
[junit] 	at java.base/java.util.concurrent.FutureTask.run(FutureTask.java:264)
[junit] 	at java.base/java.lang.Thread.run(Thread.java:840)
[junit]
[junit] Test TestByteVector FAILED

BUILD SUCCESSFUL
Total time: 1 second
  "
275,mutants/mp/317/113/00000003/CharRange.java,e0f3b0393b868bd1a0559a714aa7d285,mutants/mp/317/113/00000003/CharRange.class,0,317,101,1,1,ASSUMED_NO,1104,0,2026-02-03 08:32:09,0,124,"[junit] Testcase: test took 0.009 sec
[junit] null
[junit] junit.framework.AssertionFailedError
[junit] 	at TestCharRange.test(TestCharRange.java:12)
[junit] 	at java.base/jdk.internal.reflect.NativeMethodAccessorImpl.invoke0(Native Method)
[junit] 	at java.base/jdk.internal.reflect.NativeMethodAccessorImpl.invoke(NativeMethodAccessorImpl.java:77)
[junit] 	at java.base/jdk.internal.reflect.DelegatingMethodAccessorImpl.invoke(DelegatingMethodAccessorImpl.java:43)
[junit] 	at java.base/java.util.concurrent.FutureTask.run(FutureTask.java:264)
[junit] 	at java.base/java.lang.Thread.run(Thread.java:840)
"
276,mutants/mp/316/107/00000007/ByteVector.java,741bf38bc3fa0e4264be74d161b96cdd,mutants/mp/316/107/00000007/ByteVector.class,1,316,100,1,,ASSUMED_NO,1107,0,2026-02-03 08:32:09,1,23,
277,mutants/mp/313/5/00000005/CharRange.java,8c2c530a7257347ba95918c4561e5052,mutants/mp/313/5/00000005/CharRange.class,1,313,101,1,,ASSUMED_NO,1109,0,2026-02-03 08:32:09,1,79,
278,mutants/mp/314/5/00000003/ByteVector.java,688a5548559fd178d3263a054576126c,mutants/mp/314/5/00000003/ByteVector.class,1,314,100,1,,ASSUMED_NO,1112,0,2026-02-03 08:32:10,1,45,
279,mutants/mp/318/111/00000006/ByteVector.java,4645ac7fcb03079fdfb05d602b1eb375,mutants/mp/318/111/00000006/ByteVector.class,1,318,100,1,,ASSUMED_NO,1102,0,2026-02-03 08:32:18,2,255,
280,mutants/mp/312/103/00000003/CharRange.java,21eafb64682a28a221e924b8445d4ef1,mutants/mp/312/103/00000003/CharRange.class,1,312,101,1,,ASSUMED_NO,1106,0,2026-02-03 08:32:19,1,177,
281,mutants/mp/310/105/00000006/CharRange.java,3a29db0914fc0793a5e39f51a7085683,mutants/mp/310/105/00000006/CharRange.class,1,310,101,1,,ASSUMED_NO,1105,0,2026-02-03 08:32:19,1,177,
282,mutants/mp/316/107/00000008/ByteVector.java,4a5556bb18bae5f6207c03b829fe0ce8,mutants/mp/316/107/00000008/ByteVector.class,1,316,100,1,,ASSUMED_NO,1107,0,2026-02-03 08:32:23,1,33,
283,mutants/mp/317/113/00000004/CharRange.java,da7c38c41f5d558c2ebd6445c8fa5783,mutants/mp/317/113/00000004/CharRange.class,1,317,101,1,,ASSUMED_NO,1104,0,2026-02-03 08:32:25,1,136,
284,mutants/mp/315/109/00000006/ByteVector.java,b85ef901d678f8c40a02d8302f0023cf,mutants/mp/315/109/00000006/ByteVector.class,1,315,100,1,,ASSUMED_NO,1100,0,2026-02-03 08:32:25,3,"63,64",
285,mutants/mp/316/107/00000009/ByteVector.java,f22c39195f8fb59d34adefd37d0c2999,,0,316,100,1,,ASSUMED_NO,1107,0,2026-02-03 08:32:38,0,107,
286,mutants/mp/313/5/00000006/CharRange.java,e1ac7f72508241b2fcebb00a862235f3,mutants/mp/313/5/00000006/CharRange.class,1,313,101,1,,ASSUMED_NO,1109,0,2026-02-03 08:32:39,1,66,
287,mutants/mp/315/109/00000007/ByteVector.java,088f83a033403731ea80bb40c3a79816,mutants/mp/315/109/00000007/ByteVector.class,1,315,100,1,,ASSUMED_NO,1100,0,2026-02-03 08:32:39,3,"63,64",
288,mutants/mp/310/105/00000007/CharRange.java,5723c1c128928fdabd542865588338b8,mutants/mp/310/105/00000007/CharRange.class,1,310,101,1,,ASSUMED_NO,1105,0,2026-02-03 08:32:46,1,181,
289,mutants/mp/316/107/00000010/ByteVector.java,b77ce16d33ea11a95ec013885ec3639a,mutants/mp/316/107/00000010/ByteVector.class,1,316,100,1,,ASSUMED_NO,1107,0,2026-02-03 08:32:52,1,46,
290,mutants/mp/314/5/00000004/ByteVector.java,c8c3da200608f37d8269bb9aa8b1042f,mutants/mp/314/5/00000004/ByteVector.class,1,314,100,1,,ASSUMED_NO,1112,0,2026-02-03 08:32:54,1,"45,46",
291,mutants/mp/315/109/00000008/ByteVector.java,1dc8d715897a4b7d19e2113d2094c169,mutants/mp/315/109/00000008/ByteVector.class,0,315,100,1,1,ASSUMED_NO,1100,0,2026-02-03 08:33:02,0,"67,68","[junit] Testcase: test took 0.008 sec
[junit] expected:<2> but was:<0>
[junit] junit.framework.AssertionFailedError: expected:<2> but was:<0>
[junit] 	at TestByteVector.test(TestByteVector.java:12)
[junit] 	at java.base/jdk.internal.reflect.NativeMethodAccessorImpl.invoke0(Native Method)
[junit] 	at java.base/jdk.internal.reflect.NativeMethodAccessorImpl.invoke(NativeMethodAccessorImpl.java:77)
[junit] 	at java.base/jdk.internal.reflect.DelegatingMethodAccessorImpl.invoke(DelegatingMethodAccessorImpl.java:43)
[junit] 	at java.base/java.util.concurrent.FutureTask.run(FutureTask.java:264)
[junit] 	at java.base/java.lang.Thread.run(Thread.java:840)
"
292,mutants/mp/318/111/00000007/ByteVector.java,f5d681fd5c70797ea1e5798ff125ee24,mutants/mp/318/111/00000007/ByteVector.class,1,318,100,1,,ASSUMED_NO,1102,0,2026-02-03 08:33:02,1,244,
293,mutants/mp/316/107/00000011/ByteVector.java,908746f0518fadf5b3bef8c4b3faf795,mutants/mp/316/107/00000011/ByteVector.class,1,316,100,1,,ASSUMED_NO,1107,0,2026-02-03 08:33:05,1,102,
294,mutants/mp/317/113/00000005/CharRange.java,99b342b2a44b5b1c0f941633a534d25d,,0,317,101,1,,ASSUMED_NO,1104,0,2026-02-03 08:33:05,0,"202,208",
295,mutants/mp/310/105/00000008/CharRange.java,e2e06ac1ca748990d2c43ac00472d4cb,mutants/mp/310/105/00000008/CharRange.class,1,310,101,1,,ASSUMED_NO,1105,0,2026-02-03 08:33:05,1,34,
296,mutants/mp/313/5/00000007/CharRange.java,a9ca2038eb8acbdb1afc457eb8a84734,mutants/mp/313/5/00000007/CharRange.class,1,313,101,1,,ASSUMED_NO,1109,0,2026-02-03 08:33:09,1,66,
297,mutants/mp/312/103/00000004/CharRange.java,5dfc7c25ef631032d88aeaa3ae822ce2,mutants/mp/312/103/00000004/CharRange.class,1,312,101,1,,ASSUMED_NO,1106,0,2026-02-03 08:33:15,1,148,
298,mutants/mp/318/111/00000008/ByteVector.java,667c5ae804929398332a2ce68164ae33,mutants/mp/318/111/00000008/ByteVector.class,1,318,100,1,,ASSUMED_NO,1102,0,2026-02-03 08:33:25,1,23,
299,mutants/mp/314/5/00000005/ByteVector.java,1a41643b4af809fab36d5551cddf18bf,mutants/mp/314/5/00000005/ByteVector.class,1,314,100,1,,ASSUMED_NO,1112,0,2026-02-03 08:33:25,1,45,
300,mutants/mp/316/107/00000012/ByteVector.java,fadc70f9fd41d45908a320d3046b1595,mutants/mp/316/107/00000012/ByteVector.class,1,316,100,1,,ASSUMED_NO,1107,0,2026-02-03 08:33:28,1,102,
301,mutants/mp/317/113/00000006/CharRange.java,d068a73364bd9f159de44e937399fcc9,mutants/mp/317/113/00000006/CharRange.class,1,317,101,1,,ASSUMED_NO,1104,0,2026-02-03 08:33:31,1,"202,209",
302,mutants/mp/318/111/00000009/ByteVector.java,cb8faab587bb2983ec7780f03c9d8719,,0,318,100,1,,ASSUMED_NO,1102,0,2026-02-03 08:33:35,0,16,
303,mutants/mp/316/107/00000013/ByteVector.java,8446571d49f3468e25f0bfb46b717cde,mutants/mp/316/107/00000013/ByteVector.class,1,316,100,1,,ASSUMED_NO,1107,0,2026-02-03 08:33:38,1,63,
304,mutants/mp/313/5/00000008/CharRange.java,3c2fc75f16fb6c6eb543b44da69707a0,mutants/mp/313/5/00000008/CharRange.class,1,313,101,1,,ASSUMED_NO,1109,0,2026-02-03 08:33:39,1,66,
305,mutants/mp/310/105/00000009/CharRange.java,a7533e5964ce4b83107690d289338b03,mutants/mp/310/105/00000009/CharRange.class,1,310,101,1,,ASSUMED_NO,1105,0,2026-02-03 08:33:39,1,160,
306,mutants/mp/315/109/00000009/ByteVector.java,2b5c062e6e9b599b78ed195bf7f58e51,mutants/mp/315/109/00000009/ByteVector.class,1,315,100,1,,ASSUMED_NO,1100,0,2026-02-03 08:33:39,1,86,
307,mutants/mp/311/5/00000001/ByteVector.java,5f698e0d94ec67a519ad4bc06740cdea,mutants/mp/311/5/00000001/ByteVector.class,1,311,100,1,,ASSUMED_NO,1108,0,2026-02-03 08:33:41,2,"45,46,47",
308,mutants/mp/316/107/00000014/ByteVector.java,290c0cb7f24f62151cb1b897d6aa885c,mutants/mp/316/107/00000014/ByteVector.class,1,316,100,1,,ASSUMED_NO,1107,0,2026-02-03 08:33:49,1,63,
309,mutants/mp/317/113/00000007/CharRange.java,e476808d9f73b21bc4e490dbe5572605,mutants/mp/317/113/00000007/CharRange.class,1,317,101,1,,ASSUMED_NO,1104,0,2026-02-03 08:33:52,1,202,
310,mutants/mp/310/105/00000010/CharRange.java,27da8c3e3ee80e38e0f88c9ef57b079d,mutants/mp/310/105/00000010/CharRange.class,1,310,101,1,,ASSUMED_NO,1105,0,2026-02-03 08:33:54,1,160,
311,mutants/mp/314/5/00000006/ByteVector.java,316c33d2cf56942a46bef2783c508012,mutants/mp/314/5/00000006/ByteVector.class,1,314,100,1,,ASSUMED_NO,1112,0,2026-02-03 08:33:55,1,"46,48",
312,mutants/mp/312/103/00000005/CharRange.java,f8603e566b45175f8e76c8e6f57a360c,,0,312,101,1,,ASSUMED_NO,1106,0,2026-02-03 08:34:03,0,40,
313,mutants/mp/322/107/00000001/ByteVector.java,05bbcbac1b92fbd5542bdfe4ec9d3d1c,mutants/mp/322/107/00000001/ByteVector.class,0,322,100,1,1,ASSUMED_NO,1152,0,2026-02-03 08:34:44,2,23,"[junit] Testcase: test took 0.008 sec
[junit] expected:<64> but was:<66>
[junit] junit.framework.AssertionFailedError: expected:<64> but was:<66>
[junit] 	at TestByteVector.test(TestByteVector.java:12)
[junit] 	at java.base/jdk.internal.reflect.NativeMethodAccessorImpl.invoke0(Native Method)
[junit] 	at java.base/jdk.internal.reflect.NativeMethodAccessorImpl.invoke(NativeMethodAccessorImpl.java:77)
[junit] 	at java.base/jdk.internal.reflect.DelegatingMethodAccessorImpl.invoke(DelegatingMethodAccessorImpl.java:43)
[junit] 	at java.base/java.util.concurrent.FutureTask.run(FutureTask.java:264)
[junit] 	at java.base/java.lang.Thread.run(Thread.java:840)
"
314,mutants/mp/326/5/00000001/CharRange.java,9d069d2112e7a2ebae0a2d1620d1091c,mutants/mp/326/5/00000001/CharRange.class,0,326,101,1,1,ASSUMED_NO,1158,0,2026-02-03 08:34:48,1,"153,155,158,160","[junit] Testcase: test took 0.009 sec
[junit] null
[junit] junit.framework.AssertionFailedError
[junit] 	at TestCharRange.test(TestCharRange.java:12)
[junit] 	at java.base/jdk.internal.reflect.NativeMethodAccessorImpl.invoke0(Native Method)
[junit] 	at java.base/jdk.internal.reflect.NativeMethodAccessorImpl.invoke(NativeMethodAccessorImpl.java:77)
[junit] 	at java.base/jdk.internal.reflect.DelegatingMethodAccessorImpl.invoke(DelegatingMethodAccessorImpl.java:43)
[junit] 	at java.base/java.util.concurrent.FutureTask.run(FutureTask.java:264)
[junit] 	at java.base/java.lang.Thread.run(Thread.java:840)
"
315,mutants/mp/327/111/00000001/ByteVector.java,667c5ae804929398332a2ce68164ae33,mutants/mp/327/111/00000001/ByteVector.class,0,327,100,1,1,ASSUMED_NO,1148,0,2026-02-03 08:34:49,1,23,"[junit] Testcase: test took 0.006 sec
[junit] expected:<64> but was:<63>
[junit] junit.framework.AssertionFailedError: expected:<64> but was:<63>
[junit] 	at TestByteVector.test(TestByteVector.java:11)
[junit] 	at java.base/jdk.internal.reflect.NativeMethodAccessorImpl.invoke0(Native Method)
[junit] 	at java.base/jdk.internal.reflect.NativeMethodAccessorImpl.invoke(NativeMethodAccessorImpl.java:77)
[junit] 	at java.base/jdk.internal.reflect.DelegatingMethodAccessorImpl.invoke(DelegatingMethodAccessorImpl.java:43)
[junit] 	at java.base/java.util.concurrent.FutureTask.run(FutureTask.java:264)
[junit] 	at java.base/java.lang.Thread.run(Thread.java:840)
"
316,mutants/mp/323/109/00000001/ByteVector.java,f53c310a9cf000572b9944bee4d75a67,mutants/mp/323/109/00000001/ByteVector.class,0,323,100,1,1,ASSUMED_NO,1144,0,2026-02-03 08:34:50,1,23,"[junit] Testcase: test took 0.008 sec
[junit] expected:<64> but was:<32>
[junit] junit.framework.AssertionFailedError: expected:<64> but was:<32>
[junit] 	at TestByteVector.test(TestByteVector.java:12)
[junit] 	at java.base/jdk.internal.reflect.NativeMethodAccessorImpl.invoke0(Native Method)
[junit] 	at java.base/jdk.internal.reflect.NativeMethodAccessorImpl.invoke(NativeMethodAccessorImpl.java:77)
[junit] 	at java.base/jdk.internal.reflect.DelegatingMethodAccessorImpl.invoke(DelegatingMethodAccessorImpl.java:43)
[junit] 	at java.base/java.util.concurrent.FutureTask.run(FutureTask.java:264)
[junit] 	at java.base/java.lang.Thread.run(Thread.java:840)
"
317,mutants/mp/325/5/00000001/ByteVector.java,6756f7ae58e8e6fed490d69db226da60,mutants/mp/325/5/00000001/ByteVector.class,1,325,100,1,,ASSUMED_NO,1157,0,2026-02-03 08:34:54,4,"185,191,193,200,208,210",
318,mutants/mp/324/5/00000001/ByteVector.java,2784db9324117516a0a9ee1fa1fe7f0f,mutants/mp/324/5/00000001/ByteVector.class,1,324,100,1,,ASSUMED_NO,1154,0,2026-02-03 08:34:54,4,"185,186,191,193,208,209,210",
319,mutants/mp/322/107/00000002/ByteVector.java,a89a6d537d6ea42b1474e7d68a4446c5,mutants/mp/322/107/00000002/ByteVector.class,0,322,100,1,1,ASSUMED_NO,1152,0,2026-02-03 08:34:57,2,23,"[junit] Testcase: test took 0.008 sec
[junit] expected:<64> but was:<0>
[junit] junit.framework.AssertionFailedError: expected:<64> but was:<0>
[junit] 	at TestByteVector.test(TestByteVector.java:12)
[junit] 	at java.base/jdk.internal.reflect.NativeMethodAccessorImpl.invoke0(Native Method)
[junit] 	at java.base/jdk.internal.reflect.NativeMethodAccessorImpl.invoke(NativeMethodAccessorImpl.java:77)
[junit] 	at java.base/jdk.internal.reflect.DelegatingMethodAccessorImpl.invoke(DelegatingMethodAccessorImpl.java:43)
[junit] 	at java.base/java.util.concurrent.FutureTask.run(FutureTask.java:264)
[junit] 	at java.base/java.lang.Thread.run(Thread.java:840)
"
320,mutants/mp/327/111/00000002/ByteVector.java,b409bd9e1c226f61fd865ed54ed48a29,mutants/mp/327/111/00000002/ByteVector.class,0,327,100,1,1,ASSUMED_YES,1148,0,2026-02-03 08:35:03,0,44,
321,mutants/mp/319/105/00000001/CharRange.java,67190e161710a9ecbd933cfb19c8ded4,mutants/mp/319/105/00000001/CharRange.class,0,319,101,1,1,ASSUMED_NO,1150,0,2026-02-03 08:35:04,1,136,"[junit] Testcase: test took 0.009 sec
[junit] null
[junit] junit.framework.AssertionFailedError
[junit] 	at TestCharRange.test(TestCharRange.java:12)
[junit] 	at java.base/jdk.internal.reflect.NativeMethodAccessorImpl.invoke0(Native Method)
[junit] 	at java.base/jdk.internal.reflect.NativeMethodAccessorImpl.invoke(NativeMethodAccessorImpl.java:77)
[junit] 	at java.base/jdk.internal.reflect.DelegatingMethodAccessorImpl.invoke(DelegatingMethodAccessorImpl.java:43)
[junit] 	at java.base/java.util.concurrent.FutureTask.run(FutureTask.java:264)
[junit] 	at java.base/java.lang.Thread.run(Thread.java:840)
"
322,mutants/mp/323/109/00000002/ByteVector.java,f64d0e6381083f3b76485e4a41e4907a,mutants/mp/323/109/00000002/ByteVector.class,0,323,100,1,1,ASSUMED_NO,1144,0,2026-02-03 08:35:05,0,33,"[junit] Testcase: test took 0.008 sec
[junit] expected:<3> but was:<4>
[junit] junit.framework.AssertionFailedError: expected:<3> but was:<4>
[junit] 	at TestByteVector.test(TestByteVector.java:12)
[junit] 	at java.base/jdk.internal.reflect.NativeMethodAccessorImpl.invoke0(Native Method)
[junit] 	at java.base/jdk.internal.reflect.NativeMethodAccessorImpl.invoke(NativeMethodAccessorImpl.java:77)
[junit] 	at java.base/jdk.internal.reflect.DelegatingMethodAccessorImpl.invoke(DelegatingMethodAccessorImpl.java:43)
[junit] 	at java.base/java.util.concurrent.FutureTask.run(FutureTask.java:264)
[junit] 	at java.base/java.lang.Thread.run(Thread.java:840)
"
323,mutants/mp/322/107/00000003/ByteVector.java,25e377ad67a9007edbc3ad9ad95c1dae,mutants/mp/322/107/00000003/ByteVector.class,1,322,100,1,,ASSUMED_NO,1152,0,2026-02-03 08:35:06,1,45,
324,mutants/mp/320/103/00000001/CharRange.java,d7e989b65ff384327750a1da7f3401c3,,0,320,101,1,,ASSUMED_NO,1151,0,2026-02-03 08:35:06,0,"40,136,148",
325,mutants/mp/327/111/00000003/ByteVector.java,aba7a235297fd4cac9f73fa2502e4b01,mutants/mp/327/111/00000003/ByteVector.class,0,327,100,1,1,DECLARED_YES,1148,0,2026-02-03 08:35:12,0,"45,46",
326,mutants/mp/319/105/00000002/CharRange.java,34712018dab36da529396d6f261d33c3,mutants/mp/319/105/00000002/CharRange.class,0,319,101,1,1,ASSUMED_NO,1150,0,2026-02-03 08:35:14,1,151,"[junit] Testcase: test took 0.007 sec
[junit] null
[junit] junit.framework.AssertionFailedError
[junit] 	at TestCharRange.test(TestCharRange.java:12)
[junit] 	at java.base/jdk.internal.reflect.NativeMethodAccessorImpl.invoke0(Native Method)
[junit] 	at java.base/jdk.internal.reflect.NativeMethodAccessorImpl.invoke(NativeMethodAccessorImpl.java:77)
[junit] 	at java.base/jdk.internal.reflect.DelegatingMethodAccessorImpl.invoke(DelegatingMethodAccessorImpl.java:43)
[junit] 	at java.base/java.util.concurrent.FutureTask.run(FutureTask.java:264)
[junit] 	at java.base/java.lang.Thread.run(Thread.java:840)
"
327,mutants/mp/322/107/00000004/ByteVector.java,c3b27e6601e12fbf7e7e0a1afbe49bbf,mutants/mp/322/107/00000004/ByteVector.class,1,322,100,1,,ASSUMED_NO,1152,0,2026-02-03 08:35:15,1,45,
328,mutants/mp/323/109/00000003/ByteVector.java,305cc7bc5ae07a193bdbe591cb55f774,mutants/mp/323/109/00000003/ByteVector.class,0,323,100,1,1,ASSUMED_NO,1144,0,2026-02-03 08:35:17,11,45,"[junit] Testcase: test took 0.01 sec
[junit] expected:<5> but was:<8>
[junit] junit.framework.AssertionFailedError: expected:<5> but was:<8>
[junit] 	at TestByteVector.test(TestByteVector.java:18)
[junit] 	at java.base/jdk.internal.reflect.NativeMethodAccessorImpl.invoke0(Native Method)
[junit] 	at java.base/jdk.internal.reflect.NativeMethodAccessorImpl.invoke(NativeMethodAccessorImpl.java:77)
[junit] 	at java.base/jdk.internal.reflect.DelegatingMethodAccessorImpl.invoke(DelegatingMethodAccessorImpl.java:43)
[junit] 	at java.base/java.util.concurrent.FutureTask.run(FutureTask.java:264)
[junit] 	at java.base/java.lang.Thread.run(Thread.java:840)
"
329,mutants/mp/327/111/00000004/ByteVector.java,305cc7bc5ae07a193bdbe591cb55f774,mutants/mp/327/111/00000004/ByteVector.class,0,327,100,1,1,PROVEN_NO,1148,0,2026-02-03 08:35:19,12,45,"[junit] Testcase: test took 0.009 sec
[junit] expected:<1> but was:<2>
[junit] junit.framework.AssertionFailedError: expected:<1> but was:<2>
[junit] 	at TestByteVector.test(TestByteVector.java:13)
[junit] 	at java.base/jdk.internal.reflect.NativeMethodAccessorImpl.invoke0(Native Method)
[junit] 	at java.base/jdk.internal.reflect.NativeMethodAccessorImpl.invoke(NativeMethodAccessorImpl.java:77)
[junit] 	at java.base/jdk.internal.reflect.DelegatingMethodAccessorImpl.invoke(DelegatingMethodAccessorImpl.java:43)
[junit] 	at java.base/java.util.concurrent.FutureTask.run(FutureTask.java:264)
[junit] 	at java.base/java.lang.Thread.run(Thread.java:840)
"
330,mutants/mp/326/5/00000002/CharRange.java,500f6d76a1865456464e9bcd9e26bbf7,mutants/mp/326/5/00000002/CharRange.class,0,326,101,1,1,ASSUMED_NO,1158,0,2026-02-03 08:35:19,1,"153,155,160","[junit] Testcase: test took 0.01 sec
[junit] null
[junit] junit.framework.AssertionFailedError
[junit] 	at TestCharRange.test(TestCharRange.java:12)
[junit] 	at java.base/jdk.internal.reflect.NativeMethodAccessorImpl.invoke0(Native Method)
[junit] 	at java.base/jdk.internal.reflect.NativeMethodAccessorImpl.invoke(NativeMethodAccessorImpl.java:77)
[junit] 	at java.base/jdk.internal.reflect.DelegatingMethodAccessorImpl.invoke(DelegatingMethodAccessorImpl.java:43)
[junit] 	at java.base/java.util.concurrent.FutureTask.run(FutureTask.java:264)
[junit] 	at java.base/java.lang.Thread.run(Thread.java:840)
"
331,mutants/mp/321/113/00000001/CharRange.java,e2e06ac1ca748990d2c43ac00472d4cb,mutants/mp/321/113/00000001/CharRange.class,0,321,101,1,1,DECLARED_YES,1143,0,2026-02-03 08:35:20,0,34,
332,mutants/mp/322/107/00000005/ByteVector.java,305cc7bc5ae07a193bdbe591cb55f774,mutants/mp/322/107/00000005/ByteVector.class,1,322,100,1,,ASSUMED_NO,1152,0,2026-02-03 08:35:22,1,45,
333,mutants/mp/325/5/00000002/ByteVector.java,42604adadbe8ab819e86c1ec9ed927b7,mutants/mp/325/5/00000002/ByteVector.class,1,325,100,1,,ASSUMED_NO,1157,0,2026-02-03 08:35:23,4,"185,191,193,199,200,208,210",
334,mutants/mp/324/5/00000002/ByteVector.java,8d0d11018d6b2e2ce6353ad1368f52a5,mutants/mp/324/5/00000002/ByteVector.class,1,324,100,1,,ASSUMED_NO,1154,0,2026-02-03 08:35:23,4,"185,191,193,194,195,197,208,210,214,215,216,218",
335,mutants/mp/323/109/00000004/ByteVector.java,1c5bbacb3d4593c59ab8366f37408539,mutants/mp/323/109/00000004/ByteVector.class,0,323,100,1,1,ASSUMED_NO,1144,0,2026-02-03 08:35:28,11,45,"[junit] Testcase: test took 0.009 sec
[junit] expected:<5> but was:<8>
[junit] junit.framework.AssertionFailedError: expected:<5> but was:<8>
[junit] 	at TestByteVector.test(TestByteVector.java:18)
[junit] 	at java.base/jdk.internal.reflect.NativeMethodAccessorImpl.invoke0(Native Method)
[junit] 	at java.base/jdk.internal.reflect.NativeMethodAccessorImpl.invoke(NativeMethodAccessorImpl.java:77)
[junit] 	at java.base/jdk.internal.reflect.DelegatingMethodAccessorImpl.invoke(DelegatingMethodAccessorImpl.java:43)
[junit] 	at java.base/java.util.concurrent.FutureTask.run(FutureTask.java:264)
[junit] 	at java.base/java.lang.Thread.run(Thread.java:840)
"
336,mutants/mp/319/105/00000003/CharRange.java,f55335297a73b6d00cbbba78b0afaa2f,mutants/mp/319/105/00000003/CharRange.class,0,319,101,1,1,ASSUMED_NO,1150,0,2026-02-03 08:35:29,3,152,"[junit] Testcase: test took 0.008 sec
[junit] null
[junit] junit.framework.AssertionFailedError
[junit] 	at TestCharRange.test(TestCharRange.java:12)
[junit] 	at java.base/jdk.internal.reflect.NativeMethodAccessorImpl.invoke0(Native Method)
[junit] 	at java.base/jdk.internal.reflect.NativeMethodAccessorImpl.invoke(NativeMethodAccessorImpl.java:77)
[junit] 	at java.base/jdk.internal.reflect.DelegatingMethodAccessorImpl.invoke(DelegatingMethodAccessorImpl.java:43)
[junit] 	at java.base/java.util.concurrent.FutureTask.run(FutureTask.java:264)
[junit] 	at java.base/java.lang.Thread.run(Thread.java:840)
"
337,mutants/mp/322/107/00000006/ByteVector.java,b77ce16d33ea11a95ec013885ec3639a,mutants/mp/322/107/00000006/ByteVector.class,1,322,100,1,,ASSUMED_NO,1152,0,2026-02-03 08:35:30,1,46,
338,mutants/mp/320/103/00000002/CharRange.java,74c0e520068894fae694f8d4ccaa75c4,mutants/mp/320/103/00000002/CharRange.class,0,320,101,1,1,ASSUMED_NO,1151,0,2026-02-03 08:35:32,1,"136,148","[junit] Testcase: test took 0.01 sec
[junit] null
[junit] junit.framework.AssertionFailedError
[junit] 	at TestCharRange.test(TestCharRange.java:11)
[junit] 	at java.base/jdk.internal.reflect.NativeMethodAccessorImpl.invoke0(Native Method)
[junit] 	at java.base/jdk.internal.reflect.NativeMethodAccessorImpl.invoke(NativeMethodAccessorImpl.java:77)
[junit] 	at java.base/jdk.internal.reflect.DelegatingMethodAccessorImpl.invoke(DelegatingMethodAccessorImpl.java:43)
[junit] 	at java.base/java.util.concurrent.FutureTask.run(FutureTask.java:264)
[junit] 	at java.base/java.lang.Thread.run(Thread.java:840)
"
339,mutants/mp/327/111/00000005/ByteVector.java,27a85a38193cee73624755283b96f984,mutants/mp/327/111/00000005/ByteVector.class,1,327,100,1,,ASSUMED_NO,1148,0,2026-02-03 08:35:34,5,63,
340,mutants/mp/322/107/00000007/ByteVector.java,4a5556bb18bae5f6207c03b829fe0ce8,mutants/mp/322/107/00000007/ByteVector.class,0,322,100,1,1,ASSUMED_NO,1152,0,2026-02-03 08:35:36,1,33,"[junit] Testcase: test took 0.007 sec
[junit] expected:<128> but was:<0>
[junit] junit.framework.AssertionFailedError: expected:<128> but was:<0>
[junit] 	at TestByteVector.test(TestByteVector.java:12)
[junit] 	at java.base/jdk.internal.reflect.NativeMethodAccessorImpl.invoke0(Native Method)
[junit] 	at java.base/jdk.internal.reflect.NativeMethodAccessorImpl.invoke(NativeMethodAccessorImpl.java:77)
[junit] 	at java.base/jdk.internal.reflect.DelegatingMethodAccessorImpl.invoke(DelegatingMethodAccessorImpl.java:43)
[junit] 	at java.base/java.util.concurrent.FutureTask.run(FutureTask.java:264)
[junit] 	at java.base/java.lang.Thread.run(Thread.java:840)
"
341,mutants/mp/323/109/00000005/ByteVector.java,7d9ddfe6444c20a973a859c04242e71e,mutants/mp/323/109/00000005/ByteVector.class,0,323,100,1,1,ASSUMED_NO,1144,0,2026-02-03 08:35:41,2,"45,46","Buildfile: /srv/codedefenders-class-2026/build.xml

test-mutant:
[junit] Running TestByteVector
[junit] Testsuite: TestByteVector
[junit] Tests run: 1, Failures: 0, Errors: 1, Skipped: 0, Time elapsed: 0.024 sec
[junit] Tests run: 1, Failures: 0, Errors: 1, Skipped: 0, Time elapsed: 0.024 sec
[junit]
[junit] Testcase: test took 0.009 sec
[junit] 	Caused an ERROR
[junit] Index 1 out of bounds for length 1
[junit] java.lang.ArrayIndexOutOfBoundsException: Index 1 out of bounds for length 1
[junit] 	at ByteVector.putByte(ByteVector.java:48)
[junit] 	at TestByteVector.test(TestByteVector.java:11)
[junit] 	at java.base/jdk.internal.reflect.NativeMethodAccessorImpl.invoke0(Native Method)
[junit] 	at java.base/jdk.internal.reflect.NativeMethodAccessorImpl.invoke(NativeMethodAccessorImpl.java:77)
[junit] 	at java.base/jdk.internal.reflect.DelegatingMethodAccessorImpl.invoke(DelegatingMethodAccessorImpl.java:43)
[junit] 	at java.base/java.util.concurrent.FutureTask.run(FutureTask.java:264)
[junit] 	at java.base/java.lang.Thread.run(Thread.java:840)
[junit]
[junit] Test TestByteVector FAILED

BUILD SUCCESSFUL
Total time: 1 second
  "
342,mutants/mp/321/113/00000002/CharRange.java,d068a73364bd9f159de44e937399fcc9,mutants/mp/321/113/00000002/CharRange.class,0,321,101,1,1,ASSUMED_NO,1143,0,2026-02-03 08:35:42,1,"202,209","[junit] Testcase: test took 0.018 sec
[junit] expected:<a-[]e> but was:<a-[-]e>
[junit] junit.framework.AssertionFailedError: expected:<a-[]e> but was:<a-[-]e>
[junit] 	at TestCharRange.test(TestCharRange.java:11)
[junit] 	at java.base/jdk.internal.reflect.NativeMethodAccessorImpl.invoke0(Native Method)
[junit] 	at java.base/jdk.internal.reflect.NativeMethodAccessorImpl.invoke(NativeMethodAccessorImpl.java:77)
[junit] 	at java.base/jdk.internal.reflect.DelegatingMethodAccessorImpl.invoke(DelegatingMethodAccessorImpl.java:43)
[junit] 	at java.base/java.util.concurrent.FutureTask.run(FutureTask.java:264)
[junit] 	at java.base/java.lang.Thread.run(Thread.java:840)
"
343,mutants/mp/322/107/00000008/ByteVector.java,4ec16f582d17c613a493410a03bd964b,mutants/mp/322/107/00000008/ByteVector.class,0,322,100,1,1,ASSUMED_NO,1152,0,2026-02-03 08:35:46,1,33,"Buildfile: /srv/codedefenders-class-2026/build.xml

test-mutant:
[junit] Running TestByteVector
[junit] Testsuite: TestByteVector
[junit] Tests run: 1, Failures: 0, Errors: 1, Skipped: 0, Time elapsed: 0.019 sec
[junit] Tests run: 1, Failures: 0, Errors: 1, Skipped: 0, Time elapsed: 0.019 sec
[junit]
[junit] Testcase: test took 0.007 sec
[junit] 	Caused an ERROR
[junit] Cannot read the array length because ""vector.data"" is null
[junit] java.lang.NullPointerException: Cannot read the array length because ""vector.data"" is null
[junit] 	at TestByteVector.test(TestByteVector.java:12)
[junit] 	at java.base/jdk.internal.reflect.NativeMethodAccessorImpl.invoke0(Native Method)
[junit] 	at java.base/jdk.internal.reflect.NativeMethodAccessorImpl.invoke(NativeMethodAccessorImpl.java:77)
[junit] 	at java.base/jdk.internal.reflect.DelegatingMethodAccessorImpl.invoke(DelegatingMethodAccessorImpl.java:43)
[junit] 	at java.base/java.util.concurrent.FutureTask.run(FutureTask.java:264)
[junit] 	at java.base/java.lang.Thread.run(Thread.java:840)
[junit]
[junit] Test TestByteVector FAILED

BUILD SUCCESSFUL
Total time: 0 seconds
  "
344,mutants/mp/324/5/00000003/ByteVector.java,677de955ee79e135203dac1e146f37aa,mutants/mp/324/5/00000003/ByteVector.class,0,324,100,1,1,ASSUMED_NO,1154,0,2026-02-03 08:35:48,7,"45,46,47,48","[junit] Testcase: test took 0.014 sec
[junit] expected:<67> but was:<66>
[junit] junit.framework.AssertionFailedError: expected:<67> but was:<66>
[junit] 	at TestByteVector.test(TestByteVector.java:13)
[junit] 	at java.base/jdk.internal.reflect.NativeMethodAccessorImpl.invoke0(Native Method)
[junit] 	at java.base/jdk.internal.reflect.NativeMethodAccessorImpl.invoke(NativeMethodAccessorImpl.java:77)
[junit] 	at java.base/jdk.internal.reflect.DelegatingMethodAccessorImpl.invoke(DelegatingMethodAccessorImpl.java:43)
[junit] 	at java.base/java.util.concurrent.FutureTask.run(FutureTask.java:264)
[junit] 	at java.base/java.lang.Thread.run(Thread.java:840)
"
345,mutants/mp/323/109/00000006/ByteVector.java,2dcc05e08c2aba45a42362202aefd579,mutants/mp/323/109/00000006/ByteVector.class,0,323,100,1,1,ASSUMED_NO,1144,0,2026-02-03 08:35:54,0,48,"[junit] Testcase: test took 0.008 sec
[junit] expected:<-85> but was:<0>
[junit] junit.framework.AssertionFailedError: expected:<-85> but was:<0>
[junit] 	at TestByteVector.test(TestByteVector.java:13)
[junit] 	at java.base/jdk.internal.reflect.NativeMethodAccessorImpl.invoke0(Native Method)
[junit] 	at java.base/jdk.internal.reflect.NativeMethodAccessorImpl.invoke(NativeMethodAccessorImpl.java:77)
[junit] 	at java.base/jdk.internal.reflect.DelegatingMethodAccessorImpl.invoke(DelegatingMethodAccessorImpl.java:43)
[junit] 	at java.base/java.util.concurrent.FutureTask.run(FutureTask.java:264)
[junit] 	at java.base/java.lang.Thread.run(Thread.java:840)
"
346,mutants/mp/319/105/00000004/CharRange.java,ffff301d00e40218cd042513b3c4cdcf,mutants/mp/319/105/00000004/CharRange.class,0,319,101,1,1,ASSUMED_NO,1150,0,2026-02-03 08:35:55,1,136,"[junit] Testcase: test took 0.008 sec
[junit] null
[junit] junit.framework.AssertionFailedError
[junit] 	at TestCharRange.test(TestCharRange.java:12)
[junit] 	at java.base/jdk.internal.reflect.NativeMethodAccessorImpl.invoke0(Native Method)
[junit] 	at java.base/jdk.internal.reflect.NativeMethodAccessorImpl.invoke(NativeMethodAccessorImpl.java:77)
[junit] 	at java.base/jdk.internal.reflect.DelegatingMethodAccessorImpl.invoke(DelegatingMethodAccessorImpl.java:43)
[junit] 	at java.base/java.util.concurrent.FutureTask.run(FutureTask.java:264)
[junit] 	at java.base/java.lang.Thread.run(Thread.java:840)
"
347,mutants/mp/322/107/00000009/ByteVector.java,d8fcab63d5fff544afc52cecfcfaa1ba,mutants/mp/322/107/00000009/ByteVector.class,1,322,100,1,,ASSUMED_NO,1152,0,2026-02-03 08:35:57,1,67,
348,mutants/mp/327/111/00000006/ByteVector.java,fade3121ed538abf3c09f35c68ce2895,mutants/mp/327/111/00000006/ByteVector.class,0,327,100,1,1,ASSUMED_NO,1148,0,2026-02-03 08:35:58,3,"102,103","[junit] Testcase: test took 0.01 sec
[junit] array lengths differed, expected.length=3 actual.length=6; arrays first differed at element [3]; expected:<end of array> but was:<0>
[junit] junit.framework.AssertionFailedError: array lengths differed, expected.length=3 actual.length=6; arrays first differed at element [3]; expected:<end of array> but was:<0>
[junit] 	at TestByteVector.test(TestByteVector.java:14)
[junit] 	at java.base/jdk.internal.reflect.NativeMethodAccessorImpl.invoke0(Native Method)
[junit] 	at java.base/jdk.internal.reflect.NativeMethodAccessorImpl.invoke(NativeMethodAccessorImpl.java:77)
[junit] 	at java.base/jdk.internal.reflect.DelegatingMethodAccessorImpl.invoke(DelegatingMethodAccessorImpl.java:43)
[junit] 	at java.base/java.util.concurrent.FutureTask.run(FutureTask.java:264)
[junit] 	at java.base/java.lang.Thread.run(Thread.java:840)
[junit] Caused by: java.lang.AssertionError: expected:<end of array> but was:<0>
"
349,mutants/mp/326/5/00000003/CharRange.java,45a8676be23e767e5cc3840548411c00,mutants/mp/326/5/00000003/CharRange.class,0,326,101,1,1,ASSUMED_NO,1158,0,2026-02-03 08:36:04,1,"153,155,158,160","[junit] Testcase: test took 0.018 sec
[junit] null
[junit] junit.framework.AssertionFailedError
[junit] 	at TestCharRange.test(TestCharRange.java:12)
[junit] 	at java.base/jdk.internal.reflect.NativeMethodAccessorImpl.invoke0(Native Method)
[junit] 	at java.base/jdk.internal.reflect.NativeMethodAccessorImpl.invoke(NativeMethodAccessorImpl.java:77)
[junit] 	at java.base/jdk.internal.reflect.DelegatingMethodAccessorImpl.invoke(DelegatingMethodAccessorImpl.java:43)
[junit] 	at java.base/java.util.concurrent.FutureTask.run(FutureTask.java:264)
[junit] 	at java.base/java.lang.Thread.run(Thread.java:840)
"
350,mutants/mp/319/105/00000005/CharRange.java,5a1b8d75b978ac8871f878dbdf7106c6,mutants/mp/319/105/00000005/CharRange.class,0,319,101,1,1,ASSUMED_NO,1150,0,2026-02-03 08:36:04,1,136,"[junit] Testcase: test took 0.013 sec
[junit] null
[junit] junit.framework.AssertionFailedError
[junit] 	at TestCharRange.test(TestCharRange.java:12)
[junit] 	at java.base/jdk.internal.reflect.NativeMethodAccessorImpl.invoke0(Native Method)
[junit] 	at java.base/jdk.internal.reflect.NativeMethodAccessorImpl.invoke(NativeMethodAccessorImpl.java:77)
[junit] 	at java.base/jdk.internal.reflect.DelegatingMethodAccessorImpl.invoke(DelegatingMethodAccessorImpl.java:43)
[junit] 	at java.base/java.util.concurrent.FutureTask.run(FutureTask.java:264)
[junit] 	at java.base/java.lang.Thread.run(Thread.java:840)
"
351,mutants/mp/323/109/00000007/ByteVector.java,449f3bffc3fef502f6be5136df4ee0e6,mutants/mp/323/109/00000007/ByteVector.class,0,323,100,1,1,ASSUMED_NO,1144,0,2026-02-03 08:36:05,0,50,"Buildfile: /srv/codedefenders-class-2026/build.xml

test-mutant:
[junit] Running TestByteVector
[junit] Testsuite: TestByteVector
[junit] Tests run: 1, Failures: 0, Errors: 1, Skipped: 0, Time elapsed: 0.024 sec
[junit] Tests run: 1, Failures: 0, Errors: 1, Skipped: 0, Time elapsed: 0.024 sec
[junit]
[junit] Testcase: test took 0.011 sec
[junit] 	Caused an ERROR
[junit] Cannot invoke ""ByteVector.putByte(int)"" because the return value of ""ByteVector.putByte(int)"" is null
[junit] java.lang.NullPointerException: Cannot invoke ""ByteVector.putByte(int)"" because the return value of ""ByteVector.putByte(int)"" is null
[junit] 	at TestByteVector.test(TestByteVector.java:11)
[junit] 	at java.base/jdk.internal.reflect.NativeMethodAccessorImpl.invoke0(Native Method)
[junit] 	at java.base/jdk.internal.reflect.NativeMethodAccessorImpl.invoke(NativeMethodAccessorImpl.java:77)
[junit] 	at java.base/jdk.internal.reflect.DelegatingMethodAccessorImpl.invoke(DelegatingMethodAccessorImpl.java:43)
[junit] 	at java.base/java.util.concurrent.FutureTask.run(FutureTask.java:264)
[junit] 	at java.base/java.lang.Thread.run(Thread.java:840)
[junit]
[junit] Test TestByteVector FAILED

BUILD SUCCESSFUL
Total time: 1 second
  "
352,mutants/mp/321/113/00000003/CharRange.java,9d80c0133bbeef333c5c40a0c52c6445,mutants/mp/321/113/00000003/CharRange.class,0,321,101,1,1,ASSUMED_NO,1143,0,2026-02-03 08:36:06,0,79,"[junit] Testcase: test took 0.009 sec
[junit] expected:<97> but was:<101>
[junit] junit.framework.AssertionFailedError: expected:<97> but was:<101>
[junit] 	at TestCharRange.test(TestCharRange.java:11)
[junit] 	at java.base/jdk.internal.reflect.NativeMethodAccessorImpl.invoke0(Native Method)
[junit] 	at java.base/jdk.internal.reflect.NativeMethodAccessorImpl.invoke(NativeMethodAccessorImpl.java:77)
[junit] 	at java.base/jdk.internal.reflect.DelegatingMethodAccessorImpl.invoke(DelegatingMethodAccessorImpl.java:43)
[junit] 	at java.base/java.util.concurrent.FutureTask.run(FutureTask.java:264)
[junit] 	at java.base/java.lang.Thread.run(Thread.java:840)
"
353,mutants/mp/325/5/00000003/ByteVector.java,1e53dd405c2dbf7921acd0d479444cf4,mutants/mp/325/5/00000003/ByteVector.class,1,325,100,1,,ASSUMED_NO,1157,0,2026-02-03 08:36:06,4,"185,191,193,208,210",
354,mutants/mp/320/103/00000003/CharRange.java,cdbceba3def5c5ef19026a7388f4d4f6,mutants/mp/320/103/00000003/CharRange.class,0,320,101,1,1,ASSUMED_NO,1151,0,2026-02-03 08:36:07,0,112,"[junit] Testcase: test took 0.008 sec
[junit] expected:<100> but was:<102>
[junit] junit.framework.AssertionFailedError: expected:<100> but was:<102>
[junit] 	at TestCharRange.test(TestCharRange.java:12)
[junit] 	at java.base/jdk.internal.reflect.NativeMethodAccessorImpl.invoke0(Native Method)
[junit] 	at java.base/jdk.internal.reflect.NativeMethodAccessorImpl.invoke(NativeMethodAccessorImpl.java:77)
[junit] 	at java.base/jdk.internal.reflect.DelegatingMethodAccessorImpl.invoke(DelegatingMethodAccessorImpl.java:43)
[junit] 	at java.base/java.util.concurrent.FutureTask.run(FutureTask.java:264)
[junit] 	at java.base/java.lang.Thread.run(Thread.java:840)
"
355,mutants/mp/327/111/00000007/ByteVector.java,908746f0518fadf5b3bef8c4b3faf795,mutants/mp/327/111/00000007/ByteVector.class,0,327,100,1,1,ASSUMED_NO,1148,0,2026-02-03 08:36:07,3,102,"[junit] Testcase: test took 0.011 sec
[junit] array lengths differed, expected.length=3 actual.length=6; arrays first differed at element [3]; expected:<end of array> but was:<0>
[junit] junit.framework.AssertionFailedError: array lengths differed, expected.length=3 actual.length=6; arrays first differed at element [3]; expected:<end of array> but was:<0>
[junit] 	at TestByteVector.test(TestByteVector.java:14)
[junit] 	at java.base/jdk.internal.reflect.NativeMethodAccessorImpl.invoke0(Native Method)
[junit] 	at java.base/jdk.internal.reflect.NativeMethodAccessorImpl.invoke(NativeMethodAccessorImpl.java:77)
[junit] 	at java.base/jdk.internal.reflect.DelegatingMethodAccessorImpl.invoke(DelegatingMethodAccessorImpl.java:43)
[junit] 	at java.base/java.util.concurrent.FutureTask.run(FutureTask.java:264)
[junit] 	at java.base/java.lang.Thread.run(Thread.java:840)
[junit] Caused by: java.lang.AssertionError: expected:<end of array> but was:<0>
"
356,mutants/mp/322/107/00000010/ByteVector.java,dcd316380df6f17297d097dd10d5a6c2,mutants/mp/322/107/00000010/ByteVector.class,1,322,100,1,,ASSUMED_NO,1152,0,2026-02-03 08:36:12,1,82,
357,mutants/mp/324/5/00000004/ByteVector.java,f429a43f58986640ac8b4fa64a0c59b2,mutants/mp/324/5/00000004/ByteVector.class,0,324,100,1,1,ASSUMED_NO,1154,0,2026-02-03 08:36:18,7,48,"[junit] Testcase: test took 0.01 sec
[junit] expected:<67> but was:<71>
[junit] junit.framework.AssertionFailedError: expected:<67> but was:<71>
[junit] 	at TestByteVector.test(TestByteVector.java:13)
[junit] 	at java.base/jdk.internal.reflect.NativeMethodAccessorImpl.invoke0(Native Method)
[junit] 	at java.base/jdk.internal.reflect.NativeMethodAccessorImpl.invoke(NativeMethodAccessorImpl.java:77)
[junit] 	at java.base/jdk.internal.reflect.DelegatingMethodAccessorImpl.invoke(DelegatingMethodAccessorImpl.java:43)
[junit] 	at java.base/java.util.concurrent.FutureTask.run(FutureTask.java:264)
[junit] 	at java.base/java.lang.Thread.run(Thread.java:840)
"
358,mutants/mp/327/111/00000008/ByteVector.java,e3f4a885588e0cb81a67c25dd4862d1e,mutants/mp/327/111/00000008/ByteVector.class,0,327,100,1,1,ASSUMED_YES,1148,0,2026-02-03 08:36:19,0,255,
359,mutants/mp/319/105/00000006/CharRange.java,7ac98a13cb8355b9edb1ffefefe4ccc2,mutants/mp/319/105/00000006/CharRange.class,1,319,101,1,,ASSUMED_NO,1150,0,2026-02-03 08:36:20,2,155,
360,mutants/mp/322/107/00000011/ByteVector.java,b9ce654be987251ede3eb4faf98bae4e,mutants/mp/322/107/00000011/ByteVector.class,1,322,100,1,,ASSUMED_NO,1152,0,2026-02-03 08:36:22,1,82,
361,mutants/mp/322/107/00000012/ByteVector.java,bbd3855eeaa90012fb3a79fc6052048e,mutants/mp/322/107/00000012/ByteVector.class,1,322,100,1,,ASSUMED_NO,1152,0,2026-02-03 08:36:32,1,82,
362,mutants/mp/319/105/00000007/CharRange.java,48cf49c427d57664ac5afea7530aba20,mutants/mp/319/105/00000007/CharRange.class,1,319,101,1,,ASSUMED_NO,1150,0,2026-02-03 08:36:33,2,155,
363,mutants/mp/326/5/00000004/CharRange.java,13c8cc2b1bb3abf1ccf62bd4c453e807,mutants/mp/326/5/00000004/CharRange.class,0,326,101,1,1,ASSUMED_NO,1158,0,2026-02-03 08:36:33,0,54,"[junit] Testcase: test took 0.013 sec
[junit] null
[junit] junit.framework.AssertionFailedError
[junit] 	at TestCharRange.test(TestCharRange.java:11)
[junit] 	at java.base/jdk.internal.reflect.NativeMethodAccessorImpl.invoke0(Native Method)
[junit] 	at java.base/jdk.internal.reflect.NativeMethodAccessorImpl.invoke(NativeMethodAccessorImpl.java:77)
[junit] 	at java.base/jdk.internal.reflect.DelegatingMethodAccessorImpl.invoke(DelegatingMethodAccessorImpl.java:43)
[junit] 	at java.base/java.util.concurrent.FutureTask.run(FutureTask.java:264)
[junit] 	at java.base/java.lang.Thread.run(Thread.java:840)
"
364,mutants/mp/325/5/00000004/ByteVector.java,7c66b089c223bf6f1564859174872e22,mutants/mp/325/5/00000004/ByteVector.class,0,325,100,1,1,ASSUMED_NO,1157,0,2026-02-03 08:36:34,0,"45,46,47,48","[junit] Testcase: test took 0.008 sec
[junit] expected:<10> but was:<0>
[junit] junit.framework.AssertionFailedError: expected:<10> but was:<0>
[junit] 	at TestByteVector.test(TestByteVector.java:13)
[junit] 	at java.base/jdk.internal.reflect.NativeMethodAccessorImpl.invoke0(Native Method)
[junit] 	at java.base/jdk.internal.reflect.NativeMethodAccessorImpl.invoke(NativeMethodAccessorImpl.java:77)
[junit] 	at java.base/jdk.internal.reflect.DelegatingMethodAccessorImpl.invoke(DelegatingMethodAccessorImpl.java:43)
[junit] 	at java.base/java.util.concurrent.FutureTask.run(FutureTask.java:264)
[junit] 	at java.base/java.lang.Thread.run(Thread.java:840)
"
365,mutants/mp/321/113/00000004/CharRange.java,484f055b1bc9f67670396b55ffb557db,mutants/mp/321/113/00000004/CharRange.class,1,321,101,1,,ASSUMED_NO,1143,0,2026-02-03 08:36:35,6,153,
366,mutants/mp/323/109/00000008/ByteVector.java,871fdd78a30308d05569dc9f84970873,mutants/mp/323/109/00000008/ByteVector.class,0,323,100,1,1,ASSUMED_NO,1144,0,2026-02-03 08:36:42,0,69,"[junit] Testcase: test took 0.008 sec
[junit] expected:<2> but was:<3>
[junit] junit.framework.AssertionFailedError: expected:<2> but was:<3>
[junit] 	at TestByteVector.test(TestByteVector.java:12)
[junit] 	at java.base/jdk.internal.reflect.NativeMethodAccessorImpl.invoke0(Native Method)
[junit] 	at java.base/jdk.internal.reflect.NativeMethodAccessorImpl.invoke(NativeMethodAccessorImpl.java:77)
[junit] 	at java.base/jdk.internal.reflect.DelegatingMethodAccessorImpl.invoke(DelegatingMethodAccessorImpl.java:43)
[junit] 	at java.base/java.util.concurrent.FutureTask.run(FutureTask.java:264)
[junit] 	at java.base/java.lang.Thread.run(Thread.java:840)
"
367,mutants/mp/320/103/00000004/CharRange.java,5f94ee01202be410c10c26212f1b4da7,mutants/mp/320/103/00000004/CharRange.class,0,320,101,1,1,ASSUMED_NO,1151,0,2026-02-03 08:36:45,3,103,"[junit] Testcase: test took 0.008 sec
[junit] expected:<65535> but was:<5541>
[junit] junit.framework.AssertionFailedError: expected:<65535> but was:<5541>
[junit] 	at TestCharRange.test(TestCharRange.java:11)
[junit] 	at java.base/jdk.internal.reflect.NativeMethodAccessorImpl.invoke0(Native Method)
[junit] 	at java.base/jdk.internal.reflect.NativeMethodAccessorImpl.invoke(NativeMethodAccessorImpl.java:77)
[junit] 	at java.base/jdk.internal.reflect.DelegatingMethodAccessorImpl.invoke(DelegatingMethodAccessorImpl.java:43)
[junit] 	at java.base/java.util.concurrent.FutureTask.run(FutureTask.java:264)
[junit] 	at java.base/java.lang.Thread.run(Thread.java:840)
"
368,mutants/mp/322/107/00000013/ByteVector.java,27a85a38193cee73624755283b96f984,mutants/mp/322/107/00000013/ByteVector.class,1,322,100,1,,ASSUMED_NO,1152,0,2026-02-03 08:36:46,1,63,
369,mutants/mp/324/5/00000005/ByteVector.java,208b92aa5ab16ca5d23d709a1d11f71a,mutants/mp/324/5/00000005/ByteVector.class,0,324,100,1,1,ASSUMED_NO,1154,0,2026-02-03 08:36:48,7,48,"[junit] Testcase: test took 0.009 sec
[junit] expected:<67> but was:<68>
[junit] junit.framework.AssertionFailedError: expected:<67> but was:<68>
[junit] 	at TestByteVector.test(TestByteVector.java:13)
[junit] 	at java.base/jdk.internal.reflect.NativeMethodAccessorImpl.invoke0(Native Method)
[junit] 	at java.base/jdk.internal.reflect.NativeMethodAccessorImpl.invoke(NativeMethodAccessorImpl.java:77)
[junit] 	at java.base/jdk.internal.reflect.DelegatingMethodAccessorImpl.invoke(DelegatingMethodAccessorImpl.java:43)
[junit] 	at java.base/java.util.concurrent.FutureTask.run(FutureTask.java:264)
[junit] 	at java.base/java.lang.Thread.run(Thread.java:840)
"
370,mutants/mp/321/113/00000005/CharRange.java,bf95289ee219a4d223ca009527ee2af8,mutants/mp/321/113/00000005/CharRange.class,0,321,101,1,1,ASSUMED_NO,1143,0,2026-02-03 08:36:52,1,92,"[junit] Testcase: test took 0.008 sec
[junit] null
[junit] junit.framework.AssertionFailedError
[junit] 	at TestCharRange.test(TestCharRange.java:11)
[junit] 	at java.base/jdk.internal.reflect.NativeMethodAccessorImpl.invoke0(Native Method)
[junit] 	at java.base/jdk.internal.reflect.NativeMethodAccessorImpl.invoke(NativeMethodAccessorImpl.java:77)
[junit] 	at java.base/jdk.internal.reflect.DelegatingMethodAccessorImpl.invoke(DelegatingMethodAccessorImpl.java:43)
[junit] 	at java.base/java.util.concurrent.FutureTask.run(FutureTask.java:264)
[junit] 	at java.base/java.lang.Thread.run(Thread.java:840)
"
371,mutants/mp/327/111/00000009/ByteVector.java,6825e6f9a94bee2a5a2641c784bf250a,mutants/mp/327/111/00000009/ByteVector.class,1,327,100,1,,ASSUMED_NO,1148,0,2026-02-03 08:36:52,6,81,
372,mutants/mp/323/109/00000009/ByteVector.java,6b9ba0e10a87fe381f97cc97afc539f2,mutants/mp/323/109/00000009/ByteVector.class,0,323,100,1,1,ASSUMED_NO,1144,0,2026-02-03 08:36:52,0,69,"[junit] Testcase: test took 0.008 sec
[junit] expected:<2> but was:<64>
[junit] junit.framework.AssertionFailedError: expected:<2> but was:<64>
[junit] 	at TestByteVector.test(TestByteVector.java:12)
[junit] 	at java.base/jdk.internal.reflect.NativeMethodAccessorImpl.invoke0(Native Method)
[junit] 	at java.base/jdk.internal.reflect.NativeMethodAccessorImpl.invoke(NativeMethodAccessorImpl.java:77)
[junit] 	at java.base/jdk.internal.reflect.DelegatingMethodAccessorImpl.invoke(DelegatingMethodAccessorImpl.java:43)
[junit] 	at java.base/java.util.concurrent.FutureTask.run(FutureTask.java:264)
[junit] 	at java.base/java.lang.Thread.run(Thread.java:840)
"
373,mutants/mp/319/105/00000008/CharRange.java,23e65ee1b461db69ccd5977738bf1117,mutants/mp/319/105/00000008/CharRange.class,1,319,101,1,,ASSUMED_NO,1150,0,2026-02-03 08:36:54,2,158,
374,mutants/mp/322/107/00000014/ByteVector.java,8446571d49f3468e25f0bfb46b717cde,mutants/mp/322/107/00000014/ByteVector.class,1,322,100,1,,ASSUMED_NO,1152,0,2026-02-03 08:36:56,1,63,
375,mutants/mp/326/5/00000005/CharRange.java,261fd7d074b8fd539b19276a2df435db,mutants/mp/326/5/00000005/CharRange.class,0,326,101,1,1,ASSUMED_NO,1158,0,2026-02-03 08:37:04,1,"153,155,158,160","[junit] Testcase: test took 0.01 sec
[junit] null
[junit] junit.framework.AssertionFailedError
[junit] 	at TestCharRange.test(TestCharRange.java:12)
[junit] 	at java.base/jdk.internal.reflect.NativeMethodAccessorImpl.invoke0(Native Method)
[junit] 	at java.base/jdk.internal.reflect.NativeMethodAccessorImpl.invoke(NativeMethodAccessorImpl.java:77)
[junit] 	at java.base/jdk.internal.reflect.DelegatingMethodAccessorImpl.invoke(DelegatingMethodAccessorImpl.java:43)
[junit] 	at java.base/java.util.concurrent.FutureTask.run(FutureTask.java:264)
[junit] 	at java.base/java.lang.Thread.run(Thread.java:840)
"
376,mutants/mp/323/109/00000010/ByteVector.java,27a85a38193cee73624755283b96f984,mutants/mp/323/109/00000010/ByteVector.class,0,323,100,1,1,ASSUMED_NO,1144,0,2026-02-03 08:37:04,3,63,"[junit] Testcase: test took 0.01 sec
[junit] array lengths differed, expected.length=4 actual.length=8; arrays first differed at element [4]; expected:<end of array> but was:<0>
[junit] junit.framework.AssertionFailedError: array lengths differed, expected.length=4 actual.length=8; arrays first differed at element [4]; expected:<end of array> but was:<0>
[junit] 	at TestByteVector.test(TestByteVector.java:13)
[junit] 	at java.base/jdk.internal.reflect.NativeMethodAccessorImpl.invoke0(Native Method)
[junit] 	at java.base/jdk.internal.reflect.NativeMethodAccessorImpl.invoke(NativeMethodAccessorImpl.java:77)
[junit] 	at java.base/jdk.internal.reflect.DelegatingMethodAccessorImpl.invoke(DelegatingMethodAccessorImpl.java:43)
[junit] 	at java.base/java.util.concurrent.FutureTask.run(FutureTask.java:264)
[junit] 	at java.base/java.lang.Thread.run(Thread.java:840)
[junit] Caused by: java.lang.AssertionError: expected:<end of array> but was:<0>
"
377,mutants/mp/319/105/00000009/CharRange.java,8ea82e0ee994e62caa69adfacbf9e89a,mutants/mp/319/105/00000009/CharRange.class,0,319,101,1,1,ASSUMED_NO,1150,0,2026-02-03 08:37:08,1,157,"[junit] Testcase: test took 0.008 sec
[junit] null
[junit] junit.framework.AssertionFailedError
[junit] 	at TestCharRange.test(TestCharRange.java:12)
[junit] 	at java.base/jdk.internal.reflect.NativeMethodAccessorImpl.invoke0(Native Method)
[junit] 	at java.base/jdk.internal.reflect.NativeMethodAccessorImpl.invoke(NativeMethodAccessorImpl.java:77)
[junit] 	at java.base/jdk.internal.reflect.DelegatingMethodAccessorImpl.invoke(DelegatingMethodAccessorImpl.java:43)
[junit] 	at java.base/java.util.concurrent.FutureTask.run(FutureTask.java:264)
[junit] 	at java.base/java.lang.Thread.run(Thread.java:840)
"
378,mutants/mp/325/5/00000005/ByteVector.java,c17dcd5f619158a25eab45e96a7e3511,mutants/mp/325/5/00000005/ByteVector.class,1,325,100,1,,ASSUMED_NO,1157,0,2026-02-03 08:37:09,5,"182,185,191,193,208,210",
379,mutants/mp/327/111/00000010/ByteVector.java,914181df7c953c47b2348aa74026e5b9,mutants/mp/327/111/00000010/ByteVector.class,0,327,100,1,1,ASSUMED_NO,1148,0,2026-02-03 08:37:10,3,"238,239","Buildfile: /srv/codedefenders-class-2026/build.xml

test-mutant:
[junit] Running TestByteVector
[junit] Testsuite: TestByteVector
[junit] Tests run: 1, Failures: 0, Errors: 1, Skipped: 0, Time elapsed: 0.027 sec
[junit] Tests run: 1, Failures: 0, Errors: 1, Skipped: 0, Time elapsed: 0.027 sec
[junit]
[junit] Testcase: test took 0.011 sec
[junit] 	Caused an ERROR
[junit] arraycopy: last destination index 3 out of bounds for byte[1]
[junit] java.lang.ArrayIndexOutOfBoundsException: arraycopy: last destination index 3 out of bounds for byte[1]
[junit] 	at java.base/java.lang.System.arraycopy(Native Method)
[junit] 	at ByteVector.putByteArray(ByteVector.java:242)
[junit] 	at TestByteVector.test(TestByteVector.java:11)
[junit] 	at java.base/jdk.internal.reflect.NativeMethodAccessorImpl.invoke0(Native Method)
[junit] 	at java.base/jdk.internal.reflect.NativeMethodAccessorImpl.invoke(NativeMethodAccessorImpl.java:77)
[junit] 	at java.base/jdk.internal.reflect.DelegatingMethodAccessorImpl.invoke(DelegatingMethodAccessorImpl.java:43)
[junit] 	at java.base/java.util.concurrent.FutureTask.run(FutureTask.java:264)
[junit] 	at java.base/java.lang.Thread.run(Thread.java:840)
[junit]
[junit] Test TestByteVector FAILED

BUILD SUCCESSFUL
Total time: 1 second
  "
380,mutants/mp/322/107/00000015/ByteVector.java,290c0cb7f24f62151cb1b897d6aa885c,mutants/mp/322/107/00000015/ByteVector.class,1,322,100,1,,ASSUMED_NO,1152,0,2026-02-03 08:37:10,1,63,
381,mutants/mp/324/5/00000006/ByteVector.java,bfa2874c3caf5f6bc843a63568aa2f66,mutants/mp/324/5/00000006/ByteVector.class,0,324,100,1,1,ASSUMED_NO,1154,0,2026-02-03 08:37:18,7,"45,46,47,48","[junit] Testcase: test took 0.013 sec
[junit] expected:<67> but was:<33>
[junit] junit.framework.AssertionFailedError: expected:<67> but was:<33>
[junit] 	at TestByteVector.test(TestByteVector.java:13)
[junit] 	at java.base/jdk.internal.reflect.NativeMethodAccessorImpl.invoke0(Native Method)
[junit] 	at java.base/jdk.internal.reflect.NativeMethodAccessorImpl.invoke(NativeMethodAccessorImpl.java:77)
[junit] 	at java.base/jdk.internal.reflect.DelegatingMethodAccessorImpl.invoke(DelegatingMethodAccessorImpl.java:43)
[junit] 	at java.base/java.util.concurrent.FutureTask.run(FutureTask.java:264)
[junit] 	at java.base/java.lang.Thread.run(Thread.java:840)
"
382,mutants/mp/322/107/00000016/ByteVector.java,1da6eb387e43c306c0fd1b8e9dc34316,mutants/mp/322/107/00000016/ByteVector.class,1,322,100,1,,ASSUMED_NO,1152,0,2026-02-03 08:37:20,1,70,
383,mutants/mp/323/109/00000011/ByteVector.java,088f83a033403731ea80bb40c3a79816,mutants/mp/323/109/00000011/ByteVector.class,0,323,100,1,1,ASSUMED_NO,1144,0,2026-02-03 08:37:20,0,"63,64","Buildfile: /srv/codedefenders-class-2026/build.xml

test-mutant:
[junit] Running TestByteVector
[junit] Testsuite: TestByteVector
[junit] Tests run: 1, Failures: 0, Errors: 1, Skipped: 0, Time elapsed: 0.02 sec
[junit] Tests run: 1, Failures: 0, Errors: 1, Skipped: 0, Time elapsed: 0.02 sec
[junit]
[junit] Testcase: test took 0.007 sec
[junit] 	Caused an ERROR
[junit] Index 1 out of bounds for length 1
[junit] java.lang.ArrayIndexOutOfBoundsException: Index 1 out of bounds for length 1
[junit] 	at ByteVector.put11(ByteVector.java:68)
[junit] 	at TestByteVector.test(TestByteVector.java:11)
[junit] 	at java.base/jdk.internal.reflect.NativeMethodAccessorImpl.invoke0(Native Method)
[junit] 	at java.base/jdk.internal.reflect.NativeMethodAccessorImpl.invoke(NativeMethodAccessorImpl.java:77)
[junit] 	at java.base/jdk.internal.reflect.DelegatingMethodAccessorImpl.invoke(DelegatingMethodAccessorImpl.java:43)
[junit] 	at java.base/java.util.concurrent.FutureTask.run(FutureTask.java:264)
[junit] 	at java.base/java.lang.Thread.run(Thread.java:840)
[junit]
[junit] Test TestByteVector FAILED

BUILD SUCCESSFUL
Total time: 0 seconds
  "
384,mutants/mp/319/105/00000010/CharRange.java,789746e404a71db1ab9578900dabdee0,mutants/mp/319/105/00000010/CharRange.class,1,319,101,1,,ASSUMED_NO,1150,0,2026-02-03 08:37:26,3,181,
385,mutants/mp/327/111/00000011/ByteVector.java,b190ed8811a9625819f3a6af85801c0c,mutants/mp/327/111/00000011/ByteVector.class,0,327,100,1,1,ASSUMED_NO,1148,0,2026-02-03 08:37:27,1,244,"[junit] Testcase: test took 0.012 sec
[junit] expected:<2> but was:<1>
[junit] junit.framework.AssertionFailedError: expected:<2> but was:<1>
[junit] 	at TestByteVector.test(TestByteVector.java:14)
[junit] 	at java.base/jdk.internal.reflect.NativeMethodAccessorImpl.invoke0(Native Method)
[junit] 	at java.base/jdk.internal.reflect.NativeMethodAccessorImpl.invoke(NativeMethodAccessorImpl.java:77)
[junit] 	at java.base/jdk.internal.reflect.DelegatingMethodAccessorImpl.invoke(DelegatingMethodAccessorImpl.java:43)
[junit] 	at java.base/java.util.concurrent.FutureTask.run(FutureTask.java:264)
[junit] 	at java.base/java.lang.Thread.run(Thread.java:840)
"
386,mutants/mp/322/107/00000017/ByteVector.java,449f3bffc3fef502f6be5136df4ee0e6,mutants/mp/322/107/00000017/ByteVector.class,1,322,100,1,,ASSUMED_NO,1152,0,2026-02-03 08:37:29,1,50,
387,mutants/mp/321/113/00000006/CharRange.java,cf8a9651e40c212b199d03d68df0cff1,mutants/mp/321/113/00000006/CharRange.class,0,321,101,1,1,ASSUMED_NO,1143,0,2026-02-03 08:37:36,1,158,"[junit] Testcase: test took 0.015 sec
[junit] null
[junit] junit.framework.AssertionFailedError
[junit] 	at TestCharRange.test(TestCharRange.java:12)
[junit] 	at java.base/jdk.internal.reflect.NativeMethodAccessorImpl.invoke0(Native Method)
[junit] 	at java.base/jdk.internal.reflect.NativeMethodAccessorImpl.invoke(NativeMethodAccessorImpl.java:77)
[junit] 	at java.base/jdk.internal.reflect.DelegatingMethodAccessorImpl.invoke(DelegatingMethodAccessorImpl.java:43)
[junit] 	at java.base/java.util.concurrent.FutureTask.run(FutureTask.java:264)
[junit] 	at java.base/java.lang.Thread.run(Thread.java:840)
"
388,mutants/mp/325/5/00000006/ByteVector.java,f052db69fd9210db3241c6ee305a13a8,mutants/mp/325/5/00000006/ByteVector.class,1,325,100,1,,ASSUMED_NO,1157,0,2026-02-03 08:37:36,4,"185,191,193,208,209,210",
389,mutants/mp/327/111/00000012/ByteVector.java,a755ea415600f16cb5d28f23148f4a33,mutants/mp/327/111/00000012/ByteVector.class,0,327,100,1,1,ASSUMED_NO,1148,0,2026-02-03 08:37:38,1,242,"[junit] Testcase: test took 0.015 sec
[junit] arrays first differed at element [1]; expected:<7> but was:<0>
[junit] junit.framework.AssertionFailedError: arrays first differed at element [1]; expected:<7> but was:<0>
[junit] 	at TestByteVector.test(TestByteVector.java:13)
[junit] 	at java.base/jdk.internal.reflect.NativeMethodAccessorImpl.invoke0(Native Method)
[junit] 	at java.base/jdk.internal.reflect.NativeMethodAccessorImpl.invoke(NativeMethodAccessorImpl.java:77)
[junit] 	at java.base/jdk.internal.reflect.DelegatingMethodAccessorImpl.invoke(DelegatingMethodAccessorImpl.java:43)
[junit] 	at java.base/java.util.concurrent.FutureTask.run(FutureTask.java:264)
[junit] 	at java.base/java.lang.Thread.run(Thread.java:840)
[junit] Caused by: java.lang.AssertionError: expected:<7> but was:<0>
"
390,mutants/mp/322/107/00000018/ByteVector.java,8d70f164903e488a069c161f74446684,mutants/mp/322/107/00000018/ByteVector.class,1,322,100,1,,ASSUMED_NO,1152,0,2026-02-03 08:37:39,1,110,
391,mutants/mp/319/105/00000011/CharRange.java,3ed94d89179e49300fbe9e4f2d77851b,mutants/mp/319/105/00000011/CharRange.class,1,319,101,1,,ASSUMED_NO,1150,0,2026-02-03 08:37:45,3,181,
392,mutants/mp/324/5/00000007/ByteVector.java,0b8e052067abd893708c7091ee26f3d3,mutants/mp/324/5/00000007/ByteVector.class,0,324,100,1,1,ASSUMED_YES,1154,0,2026-02-03 08:37:48,0,"45,46,48",
393,mutants/mp/326/5/00000006/CharRange.java,dae8503a75afd193f96ed34c150a6dc7,mutants/mp/326/5/00000006/CharRange.class,0,326,101,1,1,ASSUMED_NO,1158,0,2026-02-03 08:37:48,7,"153,155,158,160","[junit] Testcase: test took 0.01 sec
[junit] null
[junit] junit.framework.AssertionFailedError
[junit] 	at TestCharRange.test(TestCharRange.java:12)
[junit] 	at java.base/jdk.internal.reflect.NativeMethodAccessorImpl.invoke0(Native Method)
[junit] 	at java.base/jdk.internal.reflect.NativeMethodAccessorImpl.invoke(NativeMethodAccessorImpl.java:77)
[junit] 	at java.base/jdk.internal.reflect.DelegatingMethodAccessorImpl.invoke(DelegatingMethodAccessorImpl.java:43)
[junit] 	at java.base/java.util.concurrent.FutureTask.run(FutureTask.java:264)
[junit] 	at java.base/java.lang.Thread.run(Thread.java:840)
"
394,mutants/mp/322/107/00000019/ByteVector.java,fadc70f9fd41d45908a320d3046b1595,mutants/mp/322/107/00000019/ByteVector.class,1,322,100,1,,ASSUMED_NO,1152,0,2026-02-03 08:37:49,1,102,
395,mutants/mp/321/113/00000007/CharRange.java,244b4315d43e1eb3d4814ce33613fc57,mutants/mp/321/113/00000007/CharRange.class,0,321,101,1,1,ASSUMED_NO,1143,0,2026-02-03 08:37:52,1,177,"[junit] Testcase: test took 0.016 sec
[junit] null
[junit] junit.framework.AssertionFailedError
[junit] 	at TestCharRange.test(TestCharRange.java:12)
[junit] 	at java.base/jdk.internal.reflect.NativeMethodAccessorImpl.invoke0(Native Method)
[junit] 	at java.base/jdk.internal.reflect.NativeMethodAccessorImpl.invoke(NativeMethodAccessorImpl.java:77)
[junit] 	at java.base/jdk.internal.reflect.DelegatingMethodAccessorImpl.invoke(DelegatingMethodAccessorImpl.java:43)
[junit] 	at java.base/java.util.concurrent.FutureTask.run(FutureTask.java:264)
[junit] 	at java.base/java.lang.Thread.run(Thread.java:840)
"
396,mutants/mp/319/105/00000012/CharRange.java,17f0a7fe5144ab75df5ac9bad895a449,mutants/mp/319/105/00000012/CharRange.class,0,319,101,1,1,PROVEN_NO,1150,0,2026-02-03 08:37:57,5,136,"[junit] Testcase: test took 0.008 sec
[junit] null
[junit] junit.framework.AssertionFailedError
[junit] 	at TestCharRange.test(TestCharRange.java:12)
[junit] 	at java.base/jdk.internal.reflect.NativeMethodAccessorImpl.invoke0(Native Method)
[junit] 	at java.base/jdk.internal.reflect.NativeMethodAccessorImpl.invoke(NativeMethodAccessorImpl.java:77)
[junit] 	at java.base/jdk.internal.reflect.DelegatingMethodAccessorImpl.invoke(DelegatingMethodAccessorImpl.java:43)
[junit] 	at java.base/java.util.concurrent.FutureTask.run(FutureTask.java:264)
[junit] 	at java.base/java.lang.Thread.run(Thread.java:840)
"
397,mutants/mp/322/107/00000020/ByteVector.java,908746f0518fadf5b3bef8c4b3faf795,mutants/mp/322/107/00000020/ByteVector.class,1,322,100,1,,ASSUMED_NO,1152,0,2026-02-03 08:38:00,1,102,
398,mutants/mp/325/5/00000007/ByteVector.java,f611c0179b31f0562132b7f51bad31ac,mutants/mp/325/5/00000007/ByteVector.class,0,325,100,1,1,ASSUMED_NO,1157,0,2026-02-03 08:38:06,1,"185,186,191,193,208,209,210","[junit] Testcase: test took 0.021 sec
[junit] expected:<88> but was:<89>
[junit] junit.framework.AssertionFailedError: expected:<88> but was:<89>
[junit] 	at TestByteVector.test(TestByteVector.java:13)
[junit] 	at java.base/jdk.internal.reflect.NativeMethodAccessorImpl.invoke0(Native Method)
[junit] 	at java.base/jdk.internal.reflect.NativeMethodAccessorImpl.invoke(NativeMethodAccessorImpl.java:77)
[junit] 	at java.base/jdk.internal.reflect.DelegatingMethodAccessorImpl.invoke(DelegatingMethodAccessorImpl.java:43)
[junit] 	at java.base/java.util.concurrent.FutureTask.run(FutureTask.java:264)
[junit] 	at java.base/java.lang.Thread.run(Thread.java:840)
"
399,mutants/mp/323/109/00000012/ByteVector.java,c5b6c4390c8ed78a43769310801f3541,mutants/mp/323/109/00000012/ByteVector.class,0,323,100,1,1,ASSUMED_NO,1144,0,2026-02-03 08:38:06,3,82,"[junit] Testcase: test took 0.01 sec
[junit] array lengths differed, expected.length=4 actual.length=8; arrays first differed at element [4]; expected:<end of array> but was:<0>
[junit] junit.framework.AssertionFailedError: array lengths differed, expected.length=4 actual.length=8; arrays first differed at element [4]; expected:<end of array> but was:<0>
[junit] 	at TestByteVector.test(TestByteVector.java:14)
[junit] 	at java.base/jdk.internal.reflect.NativeMethodAccessorImpl.invoke0(Native Method)
[junit] 	at java.base/jdk.internal.reflect.NativeMethodAccessorImpl.invoke(NativeMethodAccessorImpl.java:77)
[junit] 	at java.base/jdk.internal.reflect.DelegatingMethodAccessorImpl.invoke(DelegatingMethodAccessorImpl.java:43)
[junit] 	at java.base/java.util.concurrent.FutureTask.run(FutureTask.java:264)
[junit] 	at java.base/java.lang.Thread.run(Thread.java:840)
[junit] Caused by: java.lang.AssertionError: expected:<end of array> but was:<0>
"
400,mutants/mp/322/107/00000021/ByteVector.java,e55513a07f362e9f4497a5ebc0e7d776,mutants/mp/322/107/00000021/ByteVector.class,1,322,100,1,,ASSUMED_NO,1152,0,2026-02-03 08:38:14,1,102,
401,mutants/mp/327/111/00000013/ByteVector.java,ca8b681320fff50cc8ed0e22b7fae4d2,mutants/mp/327/111/00000013/ByteVector.class,0,327,100,1,1,ASSUMED_NO,1148,0,2026-02-03 08:38:16,1,222,"[junit] Testcase: test took 0.012 sec
[junit] expected:<5> but was:<1>
[junit] junit.framework.AssertionFailedError: expected:<5> but was:<1>
[junit] 	at TestByteVector.test(TestByteVector.java:13)
[junit] 	at java.base/jdk.internal.reflect.NativeMethodAccessorImpl.invoke0(Native Method)
[junit] 	at java.base/jdk.internal.reflect.NativeMethodAccessorImpl.invoke(NativeMethodAccessorImpl.java:77)
[junit] 	at java.base/jdk.internal.reflect.DelegatingMethodAccessorImpl.invoke(DelegatingMethodAccessorImpl.java:43)
[junit] 	at java.base/java.util.concurrent.FutureTask.run(FutureTask.java:264)
[junit] 	at java.base/java.lang.Thread.run(Thread.java:840)
"
402,mutants/mp/323/109/00000013/ByteVector.java,edb9fd7fb94edf8f12cacb239c89da98,mutants/mp/323/109/00000013/ByteVector.class,0,323,100,1,1,ASSUMED_NO,1144,0,2026-02-03 08:38:17,3,63,"[junit] Testcase: test took 0.01 sec
[junit] array lengths differed, expected.length=4 actual.length=8; arrays first differed at element [4]; expected:<end of array> but was:<0>
[junit] junit.framework.AssertionFailedError: array lengths differed, expected.length=4 actual.length=8; arrays first differed at element [4]; expected:<end of array> but was:<0>
[junit] 	at TestByteVector.test(TestByteVector.java:13)
[junit] 	at java.base/jdk.internal.reflect.NativeMethodAccessorImpl.invoke0(Native Method)
[junit] 	at java.base/jdk.internal.reflect.NativeMethodAccessorImpl.invoke(NativeMethodAccessorImpl.java:77)
[junit] 	at java.base/jdk.internal.reflect.DelegatingMethodAccessorImpl.invoke(DelegatingMethodAccessorImpl.java:43)
[junit] 	at java.base/java.util.concurrent.FutureTask.run(FutureTask.java:264)
[junit] 	at java.base/java.lang.Thread.run(Thread.java:840)
[junit] Caused by: java.lang.AssertionError: expected:<end of array> but was:<0>
"
403,mutants/mp/324/5/00000008/ByteVector.java,316c33d2cf56942a46bef2783c508012,mutants/mp/324/5/00000008/ByteVector.class,0,324,100,1,1,ASSUMED_NO,1154,0,2026-02-03 08:38:19,7,"46,48","[junit] Testcase: test took 0.01 sec
[junit] expected:<67> but was:<68>
[junit] junit.framework.AssertionFailedError: expected:<67> but was:<68>
[junit] 	at TestByteVector.test(TestByteVector.java:13)
[junit] 	at java.base/jdk.internal.reflect.NativeMethodAccessorImpl.invoke0(Native Method)
[junit] 	at java.base/jdk.internal.reflect.NativeMethodAccessorImpl.invoke(NativeMethodAccessorImpl.java:77)
[junit] 	at java.base/jdk.internal.reflect.DelegatingMethodAccessorImpl.invoke(DelegatingMethodAccessorImpl.java:43)
[junit] 	at java.base/java.util.concurrent.FutureTask.run(FutureTask.java:264)
[junit] 	at java.base/java.lang.Thread.run(Thread.java:840)
"
404,mutants/mp/320/103/00000005/CharRange.java,0024ac16ffb446708942973e78a250cd,mutants/mp/320/103/00000005/CharRange.class,0,320,101,1,1,ASSUMED_NO,1151,0,2026-02-03 08:38:20,1,191,"[junit] Testcase: test took 0.008 sec
[junit] expected:<941> but was:<948>
[junit] junit.framework.AssertionFailedError: expected:<941> but was:<948>
[junit] 	at TestCharRange.test(TestCharRange.java:12)
[junit] 	at java.base/jdk.internal.reflect.NativeMethodAccessorImpl.invoke0(Native Method)
[junit] 	at java.base/jdk.internal.reflect.NativeMethodAccessorImpl.invoke(NativeMethodAccessorImpl.java:77)
[junit] 	at java.base/jdk.internal.reflect.DelegatingMethodAccessorImpl.invoke(DelegatingMethodAccessorImpl.java:43)
[junit] 	at java.base/java.util.concurrent.FutureTask.run(FutureTask.java:264)
[junit] 	at java.base/java.lang.Thread.run(Thread.java:840)
"
405,mutants/mp/319/105/00000013/CharRange.java,6cffe63206a21d35cd73d441caef2c7b,mutants/mp/319/105/00000013/CharRange.class,1,319,101,1,,ASSUMED_NO,1150,0,2026-02-03 08:38:22,2,160,
406,mutants/mp/322/107/00000022/ByteVector.java,7a0a02d55d7e4204d90dd8bc87e0d02d,mutants/mp/322/107/00000022/ByteVector.class,1,322,100,1,,ASSUMED_NO,1152,0,2026-02-03 08:38:26,1,83,
407,mutants/mp/323/109/00000014/ByteVector.java,aca3c824238a3be13b8eb151850a0859,mutants/mp/323/109/00000014/ByteVector.class,0,323,100,1,1,ASSUMED_NO,1144,0,2026-02-03 08:38:26,11,45,"[junit] Testcase: test took 0.013 sec
[junit] expected:<5> but was:<8>
[junit] junit.framework.AssertionFailedError: expected:<5> but was:<8>
[junit] 	at TestByteVector.test(TestByteVector.java:18)
[junit] 	at java.base/jdk.internal.reflect.NativeMethodAccessorImpl.invoke0(Native Method)
[junit] 	at java.base/jdk.internal.reflect.NativeMethodAccessorImpl.invoke(NativeMethodAccessorImpl.java:77)
[junit] 	at java.base/jdk.internal.reflect.DelegatingMethodAccessorImpl.invoke(DelegatingMethodAccessorImpl.java:43)
[junit] 	at java.base/java.util.concurrent.FutureTask.run(FutureTask.java:264)
[junit] 	at java.base/java.lang.Thread.run(Thread.java:840)
"
408,mutants/mp/321/113/00000008/CharRange.java,a3d937be8b6b67abb0d608d5df278dd2,mutants/mp/321/113/00000008/CharRange.class,0,321,101,1,1,ASSUMED_NO,1143,0,2026-02-03 08:38:29,2,191,"[junit] Testcase: test took 0.011 sec
[junit] expected:<880> but was:<881>
[junit] junit.framework.AssertionFailedError: expected:<880> but was:<881>
[junit] 	at TestCharRange.test(TestCharRange.java:11)
[junit] 	at java.base/jdk.internal.reflect.NativeMethodAccessorImpl.invoke0(Native Method)
[junit] 	at java.base/jdk.internal.reflect.NativeMethodAccessorImpl.invoke(NativeMethodAccessorImpl.java:77)
[junit] 	at java.base/jdk.internal.reflect.DelegatingMethodAccessorImpl.invoke(DelegatingMethodAccessorImpl.java:43)
[junit] 	at java.base/java.util.concurrent.FutureTask.run(FutureTask.java:264)
[junit] 	at java.base/java.lang.Thread.run(Thread.java:840)
"
409,mutants/mp/319/105/00000014/CharRange.java,27da8c3e3ee80e38e0f88c9ef57b079d,mutants/mp/319/105/00000014/CharRange.class,1,319,101,1,,ASSUMED_NO,1150,0,2026-02-03 08:38:34,2,160,
410,mutants/mp/326/5/00000007/CharRange.java,3e287f9be2b88cf8e8e6a93920b99ade,mutants/mp/326/5/00000007/CharRange.class,0,326,101,1,1,ASSUMED_NO,1158,0,2026-02-03 08:38:34,1,"153,155,160","[junit] Testcase: test took 0.009 sec
[junit] null
[junit] junit.framework.AssertionFailedError
[junit] 	at TestCharRange.test(TestCharRange.java:12)
[junit] 	at java.base/jdk.internal.reflect.NativeMethodAccessorImpl.invoke0(Native Method)
[junit] 	at java.base/jdk.internal.reflect.NativeMethodAccessorImpl.invoke(NativeMethodAccessorImpl.java:77)
[junit] 	at java.base/jdk.internal.reflect.DelegatingMethodAccessorImpl.invoke(DelegatingMethodAccessorImpl.java:43)
[junit] 	at java.base/java.util.concurrent.FutureTask.run(FutureTask.java:264)
[junit] 	at java.base/java.lang.Thread.run(Thread.java:840)
"
411,mutants/mp/325/5/00000008/ByteVector.java,f562dcf14f2e019c528c0527742ae714,mutants/mp/325/5/00000008/ByteVector.class,0,325,100,1,1,ASSUMED_NO,1157,0,2026-02-03 08:38:37,2,"181,182,185,191,193,199,200,208,210","[junit] Testcase: test took 0.012 sec
[junit] expected:<2> but was:<3>
[junit] junit.framework.AssertionFailedError: expected:<2> but was:<3>
[junit] 	at TestByteVector.test(TestByteVector.java:13)
[junit] 	at java.base/jdk.internal.reflect.NativeMethodAccessorImpl.invoke0(Native Method)
[junit] 	at java.base/jdk.internal.reflect.NativeMethodAccessorImpl.invoke(NativeMethodAccessorImpl.java:77)
[junit] 	at java.base/jdk.internal.reflect.DelegatingMethodAccessorImpl.invoke(DelegatingMethodAccessorImpl.java:43)
[junit] 	at java.base/java.util.concurrent.FutureTask.run(FutureTask.java:264)
[junit] 	at java.base/java.lang.Thread.run(Thread.java:840)
"
412,mutants/mp/322/107/00000023/ByteVector.java,f71bd8e8aea173f9813648de9f1840a9,mutants/mp/322/107/00000023/ByteVector.class,1,322,100,1,,ASSUMED_NO,1152,0,2026-02-03 08:38:38,1,143,
413,mutants/mp/319/105/00000015/CharRange.java,02fc9480bc849a971290400a308687de,mutants/mp/319/105/00000015/CharRange.class,1,319,101,1,,ASSUMED_NO,1150,0,2026-02-03 08:38:42,2,160,
414,mutants/mp/323/109/00000015/ByteVector.java,2b5c062e6e9b599b78ed195bf7f58e51,mutants/mp/323/109/00000015/ByteVector.class,1,323,100,1,,ASSUMED_NO,1144,0,2026-02-03 08:38:44,5,86,
415,mutants/mp/320/103/00000006/CharRange.java,d131aab265cd73884dd61a49f8914a98,mutants/mp/320/103/00000006/CharRange.class,0,320,101,1,1,ASSUMED_NO,1151,0,2026-02-03 08:38:45,3,158,"[junit] Testcase: test took 0.048 sec
[junit] null
[junit] junit.framework.AssertionFailedError
[junit] 	at TestCharRange.test(TestCharRange.java:11)
[junit] 	at java.base/jdk.internal.reflect.NativeMethodAccessorImpl.invoke0(Native Method)
[junit] 	at java.base/jdk.internal.reflect.NativeMethodAccessorImpl.invoke(NativeMethodAccessorImpl.java:77)
[junit] 	at java.base/jdk.internal.reflect.DelegatingMethodAccessorImpl.invoke(DelegatingMethodAccessorImpl.java:43)
[junit] 	at java.base/java.util.concurrent.FutureTask.run(FutureTask.java:264)
[junit] 	at java.base/java.lang.Thread.run(Thread.java:840)
"
416,mutants/mp/321/113/00000009/CharRange.java,f6b9d52907929a85b08e70da261917fa,mutants/mp/321/113/00000009/CharRange.class,0,321,101,1,1,ASSUMED_YES,1143,0,2026-02-03 08:38:50,0,155,
417,mutants/mp/322/107/00000024/ByteVector.java,dbbc16a2ccd466fa24a8bd2b183a324f,mutants/mp/322/107/00000024/ByteVector.class,1,322,100,1,,ASSUMED_NO,1152,0,2026-02-03 08:38:51,1,143,
418,mutants/mp/327/111/00000014/ByteVector.java,2a915dafdf663a8ec1241d3d4a4547e7,mutants/mp/327/111/00000014/ByteVector.class,1,327,100,1,,ASSUMED_NO,1148,0,2026-02-03 08:38:51,4,121,
419,mutants/mp/319/105/00000016/CharRange.java,5723c1c128928fdabd542865588338b8,mutants/mp/319/105/00000016/CharRange.class,0,319,101,1,1,ASSUMED_NO,1150,0,2026-02-03 08:38:58,1,181,"[junit] Testcase: test took 0.007 sec
[junit] null
[junit] junit.framework.AssertionFailedError
[junit] 	at TestCharRange.test(TestCharRange.java:12)
[junit] 	at java.base/jdk.internal.reflect.NativeMethodAccessorImpl.invoke0(Native Method)
[junit] 	at java.base/jdk.internal.reflect.NativeMethodAccessorImpl.invoke(NativeMethodAccessorImpl.java:77)
[junit] 	at java.base/jdk.internal.reflect.DelegatingMethodAccessorImpl.invoke(DelegatingMethodAccessorImpl.java:43)
[junit] 	at java.base/java.util.concurrent.FutureTask.run(FutureTask.java:264)
[junit] 	at java.base/java.lang.Thread.run(Thread.java:840)
"
420,mutants/mp/322/107/00000025/ByteVector.java,68f41847193fa70a5c3330150f9020a8,mutants/mp/322/107/00000025/ByteVector.class,1,322,100,1,,ASSUMED_NO,1152,0,2026-02-03 08:39:00,1,143,
421,mutants/mp/324/5/00000009/ByteVector.java,9e0084bfc60ed2537cf287dd1195705c,mutants/mp/324/5/00000009/ByteVector.class,0,324,100,1,1,ASSUMED_NO,1154,0,2026-02-03 08:39:03,7,48,"[junit] Testcase: test took 0.008 sec
[junit] expected:<67> but was:<-68>
[junit] junit.framework.AssertionFailedError: expected:<67> but was:<-68>
[junit] 	at TestByteVector.test(TestByteVector.java:13)
[junit] 	at java.base/jdk.internal.reflect.NativeMethodAccessorImpl.invoke0(Native Method)
[junit] 	at java.base/jdk.internal.reflect.NativeMethodAccessorImpl.invoke(NativeMethodAccessorImpl.java:77)
[junit] 	at java.base/jdk.internal.reflect.DelegatingMethodAccessorImpl.invoke(DelegatingMethodAccessorImpl.java:43)
[junit] 	at java.base/java.util.concurrent.FutureTask.run(FutureTask.java:264)
[junit] 	at java.base/java.lang.Thread.run(Thread.java:840)
"
422,mutants/mp/325/5/00000009/ByteVector.java,c1e4d015520bc66911766babac1bb60d,mutants/mp/325/5/00000009/ByteVector.class,0,325,100,1,1,ASSUMED_NO,1157,0,2026-02-03 08:39:07,2,"182,185,191,193,200,208,210","[junit] Testcase: test took 0.01 sec
[junit] expected:<2> but was:<3>
[junit] junit.framework.AssertionFailedError: expected:<2> but was:<3>
[junit] 	at TestByteVector.test(TestByteVector.java:13)
[junit] 	at java.base/jdk.internal.reflect.NativeMethodAccessorImpl.invoke0(Native Method)
[junit] 	at java.base/jdk.internal.reflect.NativeMethodAccessorImpl.invoke(NativeMethodAccessorImpl.java:77)
[junit] 	at java.base/jdk.internal.reflect.DelegatingMethodAccessorImpl.invoke(DelegatingMethodAccessorImpl.java:43)
[junit] 	at java.base/java.util.concurrent.FutureTask.run(FutureTask.java:264)
[junit] 	at java.base/java.lang.Thread.run(Thread.java:840)
"
423,mutants/mp/323/109/00000016/ByteVector.java,908746f0518fadf5b3bef8c4b3faf795,mutants/mp/323/109/00000016/ByteVector.class,0,323,100,1,1,ASSUMED_NO,1144,0,2026-02-03 08:39:09,4,102,"[junit] Testcase: test took 0.012 sec
[junit] array lengths differed, expected.length=3 actual.length=6; arrays first differed at element [3]; expected:<end of array> but was:<0>
[junit] junit.framework.AssertionFailedError: array lengths differed, expected.length=3 actual.length=6; arrays first differed at element [3]; expected:<end of array> but was:<0>
[junit] 	at TestByteVector.test(TestByteVector.java:13)
[junit] 	at java.base/jdk.internal.reflect.NativeMethodAccessorImpl.invoke0(Native Method)
[junit] 	at java.base/jdk.internal.reflect.NativeMethodAccessorImpl.invoke(NativeMethodAccessorImpl.java:77)
[junit] 	at java.base/jdk.internal.reflect.DelegatingMethodAccessorImpl.invoke(DelegatingMethodAccessorImpl.java:43)
[junit] 	at java.base/java.util.concurrent.FutureTask.run(FutureTask.java:264)
[junit] 	at java.base/java.lang.Thread.run(Thread.java:840)
[junit] Caused by: java.lang.AssertionError: expected:<end of array> but was:<0>
"
424,mutants/mp/322/107/00000026/ByteVector.java,0f03ae2dc9a773a0b374ac20fe63e546,mutants/mp/322/107/00000026/ByteVector.class,1,322,100,1,,ASSUMED_NO,1152,0,2026-02-03 08:39:10,1,144,
425,mutants/mp/319/105/00000017/CharRange.java,ef9a40754720a9920744bb06d98a40c2,mutants/mp/319/105/00000017/CharRange.class,0,319,101,1,1,ASSUMED_NO,1150,0,2026-02-03 08:39:11,1,181,"[junit] Testcase: test took 0.011 sec
[junit] null
[junit] junit.framework.AssertionFailedError
[junit] 	at TestCharRange.test(TestCharRange.java:12)
[junit] 	at java.base/jdk.internal.reflect.NativeMethodAccessorImpl.invoke0(Native Method)
[junit] 	at java.base/jdk.internal.reflect.NativeMethodAccessorImpl.invoke(NativeMethodAccessorImpl.java:77)
[junit] 	at java.base/jdk.internal.reflect.DelegatingMethodAccessorImpl.invoke(DelegatingMethodAccessorImpl.java:43)
[junit] 	at java.base/java.util.concurrent.FutureTask.run(FutureTask.java:264)
[junit] 	at java.base/java.lang.Thread.run(Thread.java:840)
"
426,mutants/mp/321/113/00000010/CharRange.java,8b558a89543a799633355128ca04f0c6,mutants/mp/321/113/00000010/CharRange.class,0,321,101,1,1,ASSUMED_NO,1143,0,2026-02-03 08:39:15,2,181,"[junit] Testcase: test took 0.009 sec
[junit] null
[junit] junit.framework.AssertionFailedError
[junit] 	at TestCharRange.test(TestCharRange.java:12)
[junit] 	at java.base/jdk.internal.reflect.NativeMethodAccessorImpl.invoke0(Native Method)
[junit] 	at java.base/jdk.internal.reflect.NativeMethodAccessorImpl.invoke(NativeMethodAccessorImpl.java:77)
[junit] 	at java.base/jdk.internal.reflect.DelegatingMethodAccessorImpl.invoke(DelegatingMethodAccessorImpl.java:43)
[junit] 	at java.base/java.util.concurrent.FutureTask.run(FutureTask.java:264)
[junit] 	at java.base/java.lang.Thread.run(Thread.java:840)
"
427,mutants/mp/323/109/00000017/ByteVector.java,316d762037e54f3e432d96ef54e0471b,mutants/mp/323/109/00000017/ByteVector.class,0,323,100,1,1,ASSUMED_NO,1144,0,2026-02-03 08:39:18,4,102,"[junit] Testcase: test took 0.014 sec
[junit] array lengths differed, expected.length=3 actual.length=6; arrays first differed at element [3]; expected:<end of array> but was:<0>
[junit] junit.framework.AssertionFailedError: array lengths differed, expected.length=3 actual.length=6; arrays first differed at element [3]; expected:<end of array> but was:<0>
[junit] 	at TestByteVector.test(TestByteVector.java:13)
[junit] 	at java.base/jdk.internal.reflect.NativeMethodAccessorImpl.invoke0(Native Method)
[junit] 	at java.base/jdk.internal.reflect.NativeMethodAccessorImpl.invoke(NativeMethodAccessorImpl.java:77)
[junit] 	at java.base/jdk.internal.reflect.DelegatingMethodAccessorImpl.invoke(DelegatingMethodAccessorImpl.java:43)
[junit] 	at java.base/java.util.concurrent.FutureTask.run(FutureTask.java:264)
[junit] 	at java.base/java.lang.Thread.run(Thread.java:840)
[junit] Caused by: java.lang.AssertionError: expected:<end of array> but was:<0>
"
428,mutants/mp/326/5/00000008/CharRange.java,e882f67faaa307faf64bac01e3ba9eff,mutants/mp/326/5/00000008/CharRange.class,0,326,101,1,1,ASSUMED_NO,1158,0,2026-02-03 08:39:19,2,"153,155,158,160","[junit] Testcase: test took 0.012 sec
[junit] null
[junit] junit.framework.AssertionFailedError
[junit] 	at TestCharRange.test(TestCharRange.java:12)
[junit] 	at java.base/jdk.internal.reflect.NativeMethodAccessorImpl.invoke0(Native Method)
[junit] 	at java.base/jdk.internal.reflect.NativeMethodAccessorImpl.invoke(NativeMethodAccessorImpl.java:77)
[junit] 	at java.base/jdk.internal.reflect.DelegatingMethodAccessorImpl.invoke(DelegatingMethodAccessorImpl.java:43)
[junit] 	at java.base/java.util.concurrent.FutureTask.run(FutureTask.java:264)
[junit] 	at java.base/java.lang.Thread.run(Thread.java:840)
"
429,mutants/mp/322/107/00000027/ByteVector.java,40584128747e1b4bf37cc1a20313645e,mutants/mp/322/107/00000027/ByteVector.class,1,322,100,1,,ASSUMED_NO,1152,0,2026-02-03 08:39:19,1,86,
430,mutants/mp/320/103/00000007/CharRange.java,0e1abde9fd15d3ac925164f8432ec993,mutants/mp/320/103/00000007/CharRange.class,0,320,101,1,1,ASSUMED_NO,1151,0,2026-02-03 08:39:23,1,177,"[junit] Testcase: test took 0.008 sec
[junit] expected: CharRange<f-l> but was: CharRange<f-l>
[junit] junit.framework.AssertionFailedError: expected: CharRange<f-l> but was: CharRange<f-l>
[junit] 	at TestCharRange.test(TestCharRange.java:11)
[junit] 	at java.base/jdk.internal.reflect.NativeMethodAccessorImpl.invoke0(Native Method)
[junit] 	at java.base/jdk.internal.reflect.NativeMethodAccessorImpl.invoke(NativeMethodAccessorImpl.java:77)
[junit] 	at java.base/jdk.internal.reflect.DelegatingMethodAccessorImpl.invoke(DelegatingMethodAccessorImpl.java:43)
[junit] 	at java.base/java.util.concurrent.FutureTask.run(FutureTask.java:264)
[junit] 	at java.base/java.lang.Thread.run(Thread.java:840)
"
431,mutants/mp/319/105/00000018/CharRange.java,8b558a89543a799633355128ca04f0c6,mutants/mp/319/105/00000018/CharRange.class,1,319,101,1,,ASSUMED_NO,1150,0,2026-02-03 08:39:23,3,181,
432,mutants/mp/327/111/00000015/ByteVector.java,579f88bab85bba71a4d7e919a9c2fe87,mutants/mp/327/111/00000015/ByteVector.class,1,327,100,1,,ASSUMED_NO,1148,0,2026-02-03 08:39:24,7,142,
433,mutants/mp/323/109/00000018/ByteVector.java,f7ee7cb810837cbca2992cb2ffb1fbc5,mutants/mp/323/109/00000018/ByteVector.class,1,323,100,1,,ASSUMED_NO,1144,0,2026-02-03 08:39:27,6,107,
434,mutants/mp/322/107/00000028/ByteVector.java,7fffdf6740ce3be65a27f964d77901f2,mutants/mp/322/107/00000028/ByteVector.class,1,322,100,1,,ASSUMED_NO,1152,0,2026-02-03 08:39:32,1,122,
435,mutants/mp/325/5/00000010/ByteVector.java,6fd89df1f4b80faff7e491d8a3c2b244,mutants/mp/325/5/00000010/ByteVector.class,0,325,100,1,1,ASSUMED_NO,1157,0,2026-02-03 08:39:34,0,"46,48","[junit] Testcase: test took 0.01 sec
[junit] expected:<10> but was:<5>
[junit] junit.framework.AssertionFailedError: expected:<10> but was:<5>
[junit] 	at TestByteVector.test(TestByteVector.java:13)
[junit] 	at java.base/jdk.internal.reflect.NativeMethodAccessorImpl.invoke0(Native Method)
[junit] 	at java.base/jdk.internal.reflect.NativeMethodAccessorImpl.invoke(NativeMethodAccessorImpl.java:77)
[junit] 	at java.base/jdk.internal.reflect.DelegatingMethodAccessorImpl.invoke(DelegatingMethodAccessorImpl.java:43)
[junit] 	at java.base/java.util.concurrent.FutureTask.run(FutureTask.java:264)
[junit] 	at java.base/java.lang.Thread.run(Thread.java:840)
"
436,mutants/mp/324/5/00000010/ByteVector.java,44dd97a79ae1a920f1211e675f92d5ce,mutants/mp/324/5/00000010/ByteVector.class,0,324,100,1,1,ASSUMED_NO,1154,0,2026-02-03 08:39:34,7,"46,48","[junit] Testcase: test took 0.013 sec
[junit] expected:<67> but was:<66>
[junit] junit.framework.AssertionFailedError: expected:<67> but was:<66>
[junit] 	at TestByteVector.test(TestByteVector.java:13)
[junit] 	at java.base/jdk.internal.reflect.NativeMethodAccessorImpl.invoke0(Native Method)
[junit] 	at java.base/jdk.internal.reflect.NativeMethodAccessorImpl.invoke(NativeMethodAccessorImpl.java:77)
[junit] 	at java.base/jdk.internal.reflect.DelegatingMethodAccessorImpl.invoke(DelegatingMethodAccessorImpl.java:43)
[junit] 	at java.base/java.util.concurrent.FutureTask.run(FutureTask.java:264)
[junit] 	at java.base/java.lang.Thread.run(Thread.java:840)
"
437,mutants/mp/319/105/00000019/CharRange.java,a8abdab1866be727160a157b0c17a2df,mutants/mp/319/105/00000019/CharRange.class,0,319,101,1,1,ASSUMED_NO,1150,0,2026-02-03 08:39:37,1,124,"[junit] Testcase: test took 0.007 sec
[junit] null
[junit] junit.framework.AssertionFailedError
[junit] 	at TestCharRange.test(TestCharRange.java:11)
[junit] 	at java.base/jdk.internal.reflect.NativeMethodAccessorImpl.invoke0(Native Method)
[junit] 	at java.base/jdk.internal.reflect.NativeMethodAccessorImpl.invoke(NativeMethodAccessorImpl.java:77)
[junit] 	at java.base/jdk.internal.reflect.DelegatingMethodAccessorImpl.invoke(DelegatingMethodAccessorImpl.java:43)
[junit] 	at java.base/java.util.concurrent.FutureTask.run(FutureTask.java:264)
[junit] 	at java.base/java.lang.Thread.run(Thread.java:840)
"
438,mutants/mp/322/107/00000029/ByteVector.java,e03916152b5aca4e79f1ab22056104be,mutants/mp/322/107/00000029/ByteVector.class,1,322,100,1,,ASSUMED_NO,1152,0,2026-02-03 08:39:43,1,122,
439,mutants/mp/320/103/00000008/CharRange.java,c573e74e72510d9e4579fefd02f76249,mutants/mp/320/103/00000008/CharRange.class,0,320,101,1,1,ASSUMED_NO,1151,0,2026-02-03 08:39:48,3,174,"[junit] Testcase: test took 0.009 sec
[junit] null
[junit] junit.framework.AssertionFailedError
[junit] 	at TestCharRange.test(TestCharRange.java:12)
[junit] 	at java.base/jdk.internal.reflect.NativeMethodAccessorImpl.invoke0(Native Method)
[junit] 	at java.base/jdk.internal.reflect.NativeMethodAccessorImpl.invoke(NativeMethodAccessorImpl.java:77)
[junit] 	at java.base/jdk.internal.reflect.DelegatingMethodAccessorImpl.invoke(DelegatingMethodAccessorImpl.java:43)
[junit] 	at java.base/java.util.concurrent.FutureTask.run(FutureTask.java:264)
[junit] 	at java.base/java.lang.Thread.run(Thread.java:840)
"
440,mutants/mp/327/111/00000016/ByteVector.java,a82fb3ef0ceb5a2234e6755dff97099d,mutants/mp/327/111/00000016/ByteVector.class,0,327,100,1,1,ASSUMED_NO,1148,0,2026-02-03 08:39:55,0,"82,83","Buildfile: /srv/codedefenders-class-2026/build.xml

test-mutant:
[junit] Running TestByteVector
[junit] Testsuite: TestByteVector
[junit] Tests run: 1, Failures: 0, Errors: 1, Skipped: 0, Time elapsed: 0.018 sec
[junit] Tests run: 1, Failures: 0, Errors: 1, Skipped: 0, Time elapsed: 0.018 sec
[junit]
[junit] Testcase: test took 0.007 sec
[junit] 	Caused an ERROR
[junit] Index 1 out of bounds for length 1
[junit] java.lang.ArrayIndexOutOfBoundsException: Index 1 out of bounds for length 1
[junit] 	at ByteVector.putShort(ByteVector.java:87)
[junit] 	at TestByteVector.test(TestByteVector.java:11)
[junit] 	at java.base/jdk.internal.reflect.NativeMethodAccessorImpl.invoke0(Native Method)
[junit] 	at java.base/jdk.internal.reflect.NativeMethodAccessorImpl.invoke(NativeMethodAccessorImpl.java:77)
[junit] 	at java.base/jdk.internal.reflect.DelegatingMethodAccessorImpl.invoke(DelegatingMethodAccessorImpl.java:43)
[junit] 	at java.base/java.util.concurrent.FutureTask.run(FutureTask.java:264)
[junit] 	at java.base/java.lang.Thread.run(Thread.java:840)
[junit]
[junit] Test TestByteVector FAILED

BUILD SUCCESSFUL
Total time: 0 seconds
  "
441,mutants/mp/323/109/00000019/ByteVector.java,c351e602cd019f554775adbe1505dd83,mutants/mp/323/109/00000019/ByteVector.class,0,323,100,1,1,DECLARED_YES,1144,0,2026-02-03 08:39:56,0,"126,127,128",
442,mutants/mp/321/113/00000011/CharRange.java,6a4468ff571b78b793f64bec70993296,mutants/mp/321/113/00000011/CharRange.class,0,321,101,1,1,ASSUMED_NO,1143,0,2026-02-03 08:39:57,1,205,"[junit] Testcase: test took 0.035 sec
[junit] expected:<^[]a> but was:<^[^]a>
[junit] junit.framework.AssertionFailedError: expected:<^[]a> but was:<^[^]a>
[junit] 	at TestCharRange.test(TestCharRange.java:10)
[junit] 	at java.base/jdk.internal.reflect.NativeMethodAccessorImpl.invoke0(Native Method)
[junit] 	at java.base/jdk.internal.reflect.NativeMethodAccessorImpl.invoke(NativeMethodAccessorImpl.java:77)
[junit] 	at java.base/jdk.internal.reflect.DelegatingMethodAccessorImpl.invoke(DelegatingMethodAccessorImpl.java:43)
[junit] 	at java.base/java.util.concurrent.FutureTask.run(FutureTask.java:264)
[junit] 	at java.base/java.lang.Thread.run(Thread.java:840)
"
443,mutants/mp/322/107/00000030/ByteVector.java,d0e53c8371aaee928529a32b452f17e4,mutants/mp/322/107/00000030/ByteVector.class,1,322,100,1,,ASSUMED_NO,1152,0,2026-02-03 08:40:02,1,122,
444,mutants/mp/319/105/00000020/CharRange.java,dacb2216d2dc42ee8add635d025b431e,mutants/mp/319/105/00000020/CharRange.class,0,319,101,1,1,ASSUMED_NO,1150,0,2026-02-03 08:40:07,2,153,"[junit] Testcase: test took 0.008 sec
[junit] null
[junit] junit.framework.AssertionFailedError
[junit] 	at TestCharRange.test(TestCharRange.java:12)
[junit] 	at java.base/jdk.internal.reflect.NativeMethodAccessorImpl.invoke0(Native Method)
[junit] 	at java.base/jdk.internal.reflect.NativeMethodAccessorImpl.invoke(NativeMethodAccessorImpl.java:77)
[junit] 	at java.base/jdk.internal.reflect.DelegatingMethodAccessorImpl.invoke(DelegatingMethodAccessorImpl.java:43)
[junit] 	at java.base/java.util.concurrent.FutureTask.run(FutureTask.java:264)
[junit] 	at java.base/java.lang.Thread.run(Thread.java:840)
"
445,mutants/mp/325/5/00000011/ByteVector.java,7a508a2a0bae3cb7a5c31ecd734fe41f,mutants/mp/325/5/00000011/ByteVector.class,0,325,100,1,1,ASSUMED_NO,1157,0,2026-02-03 08:40:07,1,"185,186,191,193,208,209,210","[junit] Testcase: test took 0.019 sec
[junit] expected:<88> but was:<89>
[junit] junit.framework.AssertionFailedError: expected:<88> but was:<89>
[junit] 	at TestByteVector.test(TestByteVector.java:13)
[junit] 	at java.base/jdk.internal.reflect.NativeMethodAccessorImpl.invoke0(Native Method)
[junit] 	at java.base/jdk.internal.reflect.NativeMethodAccessorImpl.invoke(NativeMethodAccessorImpl.java:77)
[junit] 	at java.base/jdk.internal.reflect.DelegatingMethodAccessorImpl.invoke(DelegatingMethodAccessorImpl.java:43)
[junit] 	at java.base/java.util.concurrent.FutureTask.run(FutureTask.java:264)
[junit] 	at java.base/java.lang.Thread.run(Thread.java:840)
"
446,mutants/mp/323/109/00000020/ByteVector.java,06daa946291152aa4ae918a8380fcd59,mutants/mp/323/109/00000020/ByteVector.class,0,323,100,1,1,ASSUMED_NO,1144,0,2026-02-03 08:40:09,0,126,"[junit] Testcase: test took 0.009 sec
[junit] arrays first differed at element [0]; expected:<1> but was:<4>
[junit] junit.framework.AssertionFailedError: arrays first differed at element [0]; expected:<1> but was:<4>
[junit] 	at TestByteVector.test(TestByteVector.java:13)
[junit] 	at java.base/jdk.internal.reflect.NativeMethodAccessorImpl.invoke0(Native Method)
[junit] 	at java.base/jdk.internal.reflect.NativeMethodAccessorImpl.invoke(NativeMethodAccessorImpl.java:77)
[junit] 	at java.base/jdk.internal.reflect.DelegatingMethodAccessorImpl.invoke(DelegatingMethodAccessorImpl.java:43)
[junit] 	at java.base/java.util.concurrent.FutureTask.run(FutureTask.java:264)
[junit] 	at java.base/java.lang.Thread.run(Thread.java:840)
[junit] Caused by: java.lang.AssertionError: expected:<1> but was:<4>
"
447,mutants/mp/320/103/00000009/CharRange.java,2e0c64f90809ca334db30a717d662b56,mutants/mp/320/103/00000009/CharRange.class,0,320,101,1,1,ASSUMED_NO,1151,0,2026-02-03 08:40:11,0,136,"[junit] Testcase: test took 0.009 sec
[junit] null
[junit] junit.framework.AssertionFailedError
[junit] 	at TestCharRange.test(TestCharRange.java:12)
[junit] 	at java.base/jdk.internal.reflect.NativeMethodAccessorImpl.invoke0(Native Method)
[junit] 	at java.base/jdk.internal.reflect.NativeMethodAccessorImpl.invoke(NativeMethodAccessorImpl.java:77)
[junit] 	at java.base/jdk.internal.reflect.DelegatingMethodAccessorImpl.invoke(DelegatingMethodAccessorImpl.java:43)
[junit] 	at java.base/java.util.concurrent.FutureTask.run(FutureTask.java:264)
[junit] 	at java.base/java.lang.Thread.run(Thread.java:840)
"
448,mutants/mp/319/105/00000021/CharRange.java,861cb2e86807efdc21428815f4121a09,mutants/mp/319/105/00000021/CharRange.class,0,319,101,1,1,ASSUMED_NO,1150,0,2026-02-03 08:40:17,2,153,"[junit] Testcase: test took 0.009 sec
[junit] null
[junit] junit.framework.AssertionFailedError
[junit] 	at TestCharRange.test(TestCharRange.java:12)
[junit] 	at java.base/jdk.internal.reflect.NativeMethodAccessorImpl.invoke0(Native Method)
[junit] 	at java.base/jdk.internal.reflect.NativeMethodAccessorImpl.invoke(NativeMethodAccessorImpl.java:77)
[junit] 	at java.base/jdk.internal.reflect.DelegatingMethodAccessorImpl.invoke(DelegatingMethodAccessorImpl.java:43)
[junit] 	at java.base/java.util.concurrent.FutureTask.run(FutureTask.java:264)
[junit] 	at java.base/java.lang.Thread.run(Thread.java:840)
"
449,mutants/mp/324/5/00000011/ByteVector.java,bd7f30e4724fc3afbe6d182f8498ee63,mutants/mp/324/5/00000011/ByteVector.class,0,324,100,1,1,ASSUMED_NO,1154,0,2026-02-03 08:40:18,7,"46,48","[junit] Testcase: test took 0.012 sec
[junit] expected:<67> but was:<-68>
[junit] junit.framework.AssertionFailedError: expected:<67> but was:<-68>
[junit] 	at TestByteVector.test(TestByteVector.java:13)
[junit] 	at java.base/jdk.internal.reflect.NativeMethodAccessorImpl.invoke0(Native Method)
[junit] 	at java.base/jdk.internal.reflect.NativeMethodAccessorImpl.invoke(NativeMethodAccessorImpl.java:77)
[junit] 	at java.base/jdk.internal.reflect.DelegatingMethodAccessorImpl.invoke(DelegatingMethodAccessorImpl.java:43)
[junit] 	at java.base/java.util.concurrent.FutureTask.run(FutureTask.java:264)
[junit] 	at java.base/java.lang.Thread.run(Thread.java:840)
"
450,mutants/mp/322/107/00000031/ByteVector.java,aa8f058dcc95bfa67487445218896531,mutants/mp/322/107/00000031/ByteVector.class,1,322,100,1,,ASSUMED_NO,1152,0,2026-02-03 08:40:19,1,131,
451,mutants/mp/326/5/00000009/CharRange.java,eb367c77a342e52caf418d92afa710c1,mutants/mp/326/5/00000009/CharRange.class,0,326,101,1,1,ASSUMED_NO,1158,0,2026-02-03 08:40:19,2,"153,155,158,160","[junit] Testcase: test took 0.023 sec
[junit] null
[junit] junit.framework.AssertionFailedError
[junit] 	at TestCharRange.test(TestCharRange.java:12)
[junit] 	at java.base/jdk.internal.reflect.NativeMethodAccessorImpl.invoke0(Native Method)
[junit] 	at java.base/jdk.internal.reflect.NativeMethodAccessorImpl.invoke(NativeMethodAccessorImpl.java:77)
[junit] 	at java.base/jdk.internal.reflect.DelegatingMethodAccessorImpl.invoke(DelegatingMethodAccessorImpl.java:43)
[junit] 	at java.base/java.util.concurrent.FutureTask.run(FutureTask.java:264)
[junit] 	at java.base/java.lang.Thread.run(Thread.java:840)
"
452,mutants/mp/323/109/00000021/ByteVector.java,d0e53c8371aaee928529a32b452f17e4,mutants/mp/323/109/00000021/ByteVector.class,0,323,100,1,1,ASSUMED_NO,1144,0,2026-02-03 08:40:21,9,122,"[junit] Testcase: test took 0.014 sec
[junit] array lengths differed, expected.length=5 actual.length=10; arrays first differed at element [5]; expected:<end of array> but was:<0>
[junit] junit.framework.AssertionFailedError: array lengths differed, expected.length=5 actual.length=10; arrays first differed at element [5]; expected:<end of array> but was:<0>
[junit] 	at TestByteVector.test(TestByteVector.java:15)
[junit] 	at java.base/jdk.internal.reflect.NativeMethodAccessorImpl.invoke0(Native Method)
[junit] 	at java.base/jdk.internal.reflect.NativeMethodAccessorImpl.invoke(NativeMethodAccessorImpl.java:77)
[junit] 	at java.base/jdk.internal.reflect.DelegatingMethodAccessorImpl.invoke(DelegatingMethodAccessorImpl.java:43)
[junit] 	at java.base/java.util.concurrent.FutureTask.run(FutureTask.java:264)
[junit] 	at java.base/java.lang.Thread.run(Thread.java:840)
[junit] Caused by: java.lang.AssertionError: expected:<end of array> but was:<0>
"
453,mutants/mp/327/111/00000017/ByteVector.java,9dd5c38817eb7141605037bf13094e4d,mutants/mp/327/111/00000017/ByteVector.class,0,327,100,1,1,ASSUMED_NO,1148,0,2026-02-03 08:40:25,0,"126,127,128","[junit] Testcase: test took 0.009 sec
[junit] arrays first differed at element [0]; expected:<1> but was:<0>
[junit] junit.framework.AssertionFailedError: arrays first differed at element [0]; expected:<1> but was:<0>
[junit] 	at TestByteVector.test(TestByteVector.java:12)
[junit] 	at java.base/jdk.internal.reflect.NativeMethodAccessorImpl.invoke0(Native Method)
[junit] 	at java.base/jdk.internal.reflect.NativeMethodAccessorImpl.invoke(NativeMethodAccessorImpl.java:77)
[junit] 	at java.base/jdk.internal.reflect.DelegatingMethodAccessorImpl.invoke(DelegatingMethodAccessorImpl.java:43)
[junit] 	at java.base/java.util.concurrent.FutureTask.run(FutureTask.java:264)
[junit] 	at java.base/java.lang.Thread.run(Thread.java:840)
[junit] Caused by: java.lang.AssertionError: expected:<1> but was:<0>
"
454,mutants/mp/322/107/00000032/ByteVector.java,b72fbf5129564ed0d5140d979ca72f45,mutants/mp/322/107/00000032/ByteVector.class,1,322,100,1,,ASSUMED_NO,1152,0,2026-02-03 08:40:29,1,223,
455,mutants/mp/323/109/00000022/ByteVector.java,69516013001b391b92bd21ff4df72fc1,mutants/mp/323/109/00000022/ByteVector.class,0,323,100,1,1,ASSUMED_NO,1144,0,2026-02-03 08:40:30,9,122,"[junit] Testcase: test took 0.012 sec
[junit] array lengths differed, expected.length=5 actual.length=10; arrays first differed at element [5]; expected:<end of array> but was:<0>
[junit] junit.framework.AssertionFailedError: array lengths differed, expected.length=5 actual.length=10; arrays first differed at element [5]; expected:<end of array> but was:<0>
[junit] 	at TestByteVector.test(TestByteVector.java:15)
[junit] 	at java.base/jdk.internal.reflect.NativeMethodAccessorImpl.invoke0(Native Method)
[junit] 	at java.base/jdk.internal.reflect.NativeMethodAccessorImpl.invoke(NativeMethodAccessorImpl.java:77)
[junit] 	at java.base/jdk.internal.reflect.DelegatingMethodAccessorImpl.invoke(DelegatingMethodAccessorImpl.java:43)
[junit] 	at java.base/java.util.concurrent.FutureTask.run(FutureTask.java:264)
[junit] 	at java.base/java.lang.Thread.run(Thread.java:840)
[junit] Caused by: java.lang.AssertionError: expected:<end of array> but was:<0>
"
456,mutants/mp/320/103/00000010/CharRange.java,50691d81fdfb256f61a48b842de92fea,mutants/mp/320/103/00000010/CharRange.class,0,320,101,1,1,ASSUMED_NO,1151,0,2026-02-03 08:40:35,1,204,"[junit] Testcase: test took 0.009 sec
[junit] expected:<^[]f-l> but was:<^[0]f-l>
[junit] junit.framework.AssertionFailedError: expected:<^[]f-l> but was:<^[0]f-l>
[junit] 	at TestCharRange.test(TestCharRange.java:11)
[junit] 	at java.base/jdk.internal.reflect.NativeMethodAccessorImpl.invoke0(Native Method)
[junit] 	at java.base/jdk.internal.reflect.NativeMethodAccessorImpl.invoke(NativeMethodAccessorImpl.java:77)
[junit] 	at java.base/jdk.internal.reflect.DelegatingMethodAccessorImpl.invoke(DelegatingMethodAccessorImpl.java:43)
[junit] 	at java.base/java.util.concurrent.FutureTask.run(FutureTask.java:264)
[junit] 	at java.base/java.lang.Thread.run(Thread.java:840)
"
457,mutants/mp/322/107/00000033/ByteVector.java,0df875beef1755e9fcbcee14f91e5321,mutants/mp/322/107/00000033/ByteVector.class,1,322,100,1,,ASSUMED_NO,1152,0,2026-02-03 08:40:39,1,255,
458,mutants/mp/325/5/00000012/ByteVector.java,d9bb4e53e3274098160937d01d25d531,mutants/mp/325/5/00000012/ByteVector.class,0,325,100,1,1,ASSUMED_NO,1157,0,2026-02-03 08:40:51,2,"181,182,185,191,193,199,208,210","[junit] Testcase: test took 0.01 sec
[junit] expected:<2> but was:<3>
[junit] junit.framework.AssertionFailedError: expected:<2> but was:<3>
[junit] 	at TestByteVector.test(TestByteVector.java:13)
[junit] 	at java.base/jdk.internal.reflect.NativeMethodAccessorImpl.invoke0(Native Method)
[junit] 	at java.base/jdk.internal.reflect.NativeMethodAccessorImpl.invoke(NativeMethodAccessorImpl.java:77)
[junit] 	at java.base/jdk.internal.reflect.DelegatingMethodAccessorImpl.invoke(DelegatingMethodAccessorImpl.java:43)
[junit] 	at java.base/java.util.concurrent.FutureTask.run(FutureTask.java:264)
[junit] 	at java.base/java.lang.Thread.run(Thread.java:840)
"
459,mutants/mp/327/111/00000018/ByteVector.java,9dfcb60d697c9638d0a4a2bc6cdfd677,mutants/mp/327/111/00000018/ByteVector.class,1,327,100,1,,ASSUMED_NO,1148,0,2026-02-03 08:40:52,7,"143,144",
460,mutants/mp/322/107/00000034/ByteVector.java,149f1c7b7e7a1ba0526162695b2e12ab,mutants/mp/322/107/00000034/ByteVector.class,1,322,100,1,,ASSUMED_NO,1152,0,2026-02-03 08:40:54,1,257,
461,mutants/mp/322/107/00000035/ByteVector.java,466c1902565e3cda42ebbc5d2ef26f63,mutants/mp/322/107/00000035/ByteVector.class,1,322,100,1,,ASSUMED_NO,1152,0,2026-02-03 08:41:01,1,256,
462,mutants/mp/324/5/00000012/ByteVector.java,b3772932de83bf92a62e518f0883da34,mutants/mp/324/5/00000012/ByteVector.class,0,324,100,1,1,PROVEN_NO,1154,0,2026-02-03 08:41:03,4,46,"[junit] Testcase: test took 0.008 sec
[junit] expected:<2> but was:<3>
[junit] junit.framework.AssertionFailedError: expected:<2> but was:<3>
[junit] 	at TestByteVector.test(TestByteVector.java:13)
[junit] 	at java.base/jdk.internal.reflect.NativeMethodAccessorImpl.invoke0(Native Method)
[junit] 	at java.base/jdk.internal.reflect.NativeMethodAccessorImpl.invoke(NativeMethodAccessorImpl.java:77)
[junit] 	at java.base/jdk.internal.reflect.DelegatingMethodAccessorImpl.invoke(DelegatingMethodAccessorImpl.java:43)
[junit] 	at java.base/java.util.concurrent.FutureTask.run(FutureTask.java:264)
[junit] 	at java.base/java.lang.Thread.run(Thread.java:840)
"
463,mutants/mp/326/5/00000010/CharRange.java,584347c740b937f8e12b6d74aa95ca3a,mutants/mp/326/5/00000010/CharRange.class,0,326,101,1,1,ASSUMED_NO,1158,0,2026-02-03 08:41:04,2,"153,155,158,160","[junit] Testcase: test took 0.012 sec
[junit] null
[junit] junit.framework.AssertionFailedError
[junit] 	at TestCharRange.test(TestCharRange.java:12)
[junit] 	at java.base/jdk.internal.reflect.NativeMethodAccessorImpl.invoke0(Native Method)
[junit] 	at java.base/jdk.internal.reflect.NativeMethodAccessorImpl.invoke(NativeMethodAccessorImpl.java:77)
[junit] 	at java.base/jdk.internal.reflect.DelegatingMethodAccessorImpl.invoke(DelegatingMethodAccessorImpl.java:43)
[junit] 	at java.base/java.util.concurrent.FutureTask.run(FutureTask.java:264)
[junit] 	at java.base/java.lang.Thread.run(Thread.java:840)
"
464,mutants/mp/327/111/00000019/ByteVector.java,68f41847193fa70a5c3330150f9020a8,mutants/mp/327/111/00000019/ByteVector.class,1,327,100,1,,ASSUMED_NO,1148,0,2026-02-03 08:41:05,7,143,
465,mutants/mp/323/109/00000023/ByteVector.java,4a8f1ea198190e1c5247890ae79a31ed,mutants/mp/323/109/00000023/ByteVector.class,0,323,100,1,1,ASSUMED_NO,1144,0,2026-02-03 08:41:07,11,257,"Buildfile: /srv/codedefenders-class-2026/build.xml

test-mutant:
[junit] Running TestByteVector
[junit] Testsuite: TestByteVector
[junit] Tests run: 1, Failures: 0, Errors: 1, Skipped: 0, Time elapsed: 0.028 sec
[junit] Tests run: 1, Failures: 0, Errors: 1, Skipped: 0, Time elapsed: 0.028 sec
[junit]
[junit] Testcase: test took 0.011 sec
[junit] 	Caused an ERROR
[junit] arraycopy: last destination index 4 out of bounds for byte[2]
[junit] java.lang.ArrayIndexOutOfBoundsException: arraycopy: last destination index 4 out of bounds for byte[2]
[junit] 	at java.base/java.lang.System.arraycopy(Native Method)
[junit] 	at ByteVector.putByteArray(ByteVector.java:242)
[junit] 	at TestByteVector.test(TestByteVector.java:14)
[junit] 	at java.base/jdk.internal.reflect.NativeMethodAccessorImpl.invoke0(Native Method)
[junit] 	at java.base/jdk.internal.reflect.NativeMethodAccessorImpl.invoke(NativeMethodAccessorImpl.java:77)
[junit] 	at java.base/jdk.internal.reflect.DelegatingMethodAccessorImpl.invoke(DelegatingMethodAccessorImpl.java:43)
[junit] 	at java.base/java.util.concurrent.FutureTask.run(FutureTask.java:264)
[junit] 	at java.base/java.lang.Thread.run(Thread.java:840)
[junit]
[junit] Test TestByteVector FAILED

BUILD SUCCESSFUL
Total time: 1 second
  "
466,mutants/mp/322/107/00000036/ByteVector.java,0d6ef5a6d59882904785f38d3cabbc67,mutants/mp/322/107/00000036/ByteVector.class,1,322,100,1,,ASSUMED_NO,1152,0,2026-02-03 08:41:09,1,255,
467,mutants/mp/320/103/00000011/CharRange.java,d7fafb969dd2d3ccfbe0757b1c48e432,mutants/mp/320/103/00000011/CharRange.class,0,320,101,1,1,ASSUMED_NO,1151,0,2026-02-03 08:41:10,1,181,"[junit] Testcase: test took 0.012 sec
[junit] expected: CharRange<f-l> but was: CharRange<f-l>
[junit] junit.framework.AssertionFailedError: expected: CharRange<f-l> but was: CharRange<f-l>
[junit] 	at TestCharRange.test(TestCharRange.java:11)
[junit] 	at java.base/jdk.internal.reflect.NativeMethodAccessorImpl.invoke0(Native Method)
[junit] 	at java.base/jdk.internal.reflect.NativeMethodAccessorImpl.invoke(NativeMethodAccessorImpl.java:77)
[junit] 	at java.base/jdk.internal.reflect.DelegatingMethodAccessorImpl.invoke(DelegatingMethodAccessorImpl.java:43)
[junit] 	at java.base/java.util.concurrent.FutureTask.run(FutureTask.java:264)
[junit] 	at java.base/java.lang.Thread.run(Thread.java:840)
"
468,mutants/mp/323/109/00000024/ByteVector.java,149f1c7b7e7a1ba0526162695b2e12ab,mutants/mp/323/109/00000024/ByteVector.class,0,323,100,1,1,DECLARED_YES,1144,0,2026-02-03 08:41:19,0,257,
469,mutants/mp/322/107/00000037/ByteVector.java,9ff579d3fd09b9874a87246614204290,mutants/mp/322/107/00000037/ByteVector.class,1,322,100,1,,ASSUMED_NO,1152,0,2026-02-03 08:41:22,1,258,
470,mutants/mp/325/5/00000013/ByteVector.java,9db7f1434b0451b349aa142e82543979,mutants/mp/325/5/00000013/ByteVector.class,1,325,100,1,,ASSUMED_NO,1157,0,2026-02-03 08:41:22,4,"185,191,193,199,208,210",
471,mutants/mp/322/107/00000038/ByteVector.java,2bceeddb40fb148c301741d00532226a,mutants/mp/322/107/00000038/ByteVector.class,1,322,100,1,,ASSUMED_NO,1152,0,2026-02-03 08:41:33,1,238,
472,mutants/mp/323/109/00000025/ByteVector.java,e3438640846adcd45fd4dee2f46af187,mutants/mp/323/109/00000025/ByteVector.class,0,323,100,1,1,ASSUMED_NO,1144,0,2026-02-03 08:41:37,0,258,"Buildfile: /srv/codedefenders-class-2026/build.xml

test-mutant:
[junit] Running TestByteVector
[junit] Testsuite: TestByteVector
[junit] Tests run: 1, Failures: 0, Errors: 1, Skipped: 0, Time elapsed: 0.02 sec
[junit] Tests run: 1, Failures: 0, Errors: 1, Skipped: 0, Time elapsed: 0.02 sec
[junit]
[junit] Testcase: test took 0.008 sec
[junit] 	Caused an ERROR
[junit] arraycopy: last source index 2 out of bounds for byte[1]
[junit] java.lang.ArrayIndexOutOfBoundsException: arraycopy: last source index 2 out of bounds for byte[1]
[junit] 	at java.base/java.lang.System.arraycopy(Native Method)
[junit] 	at ByteVector.enlarge(ByteVector.java:258)
[junit] 	at ByteVector.putByte(ByteVector.java:46)
[junit] 	at TestByteVector.test(TestByteVector.java:11)
[junit] 	at java.base/jdk.internal.reflect.NativeMethodAccessorImpl.invoke0(Native Method)
[junit] 	at java.base/jdk.internal.reflect.NativeMethodAccessorImpl.invoke(NativeMethodAccessorImpl.java:77)
[junit] 	at java.base/jdk.internal.reflect.DelegatingMethodAccessorImpl.invoke(DelegatingMethodAccessorImpl.java:43)
[junit] 	at java.base/java.util.concurrent.FutureTask.run(FutureTask.java:264)
[junit] 	at java.base/java.lang.Thread.run(Thread.java:840)
[junit]
[junit] Test TestByteVector FAILED

BUILD SUCCESSFUL
Total time: 1 second
  "
473,mutants/mp/322/107/00000039/ByteVector.java,b2ee5b85c96bc6acff236582f8097696,mutants/mp/322/107/00000039/ByteVector.class,1,322,100,1,,ASSUMED_NO,1152,0,2026-02-03 08:41:42,1,245,
474,mutants/mp/320/103/00000012/CharRange.java,6cffe63206a21d35cd73d441caef2c7b,mutants/mp/320/103/00000012/CharRange.class,0,320,101,1,1,ASSUMED_YES,1151,0,2026-02-03 08:41:42,0,160,
475,mutants/mp/327/111/00000020/ByteVector.java,27dc5b87a38f6370b4e8fc0f30c291ec,mutants/mp/327/111/00000020/ByteVector.class,0,327,100,1,1,ASSUMED_YES,1148,0,2026-02-03 08:41:46,0,"171,172",
476,mutants/mp/324/5/00000013/ByteVector.java,46ef5e65d95de8bd59aac463432d1cc3,mutants/mp/324/5/00000013/ByteVector.class,0,324,100,1,1,ASSUMED_NO,1154,0,2026-02-03 08:41:48,7,48,"[junit] Testcase: test took 0.011 sec
[junit] expected:<67> but was:<-68>
[junit] junit.framework.AssertionFailedError: expected:<67> but was:<-68>
[junit] 	at TestByteVector.test(TestByteVector.java:13)
[junit] 	at java.base/jdk.internal.reflect.NativeMethodAccessorImpl.invoke0(Native Method)
[junit] 	at java.base/jdk.internal.reflect.NativeMethodAccessorImpl.invoke(NativeMethodAccessorImpl.java:77)
[junit] 	at java.base/jdk.internal.reflect.DelegatingMethodAccessorImpl.invoke(DelegatingMethodAccessorImpl.java:43)
[junit] 	at java.base/java.util.concurrent.FutureTask.run(FutureTask.java:264)
[junit] 	at java.base/java.lang.Thread.run(Thread.java:840)
"
477,mutants/mp/322/107/00000040/ByteVector.java,f5d681fd5c70797ea1e5798ff125ee24,mutants/mp/322/107/00000040/ByteVector.class,1,322,100,1,,ASSUMED_NO,1152,0,2026-02-03 08:41:50,1,244,
478,mutants/mp/323/109/00000026/ByteVector.java,18e363db9a7cf7732211243533c9a7e1,mutants/mp/323/109/00000026/ByteVector.class,0,323,100,1,1,DECLARED_YES,1144,0,2026-02-03 08:41:52,0,256,
479,mutants/mp/325/5/00000014/ByteVector.java,ed170cbc0e17ab724f92bc06a5d0fc31,mutants/mp/325/5/00000014/ByteVector.class,1,325,100,1,,ASSUMED_NO,1157,0,2026-02-03 08:41:53,5,"185,191,193,208,210,223",
480,mutants/mp/327/111/00000021/ByteVector.java,fa186be0d295dbe7a96cf17f94d25d47,mutants/mp/327/111/00000021/ByteVector.class,0,327,100,1,1,ASSUMED_YES,1148,0,2026-02-03 08:41:59,0,185,
481,mutants/mp/323/109/00000027/ByteVector.java,ba84dcae8a7037e211187d12bb470b9a,mutants/mp/323/109/00000027/ByteVector.class,0,323,100,1,1,ASSUMED_NO,1144,0,2026-02-03 08:42:03,11,256,"Buildfile: /srv/codedefenders-class-2026/build.xml

test-mutant:
[junit] Running TestByteVector
[junit] Testsuite: TestByteVector
[junit] Tests run: 1, Failures: 0, Errors: 1, Skipped: 0, Time elapsed: 0.022 sec
[junit] Tests run: 1, Failures: 0, Errors: 1, Skipped: 0, Time elapsed: 0.022 sec
[junit]
[junit] Testcase: test took 0.009 sec
[junit] 	Caused an ERROR
[junit] arraycopy: last destination index 4 out of bounds for byte[3]
[junit] java.lang.ArrayIndexOutOfBoundsException: arraycopy: last destination index 4 out of bounds for byte[3]
[junit] 	at java.base/java.lang.System.arraycopy(Native Method)
[junit] 	at ByteVector.putByteArray(ByteVector.java:242)
[junit] 	at TestByteVector.test(TestByteVector.java:14)
[junit] 	at java.base/jdk.internal.reflect.NativeMethodAccessorImpl.invoke0(Native Method)
[junit] 	at java.base/jdk.internal.reflect.NativeMethodAccessorImpl.invoke(NativeMethodAccessorImpl.java:77)
[junit] 	at java.base/jdk.internal.reflect.DelegatingMethodAccessorImpl.invoke(DelegatingMethodAccessorImpl.java:43)
[junit] 	at java.base/java.util.concurrent.FutureTask.run(FutureTask.java:264)
[junit] 	at java.base/java.lang.Thread.run(Thread.java:840)
[junit]
[junit] Test TestByteVector FAILED

BUILD SUCCESSFUL
Total time: 1 second
  "
482,mutants/mp/326/5/00000011/CharRange.java,2fb342dcbb2caec517615fb8c883f99b,mutants/mp/326/5/00000011/CharRange.class,0,326,101,1,1,ASSUMED_NO,1158,0,2026-02-03 08:42:04,1,"153,155,158,160","[junit] Testcase: test took 0.009 sec
[junit] null
[junit] junit.framework.AssertionFailedError
[junit] 	at TestCharRange.test(TestCharRange.java:12)
[junit] 	at java.base/jdk.internal.reflect.NativeMethodAccessorImpl.invoke0(Native Method)
[junit] 	at java.base/jdk.internal.reflect.NativeMethodAccessorImpl.invoke(NativeMethodAccessorImpl.java:77)
[junit] 	at java.base/jdk.internal.reflect.DelegatingMethodAccessorImpl.invoke(DelegatingMethodAccessorImpl.java:43)
[junit] 	at java.base/java.util.concurrent.FutureTask.run(FutureTask.java:264)
[junit] 	at java.base/java.lang.Thread.run(Thread.java:840)
"
483,mutants/mp/320/103/00000013/CharRange.java,414d32c232c62c666d3021da8a2c3653,mutants/mp/320/103/00000013/CharRange.class,0,320,101,1,1,PROVEN_NO,1151,0,2026-02-03 08:42:06,4,153,"[junit] Testcase: test took 0.006 sec
[junit] expected:<false> but was:<true>
[junit] junit.framework.AssertionFailedError: expected:<false> but was:<true>
[junit] 	at TestCharRange.test(TestCharRange.java:12)
[junit] 	at java.base/jdk.internal.reflect.NativeMethodAccessorImpl.invoke0(Native Method)
[junit] 	at java.base/jdk.internal.reflect.NativeMethodAccessorImpl.invoke(NativeMethodAccessorImpl.java:77)
[junit] 	at java.base/jdk.internal.reflect.DelegatingMethodAccessorImpl.invoke(DelegatingMethodAccessorImpl.java:43)
[junit] 	at java.base/java.util.concurrent.FutureTask.run(FutureTask.java:264)
[junit] 	at java.base/java.lang.Thread.run(Thread.java:840)
"
484,mutants/mp/322/107/00000041/ByteVector.java,fda0957ec2782e581d17d87437e8d458,mutants/mp/322/107/00000041/ByteVector.class,1,322,100,1,,ASSUMED_NO,1152,0,2026-02-03 08:42:08,1,241,
485,mutants/mp/327/111/00000022/ByteVector.java,e3806aa34118d5e6ddc616966b387893,mutants/mp/327/111/00000022/ByteVector.class,0,327,100,1,1,ASSUMED_YES,1148,0,2026-02-03 08:42:10,0,185,
486,mutants/mp/320/103/00000014/CharRange.java,48cf49c427d57664ac5afea7530aba20,mutants/mp/320/103/00000014/CharRange.class,0,320,101,1,1,ASSUMED_NO,1151,0,2026-02-03 08:42:21,0,155,"[junit] Testcase: test took 0.007 sec
[junit] null
[junit] junit.framework.AssertionFailedError
[junit] 	at TestCharRange.test(TestCharRange.java:11)
[junit] 	at java.base/jdk.internal.reflect.NativeMethodAccessorImpl.invoke0(Native Method)
[junit] 	at java.base/jdk.internal.reflect.NativeMethodAccessorImpl.invoke(NativeMethodAccessorImpl.java:77)
[junit] 	at java.base/jdk.internal.reflect.DelegatingMethodAccessorImpl.invoke(DelegatingMethodAccessorImpl.java:43)
[junit] 	at java.base/java.util.concurrent.FutureTask.run(FutureTask.java:264)
[junit] 	at java.base/java.lang.Thread.run(Thread.java:840)
"
487,mutants/mp/322/107/00000042/ByteVector.java,ed8ce40f21556702e629a528a6ee2575,mutants/mp/322/107/00000042/ByteVector.class,1,322,100,1,,ASSUMED_NO,1152,0,2026-02-03 08:42:21,1,238,
488,mutants/mp/322/107/00000043/ByteVector.java,8a85d59ed5cafaa231a9c2f960141232,mutants/mp/322/107/00000043/ByteVector.class,1,322,100,1,,ASSUMED_NO,1152,0,2026-02-03 08:42:31,1,241,
489,mutants/mp/323/109/00000028/ByteVector.java,8b063951dd6a9db6f1705c35a3e38ec2,mutants/mp/323/109/00000028/ByteVector.class,0,323,100,1,1,DECLARED_YES,1144,0,2026-02-03 08:42:33,0,255,
490,mutants/mp/326/5/00000012/CharRange.java,6ea7abbc6f6efee0507f22834a19601a,mutants/mp/326/5/00000012/CharRange.class,0,326,101,1,1,ASSUMED_NO,1158,0,2026-02-03 08:42:36,1,"153,155,158,160","[junit] Testcase: test took 0.01 sec
[junit] null
[junit] junit.framework.AssertionFailedError
[junit] 	at TestCharRange.test(TestCharRange.java:12)
[junit] 	at java.base/jdk.internal.reflect.NativeMethodAccessorImpl.invoke0(Native Method)
[junit] 	at java.base/jdk.internal.reflect.NativeMethodAccessorImpl.invoke(NativeMethodAccessorImpl.java:77)
[junit] 	at java.base/jdk.internal.reflect.DelegatingMethodAccessorImpl.invoke(DelegatingMethodAccessorImpl.java:43)
[junit] 	at java.base/java.util.concurrent.FutureTask.run(FutureTask.java:264)
[junit] 	at java.base/java.lang.Thread.run(Thread.java:840)
"
491,mutants/mp/325/5/00000015/ByteVector.java,67f99180cd304a7b6b03e0429024eedc,mutants/mp/325/5/00000015/ByteVector.class,0,325,100,1,1,ASSUMED_NO,1157,0,2026-02-03 08:42:37,2,"182,185,191,193,208,210","[junit] Testcase: test took 0.008 sec
[junit] expected:<2> but was:<3>
[junit] junit.framework.AssertionFailedError: expected:<2> but was:<3>
[junit] 	at TestByteVector.test(TestByteVector.java:13)
[junit] 	at java.base/jdk.internal.reflect.NativeMethodAccessorImpl.invoke0(Native Method)
[junit] 	at java.base/jdk.internal.reflect.NativeMethodAccessorImpl.invoke(NativeMethodAccessorImpl.java:77)
[junit] 	at java.base/jdk.internal.reflect.DelegatingMethodAccessorImpl.invoke(DelegatingMethodAccessorImpl.java:43)
[junit] 	at java.base/java.util.concurrent.FutureTask.run(FutureTask.java:264)
[junit] 	at java.base/java.lang.Thread.run(Thread.java:840)
"
492,mutants/mp/322/107/00000044/ByteVector.java,ed0326acdabc8a4db56d996fb9359de5,mutants/mp/322/107/00000044/ByteVector.class,1,322,100,1,,ASSUMED_NO,1152,0,2026-02-03 08:42:41,1,241,
493,mutants/mp/320/103/00000015/CharRange.java,acd495eab4b2869125b8b12300dc5cda,mutants/mp/320/103/00000015/CharRange.class,0,320,101,1,1,ASSUMED_NO,1151,0,2026-02-03 08:42:43,1,191,"[junit] Testcase: test took 0.009 sec
[junit] expected:<941> but was:<905>
[junit] junit.framework.AssertionFailedError: expected:<941> but was:<905>
[junit] 	at TestCharRange.test(TestCharRange.java:12)
[junit] 	at java.base/jdk.internal.reflect.NativeMethodAccessorImpl.invoke0(Native Method)
[junit] 	at java.base/jdk.internal.reflect.NativeMethodAccessorImpl.invoke(NativeMethodAccessorImpl.java:77)
[junit] 	at java.base/jdk.internal.reflect.DelegatingMethodAccessorImpl.invoke(DelegatingMethodAccessorImpl.java:43)
[junit] 	at java.base/java.util.concurrent.FutureTask.run(FutureTask.java:264)
[junit] 	at java.base/java.lang.Thread.run(Thread.java:840)
"
494,mutants/mp/324/5/00000014/ByteVector.java,17f65bcae7a6d97ce71b76c347834596,mutants/mp/324/5/00000014/ByteVector.class,0,324,100,1,1,ASSUMED_NO,1154,0,2026-02-03 08:42:48,7,48,"[junit] Testcase: test took 0.008 sec
[junit] expected:<67> but was:<-68>
[junit] junit.framework.AssertionFailedError: expected:<67> but was:<-68>
[junit] 	at TestByteVector.test(TestByteVector.java:13)
[junit] 	at java.base/jdk.internal.reflect.NativeMethodAccessorImpl.invoke0(Native Method)
[junit] 	at java.base/jdk.internal.reflect.NativeMethodAccessorImpl.invoke(NativeMethodAccessorImpl.java:77)
[junit] 	at java.base/jdk.internal.reflect.DelegatingMethodAccessorImpl.invoke(DelegatingMethodAccessorImpl.java:43)
[junit] 	at java.base/java.util.concurrent.FutureTask.run(FutureTask.java:264)
[junit] 	at java.base/java.lang.Thread.run(Thread.java:840)
"
495,mutants/mp/322/107/00000045/ByteVector.java,c598876b3b2473303d77728161e044f7,mutants/mp/322/107/00000045/ByteVector.class,1,322,100,1,,ASSUMED_NO,1152,0,2026-02-03 08:42:49,1,244,
496,mutants/mp/327/111/00000023/ByteVector.java,95e50eb0164bfabf7edb9529018f7c5c,mutants/mp/327/111/00000023/ByteVector.class,0,327,100,1,1,ASSUMED_YES,1148,0,2026-02-03 08:42:55,0,191,
497,mutants/mp/322/107/00000046/ByteVector.java,31e0c65c797a8eafde517b5239d11d34,mutants/mp/322/107/00000046/ByteVector.class,1,322,100,1,,ASSUMED_NO,1152,0,2026-02-03 08:43:01,1,238,
498,mutants/mp/326/5/00000013/CharRange.java,039d88778eb6ca5c230423dedc016524,mutants/mp/326/5/00000013/CharRange.class,0,326,101,1,1,ASSUMED_NO,1158,0,2026-02-03 08:43:04,1,"153,155,158,160","[junit] Testcase: test took 0.009 sec
[junit] null
[junit] junit.framework.AssertionFailedError
[junit] 	at TestCharRange.test(TestCharRange.java:12)
[junit] 	at java.base/jdk.internal.reflect.NativeMethodAccessorImpl.invoke0(Native Method)
[junit] 	at java.base/jdk.internal.reflect.NativeMethodAccessorImpl.invoke(NativeMethodAccessorImpl.java:77)
[junit] 	at java.base/jdk.internal.reflect.DelegatingMethodAccessorImpl.invoke(DelegatingMethodAccessorImpl.java:43)
[junit] 	at java.base/java.util.concurrent.FutureTask.run(FutureTask.java:264)
[junit] 	at java.base/java.lang.Thread.run(Thread.java:840)
"
499,mutants/mp/323/109/00000029/ByteVector.java,2bceeddb40fb148c301741d00532226a,mutants/mp/323/109/00000029/ByteVector.class,1,323,100,1,,ASSUMED_NO,1144,0,2026-02-03 08:43:04,9,238,
500,mutants/mp/327/111/00000024/ByteVector.java,9a05c3598d529b8ecf9e3debc79369bc,mutants/mp/327/111/00000024/ByteVector.class,0,327,100,1,1,ASSUMED_YES,1148,0,2026-02-03 08:43:06,0,191,
501,mutants/mp/325/5/00000016/ByteVector.java,d413620e7f3dca1160011ce4354662f4,mutants/mp/325/5/00000016/ByteVector.class,0,325,100,1,1,ASSUMED_NO,1157,0,2026-02-03 08:43:08,0,"185,191,193,208,210,222","[junit] Testcase: test took 0.011 sec
[junit] expected:<3> but was:<4>
[junit] junit.framework.AssertionFailedError: expected:<3> but was:<4>
[junit] 	at TestByteVector.test(TestByteVector.java:12)
[junit] 	at java.base/jdk.internal.reflect.NativeMethodAccessorImpl.invoke0(Native Method)
[junit] 	at java.base/jdk.internal.reflect.NativeMethodAccessorImpl.invoke(NativeMethodAccessorImpl.java:77)
[junit] 	at java.base/jdk.internal.reflect.DelegatingMethodAccessorImpl.invoke(DelegatingMethodAccessorImpl.java:43)
[junit] 	at java.base/java.util.concurrent.FutureTask.run(FutureTask.java:264)
[junit] 	at java.base/java.lang.Thread.run(Thread.java:840)
"
502,mutants/mp/320/103/00000016/CharRange.java,8b58e8fef8a1deff83da2460240b9978,mutants/mp/320/103/00000016/CharRange.class,0,320,101,1,1,ASSUMED_NO,1151,0,2026-02-03 08:43:11,1,"208,209","[junit] Testcase: test took 0.013 sec
[junit] expected:<f-[l]> but was:<f-[.f]>
[junit] junit.framework.AssertionFailedError: expected:<f-[l]> but was:<f-[.f]>
[junit] 	at TestCharRange.test(TestCharRange.java:11)
[junit] 	at java.base/jdk.internal.reflect.NativeMethodAccessorImpl.invoke0(Native Method)
[junit] 	at java.base/jdk.internal.reflect.NativeMethodAccessorImpl.invoke(NativeMethodAccessorImpl.java:77)
[junit] 	at java.base/jdk.internal.reflect.DelegatingMethodAccessorImpl.invoke(DelegatingMethodAccessorImpl.java:43)
[junit] 	at java.base/java.util.concurrent.FutureTask.run(FutureTask.java:264)
[junit] 	at java.base/java.lang.Thread.run(Thread.java:840)
"
503,mutants/mp/322/107/00000047/ByteVector.java,f7827327d46d19bb6eeb3067f6ca3a23,mutants/mp/322/107/00000047/ByteVector.class,1,322,100,1,,ASSUMED_NO,1152,0,2026-02-03 08:43:13,1,238,
504,mutants/mp/324/5/00000015/ByteVector.java,6107c2076a4e8d960e51f4cc486e1564,mutants/mp/324/5/00000015/ByteVector.class,0,324,100,1,1,ASSUMED_NO,1154,0,2026-02-03 08:43:18,7,"45,46,47,48","[junit] Testcase: test took 0.009 sec
[junit] expected:<67> but was:<68>
[junit] junit.framework.AssertionFailedError: expected:<67> but was:<68>
[junit] 	at TestByteVector.test(TestByteVector.java:13)
[junit] 	at java.base/jdk.internal.reflect.NativeMethodAccessorImpl.invoke0(Native Method)
[junit] 	at java.base/jdk.internal.reflect.NativeMethodAccessorImpl.invoke(NativeMethodAccessorImpl.java:77)
[junit] 	at java.base/jdk.internal.reflect.DelegatingMethodAccessorImpl.invoke(DelegatingMethodAccessorImpl.java:43)
[junit] 	at java.base/java.util.concurrent.FutureTask.run(FutureTask.java:264)
[junit] 	at java.base/java.lang.Thread.run(Thread.java:840)
"
505,mutants/mp/322/107/00000048/ByteVector.java,695052d395373d2bd1726c4a882bd01e,mutants/mp/322/107/00000048/ByteVector.class,1,322,100,1,,ASSUMED_NO,1152,0,2026-02-03 08:43:23,1,222,
506,mutants/mp/327/111/00000025/ByteVector.java,7e2628b5b9a37a0020ad3b580d8b15fc,mutants/mp/327/111/00000025/ByteVector.class,0,327,100,1,1,ASSUMED_YES,1148,0,2026-02-03 08:43:26,0,208,
507,mutants/mp/319/105/00000022/CharRange.java,438598d17722b2844b5612413a26884b,mutants/mp/319/105/00000022/CharRange.class,0,319,101,1,1,ASSUMED_NO,1150,0,2026-02-03 08:43:30,2,191,"[junit] Testcase: test took 0.027 sec
[junit] expected:<860> but was:<869>
[junit] junit.framework.AssertionFailedError: expected:<860> but was:<869>
[junit] 	at TestCharRange.test(TestCharRange.java:12)
[junit] 	at java.base/jdk.internal.reflect.NativeMethodAccessorImpl.invoke0(Native Method)
[junit] 	at java.base/jdk.internal.reflect.NativeMethodAccessorImpl.invoke(NativeMethodAccessorImpl.java:77)
[junit] 	at java.base/jdk.internal.reflect.DelegatingMethodAccessorImpl.invoke(DelegatingMethodAccessorImpl.java:43)
[junit] 	at java.base/java.util.concurrent.FutureTask.run(FutureTask.java:264)
[junit] 	at java.base/java.lang.Thread.run(Thread.java:840)
"
508,mutants/mp/322/107/00000049/ByteVector.java,8bf5dc1712db221a06581650b3ecea1c,mutants/mp/322/107/00000049/ByteVector.class,1,322,100,1,,ASSUMED_NO,1152,0,2026-02-03 08:43:32,1,222,
509,mutants/mp/327/111/00000026/ByteVector.java,acb8ddacfca461340619a1808dd26328,mutants/mp/327/111/00000026/ByteVector.class,0,327,100,1,1,ASSUMED_YES,1148,0,2026-02-03 08:43:37,0,208,
510,mutants/mp/323/109/00000030/ByteVector.java,956792a4c1fbae5f83f0dee023ea876d,mutants/mp/323/109/00000030/ByteVector.class,0,323,100,1,1,ASSUMED_NO,1144,0,2026-02-03 08:43:38,0,242,"[junit] Testcase: test took 0.011 sec
[junit] arrays first differed at element [0]; expected:<8> but was:<9>
[junit] junit.framework.AssertionFailedError: arrays first differed at element [0]; expected:<8> but was:<9>
[junit] 	at TestByteVector.test(TestByteVector.java:13)
[junit] 	at java.base/jdk.internal.reflect.NativeMethodAccessorImpl.invoke0(Native Method)
[junit] 	at java.base/jdk.internal.reflect.NativeMethodAccessorImpl.invoke(NativeMethodAccessorImpl.java:77)
[junit] 	at java.base/jdk.internal.reflect.DelegatingMethodAccessorImpl.invoke(DelegatingMethodAccessorImpl.java:43)
[junit] 	at java.base/java.util.concurrent.FutureTask.run(FutureTask.java:264)
[junit] 	at java.base/java.lang.Thread.run(Thread.java:840)
[junit] Caused by: java.lang.AssertionError: expected:<8> but was:<9>
"
511,mutants/mp/325/5/00000017/ByteVector.java,7be87b1df1d9aacf8fd51c5b54f79f3a,mutants/mp/325/5/00000017/ByteVector.class,0,325,100,1,1,ASSUMED_NO,1157,0,2026-02-03 08:43:41,0,"185,186,191,193,208,209,210","[junit] Testcase: test took 0.011 sec
[junit] expected:<88> but was:<120>
[junit] junit.framework.AssertionFailedError: expected:<88> but was:<120>
[junit] 	at TestByteVector.test(TestByteVector.java:13)
[junit] 	at java.base/jdk.internal.reflect.NativeMethodAccessorImpl.invoke0(Native Method)
[junit] 	at java.base/jdk.internal.reflect.NativeMethodAccessorImpl.invoke(NativeMethodAccessorImpl.java:77)
[junit] 	at java.base/jdk.internal.reflect.DelegatingMethodAccessorImpl.invoke(DelegatingMethodAccessorImpl.java:43)
[junit] 	at java.base/java.util.concurrent.FutureTask.run(FutureTask.java:264)
[junit] 	at java.base/java.lang.Thread.run(Thread.java:840)
"
512,mutants/mp/322/107/00000050/ByteVector.java,230880eba0fdc4d2931dae77fe10c975,mutants/mp/322/107/00000050/ByteVector.class,1,322,100,1,,ASSUMED_NO,1152,0,2026-02-03 08:43:43,1,63,
513,mutants/mp/326/5/00000014/CharRange.java,a55faa00194b6d56f1a0a9791c7a0945,mutants/mp/326/5/00000014/CharRange.class,0,326,101,1,1,ASSUMED_NO,1158,0,2026-02-03 08:43:48,2,"153,155,158,160","[junit] Testcase: test took 0.009 sec
[junit] null
[junit] junit.framework.AssertionFailedError
[junit] 	at TestCharRange.test(TestCharRange.java:12)
[junit] 	at java.base/jdk.internal.reflect.NativeMethodAccessorImpl.invoke0(Native Method)
[junit] 	at java.base/jdk.internal.reflect.NativeMethodAccessorImpl.invoke(NativeMethodAccessorImpl.java:77)
[junit] 	at java.base/jdk.internal.reflect.DelegatingMethodAccessorImpl.invoke(DelegatingMethodAccessorImpl.java:43)
[junit] 	at java.base/java.util.concurrent.FutureTask.run(FutureTask.java:264)
[junit] 	at java.base/java.lang.Thread.run(Thread.java:840)
"
514,mutants/mp/322/107/00000051/ByteVector.java,ee3335ceb80606338747bfa7f248ea3d,mutants/mp/322/107/00000051/ByteVector.class,1,322,100,1,,ASSUMED_NO,1152,0,2026-02-03 08:43:53,1,45,
515,mutants/mp/323/109/00000031/ByteVector.java,b2ee5b85c96bc6acff236582f8097696,mutants/mp/323/109/00000031/ByteVector.class,1,323,100,1,,ASSUMED_NO,1144,0,2026-02-03 08:43:55,9,245,
516,mutants/mp/320/103/00000017/CharRange.java,ecd0e6bad6837aeda7f4b0d5ab9b9e54,mutants/mp/320/103/00000017/CharRange.class,0,320,101,1,1,DECLARED_YES,1151,0,2026-02-03 08:43:58,0,202,
517,mutants/mp/322/107/00000052/ByteVector.java,bc3169d43daaa2b079d96c980735db9a,mutants/mp/322/107/00000052/ByteVector.class,1,322,100,1,,ASSUMED_NO,1152,0,2026-02-03 08:44:03,1,48,
518,mutants/mp/324/5/00000016/ByteVector.java,41811612ae03f58de59c14801c3f380e,mutants/mp/324/5/00000016/ByteVector.class,0,324,100,1,1,ASSUMED_NO,1154,0,2026-02-03 08:44:04,0,48,"[junit] Testcase: test took 0.028 sec
[junit] expected:<8> but was:<4>
[junit] junit.framework.AssertionFailedError: expected:<8> but was:<4>
[junit] 	at TestByteVector.test(TestByteVector.java:17)
[junit] 	at java.base/jdk.internal.reflect.NativeMethodAccessorImpl.invoke0(Native Method)
[junit] 	at java.base/jdk.internal.reflect.NativeMethodAccessorImpl.invoke(NativeMethodAccessorImpl.java:77)
[junit] 	at java.base/jdk.internal.reflect.DelegatingMethodAccessorImpl.invoke(DelegatingMethodAccessorImpl.java:43)
[junit] 	at java.base/java.util.concurrent.FutureTask.run(FutureTask.java:264)
[junit] 	at java.base/java.lang.Thread.run(Thread.java:840)
"
519,mutants/mp/325/5/00000018/ByteVector.java,84edc58b0e6e76402a67f1e51a563b3a,mutants/mp/325/5/00000018/ByteVector.class,0,325,100,1,1,ASSUMED_NO,1157,0,2026-02-03 08:44:08,0,"181,182,185,186,191,193,199,200,208,209,210","[junit] Testcase: test took 0.008 sec
[junit] expected:<88> but was:<120>
[junit] junit.framework.AssertionFailedError: expected:<88> but was:<120>
[junit] 	at TestByteVector.test(TestByteVector.java:13)
[junit] 	at java.base/jdk.internal.reflect.NativeMethodAccessorImpl.invoke0(Native Method)
[junit] 	at java.base/jdk.internal.reflect.NativeMethodAccessorImpl.invoke(NativeMethodAccessorImpl.java:77)
[junit] 	at java.base/jdk.internal.reflect.DelegatingMethodAccessorImpl.invoke(DelegatingMethodAccessorImpl.java:43)
[junit] 	at java.base/java.util.concurrent.FutureTask.run(FutureTask.java:264)
[junit] 	at java.base/java.lang.Thread.run(Thread.java:840)
"
520,mutants/mp/327/111/00000027/ByteVector.java,dd7d878c047fb6781b6e85b731646c27,mutants/mp/327/111/00000027/ByteVector.class,0,327,100,1,1,ASSUMED_NO,1148,0,2026-02-03 08:44:09,9,210,"[junit] Testcase: test took 0.013 sec
[junit] array lengths differed, expected.length=8 actual.length=9; arrays first differed at element [3]; expected:<-33> but was:<-32>
[junit] junit.framework.AssertionFailedError: array lengths differed, expected.length=8 actual.length=9; arrays first differed at element [3]; expected:<-33> but was:<-32>
[junit] 	at TestByteVector.test(TestByteVector.java:15)
[junit] 	at java.base/jdk.internal.reflect.NativeMethodAccessorImpl.invoke0(Native Method)
[junit] 	at java.base/jdk.internal.reflect.NativeMethodAccessorImpl.invoke(NativeMethodAccessorImpl.java:77)
[junit] 	at java.base/jdk.internal.reflect.DelegatingMethodAccessorImpl.invoke(DelegatingMethodAccessorImpl.java:43)
[junit] 	at java.base/java.util.concurrent.FutureTask.run(FutureTask.java:264)
[junit] 	at java.base/java.lang.Thread.run(Thread.java:840)
[junit] Caused by: java.lang.AssertionError: expected:<-33> but was:<-32>
"
521,mutants/mp/322/107/00000053/ByteVector.java,636ca45853f3506fb91e5cac3c72feea,mutants/mp/322/107/00000053/ByteVector.class,1,322,100,1,,ASSUMED_NO,1152,0,2026-02-03 08:44:22,1,89,
522,mutants/mp/319/105/00000023/CharRange.java,74c7e336c36039a99a96da3047831c11,mutants/mp/319/105/00000023/CharRange.class,0,319,101,1,1,ASSUMED_NO,1150,0,2026-02-03 08:44:22,1,204,"[junit] Testcase: test took 0.011 sec
[junit] expected:<[^]a> but was:<[n]a>
[junit] junit.framework.AssertionFailedError: expected:<[^]a> but was:<[n]a>
[junit] 	at TestCharRange.test(TestCharRange.java:12)
[junit] 	at java.base/jdk.internal.reflect.NativeMethodAccessorImpl.invoke0(Native Method)
[junit] 	at java.base/jdk.internal.reflect.NativeMethodAccessorImpl.invoke(NativeMethodAccessorImpl.java:77)
[junit] 	at java.base/jdk.internal.reflect.DelegatingMethodAccessorImpl.invoke(DelegatingMethodAccessorImpl.java:43)
[junit] 	at java.base/java.util.concurrent.FutureTask.run(FutureTask.java:264)
[junit] 	at java.base/java.lang.Thread.run(Thread.java:840)
"
523,mutants/mp/323/109/00000032/ByteVector.java,f664a46716a6da28f76f04af1cd80013,mutants/mp/323/109/00000032/ByteVector.class,0,323,100,1,1,ASSUMED_NO,1144,0,2026-02-03 08:44:24,2,239,"Buildfile: /srv/codedefenders-class-2026/build.xml

test-mutant:
[junit] Running TestByteVector
[junit] Testsuite: TestByteVector
[junit] Tests run: 1, Failures: 0, Errors: 1, Skipped: 0, Time elapsed: 0.02 sec
[junit] Tests run: 1, Failures: 0, Errors: 1, Skipped: 0, Time elapsed: 0.02 sec
[junit]
[junit] Testcase: test took 0.007 sec
[junit] 	Caused an ERROR
[junit] arraycopy: last destination index 4 out of bounds for byte[2]
[junit] java.lang.ArrayIndexOutOfBoundsException: arraycopy: last destination index 4 out of bounds for byte[2]
[junit] 	at java.base/java.lang.System.arraycopy(Native Method)
[junit] 	at ByteVector.putByteArray(ByteVector.java:242)
[junit] 	at TestByteVector.test(TestByteVector.java:14)
[junit] 	at java.base/jdk.internal.reflect.NativeMethodAccessorImpl.invoke0(Native Method)
[junit] 	at java.base/jdk.internal.reflect.NativeMethodAccessorImpl.invoke(NativeMethodAccessorImpl.java:77)
[junit] 	at java.base/jdk.internal.reflect.DelegatingMethodAccessorImpl.invoke(DelegatingMethodAccessorImpl.java:43)
[junit] 	at java.base/java.util.concurrent.FutureTask.run(FutureTask.java:264)
[junit] 	at java.base/java.lang.Thread.run(Thread.java:840)
[junit]
[junit] Test TestByteVector FAILED

BUILD SUCCESSFUL
Total time: 1 second
  "
524,mutants/mp/327/111/00000028/ByteVector.java,865ccdb1d75d3baa304822b18353463c,mutants/mp/327/111/00000028/ByteVector.class,0,327,100,1,1,ASSUMED_NO,1148,0,2026-02-03 08:44:26,9,193,"[junit] Testcase: test took 0.011 sec
[junit] expected:<6> but was:<7>
[junit] junit.framework.AssertionFailedError: expected:<6> but was:<7>
[junit] 	at TestByteVector.test(TestByteVector.java:14)
[junit] 	at java.base/jdk.internal.reflect.NativeMethodAccessorImpl.invoke0(Native Method)
[junit] 	at java.base/jdk.internal.reflect.NativeMethodAccessorImpl.invoke(NativeMethodAccessorImpl.java:77)
[junit] 	at java.base/jdk.internal.reflect.DelegatingMethodAccessorImpl.invoke(DelegatingMethodAccessorImpl.java:43)
[junit] 	at java.base/java.util.concurrent.FutureTask.run(FutureTask.java:264)
[junit] 	at java.base/java.lang.Thread.run(Thread.java:840)
"
525,mutants/mp/322/107/00000054/ByteVector.java,898811ebedb626af1191ab7838c222cf,,0,322,100,1,,ASSUMED_NO,1152,0,2026-02-03 08:44:32,0,50,
526,mutants/mp/324/5/00000017/ByteVector.java,ad343c95cf7a7b1d20d83d4be08c5f7a,mutants/mp/324/5/00000017/ByteVector.class,0,324,100,1,1,ASSUMED_NO,1154,0,2026-02-03 08:44:34,7,48,"[junit] Testcase: test took 0.01 sec
[junit] expected:<67> but was:<73>
[junit] junit.framework.AssertionFailedError: expected:<67> but was:<73>
[junit] 	at TestByteVector.test(TestByteVector.java:13)
[junit] 	at java.base/jdk.internal.reflect.NativeMethodAccessorImpl.invoke0(Native Method)
[junit] 	at java.base/jdk.internal.reflect.NativeMethodAccessorImpl.invoke(NativeMethodAccessorImpl.java:77)
[junit] 	at java.base/jdk.internal.reflect.DelegatingMethodAccessorImpl.invoke(DelegatingMethodAccessorImpl.java:43)
[junit] 	at java.base/java.util.concurrent.FutureTask.run(FutureTask.java:264)
[junit] 	at java.base/java.lang.Thread.run(Thread.java:840)
"
527,mutants/mp/326/5/00000015/CharRange.java,0b2a36a7fff699089dbc203d0ffa478d,mutants/mp/326/5/00000015/CharRange.class,0,326,101,1,1,ASSUMED_NO,1158,0,2026-02-03 08:44:35,0,"153,155,158,160","[junit] Testcase: test took 0.017 sec
[junit] null
[junit] junit.framework.AssertionFailedError
[junit] 	at TestCharRange.test(TestCharRange.java:12)
[junit] 	at java.base/jdk.internal.reflect.NativeMethodAccessorImpl.invoke0(Native Method)
[junit] 	at java.base/jdk.internal.reflect.NativeMethodAccessorImpl.invoke(NativeMethodAccessorImpl.java:77)
[junit] 	at java.base/jdk.internal.reflect.DelegatingMethodAccessorImpl.invoke(DelegatingMethodAccessorImpl.java:43)
[junit] 	at java.base/java.util.concurrent.FutureTask.run(FutureTask.java:264)
[junit] 	at java.base/java.lang.Thread.run(Thread.java:840)
"
528,mutants/mp/320/103/00000018/CharRange.java,e2e06ac1ca748990d2c43ac00472d4cb,mutants/mp/320/103/00000018/CharRange.class,0,320,101,1,1,DECLARED_YES,1151,0,2026-02-03 08:44:36,0,34,
529,mutants/mp/319/105/00000024/CharRange.java,7227e595a18ed0f2f794372aca84abdd,mutants/mp/319/105/00000024/CharRange.class,0,319,101,1,1,ASSUMED_NO,1150,0,2026-02-03 08:44:39,1,191,"[junit] Testcase: test took 0.008 sec
[junit] expected:<859> but was:<284>
[junit] junit.framework.AssertionFailedError: expected:<859> but was:<284>
[junit] 	at TestCharRange.test(TestCharRange.java:12)
[junit] 	at java.base/jdk.internal.reflect.NativeMethodAccessorImpl.invoke0(Native Method)
[junit] 	at java.base/jdk.internal.reflect.NativeMethodAccessorImpl.invoke(NativeMethodAccessorImpl.java:77)
[junit] 	at java.base/jdk.internal.reflect.DelegatingMethodAccessorImpl.invoke(DelegatingMethodAccessorImpl.java:43)
[junit] 	at java.base/java.util.concurrent.FutureTask.run(FutureTask.java:264)
[junit] 	at java.base/java.lang.Thread.run(Thread.java:840)
"
530,mutants/mp/325/5/00000019/ByteVector.java,2784db9324117516a0a9ee1fa1fe7f0f,mutants/mp/325/5/00000019/ByteVector.class,0,325,100,1,1,ASSUMED_NO,1157,0,2026-02-03 08:44:41,0,"185,186,191,193,208,209,210","[junit] Testcase: test took 0.01 sec
[junit] expected:<88> but was:<89>
[junit] junit.framework.AssertionFailedError: expected:<88> but was:<89>
[junit] 	at TestByteVector.test(TestByteVector.java:13)
[junit] 	at java.base/jdk.internal.reflect.NativeMethodAccessorImpl.invoke0(Native Method)
[junit] 	at java.base/jdk.internal.reflect.NativeMethodAccessorImpl.invoke(NativeMethodAccessorImpl.java:77)
[junit] 	at java.base/jdk.internal.reflect.DelegatingMethodAccessorImpl.invoke(DelegatingMethodAccessorImpl.java:43)
[junit] 	at java.base/java.util.concurrent.FutureTask.run(FutureTask.java:264)
[junit] 	at java.base/java.lang.Thread.run(Thread.java:840)
"
531,mutants/mp/321/113/00000012/CharRange.java,9e898e1d9bfe9a3932dd1bb09e4ad3d9,mutants/mp/321/113/00000012/CharRange.class,0,321,101,1,1,ASSUMED_NO,1143,0,2026-02-03 08:44:44,0,124,"[junit] Testcase: test took 0.009 sec
[junit] null
[junit] junit.framework.AssertionFailedError
[junit] 	at TestCharRange.test(TestCharRange.java:12)
[junit] 	at java.base/jdk.internal.reflect.NativeMethodAccessorImpl.invoke0(Native Method)
[junit] 	at java.base/jdk.internal.reflect.NativeMethodAccessorImpl.invoke(NativeMethodAccessorImpl.java:77)
[junit] 	at java.base/jdk.internal.reflect.DelegatingMethodAccessorImpl.invoke(DelegatingMethodAccessorImpl.java:43)
[junit] 	at java.base/java.util.concurrent.FutureTask.run(FutureTask.java:264)
[junit] 	at java.base/java.lang.Thread.run(Thread.java:840)
"
532,mutants/mp/319/105/00000025/CharRange.java,6f782b3d0deae61628fbb717eed9c3f0,mutants/mp/319/105/00000025/CharRange.class,0,319,101,1,1,ASSUMED_NO,1150,0,2026-02-03 08:44:54,1,191,"[junit] Testcase: test took 0.009 sec
[junit] expected:<859> but was:<8730>
[junit] junit.framework.AssertionFailedError: expected:<859> but was:<8730>
[junit] 	at TestCharRange.test(TestCharRange.java:12)
[junit] 	at java.base/jdk.internal.reflect.NativeMethodAccessorImpl.invoke0(Native Method)
[junit] 	at java.base/jdk.internal.reflect.NativeMethodAccessorImpl.invoke(NativeMethodAccessorImpl.java:77)
[junit] 	at java.base/jdk.internal.reflect.DelegatingMethodAccessorImpl.invoke(DelegatingMethodAccessorImpl.java:43)
[junit] 	at java.base/java.util.concurrent.FutureTask.run(FutureTask.java:264)
[junit] 	at java.base/java.lang.Thread.run(Thread.java:840)
"
533,mutants/mp/326/5/00000016/CharRange.java,6a21693dd9a64979761bf0bd23d9c9a5,mutants/mp/326/5/00000016/CharRange.class,0,326,101,1,1,ASSUMED_NO,1158,0,2026-02-03 08:45:04,0,"153,160","[junit] Testcase: test took 0.012 sec
[junit] null
[junit] junit.framework.AssertionFailedError
[junit] 	at TestCharRange.test(TestCharRange.java:12)
[junit] 	at java.base/jdk.internal.reflect.NativeMethodAccessorImpl.invoke0(Native Method)
[junit] 	at java.base/jdk.internal.reflect.NativeMethodAccessorImpl.invoke(NativeMethodAccessorImpl.java:77)
[junit] 	at java.base/jdk.internal.reflect.DelegatingMethodAccessorImpl.invoke(DelegatingMethodAccessorImpl.java:43)
[junit] 	at java.base/java.util.concurrent.FutureTask.run(FutureTask.java:264)
[junit] 	at java.base/java.lang.Thread.run(Thread.java:840)
"
534,mutants/mp/321/113/00000013/CharRange.java,2653dce8e225079a2179244391aade08,mutants/mp/321/113/00000013/CharRange.class,0,321,101,1,1,ASSUMED_NO,1143,0,2026-02-03 08:45:06,0,40,"[junit] Testcase: test took 0.013 sec
[junit] null
[junit] junit.framework.AssertionFailedError
[junit] 	at TestCharRange.test(TestCharRange.java:11)
[junit] 	at java.base/jdk.internal.reflect.NativeMethodAccessorImpl.invoke0(Native Method)
[junit] 	at java.base/jdk.internal.reflect.NativeMethodAccessorImpl.invoke(NativeMethodAccessorImpl.java:77)
[junit] 	at java.base/jdk.internal.reflect.DelegatingMethodAccessorImpl.invoke(DelegatingMethodAccessorImpl.java:43)
[junit] 	at java.base/java.util.concurrent.FutureTask.run(FutureTask.java:264)
[junit] 	at java.base/java.lang.Thread.run(Thread.java:840)
"
535,mutants/mp/325/5/00000020/ByteVector.java,0cee7cedc90de7568fba427db575a436,mutants/mp/325/5/00000020/ByteVector.class,1,325,100,1,,ASSUMED_NO,1157,0,2026-02-03 08:45:08,4,"185,191,193,194,195,197,208,210",
536,mutants/mp/320/103/00000019/CharRange.java,4e696bed726e4075ed8d599a899402b9,mutants/mp/320/103/00000019/CharRange.class,0,320,101,1,1,ASSUMED_NO,1151,0,2026-02-03 08:45:08,0,"35,36,37","[junit] Testcase: test took 0.007 sec
[junit] null
[junit] junit.framework.AssertionFailedError
[junit] 	at TestCharRange.test(TestCharRange.java:12)
[junit] 	at java.base/jdk.internal.reflect.NativeMethodAccessorImpl.invoke0(Native Method)
[junit] 	at java.base/jdk.internal.reflect.NativeMethodAccessorImpl.invoke(NativeMethodAccessorImpl.java:77)
[junit] 	at java.base/jdk.internal.reflect.DelegatingMethodAccessorImpl.invoke(DelegatingMethodAccessorImpl.java:43)
[junit] 	at java.base/java.util.concurrent.FutureTask.run(FutureTask.java:264)
[junit] 	at java.base/java.lang.Thread.run(Thread.java:840)
"
537,mutants/mp/319/105/00000026/CharRange.java,a3d937be8b6b67abb0d608d5df278dd2,mutants/mp/319/105/00000026/CharRange.class,0,319,101,1,1,ASSUMED_NO,1150,0,2026-02-03 08:45:12,1,191,"[junit] Testcase: test took 0.008 sec
[junit] expected:<859> but was:<860>
[junit] junit.framework.AssertionFailedError: expected:<859> but was:<860>
[junit] 	at TestCharRange.test(TestCharRange.java:12)
[junit] 	at java.base/jdk.internal.reflect.NativeMethodAccessorImpl.invoke0(Native Method)
[junit] 	at java.base/jdk.internal.reflect.NativeMethodAccessorImpl.invoke(NativeMethodAccessorImpl.java:77)
[junit] 	at java.base/jdk.internal.reflect.DelegatingMethodAccessorImpl.invoke(DelegatingMethodAccessorImpl.java:43)
[junit] 	at java.base/java.util.concurrent.FutureTask.run(FutureTask.java:264)
[junit] 	at java.base/java.lang.Thread.run(Thread.java:840)
"
538,mutants/mp/322/107/00000055/ByteVector.java,7de9967792659492ec051af2189df119,,0,322,100,1,,ASSUMED_NO,1152,0,2026-02-03 08:45:13,0,"16,244",
539,mutants/mp/324/5/00000018/ByteVector.java,31bedabab69fbebbf554fabb2fb9f82a,mutants/mp/324/5/00000018/ByteVector.class,0,324,100,1,1,ASSUMED_NO,1154,0,2026-02-03 08:45:18,0,"48,49","[junit] Testcase: test took 0.009 sec
[junit] expected:<4> but was:<6>
[junit] junit.framework.AssertionFailedError: expected:<4> but was:<6>
[junit] 	at TestByteVector.test(TestByteVector.java:14)
[junit] 	at java.base/jdk.internal.reflect.NativeMethodAccessorImpl.invoke0(Native Method)
[junit] 	at java.base/jdk.internal.reflect.NativeMethodAccessorImpl.invoke(NativeMethodAccessorImpl.java:77)
[junit] 	at java.base/jdk.internal.reflect.DelegatingMethodAccessorImpl.invoke(DelegatingMethodAccessorImpl.java:43)
[junit] 	at java.base/java.util.concurrent.FutureTask.run(FutureTask.java:264)
[junit] 	at java.base/java.lang.Thread.run(Thread.java:840)
"
540,mutants/mp/323/109/00000033/ByteVector.java,4ed36de18a0a4deef22a06a7cdef6a4a,mutants/mp/323/109/00000033/ByteVector.class,1,323,100,1,,ASSUMED_NO,1144,0,2026-02-03 08:45:21,8,171,
541,mutants/mp/319/105/00000027/CharRange.java,4aba2a91a502c3de947443d38613fe30,mutants/mp/319/105/00000027/CharRange.class,0,319,101,1,1,ASSUMED_NO,1150,0,2026-02-03 08:45:27,1,203,"[junit] Testcase: test took 0.015 sec
[junit] expected:<[^]a> but was:<[]a>
[junit] junit.framework.AssertionFailedError: expected:<[^]a> but was:<[]a>
[junit] 	at TestCharRange.test(TestCharRange.java:12)
[junit] 	at java.base/jdk.internal.reflect.NativeMethodAccessorImpl.invoke0(Native Method)
[junit] 	at java.base/jdk.internal.reflect.NativeMethodAccessorImpl.invoke(NativeMethodAccessorImpl.java:77)
[junit] 	at java.base/jdk.internal.reflect.DelegatingMethodAccessorImpl.invoke(DelegatingMethodAccessorImpl.java:43)
[junit] 	at java.base/java.util.concurrent.FutureTask.run(FutureTask.java:264)
[junit] 	at java.base/java.lang.Thread.run(Thread.java:840)
"
542,mutants/mp/323/109/00000034/ByteVector.java,f44dce94037ddc7919f99bd9c6823c0b,mutants/mp/323/109/00000034/ByteVector.class,1,323,100,1,,ASSUMED_NO,1144,0,2026-02-03 08:45:31,8,171,
543,mutants/mp/327/111/00000029/ByteVector.java,cf3b791f98eef3186caca33b0725072c,,0,327,100,1,,ASSUMED_NO,1148,0,2026-02-03 08:45:34,0,147,
544,mutants/mp/322/107/00000056/ByteVector.java,bc960e6de19c8ea914beb84c0932d1ca,mutants/mp/322/107/00000056/ByteVector.class,1,322,100,1,,ASSUMED_NO,1152,0,2026-02-03 08:45:42,1,44,
545,mutants/mp/326/5/00000017/CharRange.java,19d43f1ba6d852eba98d8d04d85bf711,mutants/mp/326/5/00000017/CharRange.class,0,326,101,1,1,ASSUMED_NO,1158,0,2026-02-03 08:45:49,0,"153,155,158,160","[junit] Testcase: test took 0.009 sec
[junit] null
[junit] junit.framework.AssertionFailedError
[junit] 	at TestCharRange.test(TestCharRange.java:12)
[junit] 	at java.base/jdk.internal.reflect.NativeMethodAccessorImpl.invoke0(Native Method)
[junit] 	at java.base/jdk.internal.reflect.NativeMethodAccessorImpl.invoke(NativeMethodAccessorImpl.java:77)
[junit] 	at java.base/jdk.internal.reflect.DelegatingMethodAccessorImpl.invoke(DelegatingMethodAccessorImpl.java:43)
[junit] 	at java.base/java.util.concurrent.FutureTask.run(FutureTask.java:264)
[junit] 	at java.base/java.lang.Thread.run(Thread.java:840)
"
546,mutants/mp/320/103/00000020/CharRange.java,b25f519c6970e37f0069391d8eb0c8af,mutants/mp/320/103/00000020/CharRange.class,0,320,101,1,1,ASSUMED_NO,1151,0,2026-02-03 08:45:52,0,79,"[junit] Testcase: test took 0.009 sec
[junit] null
[junit] junit.framework.AssertionFailedError
[junit] 	at TestCharRange.test(TestCharRange.java:12)
[junit] 	at java.base/jdk.internal.reflect.NativeMethodAccessorImpl.invoke0(Native Method)
[junit] 	at java.base/jdk.internal.reflect.NativeMethodAccessorImpl.invoke(NativeMethodAccessorImpl.java:77)
[junit] 	at java.base/jdk.internal.reflect.DelegatingMethodAccessorImpl.invoke(DelegatingMethodAccessorImpl.java:43)
[junit] 	at java.base/java.util.concurrent.FutureTask.run(FutureTask.java:264)
[junit] 	at java.base/java.lang.Thread.run(Thread.java:840)
"
547,mutants/mp/322/107/00000057/ByteVector.java,660b0ccd0b43373d03ec104c5d193875,mutants/mp/322/107/00000057/ByteVector.class,1,322,100,1,,ASSUMED_NO,1152,0,2026-02-03 08:45:58,1,87,
548,mutants/mp/324/5/00000019/ByteVector.java,50a9b3d7ef3ba51c64c486cac457f4e7,mutants/mp/324/5/00000019/ByteVector.class,0,324,100,1,1,ASSUMED_NO,1154,0,2026-02-03 08:46:03,7,"46,48","[junit] Testcase: test took 0.011 sec
[junit] expected:<67> but was:<66>
[junit] junit.framework.AssertionFailedError: expected:<67> but was:<66>
[junit] 	at TestByteVector.test(TestByteVector.java:13)
[junit] 	at java.base/jdk.internal.reflect.NativeMethodAccessorImpl.invoke0(Native Method)
[junit] 	at java.base/jdk.internal.reflect.NativeMethodAccessorImpl.invoke(NativeMethodAccessorImpl.java:77)
[junit] 	at java.base/jdk.internal.reflect.DelegatingMethodAccessorImpl.invoke(DelegatingMethodAccessorImpl.java:43)
[junit] 	at java.base/java.util.concurrent.FutureTask.run(FutureTask.java:264)
[junit] 	at java.base/java.lang.Thread.run(Thread.java:840)
"
549,mutants/mp/325/5/00000021/ByteVector.java,5edddf0dc0c341611ec43752272f3fb7,mutants/mp/325/5/00000021/ByteVector.class,1,325,100,1,,ASSUMED_NO,1157,0,2026-02-03 08:46:07,4,"185,191,193,208,210,215",
550,mutants/mp/322/107/00000058/ByteVector.java,f38d9ca39171395d8d23b4b74a8cef7b,mutants/mp/322/107/00000058/ByteVector.class,1,322,100,1,,ASSUMED_NO,1152,0,2026-02-03 08:46:12,1,147,
551,mutants/mp/319/105/00000028/CharRange.java,08966d2315b7594e7bef52d51b16aafa,,0,319,101,1,,ASSUMED_NO,1150,0,2026-02-03 08:46:17,0,103,
552,mutants/mp/320/103/00000021/CharRange.java,27809c211050c794fdee4e8963669436,mutants/mp/320/103/00000021/CharRange.class,0,320,101,1,1,ASSUMED_NO,1151,0,2026-02-03 08:46:23,8,66,"[junit] Testcase: test took 0.008 sec
[junit] expected:<65535> but was:<196>
[junit] junit.framework.AssertionFailedError: expected:<65535> but was:<196>
[junit] 	at TestCharRange.test(TestCharRange.java:11)
[junit] 	at java.base/jdk.internal.reflect.NativeMethodAccessorImpl.invoke0(Native Method)
[junit] 	at java.base/jdk.internal.reflect.NativeMethodAccessorImpl.invoke(NativeMethodAccessorImpl.java:77)
[junit] 	at java.base/jdk.internal.reflect.DelegatingMethodAccessorImpl.invoke(DelegatingMethodAccessorImpl.java:43)
[junit] 	at java.base/java.util.concurrent.FutureTask.run(FutureTask.java:264)
[junit] 	at java.base/java.lang.Thread.run(Thread.java:840)
"
553,mutants/mp/322/107/00000059/ByteVector.java,ef90018ca03b9b144282990d1094c7ca,mutants/mp/322/107/00000059/ByteVector.class,1,322,100,1,,ASSUMED_NO,1152,0,2026-02-03 08:46:27,1,201,
554,mutants/mp/326/5/00000018/CharRange.java,825b693be7f0cffdd707cbe328f199b1,mutants/mp/326/5/00000018/CharRange.class,0,326,101,1,1,ASSUMED_NO,1158,0,2026-02-03 08:46:34,0,"153,155,158,160","[junit] Testcase: test took 0.01 sec
[junit] null
[junit] junit.framework.AssertionFailedError
[junit] 	at TestCharRange.test(TestCharRange.java:12)
[junit] 	at java.base/jdk.internal.reflect.NativeMethodAccessorImpl.invoke0(Native Method)
[junit] 	at java.base/jdk.internal.reflect.NativeMethodAccessorImpl.invoke(NativeMethodAccessorImpl.java:77)
[junit] 	at java.base/jdk.internal.reflect.DelegatingMethodAccessorImpl.invoke(DelegatingMethodAccessorImpl.java:43)
[junit] 	at java.base/java.util.concurrent.FutureTask.run(FutureTask.java:264)
[junit] 	at java.base/java.lang.Thread.run(Thread.java:840)
"
555,mutants/mp/319/105/00000029/CharRange.java,5d4f06514c46b7043b2037ceec24110c,mutants/mp/319/105/00000029/CharRange.class,0,319,101,1,1,PROVEN_NO,1150,0,2026-02-03 08:46:34,5,103,"[junit] Testcase: test took 0.008 sec
[junit] expected:<97> but was:<98>
[junit] junit.framework.AssertionFailedError: expected:<97> but was:<98>
[junit] 	at TestCharRange.test(TestCharRange.java:12)
[junit] 	at java.base/jdk.internal.reflect.NativeMethodAccessorImpl.invoke0(Native Method)
[junit] 	at java.base/jdk.internal.reflect.NativeMethodAccessorImpl.invoke(NativeMethodAccessorImpl.java:77)
[junit] 	at java.base/jdk.internal.reflect.DelegatingMethodAccessorImpl.invoke(DelegatingMethodAccessorImpl.java:43)
[junit] 	at java.base/java.util.concurrent.FutureTask.run(FutureTask.java:264)
[junit] 	at java.base/java.lang.Thread.run(Thread.java:840)
"
556,mutants/mp/322/107/00000060/ByteVector.java,e7840059a969c1bee9079552ec1e207e,mutants/mp/322/107/00000060/ByteVector.class,1,322,100,1,,ASSUMED_NO,1152,0,2026-02-03 08:46:43,1,201,
557,mutants/mp/322/107/00000061/ByteVector.java,9bde59972f4005a89ad55d756bbf1d59,mutants/mp/322/107/00000061/ByteVector.class,1,322,100,1,,ASSUMED_NO,1152,0,2026-02-03 08:46:55,1,201,
558,mutants/mp/319/105/00000030/CharRange.java,7373009e0dac016dc3a614601fafc1b8,mutants/mp/319/105/00000030/CharRange.class,0,319,101,1,1,ASSUMED_NO,1150,0,2026-02-03 08:46:58,2,112,"[junit] Testcase: test took 0.01 sec
[junit] expected:<98> but was:<99>
[junit] junit.framework.AssertionFailedError: expected:<98> but was:<99>
[junit] 	at TestCharRange.test(TestCharRange.java:12)
[junit] 	at java.base/jdk.internal.reflect.NativeMethodAccessorImpl.invoke0(Native Method)
[junit] 	at java.base/jdk.internal.reflect.NativeMethodAccessorImpl.invoke(NativeMethodAccessorImpl.java:77)
[junit] 	at java.base/jdk.internal.reflect.DelegatingMethodAccessorImpl.invoke(DelegatingMethodAccessorImpl.java:43)
[junit] 	at java.base/java.util.concurrent.FutureTask.run(FutureTask.java:264)
[junit] 	at java.base/java.lang.Thread.run(Thread.java:840)
"
559,mutants/mp/324/5/00000020/ByteVector.java,3c702a3f4a93c104fe86a62ca852c9cd,mutants/mp/324/5/00000020/ByteVector.class,0,324,100,1,1,ASSUMED_NO,1154,0,2026-02-03 08:47:03,0,48,"[junit] Testcase: test took 0.016 sec
[junit] expected:<67> but was:<-67>
[junit] junit.framework.AssertionFailedError: expected:<67> but was:<-67>
[junit] 	at TestByteVector.test(TestByteVector.java:13)
[junit] 	at java.base/jdk.internal.reflect.NativeMethodAccessorImpl.invoke0(Native Method)
[junit] 	at java.base/jdk.internal.reflect.NativeMethodAccessorImpl.invoke(NativeMethodAccessorImpl.java:77)
[junit] 	at java.base/jdk.internal.reflect.DelegatingMethodAccessorImpl.invoke(DelegatingMethodAccessorImpl.java:43)
[junit] 	at java.base/java.util.concurrent.FutureTask.run(FutureTask.java:264)
[junit] 	at java.base/java.lang.Thread.run(Thread.java:840)
"
560,mutants/mp/322/107/00000062/ByteVector.java,ffd8d7d76f279aa1d4e8a962d106ff45,mutants/mp/322/107/00000062/ByteVector.class,1,322,100,1,,ASSUMED_NO,1152,0,2026-02-03 08:47:06,1,201,
561,mutants/mp/322/107/00000063/ByteVector.java,eb5b06df33d2070fc159f484c53feeac,mutants/mp/322/107/00000063/ByteVector.class,1,322,100,1,,ASSUMED_NO,1152,0,2026-02-03 08:47:17,1,201,
562,mutants/mp/320/103/00000022/CharRange.java,24db82b1d96181bd3f1240dbb3cd0430,mutants/mp/320/103/00000022/CharRange.class,0,320,101,1,1,ASSUMED_NO,1151,0,2026-02-03 08:47:20,0,112,"[junit] Testcase: test took 0.006 sec
[junit] expected:<100> but was:<99>
[junit] junit.framework.AssertionFailedError: expected:<100> but was:<99>
[junit] 	at TestCharRange.test(TestCharRange.java:12)
[junit] 	at java.base/jdk.internal.reflect.NativeMethodAccessorImpl.invoke0(Native Method)
[junit] 	at java.base/jdk.internal.reflect.NativeMethodAccessorImpl.invoke(NativeMethodAccessorImpl.java:77)
[junit] 	at java.base/jdk.internal.reflect.DelegatingMethodAccessorImpl.invoke(DelegatingMethodAccessorImpl.java:43)
[junit] 	at java.base/java.util.concurrent.FutureTask.run(FutureTask.java:264)
[junit] 	at java.base/java.lang.Thread.run(Thread.java:840)
"
563,mutants/mp/322/107/00000064/ByteVector.java,f10e4f0f97eb9a9fb95fc3c81b9e8d8d,mutants/mp/322/107/00000064/ByteVector.class,1,322,100,1,,ASSUMED_NO,1152,0,2026-02-03 08:47:30,1,208,
564,mutants/mp/326/5/00000019/CharRange.java,ceb7b480a73f986f1c8f1452844e981b,mutants/mp/326/5/00000019/CharRange.class,0,326,101,1,1,ASSUMED_NO,1158,0,2026-02-03 08:47:34,0,"153,155,158,160","[junit] Testcase: test took 0.018 sec
[junit] null
[junit] junit.framework.AssertionFailedError
[junit] 	at TestCharRange.test(TestCharRange.java:12)
[junit] 	at java.base/jdk.internal.reflect.NativeMethodAccessorImpl.invoke0(Native Method)
[junit] 	at java.base/jdk.internal.reflect.NativeMethodAccessorImpl.invoke(NativeMethodAccessorImpl.java:77)
[junit] 	at java.base/jdk.internal.reflect.DelegatingMethodAccessorImpl.invoke(DelegatingMethodAccessorImpl.java:43)
[junit] 	at java.base/java.util.concurrent.FutureTask.run(FutureTask.java:264)
[junit] 	at java.base/java.lang.Thread.run(Thread.java:840)
"
565,mutants/mp/324/5/00000021/ByteVector.java,3a62aef22c93d060fd6c286e1e33c7f4,mutants/mp/324/5/00000021/ByteVector.class,1,324,100,1,,ASSUMED_NO,1154,0,2026-02-03 08:47:37,4,"185,191,193,208,210,216",
566,mutants/mp/322/107/00000065/ByteVector.java,acb8ddacfca461340619a1808dd26328,mutants/mp/322/107/00000065/ByteVector.class,1,322,100,1,,ASSUMED_NO,1152,0,2026-02-03 08:47:41,1,208,
567,mutants/mp/319/105/00000031/CharRange.java,2dcd61dca510f747bdc663ad279f2cbc,mutants/mp/319/105/00000031/CharRange.class,0,319,101,1,1,ASSUMED_NO,1150,0,2026-02-03 08:47:44,1,207,"[junit] Testcase: test took 0.015 sec
[junit] expected:<^a[]> but was:<^a[-a]>
[junit] junit.framework.AssertionFailedError: expected:<^a[]> but was:<^a[-a]>
[junit] 	at TestCharRange.test(TestCharRange.java:12)
[junit] 	at java.base/jdk.internal.reflect.NativeMethodAccessorImpl.invoke0(Native Method)
[junit] 	at java.base/jdk.internal.reflect.NativeMethodAccessorImpl.invoke(NativeMethodAccessorImpl.java:77)
[junit] 	at java.base/jdk.internal.reflect.DelegatingMethodAccessorImpl.invoke(DelegatingMethodAccessorImpl.java:43)
[junit] 	at java.base/java.util.concurrent.FutureTask.run(FutureTask.java:264)
[junit] 	at java.base/java.lang.Thread.run(Thread.java:840)
"
568,mutants/mp/320/103/00000023/CharRange.java,81317db52c6831de3b914fa7201fbf33,mutants/mp/320/103/00000023/CharRange.class,0,320,101,1,1,ASSUMED_NO,1151,0,2026-02-03 08:47:50,5,54,"[junit] Testcase: test took 0.008 sec
[junit] expected:<65535> but was:<196>
[junit] junit.framework.AssertionFailedError: expected:<65535> but was:<196>
[junit] 	at TestCharRange.test(TestCharRange.java:11)
[junit] 	at java.base/jdk.internal.reflect.NativeMethodAccessorImpl.invoke0(Native Method)
[junit] 	at java.base/jdk.internal.reflect.NativeMethodAccessorImpl.invoke(NativeMethodAccessorImpl.java:77)
[junit] 	at java.base/jdk.internal.reflect.DelegatingMethodAccessorImpl.invoke(DelegatingMethodAccessorImpl.java:43)
[junit] 	at java.base/java.util.concurrent.FutureTask.run(FutureTask.java:264)
[junit] 	at java.base/java.lang.Thread.run(Thread.java:840)
"
569,mutants/mp/322/107/00000066/ByteVector.java,7e2628b5b9a37a0020ad3b580d8b15fc,mutants/mp/322/107/00000066/ByteVector.class,1,322,100,1,,ASSUMED_NO,1152,0,2026-02-03 08:47:51,1,208,
570,mutants/mp/325/5/00000022/ByteVector.java,d794ef6eb9c5a91c26e0290988e6d88a,mutants/mp/325/5/00000022/ByteVector.class,0,325,100,1,1,ASSUMED_NO,1157,0,2026-02-03 08:48:09,0,"181,182,185,191,193,199,200,208,210","[junit] Testcase: test took 0.008 sec
[junit] expected:<2> but was:<4>
[junit] junit.framework.AssertionFailedError: expected:<2> but was:<4>
[junit] 	at TestByteVector.test(TestByteVector.java:13)
[junit] 	at java.base/jdk.internal.reflect.NativeMethodAccessorImpl.invoke0(Native Method)
[junit] 	at java.base/jdk.internal.reflect.NativeMethodAccessorImpl.invoke(NativeMethodAccessorImpl.java:77)
[junit] 	at java.base/jdk.internal.reflect.DelegatingMethodAccessorImpl.invoke(DelegatingMethodAccessorImpl.java:43)
[junit] 	at java.base/java.util.concurrent.FutureTask.run(FutureTask.java:264)
[junit] 	at java.base/java.lang.Thread.run(Thread.java:840)
"
571,mutants/mp/322/107/00000067/ByteVector.java,d4ba8efafed2112cf13847c32a67b106,mutants/mp/322/107/00000067/ByteVector.class,1,322,100,1,,ASSUMED_NO,1152,0,2026-02-03 08:48:15,1,191,
572,mutants/mp/326/5/00000020/CharRange.java,62481cd830d2841e4cde8aaa9628114c,mutants/mp/326/5/00000020/CharRange.class,0,326,101,1,1,ASSUMED_NO,1158,0,2026-02-03 08:48:18,0,"153,155,158,160","[junit] Testcase: test took 0.011 sec
[junit] null
[junit] junit.framework.AssertionFailedError
[junit] 	at TestCharRange.test(TestCharRange.java:12)
[junit] 	at java.base/jdk.internal.reflect.NativeMethodAccessorImpl.invoke0(Native Method)
[junit] 	at java.base/jdk.internal.reflect.NativeMethodAccessorImpl.invoke(NativeMethodAccessorImpl.java:77)
[junit] 	at java.base/jdk.internal.reflect.DelegatingMethodAccessorImpl.invoke(DelegatingMethodAccessorImpl.java:43)
[junit] 	at java.base/java.util.concurrent.FutureTask.run(FutureTask.java:264)
[junit] 	at java.base/java.lang.Thread.run(Thread.java:840)
"
573,mutants/mp/320/103/00000024/CharRange.java,93719919241e025a137278b8ff80d552,mutants/mp/320/103/00000024/CharRange.class,0,320,101,1,1,ASSUMED_NO,1151,0,2026-02-03 08:48:19,5,54,"[junit] Testcase: test took 0.008 sec
[junit] expected:<65535> but was:<196>
[junit] junit.framework.AssertionFailedError: expected:<65535> but was:<196>
[junit] 	at TestCharRange.test(TestCharRange.java:11)
[junit] 	at java.base/jdk.internal.reflect.NativeMethodAccessorImpl.invoke0(Native Method)
[junit] 	at java.base/jdk.internal.reflect.NativeMethodAccessorImpl.invoke(NativeMethodAccessorImpl.java:77)
[junit] 	at java.base/jdk.internal.reflect.DelegatingMethodAccessorImpl.invoke(DelegatingMethodAccessorImpl.java:43)
[junit] 	at java.base/java.util.concurrent.FutureTask.run(FutureTask.java:264)
[junit] 	at java.base/java.lang.Thread.run(Thread.java:840)
"
574,mutants/mp/324/5/00000022/ByteVector.java,e35916994d98cea44e6d649d0b7e2932,mutants/mp/324/5/00000022/ByteVector.class,0,324,100,1,1,PROVEN_NO,1154,0,2026-02-03 08:48:23,3,"181,182,185,191,193,199,208,210","[junit] Testcase: test took 0.009 sec
[junit] expected:<1> but was:<2>
[junit] junit.framework.AssertionFailedError: expected:<1> but was:<2>
[junit] 	at TestByteVector.test(TestByteVector.java:13)
[junit] 	at java.base/jdk.internal.reflect.NativeMethodAccessorImpl.invoke0(Native Method)
[junit] 	at java.base/jdk.internal.reflect.NativeMethodAccessorImpl.invoke(NativeMethodAccessorImpl.java:77)
[junit] 	at java.base/jdk.internal.reflect.DelegatingMethodAccessorImpl.invoke(DelegatingMethodAccessorImpl.java:43)
[junit] 	at java.base/java.util.concurrent.FutureTask.run(FutureTask.java:264)
[junit] 	at java.base/java.lang.Thread.run(Thread.java:840)
"
575,mutants/mp/322/107/00000068/ByteVector.java,25b4fda242f92feb80dbbf9e41552db1,mutants/mp/322/107/00000068/ByteVector.class,1,322,100,1,,ASSUMED_NO,1152,0,2026-02-03 08:48:39,1,"191,193",
576,mutants/mp/320/103/00000025/CharRange.java,262f0230ba855668ea5fae7093a588cc,mutants/mp/320/103/00000025/CharRange.class,0,320,101,1,1,ASSUMED_NO,1151,0,2026-02-03 08:48:40,8,66,"[junit] Testcase: test took 0.008 sec
[junit] expected:<65535> but was:<196>
[junit] junit.framework.AssertionFailedError: expected:<65535> but was:<196>
[junit] 	at TestCharRange.test(TestCharRange.java:11)
[junit] 	at java.base/jdk.internal.reflect.NativeMethodAccessorImpl.invoke0(Native Method)
[junit] 	at java.base/jdk.internal.reflect.NativeMethodAccessorImpl.invoke(NativeMethodAccessorImpl.java:77)
[junit] 	at java.base/jdk.internal.reflect.DelegatingMethodAccessorImpl.invoke(DelegatingMethodAccessorImpl.java:43)
[junit] 	at java.base/java.util.concurrent.FutureTask.run(FutureTask.java:264)
[junit] 	at java.base/java.lang.Thread.run(Thread.java:840)
"
577,mutants/mp/325/5/00000023/ByteVector.java,16d5b74f01b4050a564df34052f953ab,mutants/mp/325/5/00000023/ByteVector.class,0,325,100,1,1,ASSUMED_NO,1157,0,2026-02-03 08:48:41,0,"185,191,193,208,210,223","[junit] Testcase: test took 0.007 sec
[junit] expected:<88> but was:<1>
[junit] junit.framework.AssertionFailedError: expected:<88> but was:<1>
[junit] 	at TestByteVector.test(TestByteVector.java:13)
[junit] 	at java.base/jdk.internal.reflect.NativeMethodAccessorImpl.invoke0(Native Method)
[junit] 	at java.base/jdk.internal.reflect.NativeMethodAccessorImpl.invoke(NativeMethodAccessorImpl.java:77)
[junit] 	at java.base/jdk.internal.reflect.DelegatingMethodAccessorImpl.invoke(DelegatingMethodAccessorImpl.java:43)
[junit] 	at java.base/java.util.concurrent.FutureTask.run(FutureTask.java:264)
[junit] 	at java.base/java.lang.Thread.run(Thread.java:840)
"
578,mutants/mp/322/107/00000069/ByteVector.java,09f6d8a192a6f278bfd7b6ae2f4bb68c,mutants/mp/322/107/00000069/ByteVector.class,1,322,100,1,,ASSUMED_NO,1152,0,2026-02-03 08:48:59,1,171,
579,mutants/mp/324/5/00000023/ByteVector.java,a5278b621f789d108de28f8512c3ef79,mutants/mp/324/5/00000023/ByteVector.class,0,324,100,1,1,PROVEN_NO,1154,0,2026-02-03 08:49:00,3,"185,191,193,208,210,222","[junit] Testcase: test took 0.008 sec
[junit] expected:<1> but was:<3>
[junit] junit.framework.AssertionFailedError: expected:<1> but was:<3>
[junit] 	at TestByteVector.test(TestByteVector.java:13)
[junit] 	at java.base/jdk.internal.reflect.NativeMethodAccessorImpl.invoke0(Native Method)
[junit] 	at java.base/jdk.internal.reflect.NativeMethodAccessorImpl.invoke(NativeMethodAccessorImpl.java:77)
[junit] 	at java.base/jdk.internal.reflect.DelegatingMethodAccessorImpl.invoke(DelegatingMethodAccessorImpl.java:43)
[junit] 	at java.base/java.util.concurrent.FutureTask.run(FutureTask.java:264)
[junit] 	at java.base/java.lang.Thread.run(Thread.java:840)
"
580,mutants/mp/326/5/00000021/CharRange.java,135776614af976f3c081808854e5ff56,mutants/mp/326/5/00000021/CharRange.class,0,326,101,1,1,ASSUMED_NO,1158,0,2026-02-03 08:49:04,0,"153,155,158","[junit] Testcase: test took 0.009 sec
[junit] null
[junit] junit.framework.AssertionFailedError
[junit] 	at TestCharRange.test(TestCharRange.java:12)
[junit] 	at java.base/jdk.internal.reflect.NativeMethodAccessorImpl.invoke0(Native Method)
[junit] 	at java.base/jdk.internal.reflect.NativeMethodAccessorImpl.invoke(NativeMethodAccessorImpl.java:77)
[junit] 	at java.base/jdk.internal.reflect.DelegatingMethodAccessorImpl.invoke(DelegatingMethodAccessorImpl.java:43)
[junit] 	at java.base/java.util.concurrent.FutureTask.run(FutureTask.java:264)
[junit] 	at java.base/java.lang.Thread.run(Thread.java:840)
"
581,mutants/mp/325/5/00000024/ByteVector.java,dfe00b37349ef7def2b79ee58f21dc9f,mutants/mp/325/5/00000024/ByteVector.class,0,325,100,1,1,ASSUMED_NO,1157,0,2026-02-03 08:49:10,0,"182,185,191,193,200,208,210","[junit] Testcase: test took 0.009 sec
[junit] expected:<2> but was:<1>
[junit] junit.framework.AssertionFailedError: expected:<2> but was:<1>
[junit] 	at TestByteVector.test(TestByteVector.java:13)
[junit] 	at java.base/jdk.internal.reflect.NativeMethodAccessorImpl.invoke0(Native Method)
[junit] 	at java.base/jdk.internal.reflect.NativeMethodAccessorImpl.invoke(NativeMethodAccessorImpl.java:77)
[junit] 	at java.base/jdk.internal.reflect.DelegatingMethodAccessorImpl.invoke(DelegatingMethodAccessorImpl.java:43)
[junit] 	at java.base/java.util.concurrent.FutureTask.run(FutureTask.java:264)
[junit] 	at java.base/java.lang.Thread.run(Thread.java:840)
"
582,mutants/mp/322/107/00000070/ByteVector.java,89554fad9e246f9297095ce5177e3b55,mutants/mp/322/107/00000070/ByteVector.class,1,322,100,1,,ASSUMED_NO,1152,0,2026-02-03 08:49:15,1,171,
583,mutants/mp/322/107/00000071/ByteVector.java,4ed36de18a0a4deef22a06a7cdef6a4a,mutants/mp/322/107/00000071/ByteVector.class,1,322,100,1,,ASSUMED_NO,1152,0,2026-02-03 08:49:30,1,171,
584,mutants/mp/325/5/00000025/ByteVector.java,b72fbf5129564ed0d5140d979ca72f45,mutants/mp/325/5/00000025/ByteVector.class,0,325,100,1,1,ASSUMED_NO,1157,0,2026-02-03 08:49:38,0,"185,191,193,208,210,223","[junit] Testcase: test took 0.011 sec
[junit] expected same:<ByteVector@d70db13> was not:<null>
[junit] junit.framework.AssertionFailedError: expected same:<ByteVector@d70db13> was not:<null>
[junit] 	at TestByteVector.test(TestByteVector.java:12)
[junit] 	at java.base/jdk.internal.reflect.NativeMethodAccessorImpl.invoke0(Native Method)
[junit] 	at java.base/jdk.internal.reflect.NativeMethodAccessorImpl.invoke(NativeMethodAccessorImpl.java:77)
[junit] 	at java.base/jdk.internal.reflect.DelegatingMethodAccessorImpl.invoke(DelegatingMethodAccessorImpl.java:43)
[junit] 	at java.base/java.util.concurrent.FutureTask.run(FutureTask.java:264)
[junit] 	at java.base/java.lang.Thread.run(Thread.java:840)
"
585,mutants/mp/321/113/00000014/CharRange.java,eeb0f0d511a42d590e82058063252214,mutants/mp/321/113/00000014/CharRange.class,0,321,101,1,1,ASSUMED_NO,1143,0,2026-02-03 08:49:48,0,207,"[junit] Testcase: test took 0.014 sec
[junit] expected:<a[]> but was:<a[-a]>
[junit] junit.framework.AssertionFailedError: expected:<a[]> but was:<a[-a]>
[junit] 	at TestCharRange.test(TestCharRange.java:10)
[junit] 	at java.base/jdk.internal.reflect.NativeMethodAccessorImpl.invoke0(Native Method)
[junit] 	at java.base/jdk.internal.reflect.NativeMethodAccessorImpl.invoke(NativeMethodAccessorImpl.java:77)
[junit] 	at java.base/jdk.internal.reflect.DelegatingMethodAccessorImpl.invoke(DelegatingMethodAccessorImpl.java:43)
[junit] 	at java.base/java.util.concurrent.FutureTask.run(FutureTask.java:264)
[junit] 	at java.base/java.lang.Thread.run(Thread.java:840)
"
586,mutants/mp/324/5/00000024/ByteVector.java,de87f4dfb40318df04b3a27b659dab76,mutants/mp/324/5/00000024/ByteVector.class,0,324,100,1,1,ASSUMED_NO,1154,0,2026-02-03 08:49:49,0,48,"[junit] Testcase: test took 0.009 sec
[junit] expected:<67> but was:<33>
[junit] junit.framework.AssertionFailedError: expected:<67> but was:<33>
[junit] 	at TestByteVector.test(TestByteVector.java:13)
[junit] 	at java.base/jdk.internal.reflect.NativeMethodAccessorImpl.invoke0(Native Method)
[junit] 	at java.base/jdk.internal.reflect.NativeMethodAccessorImpl.invoke(NativeMethodAccessorImpl.java:77)
[junit] 	at java.base/jdk.internal.reflect.DelegatingMethodAccessorImpl.invoke(DelegatingMethodAccessorImpl.java:43)
[junit] 	at java.base/java.util.concurrent.FutureTask.run(FutureTask.java:264)
[junit] 	at java.base/java.lang.Thread.run(Thread.java:840)
"
587,mutants/mp/326/5/00000022/CharRange.java,c101c6290d3342aa37f922356d931efe,mutants/mp/326/5/00000022/CharRange.class,0,326,101,1,1,ASSUMED_NO,1158,0,2026-02-03 08:49:49,0,"153,155,158,160","[junit] Testcase: test took 0.022 sec
[junit] null
[junit] junit.framework.AssertionFailedError
[junit] 	at TestCharRange.test(TestCharRange.java:12)
[junit] 	at java.base/jdk.internal.reflect.NativeMethodAccessorImpl.invoke0(Native Method)
[junit] 	at java.base/jdk.internal.reflect.NativeMethodAccessorImpl.invoke(NativeMethodAccessorImpl.java:77)
[junit] 	at java.base/jdk.internal.reflect.DelegatingMethodAccessorImpl.invoke(DelegatingMethodAccessorImpl.java:43)
[junit] 	at java.base/java.util.concurrent.FutureTask.run(FutureTask.java:264)
[junit] 	at java.base/java.lang.Thread.run(Thread.java:840)
"
588,mutants/mp/322/107/00000072/ByteVector.java,0a9e82ee5b06c6b9b541b54d1dfeded2,mutants/mp/322/107/00000072/ByteVector.class,1,322,100,1,,ASSUMED_NO,1152,0,2026-02-03 08:49:50,1,68,
589,mutants/mp/325/5/00000026/ByteVector.java,db25d9cdc1567b9f3addc1cf4067e490,mutants/mp/325/5/00000026/ByteVector.class,1,325,100,1,,ASSUMED_NO,1157,0,2026-02-03 08:50:09,5,"185,191,193,208,210,219,222",
590,mutants/mp/324/5/00000025/ByteVector.java,5c3680c3487c9ebf4b539b6c33414a0f,mutants/mp/324/5/00000025/ByteVector.class,0,324,100,1,1,ASSUMED_NO,1154,0,2026-02-03 08:50:34,0,48,"[junit] Testcase: test took 0.024 sec
[junit] expected:<67> but was:<71>
[junit] junit.framework.AssertionFailedError: expected:<67> but was:<71>
[junit] 	at TestByteVector.test(TestByteVector.java:13)
[junit] 	at java.base/jdk.internal.reflect.NativeMethodAccessorImpl.invoke0(Native Method)
[junit] 	at java.base/jdk.internal.reflect.NativeMethodAccessorImpl.invoke(NativeMethodAccessorImpl.java:77)
[junit] 	at java.base/jdk.internal.reflect.DelegatingMethodAccessorImpl.invoke(DelegatingMethodAccessorImpl.java:43)
[junit] 	at java.base/java.util.concurrent.FutureTask.run(FutureTask.java:264)
[junit] 	at java.base/java.lang.Thread.run(Thread.java:840)
"
591,mutants/mp/326/5/00000023/CharRange.java,d2550c51ab271fccdafb7156042a8aa7,mutants/mp/326/5/00000023/CharRange.class,0,326,101,1,1,ASSUMED_NO,1158,0,2026-02-03 08:50:34,0,"153,155,158,160","[junit] Testcase: test took 0.008 sec
[junit] null
[junit] junit.framework.AssertionFailedError
[junit] 	at TestCharRange.test(TestCharRange.java:12)
[junit] 	at java.base/jdk.internal.reflect.NativeMethodAccessorImpl.invoke0(Native Method)
[junit] 	at java.base/jdk.internal.reflect.NativeMethodAccessorImpl.invoke(NativeMethodAccessorImpl.java:77)
[junit] 	at java.base/jdk.internal.reflect.DelegatingMethodAccessorImpl.invoke(DelegatingMethodAccessorImpl.java:43)
[junit] 	at java.base/java.util.concurrent.FutureTask.run(FutureTask.java:264)
[junit] 	at java.base/java.lang.Thread.run(Thread.java:840)
"
592,mutants/mp/325/5/00000027/ByteVector.java,4f8b9752b4f56e51e382dee70cfa112e,mutants/mp/325/5/00000027/ByteVector.class,1,325,100,1,,ASSUMED_NO,1157,0,2026-02-03 08:50:36,1,156,
593,mutants/mp/326/5/00000024/CharRange.java,af33e30bc40e7605d8f5272f1402c654,mutants/mp/326/5/00000024/CharRange.class,0,326,101,1,1,ASSUMED_NO,1158,0,2026-02-03 08:51:04,2,181,"[junit] Testcase: test took 0.008 sec
[junit] null
[junit] junit.framework.AssertionFailedError
[junit] 	at TestCharRange.test(TestCharRange.java:13)
[junit] 	at java.base/jdk.internal.reflect.NativeMethodAccessorImpl.invoke0(Native Method)
[junit] 	at java.base/jdk.internal.reflect.NativeMethodAccessorImpl.invoke(NativeMethodAccessorImpl.java:77)
[junit] 	at java.base/jdk.internal.reflect.DelegatingMethodAccessorImpl.invoke(DelegatingMethodAccessorImpl.java:43)
[junit] 	at java.base/java.util.concurrent.FutureTask.run(FutureTask.java:264)
[junit] 	at java.base/java.lang.Thread.run(Thread.java:840)
"
594,mutants/mp/325/5/00000028/ByteVector.java,dd1384e7cb78253f055463a645223d27,mutants/mp/325/5/00000028/ByteVector.class,1,325,100,1,,ASSUMED_NO,1157,0,2026-02-03 08:51:05,1,"148,149,150,152,153,154,156,157",
595,mutants/mp/324/5/00000026/ByteVector.java,824fdc8017bb8780a70b937f5f403871,mutants/mp/324/5/00000026/ByteVector.class,1,324,100,1,,ASSUMED_NO,1154,0,2026-02-03 08:51:06,4,"185,191,193,199,208,210",
596,mutants/mp/325/5/00000029/ByteVector.java,19d574ed1b995dd34db0f0d96ab4957d,mutants/mp/325/5/00000029/ByteVector.class,1,325,100,1,,ASSUMED_NO,1157,0,2026-02-03 08:51:35,1,"147,152",
597,mutants/mp/324/5/00000027/ByteVector.java,9d131e5d6d147befe1e1aad417defa49,mutants/mp/324/5/00000027/ByteVector.class,1,324,100,1,,ASSUMED_NO,1154,0,2026-02-03 08:51:37,4,"185,191,193,208,210,219",
598,mutants/mp/321/113/00000015/CharRange.java,484069658cd574aeeea0e66bf670b8ce,,0,321,101,1,,ASSUMED_NO,1143,0,2026-02-03 08:51:42,0,158,
599,mutants/mp/326/5/00000025/CharRange.java,6c68813dd8b0e38353348313fb475296,mutants/mp/326/5/00000025/CharRange.class,0,326,101,1,1,ASSUMED_NO,1158,0,2026-02-03 08:51:48,2,181,"[junit] Testcase: test took 0.008 sec
[junit] null
[junit] junit.framework.AssertionFailedError
[junit] 	at TestCharRange.test(TestCharRange.java:13)
[junit] 	at java.base/jdk.internal.reflect.NativeMethodAccessorImpl.invoke0(Native Method)
[junit] 	at java.base/jdk.internal.reflect.NativeMethodAccessorImpl.invoke(NativeMethodAccessorImpl.java:77)
[junit] 	at java.base/jdk.internal.reflect.DelegatingMethodAccessorImpl.invoke(DelegatingMethodAccessorImpl.java:43)
[junit] 	at java.base/java.util.concurrent.FutureTask.run(FutureTask.java:264)
[junit] 	at java.base/java.lang.Thread.run(Thread.java:840)
"
600,mutants/mp/323/109/00000035/ByteVector.java,68f41847193fa70a5c3330150f9020a8,mutants/mp/323/109/00000035/ByteVector.class,1,323,100,1,,ASSUMED_NO,1144,0,2026-02-03 08:51:52,8,143,
601,mutants/mp/321/113/00000016/CharRange.java,b3daee616397299772372bd0272cf15a,mutants/mp/321/113/00000016/CharRange.class,0,321,101,1,1,ASSUMED_NO,1143,0,2026-02-03 08:51:57,0,158,"[junit] Testcase: test took 0.008 sec
[junit] null
[junit] junit.framework.AssertionFailedError
[junit] 	at TestCharRange.test(TestCharRange.java:17)
[junit] 	at java.base/jdk.internal.reflect.NativeMethodAccessorImpl.invoke0(Native Method)
[junit] 	at java.base/jdk.internal.reflect.NativeMethodAccessorImpl.invoke(NativeMethodAccessorImpl.java:77)
[junit] 	at java.base/jdk.internal.reflect.DelegatingMethodAccessorImpl.invoke(DelegatingMethodAccessorImpl.java:43)
[junit] 	at java.base/java.util.concurrent.FutureTask.run(FutureTask.java:264)
[junit] 	at java.base/java.lang.Thread.run(Thread.java:840)
"
602,mutants/mp/322/107/00000073/ByteVector.java,ded8283cf618612351ceed94274f9e69,,0,322,100,1,,ASSUMED_NO,1152,0,2026-02-03 08:52:02,0,127,
603,mutants/mp/323/109/00000036/ByteVector.java,d5005b3606c6142370b64fcc2db54aa4,mutants/mp/323/109/00000036/ByteVector.class,1,323,100,1,,ASSUMED_NO,1144,0,2026-02-03 08:52:02,8,143,
604,mutants/mp/325/5/00000030/ByteVector.java,2376a949458c2959c3365134926fa2af,mutants/mp/325/5/00000030/ByteVector.class,1,325,100,1,,ASSUMED_NO,1157,0,2026-02-03 08:52:06,1,"153,154,155,157",
605,mutants/mp/324/5/00000028/ByteVector.java,7be87b1df1d9aacf8fd51c5b54f79f3a,mutants/mp/324/5/00000028/ByteVector.class,1,324,100,1,,ASSUMED_NO,1154,0,2026-02-03 08:52:09,4,"185,186,191,193,208,209,210",
606,mutants/mp/323/109/00000037/ByteVector.java,6497769272018c9ba33b7ccb8489183c,mutants/mp/323/109/00000037/ByteVector.class,1,323,100,1,,ASSUMED_NO,1144,0,2026-02-03 08:52:15,8,147,
607,mutants/mp/326/5/00000026/CharRange.java,466b3201a11e077bf3a8ce7f08e44aa5,mutants/mp/326/5/00000026/CharRange.class,0,326,101,1,1,ASSUMED_NO,1158,0,2026-02-03 08:52:18,1,191,"[junit] Testcase: test took 0.009 sec
[junit] expected:<873> but was:<874>
[junit] junit.framework.AssertionFailedError: expected:<873> but was:<874>
[junit] 	at TestCharRange.test(TestCharRange.java:11)
[junit] 	at java.base/jdk.internal.reflect.NativeMethodAccessorImpl.invoke0(Native Method)
[junit] 	at java.base/jdk.internal.reflect.NativeMethodAccessorImpl.invoke(NativeMethodAccessorImpl.java:77)
[junit] 	at java.base/jdk.internal.reflect.DelegatingMethodAccessorImpl.invoke(DelegatingMethodAccessorImpl.java:43)
[junit] 	at java.base/java.util.concurrent.FutureTask.run(FutureTask.java:264)
[junit] 	at java.base/java.lang.Thread.run(Thread.java:840)
"
608,mutants/mp/322/107/00000074/ByteVector.java,9917e8dbbb55f0fcc4436c268a32c230,mutants/mp/322/107/00000074/ByteVector.class,1,322,100,1,,ASSUMED_NO,1152,0,2026-02-03 08:52:21,1,"127,129",
609,mutants/mp/325/5/00000031/ByteVector.java,970edf8e92b3e4483665188ce30f0752,mutants/mp/325/5/00000031/ByteVector.class,1,325,100,1,,ASSUMED_NO,1157,0,2026-02-03 08:52:35,1,156,
610,mutants/mp/324/5/00000029/ByteVector.java,368c5f001c8ac48666a896f865a85b93,mutants/mp/324/5/00000029/ByteVector.class,0,324,100,1,1,PROVEN_NO,1154,0,2026-02-03 08:52:37,3,"185,191,193,208,210,222","[junit] Testcase: test took 0.008 sec
[junit] expected:<3> but was:<4>
[junit] junit.framework.AssertionFailedError: expected:<3> but was:<4>
[junit] 	at TestByteVector.test(TestByteVector.java:12)
[junit] 	at java.base/jdk.internal.reflect.NativeMethodAccessorImpl.invoke0(Native Method)
[junit] 	at java.base/jdk.internal.reflect.NativeMethodAccessorImpl.invoke(NativeMethodAccessorImpl.java:77)
[junit] 	at java.base/jdk.internal.reflect.DelegatingMethodAccessorImpl.invoke(DelegatingMethodAccessorImpl.java:43)
[junit] 	at java.base/java.util.concurrent.FutureTask.run(FutureTask.java:264)
[junit] 	at java.base/java.lang.Thread.run(Thread.java:840)
"
611,mutants/mp/322/107/00000075/ByteVector.java,b3ee221e54f4886f8918d0b3ec814603,mutants/mp/322/107/00000075/ByteVector.class,1,322,100,1,,ASSUMED_NO,1152,0,2026-02-03 08:52:41,1,185,
612,mutants/mp/323/109/00000038/ByteVector.java,609f32549a79bc37a2da1c602965e6e8,mutants/mp/323/109/00000038/ByteVector.class,0,323,100,1,1,ASSUMED_NO,1144,0,2026-02-03 08:52:41,0,141,"Buildfile: /srv/codedefenders-class-2026/build.xml

test-mutant:
[junit] Running TestByteVector
[junit] Testsuite: TestByteVector
[junit] Tests run: 1, Failures: 0, Errors: 1, Skipped: 0, Time elapsed: 0.019 sec
[junit] Tests run: 1, Failures: 0, Errors: 1, Skipped: 0, Time elapsed: 0.019 sec
[junit]
[junit] Testcase: test took 0.007 sec
[junit] 	Caused an ERROR
[junit] 'ByteVector ByteVector.putLong(long)'
[junit] java.lang.NoSuchMethodError: 'ByteVector ByteVector.putLong(long)'
[junit] 	at TestByteVector.test(TestByteVector.java:11)
[junit] 	at java.base/jdk.internal.reflect.NativeMethodAccessorImpl.invoke0(Native Method)
[junit] 	at java.base/jdk.internal.reflect.NativeMethodAccessorImpl.invoke(NativeMethodAccessorImpl.java:77)
[junit] 	at java.base/jdk.internal.reflect.DelegatingMethodAccessorImpl.invoke(DelegatingMethodAccessorImpl.java:43)
[junit] 	at java.base/java.util.concurrent.FutureTask.run(FutureTask.java:264)
[junit] 	at java.base/java.lang.Thread.run(Thread.java:840)
[junit]
[junit] Test TestByteVector FAILED

BUILD SUCCESSFUL
Total time: 0 seconds
  "
613,mutants/mp/326/5/00000027/CharRange.java,054cce5139c433796f13a6168a83c585,mutants/mp/326/5/00000027/CharRange.class,0,326,101,1,1,ASSUMED_NO,1158,0,2026-02-03 08:52:48,1,191,"[junit] Testcase: test took 0.009 sec
[junit] expected:<873> but was:<874>
[junit] junit.framework.AssertionFailedError: expected:<873> but was:<874>
[junit] 	at TestCharRange.test(TestCharRange.java:11)
[junit] 	at java.base/jdk.internal.reflect.NativeMethodAccessorImpl.invoke0(Native Method)
[junit] 	at java.base/jdk.internal.reflect.NativeMethodAccessorImpl.invoke(NativeMethodAccessorImpl.java:77)
[junit] 	at java.base/jdk.internal.reflect.DelegatingMethodAccessorImpl.invoke(DelegatingMethodAccessorImpl.java:43)
[junit] 	at java.base/java.util.concurrent.FutureTask.run(FutureTask.java:264)
[junit] 	at java.base/java.lang.Thread.run(Thread.java:840)
"
614,mutants/mp/325/5/00000032/ByteVector.java,d25ef62abc3b570a84ba0c8c10f498a4,mutants/mp/325/5/00000032/ByteVector.class,1,325,100,1,,ASSUMED_NO,1157,0,2026-02-03 08:53:05,1,156,
615,mutants/mp/324/5/00000030/ByteVector.java,137bb2909309674bae2ffa4909057d2c,mutants/mp/324/5/00000030/ByteVector.class,0,324,100,1,1,PROVEN_NO,1154,0,2026-02-03 08:53:09,3,"182,185,186,191,193,200,208,209,210,211,212,213,215,216","[junit] Testcase: test took 0.008 sec
[junit] expected:<65> but was:<64>
[junit] junit.framework.AssertionFailedError: expected:<65> but was:<64>
[junit] 	at TestByteVector.test(TestByteVector.java:13)
[junit] 	at java.base/jdk.internal.reflect.NativeMethodAccessorImpl.invoke0(Native Method)
[junit] 	at java.base/jdk.internal.reflect.NativeMethodAccessorImpl.invoke(NativeMethodAccessorImpl.java:77)
[junit] 	at java.base/jdk.internal.reflect.DelegatingMethodAccessorImpl.invoke(DelegatingMethodAccessorImpl.java:43)
[junit] 	at java.base/java.util.concurrent.FutureTask.run(FutureTask.java:264)
[junit] 	at java.base/java.lang.Thread.run(Thread.java:840)
"
616,mutants/mp/323/109/00000039/ByteVector.java,4368f4382e9e9d97a106caa8f464867e,mutants/mp/323/109/00000039/ByteVector.class,0,323,100,1,1,ASSUMED_NO,1144,0,2026-02-03 08:53:18,0,183,"Buildfile: /srv/codedefenders-class-2026/build.xml

test-mutant:
[junit] Running TestByteVector
[junit] Testsuite: TestByteVector
[junit] Tests run: 1, Failures: 0, Errors: 1, Skipped: 0, Time elapsed: 0.02 sec
[junit] Tests run: 1, Failures: 0, Errors: 1, Skipped: 0, Time elapsed: 0.02 sec
[junit]
[junit] Testcase: test took 0.008 sec
[junit] 	Caused an ERROR
[junit] String index out of range: 3
[junit] java.lang.StringIndexOutOfBoundsException: String index out of range: 3
[junit] 	at java.base/java.lang.StringLatin1.charAt(StringLatin1.java:48)
[junit] 	at java.base/java.lang.String.charAt(String.java:1517)
[junit] 	at ByteVector.putUTF8(ByteVector.java:184)
[junit] 	at TestByteVector.test(TestByteVector.java:11)
[junit] 	at java.base/jdk.internal.reflect.NativeMethodAccessorImpl.invoke0(Native Method)
[junit] 	at java.base/jdk.internal.reflect.NativeMethodAccessorImpl.invoke(NativeMethodAccessorImpl.java:77)
[junit] 	at java.base/jdk.internal.reflect.DelegatingMethodAccessorImpl.invoke(DelegatingMethodAccessorImpl.java:43)
[junit] 	at java.base/java.util.concurrent.FutureTask.run(FutureTask.java:264)
[junit] 	at java.base/java.lang.Thread.run(Thread.java:840)
[junit]
[junit] Test TestByteVector FAILED

BUILD SUCCESSFUL
Total time: 1 second
  "
617,mutants/mp/326/5/00000028/CharRange.java,3875c2577ecb97877e37f6b424e32467,mutants/mp/326/5/00000028/CharRange.class,0,326,101,1,1,ASSUMED_NO,1158,0,2026-02-03 08:53:20,1,191,"[junit] Testcase: test took 0.009 sec
[junit] expected:<873> but was:<10476>
[junit] junit.framework.AssertionFailedError: expected:<873> but was:<10476>
[junit] 	at TestCharRange.test(TestCharRange.java:11)
[junit] 	at java.base/jdk.internal.reflect.NativeMethodAccessorImpl.invoke0(Native Method)
[junit] 	at java.base/jdk.internal.reflect.NativeMethodAccessorImpl.invoke(NativeMethodAccessorImpl.java:77)
[junit] 	at java.base/jdk.internal.reflect.DelegatingMethodAccessorImpl.invoke(DelegatingMethodAccessorImpl.java:43)
[junit] 	at java.base/java.util.concurrent.FutureTask.run(FutureTask.java:264)
[junit] 	at java.base/java.lang.Thread.run(Thread.java:840)
"
618,mutants/mp/322/107/00000076/ByteVector.java,9d3bc25fca1bb3171cb0d12703cc3aea,mutants/mp/322/107/00000076/ByteVector.class,1,322,100,1,,ASSUMED_NO,1152,0,2026-02-03 08:53:28,1,158,
619,mutants/mp/323/109/00000040/ByteVector.java,bd011dd2fc981e8800930d60a586998d,mutants/mp/323/109/00000040/ByteVector.class,0,323,100,1,1,ASSUMED_NO,1144,0,2026-02-03 08:53:32,0,183,"[junit] Testcase: test took 0.01 sec
[junit] expected:<4> but was:<2>
[junit] junit.framework.AssertionFailedError: expected:<4> but was:<2>
[junit] 	at TestByteVector.test(TestByteVector.java:13)
[junit] 	at java.base/jdk.internal.reflect.NativeMethodAccessorImpl.invoke0(Native Method)
[junit] 	at java.base/jdk.internal.reflect.NativeMethodAccessorImpl.invoke(NativeMethodAccessorImpl.java:77)
[junit] 	at java.base/jdk.internal.reflect.DelegatingMethodAccessorImpl.invoke(DelegatingMethodAccessorImpl.java:43)
[junit] 	at java.base/java.util.concurrent.FutureTask.run(FutureTask.java:264)
[junit] 	at java.base/java.lang.Thread.run(Thread.java:840)
"
620,mutants/mp/325/5/00000033/ByteVector.java,b1cab7fbfd43650daaaf19e1159bf5b1,mutants/mp/325/5/00000033/ByteVector.class,1,325,100,1,,ASSUMED_NO,1157,0,2026-02-03 08:53:35,1,"155,157",
621,mutants/mp/324/5/00000031/ByteVector.java,87805e6cd1558a5cd4bdf7d2e5119160,mutants/mp/324/5/00000031/ByteVector.class,1,324,100,1,,ASSUMED_NO,1154,0,2026-02-03 08:53:52,4,"185,191,193,208,210,219",
622,mutants/mp/322/107/00000077/ByteVector.java,0bceb2a69aeb7bd706468b0d3627a15e,mutants/mp/322/107/00000077/ByteVector.class,1,322,100,1,,ASSUMED_NO,1152,0,2026-02-03 08:54:02,1,103,
623,mutants/mp/326/5/00000029/CharRange.java,060f3d671418d3fc55310650297617fc,mutants/mp/326/5/00000029/CharRange.class,0,326,101,1,1,ASSUMED_NO,1158,0,2026-02-03 08:54:03,2,191,"[junit] Testcase: test took 0.007 sec
[junit] expected:<874> but was:<880>
[junit] junit.framework.AssertionFailedError: expected:<874> but was:<880>
[junit] 	at TestCharRange.test(TestCharRange.java:11)
[junit] 	at java.base/jdk.internal.reflect.NativeMethodAccessorImpl.invoke0(Native Method)
[junit] 	at java.base/jdk.internal.reflect.NativeMethodAccessorImpl.invoke(NativeMethodAccessorImpl.java:77)
[junit] 	at java.base/jdk.internal.reflect.DelegatingMethodAccessorImpl.invoke(DelegatingMethodAccessorImpl.java:43)
[junit] 	at java.base/java.util.concurrent.FutureTask.run(FutureTask.java:264)
[junit] 	at java.base/java.lang.Thread.run(Thread.java:840)
"
624,mutants/mp/323/109/00000041/ByteVector.java,b3ee221e54f4886f8918d0b3ec814603,mutants/mp/323/109/00000041/ByteVector.class,0,323,100,1,1,ASSUMED_NO,1144,0,2026-02-03 08:54:05,0,185,"[junit] Testcase: test took 0.01 sec
[junit] expected:<4> but was:<3>
[junit] junit.framework.AssertionFailedError: expected:<4> but was:<3>
[junit] 	at TestByteVector.test(TestByteVector.java:13)
[junit] 	at java.base/jdk.internal.reflect.NativeMethodAccessorImpl.invoke0(Native Method)
[junit] 	at java.base/jdk.internal.reflect.NativeMethodAccessorImpl.invoke(NativeMethodAccessorImpl.java:77)
[junit] 	at java.base/jdk.internal.reflect.DelegatingMethodAccessorImpl.invoke(DelegatingMethodAccessorImpl.java:43)
[junit] 	at java.base/java.util.concurrent.FutureTask.run(FutureTask.java:264)
[junit] 	at java.base/java.lang.Thread.run(Thread.java:840)
"
625,mutants/mp/327/111/00000030/ByteVector.java,149f1c7b7e7a1ba0526162695b2e12ab,mutants/mp/327/111/00000030/ByteVector.class,0,327,100,1,1,DECLARED_YES,1148,0,2026-02-03 08:54:10,0,257,
626,mutants/mp/322/107/00000078/ByteVector.java,fce33635f3fd1b8b03ed163ec95c779e,mutants/mp/322/107/00000078/ByteVector.class,1,322,100,1,,ASSUMED_NO,1152,0,2026-02-03 08:54:17,1,190,
627,mutants/mp/325/5/00000034/ByteVector.java,d538c1cee51188774917024f85182947,mutants/mp/325/5/00000034/ByteVector.class,1,325,100,1,,ASSUMED_NO,1157,0,2026-02-03 08:54:19,1,"151,156",
628,mutants/mp/323/109/00000042/ByteVector.java,ae8fe3332e013c83ee12b4d907832ee5,mutants/mp/323/109/00000042/ByteVector.class,0,323,100,1,1,ASSUMED_NO,1144,0,2026-02-03 08:54:28,0,191,"[junit] Testcase: test took 0.018 sec
[junit] arrays first differed at element [1]; expected:<3> but was:<1>
[junit] junit.framework.AssertionFailedError: arrays first differed at element [1]; expected:<3> but was:<1>
[junit] 	at TestByteVector.test(TestByteVector.java:14)
[junit] 	at java.base/jdk.internal.reflect.NativeMethodAccessorImpl.invoke0(Native Method)
[junit] 	at java.base/jdk.internal.reflect.NativeMethodAccessorImpl.invoke(NativeMethodAccessorImpl.java:77)
[junit] 	at java.base/jdk.internal.reflect.DelegatingMethodAccessorImpl.invoke(DelegatingMethodAccessorImpl.java:43)
[junit] 	at java.base/java.util.concurrent.FutureTask.run(FutureTask.java:264)
[junit] 	at java.base/java.lang.Thread.run(Thread.java:840)
[junit] Caused by: java.lang.AssertionError: expected:<3> but was:<1>
"
629,mutants/mp/324/5/00000032/ByteVector.java,7a508a2a0bae3cb7a5c31ecd734fe41f,mutants/mp/324/5/00000032/ByteVector.class,1,324,100,1,,ASSUMED_NO,1154,0,2026-02-03 08:54:37,4,"185,186,191,193,208,209,210",
630,mutants/mp/323/109/00000043/ByteVector.java,d282be26c31c7a1063e5d7e33f49afcd,mutants/mp/323/109/00000043/ByteVector.class,0,323,100,1,1,ASSUMED_NO,1144,0,2026-02-03 08:54:46,0,194,"[junit] Testcase: test took 0.01 sec
[junit] arrays first differed at element [1]; expected:<3> but was:<1>
[junit] junit.framework.AssertionFailedError: arrays first differed at element [1]; expected:<3> but was:<1>
[junit] 	at TestByteVector.test(TestByteVector.java:14)
[junit] 	at java.base/jdk.internal.reflect.NativeMethodAccessorImpl.invoke0(Native Method)
[junit] 	at java.base/jdk.internal.reflect.NativeMethodAccessorImpl.invoke(NativeMethodAccessorImpl.java:77)
[junit] 	at java.base/jdk.internal.reflect.DelegatingMethodAccessorImpl.invoke(DelegatingMethodAccessorImpl.java:43)
[junit] 	at java.base/java.util.concurrent.FutureTask.run(FutureTask.java:264)
[junit] 	at java.base/java.lang.Thread.run(Thread.java:840)
[junit] Caused by: java.lang.AssertionError: expected:<3> but was:<1>
"
631,mutants/mp/326/5/00000030/CharRange.java,f4048c674fa05a44ddfbd221daa13a68,mutants/mp/326/5/00000030/CharRange.class,0,326,101,1,1,ASSUMED_NO,1158,0,2026-02-03 08:54:48,2,191,"[junit] Testcase: test took 0.009 sec
[junit] expected:<874> but was:<872>
[junit] junit.framework.AssertionFailedError: expected:<874> but was:<872>
[junit] 	at TestCharRange.test(TestCharRange.java:11)
[junit] 	at java.base/jdk.internal.reflect.NativeMethodAccessorImpl.invoke0(Native Method)
[junit] 	at java.base/jdk.internal.reflect.NativeMethodAccessorImpl.invoke(NativeMethodAccessorImpl.java:77)
[junit] 	at java.base/jdk.internal.reflect.DelegatingMethodAccessorImpl.invoke(DelegatingMethodAccessorImpl.java:43)
[junit] 	at java.base/java.util.concurrent.FutureTask.run(FutureTask.java:264)
[junit] 	at java.base/java.lang.Thread.run(Thread.java:840)
"
632,mutants/mp/322/107/00000079/ByteVector.java,383dafad87a84d2c268ac9aec77c46a7,mutants/mp/322/107/00000079/ByteVector.class,1,322,100,1,,ASSUMED_NO,1152,0,2026-02-03 08:54:56,1,123,
633,mutants/mp/325/5/00000035/ByteVector.java,a57e96674d5936c3c1e7a5352fd66d2f,mutants/mp/325/5/00000035/ByteVector.class,1,325,100,1,,ASSUMED_NO,1157,0,2026-02-03 08:55:06,1,"153,154,156",
634,mutants/mp/326/5/00000031/CharRange.java,9e33d076638ee2cf259cfee50f5b2ef6,mutants/mp/326/5/00000031/CharRange.class,0,326,101,1,1,ASSUMED_NO,1158,0,2026-02-03 08:55:18,2,191,"[junit] Testcase: test took 0.008 sec
[junit] expected:<874> but was:<875>
[junit] junit.framework.AssertionFailedError: expected:<874> but was:<875>
[junit] 	at TestCharRange.test(TestCharRange.java:11)
[junit] 	at java.base/jdk.internal.reflect.NativeMethodAccessorImpl.invoke0(Native Method)
[junit] 	at java.base/jdk.internal.reflect.NativeMethodAccessorImpl.invoke(NativeMethodAccessorImpl.java:77)
[junit] 	at java.base/jdk.internal.reflect.DelegatingMethodAccessorImpl.invoke(DelegatingMethodAccessorImpl.java:43)
[junit] 	at java.base/java.util.concurrent.FutureTask.run(FutureTask.java:264)
[junit] 	at java.base/java.lang.Thread.run(Thread.java:840)
"
635,mutants/mp/324/5/00000033/ByteVector.java,1e53dd405c2dbf7921acd0d479444cf4,mutants/mp/324/5/00000033/ByteVector.class,1,324,100,1,,ASSUMED_NO,1154,0,2026-02-03 08:55:32,4,"185,191,193,208,210",
636,mutants/mp/323/109/00000044/ByteVector.java,edb81ec0b6e6845928495007c28bee19,mutants/mp/323/109/00000044/ByteVector.class,0,323,100,1,1,ASSUMED_NO,1144,0,2026-02-03 08:55:39,0,200,"[junit] Testcase: test took 0.01 sec
[junit] arrays first differed at element [0]; expected:<0> but was:<3>
[junit] junit.framework.AssertionFailedError: arrays first differed at element [0]; expected:<0> but was:<3>
[junit] 	at TestByteVector.test(TestByteVector.java:14)
[junit] 	at java.base/jdk.internal.reflect.NativeMethodAccessorImpl.invoke0(Native Method)
[junit] 	at java.base/jdk.internal.reflect.NativeMethodAccessorImpl.invoke(NativeMethodAccessorImpl.java:77)
[junit] 	at java.base/jdk.internal.reflect.DelegatingMethodAccessorImpl.invoke(DelegatingMethodAccessorImpl.java:43)
[junit] 	at java.base/java.util.concurrent.FutureTask.run(FutureTask.java:264)
[junit] 	at java.base/java.lang.Thread.run(Thread.java:840)
[junit] Caused by: java.lang.AssertionError: expected:<0> but was:<3>
"
637,mutants/mp/325/5/00000036/ByteVector.java,b068b92b4874955aef263b7ded96422e,mutants/mp/325/5/00000036/ByteVector.class,1,325,100,1,,ASSUMED_NO,1157,0,2026-02-03 08:55:50,1,151,
638,mutants/mp/322/107/00000080/ByteVector.java,6dd741b3f184fbb9241585a44f166425,mutants/mp/322/107/00000080/ByteVector.class,1,322,100,1,,ASSUMED_NO,1152,0,2026-02-03 08:55:53,1,143,
639,mutants/mp/323/109/00000045/ByteVector.java,49a1a3475dc85c127aca3380bae2dd70,mutants/mp/323/109/00000045/ByteVector.class,0,323,100,1,1,ASSUMED_NO,1144,0,2026-02-03 08:55:57,1,209,"[junit] Testcase: test took 0.008 sec
[junit] expected:<7> but was:<6>
[junit] junit.framework.AssertionFailedError: expected:<7> but was:<6>
[junit] 	at TestByteVector.test(TestByteVector.java:13)
[junit] 	at java.base/jdk.internal.reflect.NativeMethodAccessorImpl.invoke0(Native Method)
[junit] 	at java.base/jdk.internal.reflect.NativeMethodAccessorImpl.invoke(NativeMethodAccessorImpl.java:77)
[junit] 	at java.base/jdk.internal.reflect.DelegatingMethodAccessorImpl.invoke(DelegatingMethodAccessorImpl.java:43)
[junit] 	at java.base/java.util.concurrent.FutureTask.run(FutureTask.java:264)
[junit] 	at java.base/java.lang.Thread.run(Thread.java:840)
"
640,mutants/mp/326/5/00000032/CharRange.java,28c330cb69d7c382daeea8f8354406f8,mutants/mp/326/5/00000032/CharRange.class,0,326,101,1,1,ASSUMED_NO,1158,0,2026-02-03 08:56:04,2,"203,205","[junit] Testcase: test took 0.009 sec
[junit] expected:<[]a-c> but was:<[^]a-c>
[junit] junit.framework.AssertionFailedError: expected:<[]a-c> but was:<[^]a-c>
[junit] 	at TestCharRange.test(TestCharRange.java:11)
[junit] 	at java.base/jdk.internal.reflect.NativeMethodAccessorImpl.invoke0(Native Method)
[junit] 	at java.base/jdk.internal.reflect.NativeMethodAccessorImpl.invoke(NativeMethodAccessorImpl.java:77)
[junit] 	at java.base/jdk.internal.reflect.DelegatingMethodAccessorImpl.invoke(DelegatingMethodAccessorImpl.java:43)
[junit] 	at java.base/java.util.concurrent.FutureTask.run(FutureTask.java:264)
[junit] 	at java.base/java.lang.Thread.run(Thread.java:840)
"
641,mutants/mp/322/107/00000081/ByteVector.java,c90e9abb734d5a9a2dbbf0b0c918a4a7,mutants/mp/322/107/00000081/ByteVector.class,1,322,100,1,,ASSUMED_NO,1152,0,2026-02-03 08:56:12,1,126,
642,mutants/mp/323/109/00000046/ByteVector.java,252ed4534cb0d2a55dff8c4bdf8d0c47,mutants/mp/323/109/00000046/ByteVector.class,0,323,100,1,1,ASSUMED_NO,1144,0,2026-02-03 08:56:13,4,219,"[junit] Testcase: test took 0.009 sec
[junit] expected:<7> but was:<8>
[junit] junit.framework.AssertionFailedError: expected:<7> but was:<8>
[junit] 	at TestByteVector.test(TestByteVector.java:13)
[junit] 	at java.base/jdk.internal.reflect.NativeMethodAccessorImpl.invoke0(Native Method)
[junit] 	at java.base/jdk.internal.reflect.NativeMethodAccessorImpl.invoke(NativeMethodAccessorImpl.java:77)
[junit] 	at java.base/jdk.internal.reflect.DelegatingMethodAccessorImpl.invoke(DelegatingMethodAccessorImpl.java:43)
[junit] 	at java.base/java.util.concurrent.FutureTask.run(FutureTask.java:264)
[junit] 	at java.base/java.lang.Thread.run(Thread.java:840)
"
643,mutants/mp/324/5/00000034/ByteVector.java,b6103e75cc0e23155a7c8bd7e9ccf5a0,mutants/mp/324/5/00000034/ByteVector.class,1,324,100,1,,ASSUMED_NO,1154,0,2026-02-03 08:56:25,4,"185,186,191,193,208,209,210",
644,mutants/mp/326/5/00000033/CharRange.java,989e82ae75fa43e63cdd4da829df32c8,mutants/mp/326/5/00000033/CharRange.class,0,326,101,1,1,ASSUMED_NO,1158,0,2026-02-03 08:56:33,3,207,"[junit] Testcase: test took 0.008 sec
[junit] expected:<a[]> but was:<a[-a]>
[junit] junit.framework.AssertionFailedError: expected:<a[]> but was:<a[-a]>
[junit] 	at TestCharRange.test(TestCharRange.java:11)
[junit] 	at java.base/jdk.internal.reflect.NativeMethodAccessorImpl.invoke0(Native Method)
[junit] 	at java.base/jdk.internal.reflect.NativeMethodAccessorImpl.invoke(NativeMethodAccessorImpl.java:77)
[junit] 	at java.base/jdk.internal.reflect.DelegatingMethodAccessorImpl.invoke(DelegatingMethodAccessorImpl.java:43)
[junit] 	at java.base/java.util.concurrent.FutureTask.run(FutureTask.java:264)
[junit] 	at java.base/java.lang.Thread.run(Thread.java:840)
"
645,mutants/mp/325/5/00000037/ByteVector.java,0d701cbd7952fab65a7944c71e55c309,mutants/mp/325/5/00000037/ByteVector.class,1,325,100,1,,ASSUMED_NO,1157,0,2026-02-03 08:56:36,1,153,
646,mutants/mp/323/109/00000047/ByteVector.java,b72fbf5129564ed0d5140d979ca72f45,mutants/mp/323/109/00000047/ByteVector.class,1,323,100,1,,ASSUMED_NO,1144,0,2026-02-03 08:56:39,8,223,
647,mutants/mp/322/107/00000082/ByteVector.java,3505c7b23566700964ba4a2c0ad5f4d9,mutants/mp/322/107/00000082/ByteVector.class,1,322,100,1,,ASSUMED_NO,1152,0,2026-02-03 08:56:40,1,107,
648,mutants/mp/322/107/00000083/ByteVector.java,8a90c5cbd52114637f688066329fac49,mutants/mp/322/107/00000083/ByteVector.class,1,322,100,1,,ASSUMED_NO,1152,0,2026-02-03 08:56:54,1,"154,156",
649,mutants/mp/323/109/00000048/ByteVector.java,ac11228085404462b3a3be742c01d48f,mutants/mp/323/109/00000048/ByteVector.class,1,323,100,1,,ASSUMED_NO,1144,0,2026-02-03 08:57:03,4,203,
650,mutants/mp/326/5/00000034/CharRange.java,fd3e47ef56b35df3f0c5ea0acab89964,mutants/mp/326/5/00000034/CharRange.class,0,326,101,1,1,ASSUMED_NO,1158,0,2026-02-03 08:57:04,1,"204,209","[junit] Testcase: test took 0.009 sec
[junit] expected:<[^a-c]> but was:<[~a-b]>
[junit] junit.framework.AssertionFailedError: expected:<[^a-c]> but was:<[~a-b]>
[junit] 	at TestCharRange.test(TestCharRange.java:11)
[junit] 	at java.base/jdk.internal.reflect.NativeMethodAccessorImpl.invoke0(Native Method)
[junit] 	at java.base/jdk.internal.reflect.NativeMethodAccessorImpl.invoke(NativeMethodAccessorImpl.java:77)
[junit] 	at java.base/jdk.internal.reflect.DelegatingMethodAccessorImpl.invoke(DelegatingMethodAccessorImpl.java:43)
[junit] 	at java.base/java.util.concurrent.FutureTask.run(FutureTask.java:264)
[junit] 	at java.base/java.lang.Thread.run(Thread.java:840)
"
651,mutants/mp/323/109/00000049/ByteVector.java,f3e6f22e5e001c45eed6123fbf4f3abd,mutants/mp/323/109/00000049/ByteVector.class,0,323,100,1,1,ASSUMED_NO,1144,0,2026-02-03 08:57:17,0,189,"Buildfile: /srv/codedefenders-class-2026/build.xml

test-mutant:
[junit] Running TestByteVector
[junit] Testsuite: TestByteVector
[junit] Tests run: 1, Failures: 0, Errors: 1, Skipped: 0, Time elapsed: 0.023 sec
[junit] Tests run: 1, Failures: 0, Errors: 1, Skipped: 0, Time elapsed: 0.023 sec
[junit]
[junit] Testcase: test took 0.008 sec
[junit] 	Caused an ERROR
[junit] String index out of range: 1
[junit] java.lang.StringIndexOutOfBoundsException: String index out of range: 1
[junit] 	at java.base/java.lang.StringLatin1.charAt(StringLatin1.java:48)
[junit] 	at java.base/java.lang.String.charAt(String.java:1517)
[junit] 	at ByteVector.putUTF8(ByteVector.java:190)
[junit] 	at TestByteVector.test(TestByteVector.java:12)
[junit] 	at java.base/jdk.internal.reflect.NativeMethodAccessorImpl.invoke0(Native Method)
[junit] 	at java.base/jdk.internal.reflect.NativeMethodAccessorImpl.invoke(NativeMethodAccessorImpl.java:77)
[junit] 	at java.base/jdk.internal.reflect.DelegatingMethodAccessorImpl.invoke(DelegatingMethodAccessorImpl.java:43)
[junit] 	at java.base/java.util.concurrent.FutureTask.run(FutureTask.java:264)
[junit] 	at java.base/java.lang.Thread.run(Thread.java:840)
[junit]
[junit] Test TestByteVector FAILED

BUILD SUCCESSFUL
Total time: 0 seconds
  "
652,mutants/mp/325/5/00000038/ByteVector.java,28c061f2dabdab72214635bc90cecf52,mutants/mp/325/5/00000038/ByteVector.class,1,325,100,1,,ASSUMED_NO,1157,0,2026-02-03 08:57:19,1,"153,154,157",
653,mutants/mp/324/5/00000035/ByteVector.java,6b551855c4f2d64854f58762b8d1a01f,mutants/mp/324/5/00000035/ByteVector.class,0,324,100,1,1,PROVEN_NO,1154,0,2026-02-03 08:57:33,3,"185,191,193,208,210,223","[junit] Testcase: test took 0.008 sec
[junit] expected:<65> but was:<64>
[junit] junit.framework.AssertionFailedError: expected:<65> but was:<64>
[junit] 	at TestByteVector.test(TestByteVector.java:13)
[junit] 	at java.base/jdk.internal.reflect.NativeMethodAccessorImpl.invoke0(Native Method)
[junit] 	at java.base/jdk.internal.reflect.NativeMethodAccessorImpl.invoke(NativeMethodAccessorImpl.java:77)
[junit] 	at java.base/jdk.internal.reflect.DelegatingMethodAccessorImpl.invoke(DelegatingMethodAccessorImpl.java:43)
[junit] 	at java.base/java.util.concurrent.FutureTask.run(FutureTask.java:264)
[junit] 	at java.base/java.lang.Thread.run(Thread.java:840)
"
654,mutants/mp/326/5/00000035/CharRange.java,5bb4cfd49e95c82cc14e14ce80852304,mutants/mp/326/5/00000035/CharRange.class,0,326,101,1,1,ASSUMED_NO,1158,0,2026-02-03 08:57:34,0,"206,209","[junit] Testcase: test took 0.009 sec
[junit] expected:<^[a-c]> but was:<^[c-a]>
[junit] junit.framework.AssertionFailedError: expected:<^[a-c]> but was:<^[c-a]>
[junit] 	at TestCharRange.test(TestCharRange.java:11)
[junit] 	at java.base/jdk.internal.reflect.NativeMethodAccessorImpl.invoke0(Native Method)
[junit] 	at java.base/jdk.internal.reflect.NativeMethodAccessorImpl.invoke(NativeMethodAccessorImpl.java:77)
[junit] 	at java.base/jdk.internal.reflect.DelegatingMethodAccessorImpl.invoke(DelegatingMethodAccessorImpl.java:43)
[junit] 	at java.base/java.util.concurrent.FutureTask.run(FutureTask.java:264)
[junit] 	at java.base/java.lang.Thread.run(Thread.java:840)
"
655,mutants/mp/322/107/00000084/ByteVector.java,e8e73906de569c56bcf4cee719bdbcfd,mutants/mp/322/107/00000084/ByteVector.class,1,322,100,1,,ASSUMED_NO,1152,0,2026-02-03 08:57:42,1,"64,126",
656,mutants/mp/323/109/00000050/ByteVector.java,368c5f001c8ac48666a896f865a85b93,mutants/mp/323/109/00000050/ByteVector.class,0,323,100,1,1,ASSUMED_NO,1144,0,2026-02-03 08:57:49,0,222,"[junit] Testcase: test took 0.008 sec
[junit] expected:<5> but was:<6>
[junit] junit.framework.AssertionFailedError: expected:<5> but was:<6>
[junit] 	at TestByteVector.test(TestByteVector.java:13)
[junit] 	at java.base/jdk.internal.reflect.NativeMethodAccessorImpl.invoke0(Native Method)
[junit] 	at java.base/jdk.internal.reflect.NativeMethodAccessorImpl.invoke(NativeMethodAccessorImpl.java:77)
[junit] 	at java.base/jdk.internal.reflect.DelegatingMethodAccessorImpl.invoke(DelegatingMethodAccessorImpl.java:43)
[junit] 	at java.base/java.util.concurrent.FutureTask.run(FutureTask.java:264)
[junit] 	at java.base/java.lang.Thread.run(Thread.java:840)
"
657,mutants/mp/322/107/00000085/ByteVector.java,4e6aa5d16fb593adf9ca31a8c0e6e2f4,mutants/mp/322/107/00000085/ByteVector.class,1,322,100,1,,ASSUMED_NO,1152,0,2026-02-03 08:57:56,1,213,
658,mutants/mp/324/5/00000036/ByteVector.java,c1e4d015520bc66911766babac1bb60d,mutants/mp/324/5/00000036/ByteVector.class,0,324,100,1,1,PROVEN_NO,1154,0,2026-02-03 08:58:02,4,"182,185,191,193,200,208,210","[junit] Testcase: test took 0.007 sec
[junit] expected:<1> but was:<2>
[junit] junit.framework.AssertionFailedError: expected:<1> but was:<2>
[junit] 	at TestByteVector.test(TestByteVector.java:13)
[junit] 	at java.base/jdk.internal.reflect.NativeMethodAccessorImpl.invoke0(Native Method)
[junit] 	at java.base/jdk.internal.reflect.NativeMethodAccessorImpl.invoke(NativeMethodAccessorImpl.java:77)
[junit] 	at java.base/jdk.internal.reflect.DelegatingMethodAccessorImpl.invoke(DelegatingMethodAccessorImpl.java:43)
[junit] 	at java.base/java.util.concurrent.FutureTask.run(FutureTask.java:264)
[junit] 	at java.base/java.lang.Thread.run(Thread.java:840)
"
659,mutants/mp/326/5/00000036/CharRange.java,6d583dbdfa90f82b8307469bb5002cfe,mutants/mp/326/5/00000036/CharRange.class,0,326,101,1,1,ASSUMED_NO,1158,0,2026-02-03 08:58:04,0,209,"[junit] Testcase: test took 0.009 sec
[junit] expected:<^a-[c]> but was:<^a-[d]>
[junit] junit.framework.AssertionFailedError: expected:<^a-[c]> but was:<^a-[d]>
[junit] 	at TestCharRange.test(TestCharRange.java:11)
[junit] 	at java.base/jdk.internal.reflect.NativeMethodAccessorImpl.invoke0(Native Method)
[junit] 	at java.base/jdk.internal.reflect.NativeMethodAccessorImpl.invoke(NativeMethodAccessorImpl.java:77)
[junit] 	at java.base/jdk.internal.reflect.DelegatingMethodAccessorImpl.invoke(DelegatingMethodAccessorImpl.java:43)
[junit] 	at java.base/java.util.concurrent.FutureTask.run(FutureTask.java:264)
[junit] 	at java.base/java.lang.Thread.run(Thread.java:840)
"
660,mutants/mp/325/5/00000039/ByteVector.java,bb8279bf6a90acfd8ffe38a757b90eef,mutants/mp/325/5/00000039/ByteVector.class,1,325,100,1,,ASSUMED_NO,1157,0,2026-02-03 08:58:05,1,156,
661,mutants/mp/322/107/00000086/ByteVector.java,6948a169603aff0820c9cd516a04358d,mutants/mp/322/107/00000086/ByteVector.class,1,322,100,1,,ASSUMED_NO,1152,0,2026-02-03 08:58:08,1,203,
662,mutants/mp/322/107/00000087/ByteVector.java,377b7929ca38fdba9aad579a1535be65,mutants/mp/322/107/00000087/ByteVector.class,1,322,100,1,,ASSUMED_NO,1152,0,2026-02-03 08:58:30,1,153,
663,mutants/mp/326/5/00000037/CharRange.java,b6d6a23829813e6a65ee28d548c54601,mutants/mp/326/5/00000037/CharRange.class,0,326,101,1,1,ASSUMED_NO,1158,0,2026-02-03 08:58:34,0,136,"[junit] Testcase: test took 0.013 sec
[junit] null
[junit] junit.framework.AssertionFailedError
[junit] 	at TestCharRange.test(TestCharRange.java:11)
[junit] 	at java.base/jdk.internal.reflect.NativeMethodAccessorImpl.invoke0(Native Method)
[junit] 	at java.base/jdk.internal.reflect.NativeMethodAccessorImpl.invoke(NativeMethodAccessorImpl.java:77)
[junit] 	at java.base/jdk.internal.reflect.DelegatingMethodAccessorImpl.invoke(DelegatingMethodAccessorImpl.java:43)
[junit] 	at java.base/java.util.concurrent.FutureTask.run(FutureTask.java:264)
[junit] 	at java.base/java.lang.Thread.run(Thread.java:840)
"
664,mutants/mp/324/5/00000037/ByteVector.java,c3968838105ff1952a4e7ec0459a77a8,mutants/mp/324/5/00000037/ByteVector.class,1,324,100,1,,ASSUMED_NO,1154,0,2026-02-03 08:58:38,4,"185,186,191,193,208,209,210",
665,mutants/mp/325/5/00000040/ByteVector.java,01a68159473935978b9bcf7f35cbd3b6,mutants/mp/325/5/00000040/ByteVector.class,0,325,100,1,1,ASSUMED_NO,1157,0,2026-02-03 08:58:38,0,"182,185,186,191,193,200,208,209,210,211,212,213,215,216","[junit] Testcase: test took 0.008 sec
[junit] expected:<88> but was:<89>
[junit] junit.framework.AssertionFailedError: expected:<88> but was:<89>
[junit] 	at TestByteVector.test(TestByteVector.java:13)
[junit] 	at java.base/jdk.internal.reflect.NativeMethodAccessorImpl.invoke0(Native Method)
[junit] 	at java.base/jdk.internal.reflect.NativeMethodAccessorImpl.invoke(NativeMethodAccessorImpl.java:77)
[junit] 	at java.base/jdk.internal.reflect.DelegatingMethodAccessorImpl.invoke(DelegatingMethodAccessorImpl.java:43)
[junit] 	at java.base/java.util.concurrent.FutureTask.run(FutureTask.java:264)
[junit] 	at java.base/java.lang.Thread.run(Thread.java:840)
"
666,mutants/mp/322/107/00000088/ByteVector.java,afbf9eb896dd638a71a01bf8107fa336,mutants/mp/322/107/00000088/ByteVector.class,1,322,100,1,,ASSUMED_NO,1152,0,2026-02-03 08:58:45,1,259,
667,mutants/mp/323/109/00000051/ByteVector.java,151f05afc152aa4e6edae9c56fdd5b9f,mutants/mp/323/109/00000051/ByteVector.class,0,323,100,1,1,ASSUMED_NO,1144,0,2026-02-03 08:58:55,0,48,"[junit] Testcase: test took 0.01 sec
[junit] expected:<5> but was:<8>
[junit] junit.framework.AssertionFailedError: expected:<5> but was:<8>
[junit] 	at TestByteVector.test(TestByteVector.java:18)
[junit] 	at java.base/jdk.internal.reflect.NativeMethodAccessorImpl.invoke0(Native Method)
[junit] 	at java.base/jdk.internal.reflect.NativeMethodAccessorImpl.invoke(NativeMethodAccessorImpl.java:77)
[junit] 	at java.base/jdk.internal.reflect.DelegatingMethodAccessorImpl.invoke(DelegatingMethodAccessorImpl.java:43)
[junit] 	at java.base/java.util.concurrent.FutureTask.run(FutureTask.java:264)
[junit] 	at java.base/java.lang.Thread.run(Thread.java:840)
"
668,mutants/mp/319/105/00000032/CharRange.java,42dc57fd05b8b527ba5d6f20a0f2dc0b,mutants/mp/319/105/00000032/CharRange.class,1,319,101,1,,ASSUMED_NO,1150,0,2026-02-03 08:58:56,1,149,
669,mutants/mp/324/5/00000038/ByteVector.java,c7523d5a24e76d6e2f6ce80c11e2a54b,mutants/mp/324/5/00000038/ByteVector.class,1,324,100,1,,ASSUMED_NO,1154,0,2026-02-03 08:59:01,4,"185,191,193,194,195,197,208,210,214,215,216",
670,mutants/mp/326/5/00000038/CharRange.java,d053589cc9839d0240059735bf17fc8a,mutants/mp/326/5/00000038/CharRange.class,0,326,101,1,1,ASSUMED_NO,1158,0,2026-02-03 08:59:03,8,66,"[junit] Testcase: test took 0.009 sec
[junit] expected:<97> but was:<98>
[junit] junit.framework.AssertionFailedError: expected:<97> but was:<98>
[junit] 	at TestCharRange.test(TestCharRange.java:11)
[junit] 	at java.base/jdk.internal.reflect.NativeMethodAccessorImpl.invoke0(Native Method)
[junit] 	at java.base/jdk.internal.reflect.NativeMethodAccessorImpl.invoke(NativeMethodAccessorImpl.java:77)
[junit] 	at java.base/jdk.internal.reflect.DelegatingMethodAccessorImpl.invoke(DelegatingMethodAccessorImpl.java:43)
[junit] 	at java.base/java.util.concurrent.FutureTask.run(FutureTask.java:264)
[junit] 	at java.base/java.lang.Thread.run(Thread.java:840)
"
671,mutants/mp/322/107/00000089/ByteVector.java,c83431675f4f729027871cb3d8362952,mutants/mp/322/107/00000089/ByteVector.class,1,322,100,1,,ASSUMED_NO,1152,0,2026-02-03 08:59:16,1,239,
672,mutants/mp/323/109/00000052/ByteVector.java,2b5262aa5e91fa1c16b6b06b4e77225f,mutants/mp/323/109/00000052/ByteVector.class,0,323,100,1,1,ASSUMED_NO,1144,0,2026-02-03 08:59:25,0,67,"[junit] Testcase: test took 0.009 sec
[junit] array lengths differed, expected.length=4 actual.length=8; arrays first differed at element [0]; expected:<-85> but was:<0>
[junit] junit.framework.AssertionFailedError: array lengths differed, expected.length=4 actual.length=8; arrays first differed at element [0]; expected:<-85> but was:<0>
[junit] 	at TestByteVector.test(TestByteVector.java:13)
[junit] 	at java.base/jdk.internal.reflect.NativeMethodAccessorImpl.invoke0(Native Method)
[junit] 	at java.base/jdk.internal.reflect.NativeMethodAccessorImpl.invoke(NativeMethodAccessorImpl.java:77)
[junit] 	at java.base/jdk.internal.reflect.DelegatingMethodAccessorImpl.invoke(DelegatingMethodAccessorImpl.java:43)
[junit] 	at java.base/java.util.concurrent.FutureTask.run(FutureTask.java:264)
[junit] 	at java.base/java.lang.Thread.run(Thread.java:840)
[junit] Caused by: java.lang.AssertionError: expected:<-85> but was:<0>
"
673,mutants/mp/324/5/00000039/ByteVector.java,67f99180cd304a7b6b03e0429024eedc,mutants/mp/324/5/00000039/ByteVector.class,0,324,100,1,1,PROVEN_NO,1154,0,2026-02-03 08:59:30,4,"182,185,191,193,208,210","[junit] Testcase: test took 0.007 sec
[junit] expected:<1> but was:<2>
[junit] junit.framework.AssertionFailedError: expected:<1> but was:<2>
[junit] 	at TestByteVector.test(TestByteVector.java:13)
[junit] 	at java.base/jdk.internal.reflect.NativeMethodAccessorImpl.invoke0(Native Method)
[junit] 	at java.base/jdk.internal.reflect.NativeMethodAccessorImpl.invoke(NativeMethodAccessorImpl.java:77)
[junit] 	at java.base/jdk.internal.reflect.DelegatingMethodAccessorImpl.invoke(DelegatingMethodAccessorImpl.java:43)
[junit] 	at java.base/java.util.concurrent.FutureTask.run(FutureTask.java:264)
[junit] 	at java.base/java.lang.Thread.run(Thread.java:840)
"
674,mutants/mp/322/107/00000090/ByteVector.java,79e4cc9fa2f52c10da11ee04f2748c36,mutants/mp/322/107/00000090/ByteVector.class,1,322,100,1,,ASSUMED_NO,1152,0,2026-02-03 08:59:31,1,242,
675,mutants/mp/326/5/00000039/CharRange.java,c92833488133a09c76668af293dae88e,,0,326,101,1,,ASSUMED_NO,1158,0,2026-02-03 08:59:33,0,66,
676,mutants/mp/325/5/00000041/ByteVector.java,e45ebc9fb597ef9489ef273c5127c6bf,mutants/mp/325/5/00000041/ByteVector.class,1,325,100,1,,ASSUMED_NO,1157,0,2026-02-03 08:59:36,1,156,
677,mutants/mp/323/109/00000053/ByteVector.java,636ca45853f3506fb91e5cac3c72feea,mutants/mp/323/109/00000053/ByteVector.class,0,323,100,1,1,ASSUMED_NO,1144,0,2026-02-03 08:59:37,0,89,"Buildfile: /srv/codedefenders-class-2026/build.xml

test-mutant:
[junit] Running TestByteVector
[junit] Testsuite: TestByteVector
[junit] Tests run: 1, Failures: 0, Errors: 1, Skipped: 0, Time elapsed: 0.02 sec
[junit] Tests run: 1, Failures: 0, Errors: 1, Skipped: 0, Time elapsed: 0.02 sec
[junit]
[junit] Testcase: test took 0.008 sec
[junit] 	Caused an ERROR
[junit] Cannot invoke ""ByteVector.putShort(int)"" because the return value of ""ByteVector.putShort(int)"" is null
[junit] java.lang.NullPointerException: Cannot invoke ""ByteVector.putShort(int)"" because the return value of ""ByteVector.putShort(int)"" is null
[junit] 	at TestByteVector.test(TestByteVector.java:11)
[junit] 	at java.base/jdk.internal.reflect.NativeMethodAccessorImpl.invoke0(Native Method)
[junit] 	at java.base/jdk.internal.reflect.NativeMethodAccessorImpl.invoke(NativeMethodAccessorImpl.java:77)
[junit] 	at java.base/jdk.internal.reflect.DelegatingMethodAccessorImpl.invoke(DelegatingMethodAccessorImpl.java:43)
[junit] 	at java.base/java.util.concurrent.FutureTask.run(FutureTask.java:264)
[junit] 	at java.base/java.lang.Thread.run(Thread.java:840)
[junit]
[junit] Test TestByteVector FAILED

BUILD SUCCESSFUL
Total time: 1 second
  "
678,mutants/mp/323/109/00000054/ByteVector.java,1da6eb387e43c306c0fd1b8e9dc34316,mutants/mp/323/109/00000054/ByteVector.class,0,323,100,1,1,ASSUMED_NO,1144,0,2026-02-03 08:59:49,0,70,"Buildfile: /srv/codedefenders-class-2026/build.xml

test-mutant:
[junit] Running TestByteVector
[junit] Testsuite: TestByteVector
[junit] Tests run: 1, Failures: 0, Errors: 1, Skipped: 0, Time elapsed: 0.018 sec
[junit] Tests run: 1, Failures: 0, Errors: 1, Skipped: 0, Time elapsed: 0.018 sec
[junit]
[junit] Testcase: test took 0.007 sec
[junit] 	Caused an ERROR
[junit] Cannot invoke ""ByteVector.put11(int, int)"" because the return value of ""ByteVector.put11(int, int)"" is null
[junit] java.lang.NullPointerException: Cannot invoke ""ByteVector.put11(int, int)"" because the return value of ""ByteVector.put11(int, int)"" is null
[junit] 	at TestByteVector.test(TestByteVector.java:11)
[junit] 	at java.base/jdk.internal.reflect.NativeMethodAccessorImpl.invoke0(Native Method)
[junit] 	at java.base/jdk.internal.reflect.NativeMethodAccessorImpl.invoke(NativeMethodAccessorImpl.java:77)
[junit] 	at java.base/jdk.internal.reflect.DelegatingMethodAccessorImpl.invoke(DelegatingMethodAccessorImpl.java:43)
[junit] 	at java.base/java.util.concurrent.FutureTask.run(FutureTask.java:264)
[junit] 	at java.base/java.lang.Thread.run(Thread.java:840)
[junit]
[junit] Test TestByteVector FAILED

BUILD SUCCESSFUL
Total time: 0 seconds
  "
679,mutants/mp/322/107/00000091/ByteVector.java,dd7d878c047fb6781b6e85b731646c27,mutants/mp/322/107/00000091/ByteVector.class,1,322,100,1,,ASSUMED_NO,1152,0,2026-02-03 08:59:51,1,210,
680,mutants/mp/326/5/00000040/CharRange.java,a9ca2038eb8acbdb1afc457eb8a84734,mutants/mp/326/5/00000040/CharRange.class,0,326,101,1,1,ASSUMED_NO,1158,0,2026-02-03 09:00:03,8,66,"[junit] Testcase: test took 0.008 sec
[junit] expected:<97> but was:<98>
[junit] junit.framework.AssertionFailedError: expected:<97> but was:<98>
[junit] 	at TestCharRange.test(TestCharRange.java:11)
[junit] 	at java.base/jdk.internal.reflect.NativeMethodAccessorImpl.invoke0(Native Method)
[junit] 	at java.base/jdk.internal.reflect.NativeMethodAccessorImpl.invoke(NativeMethodAccessorImpl.java:77)
[junit] 	at java.base/jdk.internal.reflect.DelegatingMethodAccessorImpl.invoke(DelegatingMethodAccessorImpl.java:43)
[junit] 	at java.base/java.util.concurrent.FutureTask.run(FutureTask.java:264)
[junit] 	at java.base/java.lang.Thread.run(Thread.java:840)
"
681,mutants/mp/322/107/00000092/ByteVector.java,eb55b8d55ab64ea4bff99dbdcc1592d0,mutants/mp/322/107/00000092/ByteVector.class,1,322,100,1,,ASSUMED_NO,1152,0,2026-02-03 09:00:17,1,210,
682,mutants/mp/323/109/00000055/ByteVector.java,7a34cb02168628c396db9641fefd421c,mutants/mp/323/109/00000055/ByteVector.class,1,323,100,1,,ASSUMED_NO,1144,0,2026-02-03 09:00:18,3,103,
683,mutants/mp/326/5/00000041/CharRange.java,f59710e9c9ce5400cb2100f36483ba58,mutants/mp/326/5/00000041/CharRange.class,0,326,101,1,1,ASSUMED_NO,1158,0,2026-02-03 09:00:33,7,66,"[junit] Testcase: test took 0.01 sec
[junit] expected:<97> but was:<96>
[junit] junit.framework.AssertionFailedError: expected:<97> but was:<96>
[junit] 	at TestCharRange.test(TestCharRange.java:11)
[junit] 	at java.base/jdk.internal.reflect.NativeMethodAccessorImpl.invoke0(Native Method)
[junit] 	at java.base/jdk.internal.reflect.NativeMethodAccessorImpl.invoke(NativeMethodAccessorImpl.java:77)
[junit] 	at java.base/jdk.internal.reflect.DelegatingMethodAccessorImpl.invoke(DelegatingMethodAccessorImpl.java:43)
[junit] 	at java.base/java.util.concurrent.FutureTask.run(FutureTask.java:264)
[junit] 	at java.base/java.lang.Thread.run(Thread.java:840)
"
684,mutants/mp/319/105/00000033/CharRange.java,fe4b61d2276a34b2a2559d2e6cdec9a7,mutants/mp/319/105/00000033/CharRange.class,1,319,101,1,,ASSUMED_NO,1150,0,2026-02-03 09:00:44,1,175,
685,mutants/mp/322/107/00000093/ByteVector.java,51af8d3f2cf6da4e93097e6aca3ec36f,mutants/mp/322/107/00000093/ByteVector.class,1,322,100,1,,ASSUMED_NO,1152,0,2026-02-03 09:00:44,1,210,
686,mutants/mp/323/109/00000056/ByteVector.java,8d70f164903e488a069c161f74446684,mutants/mp/323/109/00000056/ByteVector.class,1,323,100,1,,ASSUMED_NO,1144,0,2026-02-03 09:00:48,6,110,
687,mutants/mp/325/5/00000042/ByteVector.java,cdbb38c5a31a543b3362975743827e75,mutants/mp/325/5/00000042/ByteVector.class,1,325,100,1,,ASSUMED_NO,1157,0,2026-02-03 09:00:50,1,"153,157",
688,mutants/mp/324/5/00000040/ByteVector.java,7d1e5c5bcef5b2e55fac83c91b447cc6,mutants/mp/324/5/00000040/ByteVector.class,1,324,100,1,,ASSUMED_NO,1154,0,2026-02-03 09:01:01,4,"185,191,193,208,210",
689,mutants/mp/319/105/00000034/CharRange.java,cd75cecc84be2728d4fd94061ce3f724,mutants/mp/319/105/00000034/CharRange.class,0,319,101,1,1,ASSUMED_NO,1150,0,2026-02-03 09:01:01,0,66,"[junit] Testcase: test took 0.014 sec
[junit] expected:<[^]a> but was:<[]a>
[junit] junit.framework.AssertionFailedError: expected:<[^]a> but was:<[]a>
[junit] 	at TestCharRange.test(TestCharRange.java:12)
[junit] 	at java.base/jdk.internal.reflect.NativeMethodAccessorImpl.invoke0(Native Method)
[junit] 	at java.base/jdk.internal.reflect.NativeMethodAccessorImpl.invoke(NativeMethodAccessorImpl.java:77)
[junit] 	at java.base/jdk.internal.reflect.DelegatingMethodAccessorImpl.invoke(DelegatingMethodAccessorImpl.java:43)
[junit] 	at java.base/java.util.concurrent.FutureTask.run(FutureTask.java:264)
[junit] 	at java.base/java.lang.Thread.run(Thread.java:840)
"
690,mutants/mp/326/5/00000042/CharRange.java,fe60e112f1af7acf026c09ea7befd7d8,mutants/mp/326/5/00000042/CharRange.class,0,326,101,1,1,ASSUMED_NO,1158,0,2026-02-03 09:01:04,0,66,"[junit] Testcase: test took 0.046 sec
[junit] null
[junit] junit.framework.AssertionFailedError
[junit] 	at TestCharRange.test(TestCharRange.java:11)
[junit] 	at java.base/jdk.internal.reflect.NativeMethodAccessorImpl.invoke0(Native Method)
[junit] 	at java.base/jdk.internal.reflect.NativeMethodAccessorImpl.invoke(NativeMethodAccessorImpl.java:77)
[junit] 	at java.base/jdk.internal.reflect.DelegatingMethodAccessorImpl.invoke(DelegatingMethodAccessorImpl.java:43)
[junit] 	at java.base/java.util.concurrent.FutureTask.run(FutureTask.java:264)
[junit] 	at java.base/java.lang.Thread.run(Thread.java:840)
"
691,mutants/mp/322/107/00000094/ByteVector.java,38e668b2a96aab34c71a1b66147586f1,mutants/mp/322/107/00000094/ByteVector.class,1,322,100,1,,ASSUMED_NO,1152,0,2026-02-03 09:01:11,1,185,
692,mutants/mp/325/5/00000043/ByteVector.java,47ec0e3585b87f47bf4248e90b65bd6c,mutants/mp/325/5/00000043/ByteVector.class,1,325,100,1,,ASSUMED_NO,1157,0,2026-02-03 09:01:20,1,156,
693,mutants/mp/322/107/00000095/ByteVector.java,34f461cdb3153c0abae08b7adedde144,mutants/mp/322/107/00000095/ByteVector.class,0,322,100,1,1,ASSUMED_NO,1152,0,2026-02-03 09:01:30,0,23,"[junit] Testcase: test took 0.008 sec
[junit] expected:<64> but was:<62>
[junit] junit.framework.AssertionFailedError: expected:<64> but was:<62>
[junit] 	at TestByteVector.test(TestByteVector.java:12)
[junit] 	at java.base/jdk.internal.reflect.NativeMethodAccessorImpl.invoke0(Native Method)
[junit] 	at java.base/jdk.internal.reflect.NativeMethodAccessorImpl.invoke(NativeMethodAccessorImpl.java:77)
[junit] 	at java.base/jdk.internal.reflect.DelegatingMethodAccessorImpl.invoke(DelegatingMethodAccessorImpl.java:43)
[junit] 	at java.base/java.util.concurrent.FutureTask.run(FutureTask.java:264)
[junit] 	at java.base/java.lang.Thread.run(Thread.java:840)
"
694,mutants/mp/322/107/00000096/ByteVector.java,77b11122a1191cd22e3a3073747563e8,mutants/mp/322/107/00000096/ByteVector.class,0,322,100,1,1,ASSUMED_NO,1152,0,2026-02-03 09:01:42,0,23,"[junit] Testcase: test took 0.008 sec
[junit] expected:<64> but was:<65>
[junit] junit.framework.AssertionFailedError: expected:<64> but was:<65>
[junit] 	at TestByteVector.test(TestByteVector.java:12)
[junit] 	at java.base/jdk.internal.reflect.NativeMethodAccessorImpl.invoke0(Native Method)
[junit] 	at java.base/jdk.internal.reflect.NativeMethodAccessorImpl.invoke(NativeMethodAccessorImpl.java:77)
[junit] 	at java.base/jdk.internal.reflect.DelegatingMethodAccessorImpl.invoke(DelegatingMethodAccessorImpl.java:43)
[junit] 	at java.base/java.util.concurrent.FutureTask.run(FutureTask.java:264)
[junit] 	at java.base/java.lang.Thread.run(Thread.java:840)
"
695,mutants/mp/323/109/00000057/ByteVector.java,9d3bc25fca1bb3171cb0d12703cc3aea,mutants/mp/323/109/00000057/ByteVector.class,1,323,100,1,,ASSUMED_NO,1144,0,2026-02-03 09:01:59,8,158,
696,mutants/mp/324/5/00000041/ByteVector.java,fcb944e7ecbe6000885a1a97b0ccf849,mutants/mp/324/5/00000041/ByteVector.class,0,324,100,1,1,PROVEN_NO,1154,0,2026-02-03 09:02:02,4,"185,191,193,208,210,223",
697,mutants/mp/326/5/00000043/CharRange.java,ceb560264ef7711e3e73b9ad51738bcc,mutants/mp/326/5/00000043/CharRange.class,0,326,101,1,1,ASSUMED_NO,1158,0,2026-02-03 09:02:04,7,66,"[junit] Testcase: test took 0.012 sec
[junit] expected:<97> but was:<96>
[junit] junit.framework.AssertionFailedError: expected:<97> but was:<96>
[junit] 	at TestCharRange.test(TestCharRange.java:11)
[junit] 	at java.base/jdk.internal.reflect.NativeMethodAccessorImpl.invoke0(Native Method)
[junit] 	at java.base/jdk.internal.reflect.NativeMethodAccessorImpl.invoke(NativeMethodAccessorImpl.java:77)
[junit] 	at java.base/jdk.internal.reflect.DelegatingMethodAccessorImpl.invoke(DelegatingMethodAccessorImpl.java:43)
[junit] 	at java.base/java.util.concurrent.FutureTask.run(FutureTask.java:264)
[junit] 	at java.base/java.lang.Thread.run(Thread.java:840)
"
698,mutants/mp/323/109/00000058/ByteVector.java,aa8f058dcc95bfa67487445218896531,mutants/mp/323/109/00000058/ByteVector.class,0,323,100,1,1,PROVEN_NO,1144,0,2026-02-03 09:02:12,10,131,"[junit] Testcase: test took 0.007 sec
[junit] null
[junit] junit.framework.AssertionFailedError
[junit] 	at TestByteVector.test(TestByteVector.java:11)
[junit] 	at java.base/jdk.internal.reflect.NativeMethodAccessorImpl.invoke0(Native Method)
[junit] 	at java.base/jdk.internal.reflect.NativeMethodAccessorImpl.invoke(NativeMethodAccessorImpl.java:77)
[junit] 	at java.base/jdk.internal.reflect.DelegatingMethodAccessorImpl.invoke(DelegatingMethodAccessorImpl.java:43)
[junit] 	at java.base/java.util.concurrent.FutureTask.run(FutureTask.java:264)
[junit] 	at java.base/java.lang.Thread.run(Thread.java:840)
"
699,mutants/mp/322/107/00000097/ByteVector.java,a22bcb135be4f1e0df75e67a3038cf56,mutants/mp/322/107/00000097/ByteVector.class,0,322,100,1,1,ASSUMED_NO,1152,0,2026-02-03 09:02:25,0,16,"[junit] Testcase: test took 0.008 sec
[junit] expected:<0> but was:<5>
[junit] junit.framework.AssertionFailedError: expected:<0> but was:<5>
[junit] 	at TestByteVector.test(TestByteVector.java:13)
[junit] 	at java.base/jdk.internal.reflect.NativeMethodAccessorImpl.invoke0(Native Method)
[junit] 	at java.base/jdk.internal.reflect.NativeMethodAccessorImpl.invoke(NativeMethodAccessorImpl.java:77)
[junit] 	at java.base/jdk.internal.reflect.DelegatingMethodAccessorImpl.invoke(DelegatingMethodAccessorImpl.java:43)
[junit] 	at java.base/java.util.concurrent.FutureTask.run(FutureTask.java:264)
[junit] 	at java.base/java.lang.Thread.run(Thread.java:840)
"
700,mutants/mp/324/5/00000042/ByteVector.java,befadad160c3a6d5e0c954603e95b601,mutants/mp/324/5/00000042/ByteVector.class,0,324,100,1,1,PROVEN_NO,1154,0,2026-02-03 09:02:33,4,"182,185,186,191,193,200,208,209,210","[junit] Testcase: test took 0.009 sec
[junit] expected:<65> but was:<97>
[junit] junit.framework.AssertionFailedError: expected:<65> but was:<97>
[junit] 	at TestByteVector.test(TestByteVector.java:14)
[junit] 	at java.base/jdk.internal.reflect.NativeMethodAccessorImpl.invoke0(Native Method)
[junit] 	at java.base/jdk.internal.reflect.NativeMethodAccessorImpl.invoke(NativeMethodAccessorImpl.java:77)
[junit] 	at java.base/jdk.internal.reflect.DelegatingMethodAccessorImpl.invoke(DelegatingMethodAccessorImpl.java:43)
[junit] 	at java.base/java.util.concurrent.FutureTask.run(FutureTask.java:264)
[junit] 	at java.base/java.lang.Thread.run(Thread.java:840)
"
701,mutants/mp/326/5/00000044/CharRange.java,1b0fe1e0f9afa4588efd10245e4a2cea,mutants/mp/326/5/00000044/CharRange.class,0,326,101,1,1,ASSUMED_NO,1158,0,2026-02-03 09:02:34,0,66,"[junit] Testcase: test took 0.015 sec
[junit] expected:<97> but was:<96>
[junit] junit.framework.AssertionFailedError: expected:<97> but was:<96>
[junit] 	at TestCharRange.test(TestCharRange.java:11)
[junit] 	at java.base/jdk.internal.reflect.NativeMethodAccessorImpl.invoke0(Native Method)
[junit] 	at java.base/jdk.internal.reflect.NativeMethodAccessorImpl.invoke(NativeMethodAccessorImpl.java:77)
[junit] 	at java.base/jdk.internal.reflect.DelegatingMethodAccessorImpl.invoke(DelegatingMethodAccessorImpl.java:43)
[junit] 	at java.base/java.util.concurrent.FutureTask.run(FutureTask.java:264)
[junit] 	at java.base/java.lang.Thread.run(Thread.java:840)
"
702,mutants/mp/325/5/00000044/ByteVector.java,e3848d5718ba418291b4a43bdcffb637,mutants/mp/325/5/00000044/ByteVector.class,1,325,100,1,,ASSUMED_NO,1157,0,2026-02-03 09:02:36,1,156,
703,mutants/mp/322/107/00000098/ByteVector.java,e0d950cafa45f0361e2316ec0d2709db,mutants/mp/322/107/00000098/ByteVector.class,1,322,100,1,,ASSUMED_NO,1152,0,2026-02-03 09:03:02,1,86,
704,mutants/mp/326/5/00000045/CharRange.java,67190e161710a9ecbd933cfb19c8ded4,mutants/mp/326/5/00000045/CharRange.class,0,326,101,1,1,ASSUMED_NO,1158,0,2026-02-03 09:03:04,0,136,"[junit] Testcase: test took 0.015 sec
[junit] null
[junit] junit.framework.AssertionFailedError
[junit] 	at TestCharRange.test(TestCharRange.java:11)
[junit] 	at java.base/jdk.internal.reflect.NativeMethodAccessorImpl.invoke0(Native Method)
[junit] 	at java.base/jdk.internal.reflect.NativeMethodAccessorImpl.invoke(NativeMethodAccessorImpl.java:77)
[junit] 	at java.base/jdk.internal.reflect.DelegatingMethodAccessorImpl.invoke(DelegatingMethodAccessorImpl.java:43)
[junit] 	at java.base/java.util.concurrent.FutureTask.run(FutureTask.java:264)
[junit] 	at java.base/java.lang.Thread.run(Thread.java:840)
"
705,mutants/mp/324/5/00000043/ByteVector.java,9db7f1434b0451b349aa142e82543979,mutants/mp/324/5/00000043/ByteVector.class,1,324,100,1,,ASSUMED_NO,1154,0,2026-02-03 09:03:16,4,"185,191,193,199,208,210",
706,mutants/mp/325/5/00000045/ByteVector.java,79fdfee37b1e09d278f0fd9b834088bc,mutants/mp/325/5/00000045/ByteVector.class,1,325,100,1,,ASSUMED_NO,1157,0,2026-02-03 09:03:20,1,156,
707,mutants/mp/322/107/00000099/ByteVector.java,b375566633273c7c3f29124cabe912b3,mutants/mp/322/107/00000099/ByteVector.class,1,322,100,1,,ASSUMED_NO,1152,0,2026-02-03 09:03:30,1,189,
708,mutants/mp/324/5/00000044/ByteVector.java,f611c0179b31f0562132b7f51bad31ac,mutants/mp/324/5/00000044/ByteVector.class,1,324,100,1,,ASSUMED_NO,1154,0,2026-02-03 09:03:47,4,"185,186,191,193,208,209,210",
709,mutants/mp/320/103/00000026/CharRange.java,a8abdab1866be727160a157b0c17a2df,mutants/mp/320/103/00000026/CharRange.class,0,320,101,1,1,ASSUMED_NO,1151,0,2026-02-03 09:03:50,0,124,"[junit] Testcase: test took 0.016 sec
[junit] null
[junit] junit.framework.AssertionFailedError
[junit] 	at TestCharRange.test(TestCharRange.java:11)
[junit] 	at java.base/jdk.internal.reflect.NativeMethodAccessorImpl.invoke0(Native Method)
[junit] 	at java.base/jdk.internal.reflect.NativeMethodAccessorImpl.invoke(NativeMethodAccessorImpl.java:77)
[junit] 	at java.base/jdk.internal.reflect.DelegatingMethodAccessorImpl.invoke(DelegatingMethodAccessorImpl.java:43)
[junit] 	at java.base/java.util.concurrent.FutureTask.run(FutureTask.java:264)
[junit] 	at java.base/java.lang.Thread.run(Thread.java:840)
"
710,mutants/mp/325/5/00000046/ByteVector.java,b26ef242c5a42de4ce141216b326c7df,mutants/mp/325/5/00000046/ByteVector.class,1,325,100,1,,ASSUMED_NO,1157,0,2026-02-03 09:03:51,1,156,
711,mutants/mp/322/107/00000100/ByteVector.java,0a87f8ca1cfc03b5d60594692cd0f52d,mutants/mp/322/107/00000100/ByteVector.class,1,322,100,1,,ASSUMED_NO,1152,0,2026-02-03 09:03:52,1,172,
712,mutants/mp/326/5/00000046/CharRange.java,da7c38c41f5d558c2ebd6445c8fa5783,mutants/mp/326/5/00000046/CharRange.class,0,326,101,1,1,ASSUMED_NO,1158,0,2026-02-03 09:04:03,0,136,"[junit] Testcase: test took 0.011 sec
[junit] null
[junit] junit.framework.AssertionFailedError
[junit] 	at TestCharRange.test(TestCharRange.java:11)
[junit] 	at java.base/jdk.internal.reflect.NativeMethodAccessorImpl.invoke0(Native Method)
[junit] 	at java.base/jdk.internal.reflect.NativeMethodAccessorImpl.invoke(NativeMethodAccessorImpl.java:77)
[junit] 	at java.base/jdk.internal.reflect.DelegatingMethodAccessorImpl.invoke(DelegatingMethodAccessorImpl.java:43)
[junit] 	at java.base/java.util.concurrent.FutureTask.run(FutureTask.java:264)
[junit] 	at java.base/java.lang.Thread.run(Thread.java:840)
"
713,mutants/mp/322/107/00000101/ByteVector.java,b405be78e65827d01c5bf51f5b6d221d,mutants/mp/322/107/00000101/ByteVector.class,1,322,100,1,,ASSUMED_NO,1152,0,2026-02-03 09:04:12,1,62,
714,mutants/mp/323/109/00000059/ByteVector.java,2136dd1eb7dbecbadbe85bbfac5191f9,mutants/mp/323/109/00000059/ByteVector.class,0,323,100,1,1,ASSUMED_NO,1144,0,2026-02-03 09:04:21,0,244,"[junit] Testcase: test took 0.009 sec
[junit] expected:<3> but was:<0>
[junit] junit.framework.AssertionFailedError: expected:<3> but was:<0>
[junit] 	at TestByteVector.test(TestByteVector.java:12)
[junit] 	at java.base/jdk.internal.reflect.NativeMethodAccessorImpl.invoke0(Native Method)
[junit] 	at java.base/jdk.internal.reflect.NativeMethodAccessorImpl.invoke(NativeMethodAccessorImpl.java:77)
[junit] 	at java.base/jdk.internal.reflect.DelegatingMethodAccessorImpl.invoke(DelegatingMethodAccessorImpl.java:43)
[junit] 	at java.base/java.util.concurrent.FutureTask.run(FutureTask.java:264)
[junit] 	at java.base/java.lang.Thread.run(Thread.java:840)
"
715,mutants/mp/325/5/00000047/ByteVector.java,3f7dfeecf33795ceec5e499c118a08b7,mutants/mp/325/5/00000047/ByteVector.class,1,325,100,1,,ASSUMED_NO,1157,0,2026-02-03 09:04:21,1,151,
716,mutants/mp/336/5/00000001/CharRange.java,9d069d2112e7a2ebae0a2d1620d1091c,mutants/mp/336/5/00000001/CharRange.class,1,336,101,1,,ASSUMED_NO,1202,0,2026-02-03 09:09:04,1,"153,155,158,160",
717,mutants/mp/331/5/00000001/ByteVector.java,c405dae86942e306d2a687c509fac989,mutants/mp/331/5/00000001/ByteVector.class,0,331,100,1,1,PROVEN_NO,1198,0,2026-02-03 09:09:08,4,"182,185,186,191,193,200,208,209,210","[junit] Testcase: test took 0.008 sec
[junit] expected:<65> but was:<64>
[junit] junit.framework.AssertionFailedError: expected:<65> but was:<64>
[junit] 	at TestByteVector.test(TestByteVector.java:13)
[junit] 	at java.base/jdk.internal.reflect.NativeMethodAccessorImpl.invoke0(Native Method)
[junit] 	at java.base/jdk.internal.reflect.NativeMethodAccessorImpl.invoke(NativeMethodAccessorImpl.java:77)
[junit] 	at java.base/jdk.internal.reflect.DelegatingMethodAccessorImpl.invoke(DelegatingMethodAccessorImpl.java:43)
[junit] 	at java.base/java.util.concurrent.FutureTask.run(FutureTask.java:264)
[junit] 	at java.base/java.lang.Thread.run(Thread.java:840)
"
718,mutants/mp/330/5/00000001/ByteVector.java,51cd152312a2ed99942f889a11d5724b,mutants/mp/330/5/00000001/ByteVector.class,0,330,100,1,1,ASSUMED_NO,1203,0,2026-02-03 09:09:09,1,"181,182,185,191,193,199,208,210,219","[junit] Testcase: test took 0.01 sec
[junit] arrays first differed at element [1]; expected:<5> but was:<6>
[junit] junit.framework.AssertionFailedError: arrays first differed at element [1]; expected:<5> but was:<6>
[junit] 	at TestByteVector.test(TestByteVector.java:13)
[junit] 	at java.base/jdk.internal.reflect.NativeMethodAccessorImpl.invoke0(Native Method)
[junit] 	at java.base/jdk.internal.reflect.NativeMethodAccessorImpl.invoke(NativeMethodAccessorImpl.java:77)
[junit] 	at java.base/jdk.internal.reflect.DelegatingMethodAccessorImpl.invoke(DelegatingMethodAccessorImpl.java:43)
[junit] 	at java.base/java.util.concurrent.FutureTask.run(FutureTask.java:264)
[junit] 	at java.base/java.lang.Thread.run(Thread.java:840)
[junit] Caused by: java.lang.AssertionError: expected:<5> but was:<6>
"
719,mutants/mp/332/103/00000001/ByteVector.java,3249e9b5f591fa490b85882bde5cb886,mutants/mp/332/103/00000001/ByteVector.class,0,332,100,1,1,ASSUMED_NO,1192,0,2026-02-03 09:09:31,0,23,"[junit] Testcase: test took 0.007 sec
[junit] expected:<64> but was:<63>
[junit] junit.framework.AssertionFailedError: expected:<64> but was:<63>
[junit] 	at TestByteVector.test(TestByteVector.java:12)
[junit] 	at java.base/jdk.internal.reflect.NativeMethodAccessorImpl.invoke0(Native Method)
[junit] 	at java.base/jdk.internal.reflect.NativeMethodAccessorImpl.invoke(NativeMethodAccessorImpl.java:77)
[junit] 	at java.base/jdk.internal.reflect.DelegatingMethodAccessorImpl.invoke(DelegatingMethodAccessorImpl.java:43)
[junit] 	at java.base/java.util.concurrent.FutureTask.run(FutureTask.java:264)
[junit] 	at java.base/java.lang.Thread.run(Thread.java:840)
"
720,mutants/mp/331/5/00000002/ByteVector.java,ccd898fefd734a68d11cb3e6d97491ee,mutants/mp/331/5/00000002/ByteVector.class,0,331,100,1,1,PROVEN_NO,1198,0,2026-02-03 09:09:37,4,"185,186,191,193,208,209,210,211,212,213,215,216","[junit] Testcase: test took 0.008 sec
[junit] expected:<65> but was:<97>
[junit] junit.framework.AssertionFailedError: expected:<65> but was:<97>
[junit] 	at TestByteVector.test(TestByteVector.java:13)
[junit] 	at java.base/jdk.internal.reflect.NativeMethodAccessorImpl.invoke0(Native Method)
[junit] 	at java.base/jdk.internal.reflect.NativeMethodAccessorImpl.invoke(NativeMethodAccessorImpl.java:77)
[junit] 	at java.base/jdk.internal.reflect.DelegatingMethodAccessorImpl.invoke(DelegatingMethodAccessorImpl.java:43)
[junit] 	at java.base/java.util.concurrent.FutureTask.run(FutureTask.java:264)
[junit] 	at java.base/java.lang.Thread.run(Thread.java:840)
"
721,mutants/mp/330/5/00000002/ByteVector.java,42604adadbe8ab819e86c1ec9ed927b7,mutants/mp/330/5/00000002/ByteVector.class,0,330,100,1,1,ASSUMED_NO,1203,0,2026-02-03 09:09:38,5,"185,191,193,199,200,208,210","[junit] Testcase: test took 0.012 sec
[junit] arrays first differed at element [1]; expected:<4> but was:<5>
[junit] junit.framework.AssertionFailedError: arrays first differed at element [1]; expected:<4> but was:<5>
[junit] 	at TestByteVector.test(TestByteVector.java:13)
[junit] 	at java.base/jdk.internal.reflect.NativeMethodAccessorImpl.invoke0(Native Method)
[junit] 	at java.base/jdk.internal.reflect.NativeMethodAccessorImpl.invoke(NativeMethodAccessorImpl.java:77)
[junit] 	at java.base/jdk.internal.reflect.DelegatingMethodAccessorImpl.invoke(DelegatingMethodAccessorImpl.java:43)
[junit] 	at java.base/java.util.concurrent.FutureTask.run(FutureTask.java:264)
[junit] 	at java.base/java.lang.Thread.run(Thread.java:840)
[junit] Caused by: java.lang.AssertionError: expected:<4> but was:<5>
"
722,mutants/mp/336/5/00000002/CharRange.java,e055662cff96627cea590ae200bb01e3,mutants/mp/336/5/00000002/CharRange.class,1,336,101,1,,ASSUMED_NO,1202,0,2026-02-03 09:09:49,1,"153,155,158,160",
723,mutants/mp/335/113/00000001/ByteVector.java,52a1cc7dc1bcf320ea466d5e57d73e01,mutants/mp/335/113/00000001/ByteVector.class,0,335,100,1,1,ASSUMED_NO,1197,0,2026-02-03 09:09:55,1,23,"[junit] Testcase: test took 0.008 sec
[junit] expected:<64> but was:<128>
[junit] junit.framework.AssertionFailedError: expected:<64> but was:<128>
[junit] 	at TestByteVector.test(TestByteVector.java:11)
[junit] 	at java.base/jdk.internal.reflect.NativeMethodAccessorImpl.invoke0(Native Method)
[junit] 	at java.base/jdk.internal.reflect.NativeMethodAccessorImpl.invoke(NativeMethodAccessorImpl.java:77)
[junit] 	at java.base/jdk.internal.reflect.DelegatingMethodAccessorImpl.invoke(DelegatingMethodAccessorImpl.java:43)
[junit] 	at java.base/java.util.concurrent.FutureTask.run(FutureTask.java:264)
[junit] 	at java.base/java.lang.Thread.run(Thread.java:840)
"
724,mutants/mp/328/109/00000001/CharRange.java,e2e06ac1ca748990d2c43ac00472d4cb,mutants/mp/328/109/00000001/CharRange.class,0,328,101,1,1,ASSUMED_YES,1196,0,2026-02-03 09:09:56,0,34,
725,mutants/mp/329/111/00000001/CharRange.java,6c1ebf0c7a8c7f5eaa52ac4c0e628c20,mutants/mp/329/111/00000001/CharRange.class,0,329,101,1,1,ASSUMED_NO,1195,0,2026-02-03 09:09:59,1,136,"[junit] Testcase: test took 0.008 sec
[junit] null
[junit] junit.framework.AssertionFailedError
[junit] 	at TestCharRange.test(TestCharRange.java:12)
[junit] 	at java.base/jdk.internal.reflect.NativeMethodAccessorImpl.invoke0(Native Method)
[junit] 	at java.base/jdk.internal.reflect.NativeMethodAccessorImpl.invoke(NativeMethodAccessorImpl.java:77)
[junit] 	at java.base/jdk.internal.reflect.DelegatingMethodAccessorImpl.invoke(DelegatingMethodAccessorImpl.java:43)
[junit] 	at java.base/java.util.concurrent.FutureTask.run(FutureTask.java:264)
[junit] 	at java.base/java.lang.Thread.run(Thread.java:840)
"
726,mutants/mp/332/103/00000002/ByteVector.java,0c32869b46fca715fd6545e54ab46f24,mutants/mp/332/103/00000002/ByteVector.class,0,332,100,1,1,ASSUMED_NO,1192,0,2026-02-03 09:10:01,4,"143,144","Buildfile: /srv/codedefenders-class-2026/build.xml

test-mutant:
[junit] Running TestByteVector
[junit] Testsuite: TestByteVector
[junit] Tests run: 1, Failures: 0, Errors: 1, Skipped: 0, Time elapsed: 0.043 sec
[junit] Tests run: 1, Failures: 0, Errors: 1, Skipped: 0, Time elapsed: 0.043 sec
[junit]
[junit] Testcase: test took 0.019 sec
[junit] 	Caused an ERROR
[junit] Index 8 out of bounds for length 8
[junit] java.lang.ArrayIndexOutOfBoundsException: Index 8 out of bounds for length 8
[junit] 	at ByteVector.putLong(ByteVector.java:156)
[junit] 	at TestByteVector.test(TestByteVector.java:12)
[junit] 	at java.base/jdk.internal.reflect.NativeMethodAccessorImpl.invoke0(Native Method)
[junit] 	at java.base/jdk.internal.reflect.NativeMethodAccessorImpl.invoke(NativeMethodAccessorImpl.java:77)
[junit] 	at java.base/jdk.internal.reflect.DelegatingMethodAccessorImpl.invoke(DelegatingMethodAccessorImpl.java:43)
[junit] 	at java.base/java.util.concurrent.FutureTask.run(FutureTask.java:264)
[junit] 	at java.base/java.lang.Thread.run(Thread.java:840)
[junit]
[junit] Test TestByteVector FAILED

BUILD SUCCESSFUL
Total time: 1 second
  "
727,mutants/mp/328/109/00000002/CharRange.java,852e833385bb21baaf5e2861861396b6,mutants/mp/328/109/00000002/CharRange.class,0,328,101,1,1,ASSUMED_YES,1196,0,2026-02-03 09:10:04,0,34,
728,mutants/mp/331/5/00000003/ByteVector.java,c1e4d015520bc66911766babac1bb60d,mutants/mp/331/5/00000003/ByteVector.class,0,331,100,1,1,PROVEN_NO,1198,0,2026-02-03 09:10:07,4,"182,185,191,193,200,208,210","[junit] Testcase: test took 0.009 sec
[junit] expected:<1> but was:<2>
[junit] junit.framework.AssertionFailedError: expected:<1> but was:<2>
[junit] 	at TestByteVector.test(TestByteVector.java:13)
[junit] 	at java.base/jdk.internal.reflect.NativeMethodAccessorImpl.invoke0(Native Method)
[junit] 	at java.base/jdk.internal.reflect.NativeMethodAccessorImpl.invoke(NativeMethodAccessorImpl.java:77)
[junit] 	at java.base/jdk.internal.reflect.DelegatingMethodAccessorImpl.invoke(DelegatingMethodAccessorImpl.java:43)
[junit] 	at java.base/java.util.concurrent.FutureTask.run(FutureTask.java:264)
[junit] 	at java.base/java.lang.Thread.run(Thread.java:840)
"
729,mutants/mp/335/113/00000002/ByteVector.java,4eb9875ab2c94372c3aaff8ce778313c,,0,335,100,1,,ASSUMED_NO,1197,0,2026-02-03 09:10:10,0,45,
730,mutants/mp/329/111/00000002/CharRange.java,da7c38c41f5d558c2ebd6445c8fa5783,mutants/mp/329/111/00000002/CharRange.class,0,329,101,1,1,ASSUMED_NO,1195,0,2026-02-03 09:10:12,1,136,"[junit] Testcase: test took 0.008 sec
[junit] null
[junit] junit.framework.AssertionFailedError
[junit] 	at TestCharRange.test(TestCharRange.java:13)
[junit] 	at java.base/jdk.internal.reflect.NativeMethodAccessorImpl.invoke0(Native Method)
[junit] 	at java.base/jdk.internal.reflect.NativeMethodAccessorImpl.invoke(NativeMethodAccessorImpl.java:77)
[junit] 	at java.base/jdk.internal.reflect.DelegatingMethodAccessorImpl.invoke(DelegatingMethodAccessorImpl.java:43)
[junit] 	at java.base/java.util.concurrent.FutureTask.run(FutureTask.java:264)
[junit] 	at java.base/java.lang.Thread.run(Thread.java:840)
"
731,mutants/mp/334/107/00000001/CharRange.java,f58b464b4cf34965c692661fd80794c9,mutants/mp/334/107/00000001/CharRange.class,0,334,101,1,1,ASSUMED_NO,1189,0,2026-02-03 09:10:20,5,34,"[junit] Testcase: test took 0.009 sec
[junit] expected:<97> but was:<101>
[junit] junit.framework.AssertionFailedError: expected:<97> but was:<101>
[junit] 	at TestCharRange.test(TestCharRange.java:11)
[junit] 	at java.base/jdk.internal.reflect.NativeMethodAccessorImpl.invoke0(Native Method)
[junit] 	at java.base/jdk.internal.reflect.NativeMethodAccessorImpl.invoke(NativeMethodAccessorImpl.java:77)
[junit] 	at java.base/jdk.internal.reflect.DelegatingMethodAccessorImpl.invoke(DelegatingMethodAccessorImpl.java:43)
[junit] 	at java.base/java.util.concurrent.FutureTask.run(FutureTask.java:264)
[junit] 	at java.base/java.lang.Thread.run(Thread.java:840)
"
732,mutants/mp/335/113/00000003/ByteVector.java,64f409ec52117449ff2e11fd8b44830e,mutants/mp/335/113/00000003/ByteVector.class,0,335,100,1,1,ASSUMED_NO,1197,0,2026-02-03 09:10:23,2,45,"Buildfile: /srv/codedefenders-class-2026/build.xml

test-mutant:
[junit] Running TestByteVector
[junit] Testsuite: TestByteVector
[junit] Tests run: 1, Failures: 0, Errors: 1, Skipped: 0, Time elapsed: 0.02 sec
[junit] Tests run: 1, Failures: 0, Errors: 1, Skipped: 0, Time elapsed: 0.02 sec
[junit]
[junit] Testcase: test took 0.007 sec
[junit] 	Caused an ERROR
[junit] Index 0 out of bounds for length 0
[junit] java.lang.ArrayIndexOutOfBoundsException: Index 0 out of bounds for length 0
[junit] 	at ByteVector.putByte(ByteVector.java:48)
[junit] 	at TestByteVector.test(TestByteVector.java:11)
[junit] 	at java.base/jdk.internal.reflect.NativeMethodAccessorImpl.invoke0(Native Method)
[junit] 	at java.base/jdk.internal.reflect.NativeMethodAccessorImpl.invoke(NativeMethodAccessorImpl.java:77)
[junit] 	at java.base/jdk.internal.reflect.DelegatingMethodAccessorImpl.invoke(DelegatingMethodAccessorImpl.java:43)
[junit] 	at java.base/java.util.concurrent.FutureTask.run(FutureTask.java:264)
[junit] 	at java.base/java.lang.Thread.run(Thread.java:840)
[junit]
[junit] Test TestByteVector FAILED

BUILD SUCCESSFUL
Total time: 0 seconds
  "
733,mutants/mp/328/109/00000003/CharRange.java,13c8cc2b1bb3abf1ccf62bd4c453e807,mutants/mp/328/109/00000003/CharRange.class,0,328,101,1,1,PROVEN_NO,1196,0,2026-02-03 09:10:26,2,54,
734,mutants/mp/330/5/00000003/ByteVector.java,77867217c7f0f9870cb16ae94964e747,mutants/mp/330/5/00000003/ByteVector.class,0,330,100,1,1,ASSUMED_NO,1203,0,2026-02-03 09:10:28,1,"181,182,185,191,193,208,210","[junit] Testcase: test took 0.014 sec
[junit] arrays first differed at element [1]; expected:<5> but was:<4>
[junit] junit.framework.AssertionFailedError: arrays first differed at element [1]; expected:<5> but was:<4>
[junit] 	at TestByteVector.test(TestByteVector.java:13)
[junit] 	at java.base/jdk.internal.reflect.NativeMethodAccessorImpl.invoke0(Native Method)
[junit] 	at java.base/jdk.internal.reflect.NativeMethodAccessorImpl.invoke(NativeMethodAccessorImpl.java:77)
[junit] 	at java.base/jdk.internal.reflect.DelegatingMethodAccessorImpl.invoke(DelegatingMethodAccessorImpl.java:43)
[junit] 	at java.base/java.util.concurrent.FutureTask.run(FutureTask.java:264)
[junit] 	at java.base/java.lang.Thread.run(Thread.java:840)
[junit] Caused by: java.lang.AssertionError: expected:<5> but was:<4>
"
735,mutants/mp/334/107/00000002/CharRange.java,e2e06ac1ca748990d2c43ac00472d4cb,mutants/mp/334/107/00000002/CharRange.class,0,334,101,1,1,DECLARED_YES,1189,0,2026-02-03 09:10:30,0,34,
736,mutants/mp/333/105/00000001/ByteVector.java,305cc7bc5ae07a193bdbe591cb55f774,mutants/mp/333/105/00000001/ByteVector.class,0,333,100,1,1,ASSUMED_YES,1190,0,2026-02-03 09:10:31,0,45,
737,mutants/mp/336/5/00000003/CharRange.java,1c6e9328d2d515739e732c354c4a6318,mutants/mp/336/5/00000003/CharRange.class,1,336,101,1,,ASSUMED_NO,1202,0,2026-02-03 09:10:34,1,"153,155,158,160",
738,mutants/mp/331/5/00000004/ByteVector.java,7a508a2a0bae3cb7a5c31ecd734fe41f,mutants/mp/331/5/00000004/ByteVector.class,0,331,100,1,1,PROVEN_NO,1198,0,2026-02-03 09:10:37,4,"185,186,191,193,208,209,210","[junit] Testcase: test took 0.008 sec
[junit] expected:<65> but was:<64>
[junit] junit.framework.AssertionFailedError: expected:<65> but was:<64>
[junit] 	at TestByteVector.test(TestByteVector.java:13)
[junit] 	at java.base/jdk.internal.reflect.NativeMethodAccessorImpl.invoke0(Native Method)
[junit] 	at java.base/jdk.internal.reflect.NativeMethodAccessorImpl.invoke(NativeMethodAccessorImpl.java:77)
[junit] 	at java.base/jdk.internal.reflect.DelegatingMethodAccessorImpl.invoke(DelegatingMethodAccessorImpl.java:43)
[junit] 	at java.base/java.util.concurrent.FutureTask.run(FutureTask.java:264)
[junit] 	at java.base/java.lang.Thread.run(Thread.java:840)
"
739,mutants/mp/334/107/00000003/CharRange.java,03802e582c4a3d4edd8cd4b36f076fe5,mutants/mp/334/107/00000003/CharRange.class,0,334,101,1,1,ASSUMED_NO,1189,0,2026-02-03 09:10:40,1,36,"[junit] Testcase: test took 0.009 sec
[junit] expected:<97> but was:<101>
[junit] junit.framework.AssertionFailedError: expected:<97> but was:<101>
[junit] 	at TestCharRange.test(TestCharRange.java:11)
[junit] 	at java.base/jdk.internal.reflect.NativeMethodAccessorImpl.invoke0(Native Method)
[junit] 	at java.base/jdk.internal.reflect.NativeMethodAccessorImpl.invoke(NativeMethodAccessorImpl.java:77)
[junit] 	at java.base/jdk.internal.reflect.DelegatingMethodAccessorImpl.invoke(DelegatingMethodAccessorImpl.java:43)
[junit] 	at java.base/java.util.concurrent.FutureTask.run(FutureTask.java:264)
[junit] 	at java.base/java.lang.Thread.run(Thread.java:840)
"
740,mutants/mp/329/111/00000003/CharRange.java,1fc49892c04525b6b7754104153789ab,mutants/mp/329/111/00000003/CharRange.class,1,329,101,1,,ASSUMED_NO,1195,0,2026-02-03 09:10:42,1,208,
741,mutants/mp/333/105/00000002/ByteVector.java,27a85a38193cee73624755283b96f984,mutants/mp/333/105/00000002/ByteVector.class,1,333,100,1,,ASSUMED_NO,1190,0,2026-02-03 09:10:45,7,63,
742,mutants/mp/328/109/00000004/CharRange.java,6974c1ed27b840227a7aab3d880a1b6d,mutants/mp/328/109/00000004/CharRange.class,0,328,101,1,1,ASSUMED_NO,1196,0,2026-02-03 09:10:47,1,54,"[junit] Testcase: test took 0.008 sec
[junit] expected:<65> but was:<97>
[junit] junit.framework.AssertionFailedError: expected:<65> but was:<97>
[junit] 	at TestCharRange.test(TestCharRange.java:12)
[junit] 	at java.base/jdk.internal.reflect.NativeMethodAccessorImpl.invoke0(Native Method)
[junit] 	at java.base/jdk.internal.reflect.NativeMethodAccessorImpl.invoke(NativeMethodAccessorImpl.java:77)
[junit] 	at java.base/jdk.internal.reflect.DelegatingMethodAccessorImpl.invoke(DelegatingMethodAccessorImpl.java:43)
[junit] 	at java.base/java.util.concurrent.FutureTask.run(FutureTask.java:264)
[junit] 	at java.base/java.lang.Thread.run(Thread.java:840)
"
743,mutants/mp/334/107/00000004/CharRange.java,3d9251456c9278849c45fccb643d8333,mutants/mp/334/107/00000004/CharRange.class,0,334,101,1,1,ASSUMED_NO,1189,0,2026-02-03 09:10:49,1,35,"[junit] Testcase: test took 0.008 sec
[junit] expected:<101> but was:<97>
[junit] junit.framework.AssertionFailedError: expected:<101> but was:<97>
[junit] 	at TestCharRange.test(TestCharRange.java:12)
[junit] 	at java.base/jdk.internal.reflect.NativeMethodAccessorImpl.invoke0(Native Method)
[junit] 	at java.base/jdk.internal.reflect.NativeMethodAccessorImpl.invoke(NativeMethodAccessorImpl.java:77)
[junit] 	at java.base/jdk.internal.reflect.DelegatingMethodAccessorImpl.invoke(DelegatingMethodAccessorImpl.java:43)
[junit] 	at java.base/java.util.concurrent.FutureTask.run(FutureTask.java:264)
[junit] 	at java.base/java.lang.Thread.run(Thread.java:840)
"
744,mutants/mp/333/105/00000003/ByteVector.java,55c329ac2f506d3bbc7e7e9ce6912487,mutants/mp/333/105/00000003/ByteVector.class,0,333,100,1,1,ASSUMED_YES,1190,0,2026-02-03 09:10:55,0,45,
745,mutants/mp/328/109/00000005/CharRange.java,cd75cecc84be2728d4fd94061ce3f724,mutants/mp/328/109/00000005/CharRange.class,0,328,101,1,1,ASSUMED_NO,1196,0,2026-02-03 09:10:59,1,66,"[junit] Testcase: test took 0.011 sec
[junit] null
[junit] junit.framework.AssertionFailedError
[junit] 	at TestCharRange.test(TestCharRange.java:11)
[junit] 	at java.base/jdk.internal.reflect.NativeMethodAccessorImpl.invoke0(Native Method)
[junit] 	at java.base/jdk.internal.reflect.NativeMethodAccessorImpl.invoke(NativeMethodAccessorImpl.java:77)
[junit] 	at java.base/jdk.internal.reflect.DelegatingMethodAccessorImpl.invoke(DelegatingMethodAccessorImpl.java:43)
[junit] 	at java.base/java.util.concurrent.FutureTask.run(FutureTask.java:264)
[junit] 	at java.base/java.lang.Thread.run(Thread.java:840)
"
746,mutants/mp/332/103/00000003/ByteVector.java,f5d681fd5c70797ea1e5798ff125ee24,mutants/mp/332/103/00000003/ByteVector.class,0,332,100,1,1,ASSUMED_NO,1192,0,2026-02-03 09:10:59,1,244,"[junit] Testcase: test took 0.008 sec
[junit] expected:<3> but was:<-3>
[junit] junit.framework.AssertionFailedError: expected:<3> but was:<-3>
[junit] 	at TestByteVector.test(TestByteVector.java:13)
[junit] 	at java.base/jdk.internal.reflect.NativeMethodAccessorImpl.invoke0(Native Method)
[junit] 	at java.base/jdk.internal.reflect.NativeMethodAccessorImpl.invoke(NativeMethodAccessorImpl.java:77)
[junit] 	at java.base/jdk.internal.reflect.DelegatingMethodAccessorImpl.invoke(DelegatingMethodAccessorImpl.java:43)
[junit] 	at java.base/java.util.concurrent.FutureTask.run(FutureTask.java:264)
[junit] 	at java.base/java.lang.Thread.run(Thread.java:840)
"
747,mutants/mp/334/107/00000005/CharRange.java,64c23e4a94d31770f0e01ee97e048692,mutants/mp/334/107/00000005/CharRange.class,0,334,101,1,1,ASSUMED_NO,1189,0,2026-02-03 09:11:00,6,34,"[junit] Testcase: test took 0.012 sec
[junit] null
[junit] junit.framework.AssertionFailedError
[junit] 	at TestCharRange.test(TestCharRange.java:11)
[junit] 	at java.base/jdk.internal.reflect.NativeMethodAccessorImpl.invoke0(Native Method)
[junit] 	at java.base/jdk.internal.reflect.NativeMethodAccessorImpl.invoke(NativeMethodAccessorImpl.java:77)
[junit] 	at java.base/jdk.internal.reflect.DelegatingMethodAccessorImpl.invoke(DelegatingMethodAccessorImpl.java:43)
[junit] 	at java.base/java.util.concurrent.FutureTask.run(FutureTask.java:264)
[junit] 	at java.base/java.lang.Thread.run(Thread.java:840)
"
748,mutants/mp/336/5/00000004/CharRange.java,500f6d76a1865456464e9bcd9e26bbf7,mutants/mp/336/5/00000004/CharRange.class,1,336,101,1,,ASSUMED_NO,1202,0,2026-02-03 09:11:05,1,"153,155,160",
749,mutants/mp/331/5/00000005/ByteVector.java,7be87b1df1d9aacf8fd51c5b54f79f3a,mutants/mp/331/5/00000005/ByteVector.class,0,331,100,1,1,PROVEN_NO,1198,0,2026-02-03 09:11:08,4,"185,186,191,193,208,209,210","[junit] Testcase: test took 0.008 sec
[junit] expected:<65> but was:<97>
[junit] junit.framework.AssertionFailedError: expected:<65> but was:<97>
[junit] 	at TestByteVector.test(TestByteVector.java:13)
[junit] 	at java.base/jdk.internal.reflect.NativeMethodAccessorImpl.invoke0(Native Method)
[junit] 	at java.base/jdk.internal.reflect.NativeMethodAccessorImpl.invoke(NativeMethodAccessorImpl.java:77)
[junit] 	at java.base/jdk.internal.reflect.DelegatingMethodAccessorImpl.invoke(DelegatingMethodAccessorImpl.java:43)
[junit] 	at java.base/java.util.concurrent.FutureTask.run(FutureTask.java:264)
[junit] 	at java.base/java.lang.Thread.run(Thread.java:840)
"
750,mutants/mp/335/113/00000004/ByteVector.java,83f4198a149a8c318c29fa0f9d9b7684,mutants/mp/335/113/00000004/ByteVector.class,0,335,100,1,1,ASSUMED_NO,1197,0,2026-02-03 09:11:08,3,64,"[junit] Testcase: test took 0.008 sec
[junit] expected:<2> but was:<3>
[junit] junit.framework.AssertionFailedError: expected:<2> but was:<3>
[junit] 	at TestByteVector.test(TestByteVector.java:13)
[junit] 	at java.base/jdk.internal.reflect.NativeMethodAccessorImpl.invoke0(Native Method)
[junit] 	at java.base/jdk.internal.reflect.NativeMethodAccessorImpl.invoke(NativeMethodAccessorImpl.java:77)
[junit] 	at java.base/jdk.internal.reflect.DelegatingMethodAccessorImpl.invoke(DelegatingMethodAccessorImpl.java:43)
[junit] 	at java.base/java.util.concurrent.FutureTask.run(FutureTask.java:264)
[junit] 	at java.base/java.lang.Thread.run(Thread.java:840)
"
751,mutants/mp/329/111/00000004/CharRange.java,34712018dab36da529396d6f261d33c3,mutants/mp/329/111/00000004/CharRange.class,0,329,101,1,1,ASSUMED_NO,1195,0,2026-02-03 09:11:09,1,151,"[junit] Testcase: test took 0.015 sec
[junit] null
[junit] junit.framework.AssertionFailedError
[junit] 	at TestCharRange.test(TestCharRange.java:13)
[junit] 	at java.base/jdk.internal.reflect.NativeMethodAccessorImpl.invoke0(Native Method)
[junit] 	at java.base/jdk.internal.reflect.NativeMethodAccessorImpl.invoke(NativeMethodAccessorImpl.java:77)
[junit] 	at java.base/jdk.internal.reflect.DelegatingMethodAccessorImpl.invoke(DelegatingMethodAccessorImpl.java:43)
[junit] 	at java.base/java.util.concurrent.FutureTask.run(FutureTask.java:264)
[junit] 	at java.base/java.lang.Thread.run(Thread.java:840)
"
752,mutants/mp/330/5/00000004/ByteVector.java,2784db9324117516a0a9ee1fa1fe7f0f,mutants/mp/330/5/00000004/ByteVector.class,0,330,100,1,1,ASSUMED_NO,1203,0,2026-02-03 09:11:09,1,"185,186,191,193,208,209,210","[junit] Testcase: test took 0.015 sec
[junit] arrays first differed at element [2]; expected:<72> but was:<73>
[junit] junit.framework.AssertionFailedError: arrays first differed at element [2]; expected:<72> but was:<73>
[junit] 	at TestByteVector.test(TestByteVector.java:13)
[junit] 	at java.base/jdk.internal.reflect.NativeMethodAccessorImpl.invoke0(Native Method)
[junit] 	at java.base/jdk.internal.reflect.NativeMethodAccessorImpl.invoke(NativeMethodAccessorImpl.java:77)
[junit] 	at java.base/jdk.internal.reflect.DelegatingMethodAccessorImpl.invoke(DelegatingMethodAccessorImpl.java:43)
[junit] 	at java.base/java.util.concurrent.FutureTask.run(FutureTask.java:264)
[junit] 	at java.base/java.lang.Thread.run(Thread.java:840)
[junit] Caused by: java.lang.AssertionError: expected:<72> but was:<73>
"
753,mutants/mp/332/103/00000004/ByteVector.java,e3438640846adcd45fd4dee2f46af187,mutants/mp/332/103/00000004/ByteVector.class,0,332,100,1,1,ASSUMED_NO,1192,0,2026-02-03 09:11:13,0,258,"Buildfile: /srv/codedefenders-class-2026/build.xml

test-mutant:
[junit] Running TestByteVector
[junit] Testsuite: TestByteVector
[junit] Tests run: 1, Failures: 0, Errors: 1, Skipped: 0, Time elapsed: 0.021 sec
[junit] Tests run: 1, Failures: 0, Errors: 1, Skipped: 0, Time elapsed: 0.021 sec
[junit]
[junit] Testcase: test took 0.008 sec
[junit] 	Caused an ERROR
[junit] arraycopy: last source index 2 out of bounds for byte[1]
[junit] java.lang.ArrayIndexOutOfBoundsException: arraycopy: last source index 2 out of bounds for byte[1]
[junit] 	at java.base/java.lang.System.arraycopy(Native Method)
[junit] 	at ByteVector.enlarge(ByteVector.java:258)
[junit] 	at ByteVector.putByte(ByteVector.java:46)
[junit] 	at TestByteVector.test(TestByteVector.java:11)
[junit] 	at java.base/jdk.internal.reflect.NativeMethodAccessorImpl.invoke0(Native Method)
[junit] 	at java.base/jdk.internal.reflect.NativeMethodAccessorImpl.invoke(NativeMethodAccessorImpl.java:77)
[junit] 	at java.base/jdk.internal.reflect.DelegatingMethodAccessorImpl.invoke(DelegatingMethodAccessorImpl.java:43)
[junit] 	at java.base/java.util.concurrent.FutureTask.run(FutureTask.java:264)
[junit] 	at java.base/java.lang.Thread.run(Thread.java:840)
[junit]
[junit] Test TestByteVector FAILED

BUILD SUCCESSFUL
Total time: 0 seconds
  "
754,mutants/mp/333/105/00000004/ByteVector.java,551927045c2330f75db33461c7d6ed33,mutants/mp/333/105/00000004/ByteVector.class,0,333,100,1,1,ASSUMED_NO,1190,0,2026-02-03 09:11:13,2,63,"Buildfile: /srv/codedefenders-class-2026/build.xml

test-mutant:
[junit] Running TestByteVector
[junit] Testsuite: TestByteVector
[junit] Tests run: 1, Failures: 0, Errors: 1, Skipped: 0, Time elapsed: 0.023 sec
[junit] Tests run: 1, Failures: 0, Errors: 1, Skipped: 0, Time elapsed: 0.023 sec
[junit]
[junit] Testcase: test took 0.009 sec
[junit] 	Caused an ERROR
[junit] Index 1 out of bounds for length 1
[junit] java.lang.ArrayIndexOutOfBoundsException: Index 1 out of bounds for length 1
[junit] 	at ByteVector.put11(ByteVector.java:68)
[junit] 	at TestByteVector.test(TestByteVector.java:11)
[junit] 	at java.base/jdk.internal.reflect.NativeMethodAccessorImpl.invoke0(Native Method)
[junit] 	at java.base/jdk.internal.reflect.NativeMethodAccessorImpl.invoke(NativeMethodAccessorImpl.java:77)
[junit] 	at java.base/jdk.internal.reflect.DelegatingMethodAccessorImpl.invoke(DelegatingMethodAccessorImpl.java:43)
[junit] 	at java.base/java.util.concurrent.FutureTask.run(FutureTask.java:264)
[junit] 	at java.base/java.lang.Thread.run(Thread.java:840)
[junit]
[junit] Test TestByteVector FAILED

BUILD SUCCESSFUL
Total time: 0 seconds
  "
755,mutants/mp/328/109/00000006/CharRange.java,3a386d9c749cae67837cd91c83592ce5,mutants/mp/328/109/00000006/CharRange.class,0,328,101,1,1,PROVEN_NO,1196,0,2026-02-03 09:11:13,2,66,
756,mutants/mp/334/107/00000006/CharRange.java,13c8cc2b1bb3abf1ccf62bd4c453e807,mutants/mp/334/107/00000006/CharRange.class,0,334,101,1,1,ASSUMED_NO,1189,0,2026-02-03 09:11:20,0,54,"[junit] Testcase: test took 0.008 sec
[junit] null
[junit] junit.framework.AssertionFailedError
[junit] 	at TestCharRange.test(TestCharRange.java:11)
[junit] 	at java.base/jdk.internal.reflect.NativeMethodAccessorImpl.invoke0(Native Method)
[junit] 	at java.base/jdk.internal.reflect.NativeMethodAccessorImpl.invoke(NativeMethodAccessorImpl.java:77)
[junit] 	at java.base/jdk.internal.reflect.DelegatingMethodAccessorImpl.invoke(DelegatingMethodAccessorImpl.java:43)
[junit] 	at java.base/java.util.concurrent.FutureTask.run(FutureTask.java:264)
[junit] 	at java.base/java.lang.Thread.run(Thread.java:840)
"
757,mutants/mp/333/105/00000005/ByteVector.java,bbd3855eeaa90012fb3a79fc6052048e,mutants/mp/333/105/00000005/ByteVector.class,1,333,100,1,,ASSUMED_NO,1190,0,2026-02-03 09:11:22,5,82,
758,mutants/mp/329/111/00000005/CharRange.java,e2e06ac1ca748990d2c43ac00472d4cb,mutants/mp/329/111/00000005/CharRange.class,1,329,101,1,,ASSUMED_NO,1195,0,2026-02-03 09:11:23,10,34,
759,mutants/mp/332/103/00000005/ByteVector.java,667c5ae804929398332a2ce68164ae33,mutants/mp/332/103/00000005/ByteVector.class,0,332,100,1,1,ASSUMED_NO,1192,0,2026-02-03 09:11:24,0,23,"[junit] Testcase: test took 0.009 sec
[junit] expected:<64> but was:<63>
[junit] junit.framework.AssertionFailedError: expected:<64> but was:<63>
[junit] 	at TestByteVector.test(TestByteVector.java:12)
[junit] 	at java.base/jdk.internal.reflect.NativeMethodAccessorImpl.invoke0(Native Method)
[junit] 	at java.base/jdk.internal.reflect.NativeMethodAccessorImpl.invoke(NativeMethodAccessorImpl.java:77)
[junit] 	at java.base/jdk.internal.reflect.DelegatingMethodAccessorImpl.invoke(DelegatingMethodAccessorImpl.java:43)
[junit] 	at java.base/java.util.concurrent.FutureTask.run(FutureTask.java:264)
[junit] 	at java.base/java.lang.Thread.run(Thread.java:840)
"
760,mutants/mp/328/109/00000007/CharRange.java,2add5e7c65a1b19a45c14528e76d75ad,mutants/mp/328/109/00000007/CharRange.class,0,328,101,1,1,ASSUMED_NO,1196,0,2026-02-03 09:11:25,1,54,"Buildfile: /srv/codedefenders-class-2026/build.xml

test-mutant:
[junit] Running TestCharRange
[junit] Testsuite: TestCharRange
[junit] Tests run: 1, Failures: 0, Errors: 1, Skipped: 0, Time elapsed: 0.019 sec
[junit] Tests run: 1, Failures: 0, Errors: 1, Skipped: 0, Time elapsed: 0.019 sec
[junit]
[junit] Testcase: test took 0.007 sec
[junit] 	Caused an ERROR
[junit] Cannot invoke ""CharRange.getStart()"" because ""cr"" is null
[junit] java.lang.NullPointerException: Cannot invoke ""CharRange.getStart()"" because ""cr"" is null
[junit] 	at TestCharRange.test(TestCharRange.java:12)
[junit] 	at java.base/jdk.internal.reflect.NativeMethodAccessorImpl.invoke0(Native Method)
[junit] 	at java.base/jdk.internal.reflect.NativeMethodAccessorImpl.invoke(NativeMethodAccessorImpl.java:77)
[junit] 	at java.base/jdk.internal.reflect.DelegatingMethodAccessorImpl.invoke(DelegatingMethodAccessorImpl.java:43)
[junit] 	at java.base/java.util.concurrent.FutureTask.run(FutureTask.java:264)
[junit] 	at java.base/java.lang.Thread.run(Thread.java:840)
[junit]
[junit] Test TestCharRange FAILED

BUILD SUCCESSFUL
Total time: 1 second
  "
761,mutants/mp/335/113/00000005/ByteVector.java,f38d9ca39171395d8d23b4b74a8cef7b,mutants/mp/335/113/00000005/ByteVector.class,0,335,100,1,1,ASSUMED_NO,1197,0,2026-02-03 09:11:26,3,147,"[junit] Testcase: test took 0.007 sec
[junit] expected:<0> but was:<3>
[junit] junit.framework.AssertionFailedError: expected:<0> but was:<3>
[junit] 	at TestByteVector.test(TestByteVector.java:12)
[junit] 	at java.base/jdk.internal.reflect.NativeMethodAccessorImpl.invoke0(Native Method)
[junit] 	at java.base/jdk.internal.reflect.NativeMethodAccessorImpl.invoke(NativeMethodAccessorImpl.java:77)
[junit] 	at java.base/jdk.internal.reflect.DelegatingMethodAccessorImpl.invoke(DelegatingMethodAccessorImpl.java:43)
[junit] 	at java.base/java.util.concurrent.FutureTask.run(FutureTask.java:264)
[junit] 	at java.base/java.lang.Thread.run(Thread.java:840)
"
762,mutants/mp/333/105/00000006/ByteVector.java,d0e53c8371aaee928529a32b452f17e4,mutants/mp/333/105/00000006/ByteVector.class,1,333,100,1,,ASSUMED_NO,1190,0,2026-02-03 09:11:31,4,122,
763,mutants/mp/336/5/00000005/CharRange.java,946dd990018c7e071ed35d8ec1a6b0ff,mutants/mp/336/5/00000005/CharRange.class,1,336,101,1,,ASSUMED_NO,1202,0,2026-02-03 09:11:34,1,"153,155,158,160",
764,mutants/mp/328/109/00000008/CharRange.java,3a3c73328bcc29a455eb146e8e0d5677,mutants/mp/328/109/00000008/CharRange.class,0,328,101,1,1,ASSUMED_NO,1196,0,2026-02-03 09:11:36,1,66,"Buildfile: /srv/codedefenders-class-2026/build.xml

test-mutant:
[junit] Running TestCharRange
[junit] Testsuite: TestCharRange
[junit] Tests run: 1, Failures: 0, Errors: 1, Skipped: 0, Time elapsed: 0.025 sec
[junit] Tests run: 1, Failures: 0, Errors: 1, Skipped: 0, Time elapsed: 0.025 sec
[junit]
[junit] Testcase: test took 0.01 sec
[junit] 	Caused an ERROR
[junit] Cannot invoke ""CharRange.isNegated()"" because ""cr"" is null
[junit] java.lang.NullPointerException: Cannot invoke ""CharRange.isNegated()"" because ""cr"" is null
[junit] 	at TestCharRange.test(TestCharRange.java:11)
[junit] 	at java.base/jdk.internal.reflect.NativeMethodAccessorImpl.invoke0(Native Method)
[junit] 	at java.base/jdk.internal.reflect.NativeMethodAccessorImpl.invoke(NativeMethodAccessorImpl.java:77)
[junit] 	at java.base/jdk.internal.reflect.DelegatingMethodAccessorImpl.invoke(DelegatingMethodAccessorImpl.java:43)
[junit] 	at java.base/java.util.concurrent.FutureTask.run(FutureTask.java:264)
[junit] 	at java.base/java.lang.Thread.run(Thread.java:840)
[junit]
[junit] Test TestCharRange FAILED

BUILD SUCCESSFUL
Total time: 1 second
  "
765,mutants/mp/330/5/00000005/ByteVector.java,c405dae86942e306d2a687c509fac989,mutants/mp/330/5/00000005/ByteVector.class,0,330,100,1,1,ASSUMED_NO,1203,0,2026-02-03 09:11:38,1,"182,185,186,191,193,200,208,209,210","[junit] Testcase: test took 0.014 sec
[junit] arrays first differed at element [1]; expected:<5> but was:<6>
[junit] junit.framework.AssertionFailedError: arrays first differed at element [1]; expected:<5> but was:<6>
[junit] 	at TestByteVector.test(TestByteVector.java:13)
[junit] 	at java.base/jdk.internal.reflect.NativeMethodAccessorImpl.invoke0(Native Method)
[junit] 	at java.base/jdk.internal.reflect.NativeMethodAccessorImpl.invoke(NativeMethodAccessorImpl.java:77)
[junit] 	at java.base/jdk.internal.reflect.DelegatingMethodAccessorImpl.invoke(DelegatingMethodAccessorImpl.java:43)
[junit] 	at java.base/java.util.concurrent.FutureTask.run(FutureTask.java:264)
[junit] 	at java.base/java.lang.Thread.run(Thread.java:840)
[junit] Caused by: java.lang.AssertionError: expected:<5> but was:<6>
"
766,mutants/mp/334/107/00000007/CharRange.java,bf95289ee219a4d223ca009527ee2af8,mutants/mp/334/107/00000007/CharRange.class,0,334,101,1,1,ASSUMED_NO,1189,0,2026-02-03 09:11:38,1,92,"[junit] Testcase: test took 0.011 sec
[junit] null
[junit] junit.framework.AssertionFailedError
[junit] 	at TestCharRange.test(TestCharRange.java:12)
[junit] 	at java.base/jdk.internal.reflect.NativeMethodAccessorImpl.invoke0(Native Method)
[junit] 	at java.base/jdk.internal.reflect.NativeMethodAccessorImpl.invoke(NativeMethodAccessorImpl.java:77)
[junit] 	at java.base/jdk.internal.reflect.DelegatingMethodAccessorImpl.invoke(DelegatingMethodAccessorImpl.java:43)
[junit] 	at java.base/java.util.concurrent.FutureTask.run(FutureTask.java:264)
[junit] 	at java.base/java.lang.Thread.run(Thread.java:840)
"
767,mutants/mp/333/105/00000007/ByteVector.java,908746f0518fadf5b3bef8c4b3faf795,mutants/mp/333/105/00000007/ByteVector.class,0,333,100,1,1,ASSUMED_NO,1190,0,2026-02-03 09:11:40,3,102,"[junit] Testcase: test took 0.009 sec
[junit] array lengths differed, expected.length=3 actual.length=6; arrays first differed at element [3]; expected:<end of array> but was:<0>
[junit] junit.framework.AssertionFailedError: array lengths differed, expected.length=3 actual.length=6; arrays first differed at element [3]; expected:<end of array> but was:<0>
[junit] 	at TestByteVector.test(TestByteVector.java:13)
[junit] 	at java.base/jdk.internal.reflect.NativeMethodAccessorImpl.invoke0(Native Method)
[junit] 	at java.base/jdk.internal.reflect.NativeMethodAccessorImpl.invoke(NativeMethodAccessorImpl.java:77)
[junit] 	at java.base/jdk.internal.reflect.DelegatingMethodAccessorImpl.invoke(DelegatingMethodAccessorImpl.java:43)
[junit] 	at java.base/java.util.concurrent.FutureTask.run(FutureTask.java:264)
[junit] 	at java.base/java.lang.Thread.run(Thread.java:840)
[junit] Caused by: java.lang.AssertionError: expected:<end of array> but was:<0>
"
768,mutants/mp/335/113/00000006/ByteVector.java,2dac1a64f2f6e078629357e1638c42a3,mutants/mp/335/113/00000006/ByteVector.class,0,335,100,1,1,ASSUMED_NO,1197,0,2026-02-03 09:11:51,6,255,"[junit] Testcase: test took 0.009 sec
[junit] expected:<2> but was:<4>
[junit] junit.framework.AssertionFailedError: expected:<2> but was:<4>
[junit] 	at TestByteVector.test(TestByteVector.java:13)
[junit] 	at java.base/jdk.internal.reflect.NativeMethodAccessorImpl.invoke0(Native Method)
[junit] 	at java.base/jdk.internal.reflect.NativeMethodAccessorImpl.invoke(NativeMethodAccessorImpl.java:77)
[junit] 	at java.base/jdk.internal.reflect.DelegatingMethodAccessorImpl.invoke(DelegatingMethodAccessorImpl.java:43)
[junit] 	at java.base/java.util.concurrent.FutureTask.run(FutureTask.java:264)
[junit] 	at java.base/java.lang.Thread.run(Thread.java:840)
"
769,mutants/mp/328/109/00000009/CharRange.java,a64ad70a6da71d510494bf4e948703a1,mutants/mp/328/109/00000009/CharRange.class,0,328,101,1,1,ASSUMED_NO,1196,0,2026-02-03 09:11:52,2,79,"[junit] Testcase: test took 0.009 sec
[junit] null
[junit] junit.framework.AssertionFailedError
[junit] 	at TestCharRange.test(TestCharRange.java:11)
[junit] 	at java.base/jdk.internal.reflect.NativeMethodAccessorImpl.invoke0(Native Method)
[junit] 	at java.base/jdk.internal.reflect.NativeMethodAccessorImpl.invoke(NativeMethodAccessorImpl.java:77)
[junit] 	at java.base/jdk.internal.reflect.DelegatingMethodAccessorImpl.invoke(DelegatingMethodAccessorImpl.java:43)
[junit] 	at java.base/java.util.concurrent.FutureTask.run(FutureTask.java:264)
[junit] 	at java.base/java.lang.Thread.run(Thread.java:840)
"
770,mutants/mp/331/5/00000006/ByteVector.java,2784db9324117516a0a9ee1fa1fe7f0f,mutants/mp/331/5/00000006/ByteVector.class,0,331,100,1,1,PROVEN_NO,1198,0,2026-02-03 09:11:54,4,"185,186,191,193,208,209,210","[junit] Testcase: test took 0.008 sec
[junit] expected:<65> but was:<66>
[junit] junit.framework.AssertionFailedError: expected:<65> but was:<66>
[junit] 	at TestByteVector.test(TestByteVector.java:13)
[junit] 	at java.base/jdk.internal.reflect.NativeMethodAccessorImpl.invoke0(Native Method)
[junit] 	at java.base/jdk.internal.reflect.NativeMethodAccessorImpl.invoke(NativeMethodAccessorImpl.java:77)
[junit] 	at java.base/jdk.internal.reflect.DelegatingMethodAccessorImpl.invoke(DelegatingMethodAccessorImpl.java:43)
[junit] 	at java.base/java.util.concurrent.FutureTask.run(FutureTask.java:264)
[junit] 	at java.base/java.lang.Thread.run(Thread.java:840)
"
771,mutants/mp/333/105/00000008/ByteVector.java,68f41847193fa70a5c3330150f9020a8,mutants/mp/333/105/00000008/ByteVector.class,1,333,100,1,,ASSUMED_NO,1190,0,2026-02-03 09:11:57,6,143,
772,mutants/mp/334/107/00000008/CharRange.java,5daeb0997b4c62486f3e5e1748b7fd57,mutants/mp/334/107/00000008/CharRange.class,0,334,101,1,1,ASSUMED_NO,1189,0,2026-02-03 09:11:59,1,151,"[junit] Testcase: test took 0.012 sec
[junit] null
[junit] junit.framework.AssertionFailedError
[junit] 	at TestCharRange.test(TestCharRange.java:12)
[junit] 	at java.base/jdk.internal.reflect.NativeMethodAccessorImpl.invoke0(Native Method)
[junit] 	at java.base/jdk.internal.reflect.NativeMethodAccessorImpl.invoke(NativeMethodAccessorImpl.java:77)
[junit] 	at java.base/jdk.internal.reflect.DelegatingMethodAccessorImpl.invoke(DelegatingMethodAccessorImpl.java:43)
[junit] 	at java.base/java.util.concurrent.FutureTask.run(FutureTask.java:264)
[junit] 	at java.base/java.lang.Thread.run(Thread.java:840)
"
773,mutants/mp/334/107/00000009/CharRange.java,5dfc7c25ef631032d88aeaa3ae822ce2,mutants/mp/334/107/00000009/CharRange.class,0,334,101,1,1,ASSUMED_NO,1189,0,2026-02-03 09:12:06,1,148,"Buildfile: /srv/codedefenders-class-2026/build.xml

test-mutant:
[junit] Running TestCharRange
[junit] Testsuite: TestCharRange
[junit] Tests run: 1, Failures: 0, Errors: 1, Skipped: 0, Time elapsed: 0.031 sec
[junit] Tests run: 1, Failures: 0, Errors: 1, Skipped: 0, Time elapsed: 0.031 sec
[junit]
[junit] Testcase: test took 0.012 sec
[junit] 	Caused an ERROR
[junit] Cannot read field ""negated"" because ""range"" is null
[junit] java.lang.NullPointerException: Cannot read field ""negated"" because ""range"" is null
[junit] 	at CharRange.contains(CharRange.java:157)
[junit] 	at TestCharRange.test(TestCharRange.java:12)
[junit] 	at java.base/jdk.internal.reflect.NativeMethodAccessorImpl.invoke0(Native Method)
[junit] 	at java.base/jdk.internal.reflect.NativeMethodAccessorImpl.invoke(NativeMethodAccessorImpl.java:77)
[junit] 	at java.base/jdk.internal.reflect.DelegatingMethodAccessorImpl.invoke(DelegatingMethodAccessorImpl.java:43)
[junit] 	at java.base/java.util.concurrent.FutureTask.run(FutureTask.java:264)
[junit] 	at java.base/java.lang.Thread.run(Thread.java:840)
[junit]
[junit] Test TestCharRange FAILED

BUILD SUCCESSFUL
Total time: 1 second
  "
774,mutants/mp/330/5/00000006/ByteVector.java,d892872a840f2ee997ad2b664d9a62f9,mutants/mp/330/5/00000006/ByteVector.class,0,330,100,1,1,ASSUMED_NO,1203,0,2026-02-03 09:12:07,6,"185,191,193,208,210","[junit] Testcase: test took 0.015 sec
[junit] expected:<4> but was:<5>
[junit] junit.framework.AssertionFailedError: expected:<4> but was:<5>
[junit] 	at TestByteVector.test(TestByteVector.java:12)
[junit] 	at java.base/jdk.internal.reflect.NativeMethodAccessorImpl.invoke0(Native Method)
[junit] 	at java.base/jdk.internal.reflect.NativeMethodAccessorImpl.invoke(NativeMethodAccessorImpl.java:77)
[junit] 	at java.base/jdk.internal.reflect.DelegatingMethodAccessorImpl.invoke(DelegatingMethodAccessorImpl.java:43)
[junit] 	at java.base/java.util.concurrent.FutureTask.run(FutureTask.java:264)
[junit] 	at java.base/java.lang.Thread.run(Thread.java:840)
"
775,mutants/mp/329/111/00000006/CharRange.java,c7fb1a836d15910daf1abb1a7d349eed,mutants/mp/329/111/00000006/CharRange.class,1,329,101,1,,ASSUMED_NO,1195,0,2026-02-03 09:12:09,10,16,
776,mutants/mp/328/109/00000010/CharRange.java,2fac171e9d03d59c7657cd729c9a3a4d,mutants/mp/328/109/00000010/CharRange.class,0,328,101,1,1,ASSUMED_NO,1196,0,2026-02-03 09:12:12,1,79,"Buildfile: /srv/codedefenders-class-2026/build.xml

test-mutant:
[junit] Running TestCharRange
[junit] Testsuite: TestCharRange
[junit] Tests run: 1, Failures: 0, Errors: 1, Skipped: 0, Time elapsed: 0.02 sec
[junit] Tests run: 1, Failures: 0, Errors: 1, Skipped: 0, Time elapsed: 0.02 sec
[junit]
[junit] Testcase: test took 0.008 sec
[junit] 	Caused an ERROR
[junit] Cannot invoke ""CharRange.getStart()"" because ""cr"" is null
[junit] java.lang.NullPointerException: Cannot invoke ""CharRange.getStart()"" because ""cr"" is null
[junit] 	at TestCharRange.test(TestCharRange.java:11)
[junit] 	at java.base/jdk.internal.reflect.NativeMethodAccessorImpl.invoke0(Native Method)
[junit] 	at java.base/jdk.internal.reflect.NativeMethodAccessorImpl.invoke(NativeMethodAccessorImpl.java:77)
[junit] 	at java.base/jdk.internal.reflect.DelegatingMethodAccessorImpl.invoke(DelegatingMethodAccessorImpl.java:43)
[junit] 	at java.base/java.util.concurrent.FutureTask.run(FutureTask.java:264)
[junit] 	at java.base/java.lang.Thread.run(Thread.java:840)
[junit]
[junit] Test TestCharRange FAILED

BUILD SUCCESSFUL
Total time: 0 seconds
  "
777,mutants/mp/334/107/00000010/CharRange.java,6b09c37f4a4fa4a8f6dda767f58cb2c0,mutants/mp/334/107/00000010/CharRange.class,0,334,101,1,1,ASSUMED_NO,1189,0,2026-02-03 09:12:14,3,151,"[junit] Testcase: test took 0.009 sec
[junit] null
[junit] junit.framework.AssertionFailedError
[junit] 	at TestCharRange.test(TestCharRange.java:13)
[junit] 	at java.base/jdk.internal.reflect.NativeMethodAccessorImpl.invoke0(Native Method)
[junit] 	at java.base/jdk.internal.reflect.NativeMethodAccessorImpl.invoke(NativeMethodAccessorImpl.java:77)
[junit] 	at java.base/jdk.internal.reflect.DelegatingMethodAccessorImpl.invoke(DelegatingMethodAccessorImpl.java:43)
[junit] 	at java.base/java.util.concurrent.FutureTask.run(FutureTask.java:264)
[junit] 	at java.base/java.lang.Thread.run(Thread.java:840)
"
778,mutants/mp/332/103/00000006/ByteVector.java,d7b52e3f10c42608c0c13c9b3fecb283,mutants/mp/332/103/00000006/ByteVector.class,0,332,100,1,1,ASSUMED_NO,1192,0,2026-02-03 09:12:17,1,"194,196","[junit] Testcase: test took 0.011 sec
[junit] arrays first differed at element [0]; expected:<0> but was:<-1>
[junit] junit.framework.AssertionFailedError: arrays first differed at element [0]; expected:<0> but was:<-1>
[junit] 	at TestByteVector.test(TestByteVector.java:14)
[junit] 	at java.base/jdk.internal.reflect.NativeMethodAccessorImpl.invoke0(Native Method)
[junit] 	at java.base/jdk.internal.reflect.NativeMethodAccessorImpl.invoke(NativeMethodAccessorImpl.java:77)
[junit] 	at java.base/jdk.internal.reflect.DelegatingMethodAccessorImpl.invoke(DelegatingMethodAccessorImpl.java:43)
[junit] 	at java.base/java.util.concurrent.FutureTask.run(FutureTask.java:264)
[junit] 	at java.base/java.lang.Thread.run(Thread.java:840)
[junit] Caused by: java.lang.AssertionError: expected:<0> but was:<-1>
"
779,mutants/mp/328/109/00000011/CharRange.java,d9d5dcc6632788d8e862e3b7112eafa5,,0,328,101,1,,ASSUMED_NO,1196,0,2026-02-03 09:12:19,0,79,
780,mutants/mp/336/5/00000006/CharRange.java,7daebd67562fb0055b45225e52c0fcb7,mutants/mp/336/5/00000006/CharRange.class,1,336,101,1,,ASSUMED_NO,1202,0,2026-02-03 09:12:21,1,"153,155,158,160",
781,mutants/mp/335/113/00000007/ByteVector.java,932d8a84df6a7b11598116976dc26334,mutants/mp/335/113/00000007/ByteVector.class,1,335,100,1,,ASSUMED_NO,1197,0,2026-02-03 09:12:23,5,128,
782,mutants/mp/331/5/00000007/ByteVector.java,368c5f001c8ac48666a896f865a85b93,mutants/mp/331/5/00000007/ByteVector.class,0,331,100,1,1,ASSUMED_NO,1198,0,2026-02-03 09:12:24,1,"185,191,193,208,210,222","[junit] Testcase: test took 0.018 sec
[junit] expected:<7> but was:<8>
[junit] junit.framework.AssertionFailedError: expected:<7> but was:<8>
[junit] 	at TestByteVector.test(TestByteVector.java:13)
[junit] 	at java.base/jdk.internal.reflect.NativeMethodAccessorImpl.invoke0(Native Method)
[junit] 	at java.base/jdk.internal.reflect.NativeMethodAccessorImpl.invoke(NativeMethodAccessorImpl.java:77)
[junit] 	at java.base/jdk.internal.reflect.DelegatingMethodAccessorImpl.invoke(DelegatingMethodAccessorImpl.java:43)
[junit] 	at java.base/java.util.concurrent.FutureTask.run(FutureTask.java:264)
[junit] 	at java.base/java.lang.Thread.run(Thread.java:840)
"
783,mutants/mp/332/103/00000007/ByteVector.java,2bceeddb40fb148c301741d00532226a,mutants/mp/332/103/00000007/ByteVector.class,0,332,100,1,1,DECLARED_YES,1192,0,2026-02-03 09:12:26,0,238,
784,mutants/mp/334/107/00000011/CharRange.java,281d3ab1ad2aeba6587e60ae4fe7ac87,,0,334,101,1,,ASSUMED_NO,1189,0,2026-02-03 09:12:29,0,149,
785,mutants/mp/333/105/00000009/ByteVector.java,2bceeddb40fb148c301741d00532226a,mutants/mp/333/105/00000009/ByteVector.class,1,333,100,1,,ASSUMED_NO,1190,0,2026-02-03 09:12:30,9,238,
786,mutants/mp/335/113/00000008/ByteVector.java,f00bd3df3e7e4455b02f1d42915eda6f,mutants/mp/335/113/00000008/ByteVector.class,0,335,100,1,1,ASSUMED_NO,1197,0,2026-02-03 09:12:39,5,143,"[junit] Testcase: test took 0.008 sec
[junit] expected:<8> but was:<16>
[junit] junit.framework.AssertionFailedError: expected:<8> but was:<16>
[junit] 	at TestByteVector.test(TestByteVector.java:12)
[junit] 	at java.base/jdk.internal.reflect.NativeMethodAccessorImpl.invoke0(Native Method)
[junit] 	at java.base/jdk.internal.reflect.NativeMethodAccessorImpl.invoke(NativeMethodAccessorImpl.java:77)
[junit] 	at java.base/jdk.internal.reflect.DelegatingMethodAccessorImpl.invoke(DelegatingMethodAccessorImpl.java:43)
[junit] 	at java.base/java.util.concurrent.FutureTask.run(FutureTask.java:264)
[junit] 	at java.base/java.lang.Thread.run(Thread.java:840)
"
787,mutants/mp/328/109/00000012/CharRange.java,bf95289ee219a4d223ca009527ee2af8,mutants/mp/328/109/00000012/CharRange.class,0,328,101,1,1,ASSUMED_NO,1196,0,2026-02-03 09:12:41,1,92,"[junit] Testcase: test took 0.016 sec
[junit] null
[junit] junit.framework.AssertionFailedError
[junit] 	at TestCharRange.test(TestCharRange.java:11)
[junit] 	at java.base/jdk.internal.reflect.NativeMethodAccessorImpl.invoke0(Native Method)
[junit] 	at java.base/jdk.internal.reflect.NativeMethodAccessorImpl.invoke(NativeMethodAccessorImpl.java:77)
[junit] 	at java.base/jdk.internal.reflect.DelegatingMethodAccessorImpl.invoke(DelegatingMethodAccessorImpl.java:43)
[junit] 	at java.base/java.util.concurrent.FutureTask.run(FutureTask.java:264)
[junit] 	at java.base/java.lang.Thread.run(Thread.java:840)
"
788,mutants/mp/333/105/00000010/ByteVector.java,fda0957ec2782e581d17d87437e8d458,mutants/mp/333/105/00000010/ByteVector.class,0,333,100,1,1,ASSUMED_NO,1190,0,2026-02-03 09:12:48,1,241,"[junit] Testcase: test took 0.012 sec
[junit] arrays first differed at element [0]; expected:<2> but was:<0>
[junit] junit.framework.AssertionFailedError: arrays first differed at element [0]; expected:<2> but was:<0>
[junit] 	at TestByteVector.test(TestByteVector.java:13)
[junit] 	at java.base/jdk.internal.reflect.NativeMethodAccessorImpl.invoke0(Native Method)
[junit] 	at java.base/jdk.internal.reflect.NativeMethodAccessorImpl.invoke(NativeMethodAccessorImpl.java:77)
[junit] 	at java.base/jdk.internal.reflect.DelegatingMethodAccessorImpl.invoke(DelegatingMethodAccessorImpl.java:43)
[junit] 	at java.base/java.util.concurrent.FutureTask.run(FutureTask.java:264)
[junit] 	at java.base/java.lang.Thread.run(Thread.java:840)
[junit] Caused by: java.lang.AssertionError: expected:<2> but was:<0>
"
789,mutants/mp/328/109/00000013/CharRange.java,b2693e3231f64945d5929c8c8345802a,,0,328,101,1,,ASSUMED_NO,1196,0,2026-02-03 09:12:50,0,92,
790,mutants/mp/332/103/00000008/ByteVector.java,597b726647a8114516d8cfd4fa5d8285,mutants/mp/332/103/00000008/ByteVector.class,0,332,100,1,1,ASSUMED_NO,1192,0,2026-02-03 09:12:51,1,242,"[junit] Testcase: test took 0.01 sec
[junit] arrays first differed at element [0]; expected:<11> but was:<0>
[junit] junit.framework.AssertionFailedError: arrays first differed at element [0]; expected:<11> but was:<0>
[junit] 	at TestByteVector.test(TestByteVector.java:14)
[junit] 	at java.base/jdk.internal.reflect.NativeMethodAccessorImpl.invoke0(Native Method)
[junit] 	at java.base/jdk.internal.reflect.NativeMethodAccessorImpl.invoke(NativeMethodAccessorImpl.java:77)
[junit] 	at java.base/jdk.internal.reflect.DelegatingMethodAccessorImpl.invoke(DelegatingMethodAccessorImpl.java:43)
[junit] 	at java.base/java.util.concurrent.FutureTask.run(FutureTask.java:264)
[junit] 	at java.base/java.lang.Thread.run(Thread.java:840)
[junit] Caused by: java.lang.AssertionError: expected:<11> but was:<0>
"
791,mutants/mp/331/5/00000008/ByteVector.java,99fdc1233159eaedcb7a536b477f645c,mutants/mp/331/5/00000008/ByteVector.class,0,331,100,1,1,ASSUMED_NO,1198,0,2026-02-03 09:12:52,1,"181,182,185,188,191,193,208,210,222","[junit] Testcase: test took 0.015 sec
[junit] expected:<7> but was:<8>
[junit] junit.framework.AssertionFailedError: expected:<7> but was:<8>
[junit] 	at TestByteVector.test(TestByteVector.java:13)
[junit] 	at java.base/jdk.internal.reflect.NativeMethodAccessorImpl.invoke0(Native Method)
[junit] 	at java.base/jdk.internal.reflect.NativeMethodAccessorImpl.invoke(NativeMethodAccessorImpl.java:77)
[junit] 	at java.base/jdk.internal.reflect.DelegatingMethodAccessorImpl.invoke(DelegatingMethodAccessorImpl.java:43)
[junit] 	at java.base/java.util.concurrent.FutureTask.run(FutureTask.java:264)
[junit] 	at java.base/java.lang.Thread.run(Thread.java:840)
"
792,mutants/mp/335/113/00000009/ByteVector.java,dc323efae3c1f7dc3fbd147844f3b3a6,mutants/mp/335/113/00000009/ByteVector.class,0,335,100,1,1,ASSUMED_NO,1197,0,2026-02-03 09:12:54,1,238,"Buildfile: /srv/codedefenders-class-2026/build.xml

test-mutant:
[junit] Running TestByteVector
[junit] Testsuite: TestByteVector
[junit] Tests run: 1, Failures: 0, Errors: 1, Skipped: 0, Time elapsed: 0.019 sec
[junit] Tests run: 1, Failures: 0, Errors: 1, Skipped: 0, Time elapsed: 0.019 sec
[junit]
[junit] Testcase: test took 0.007 sec
[junit] 	Caused an ERROR
[junit] arraycopy: last destination index 2 out of bounds for byte[0]
[junit] java.lang.ArrayIndexOutOfBoundsException: arraycopy: last destination index 2 out of bounds for byte[0]
[junit] 	at java.base/java.lang.System.arraycopy(Native Method)
[junit] 	at ByteVector.putByteArray(ByteVector.java:242)
[junit] 	at TestByteVector.test(TestByteVector.java:11)
[junit] 	at java.base/jdk.internal.reflect.NativeMethodAccessorImpl.invoke0(Native Method)
[junit] 	at java.base/jdk.internal.reflect.NativeMethodAccessorImpl.invoke(NativeMethodAccessorImpl.java:77)
[junit] 	at java.base/jdk.internal.reflect.DelegatingMethodAccessorImpl.invoke(DelegatingMethodAccessorImpl.java:43)
[junit] 	at java.base/java.util.concurrent.FutureTask.run(FutureTask.java:264)
[junit] 	at java.base/java.lang.Thread.run(Thread.java:840)
[junit]
[junit] Test TestByteVector FAILED

BUILD SUCCESSFUL
Total time: 0 seconds
  "
793,mutants/mp/330/5/00000007/ByteVector.java,32e1484f980778e7a1745a7a9fc34a3a,mutants/mp/330/5/00000007/ByteVector.class,0,330,100,1,1,ASSUMED_NO,1203,0,2026-02-03 09:12:54,5,"185,191,193,196,208,210","Buildfile: /srv/codedefenders-class-2026/build.xml

test-mutant:
[junit] Running TestByteVector
[junit] Testsuite: TestByteVector
[junit] Tests run: 1, Failures: 0, Errors: 1, Skipped: 0, Time elapsed: 0.026 sec
[junit] Tests run: 1, Failures: 0, Errors: 1, Skipped: 0, Time elapsed: 0.026 sec
[junit]
[junit] Testcase: test took 0.009 sec
[junit] 	Caused an ERROR
[junit] Index 4 out of bounds for length 4
[junit] java.lang.ArrayIndexOutOfBoundsException: Index 4 out of bounds for length 4
[junit] 	at ByteVector.putUTF8(ByteVector.java:215)
[junit] 	at TestByteVector.test(TestByteVector.java:11)
[junit] 	at java.base/jdk.internal.reflect.NativeMethodAccessorImpl.invoke0(Native Method)
[junit] 	at java.base/jdk.internal.reflect.NativeMethodAccessorImpl.invoke(NativeMethodAccessorImpl.java:77)
[junit] 	at java.base/jdk.internal.reflect.DelegatingMethodAccessorImpl.invoke(DelegatingMethodAccessorImpl.java:43)
[junit] 	at java.base/java.util.concurrent.FutureTask.run(FutureTask.java:264)
[junit] 	at java.base/java.lang.Thread.run(Thread.java:840)
[junit]
[junit] Test TestByteVector FAILED

BUILD SUCCESSFUL
Total time: 1 second
  "
794,mutants/mp/329/111/00000007/CharRange.java,bf95289ee219a4d223ca009527ee2af8,mutants/mp/329/111/00000007/CharRange.class,0,329,101,1,1,ASSUMED_NO,1195,0,2026-02-03 09:12:58,1,92,"[junit] Testcase: test took 0.009 sec
[junit] null
[junit] junit.framework.AssertionFailedError
[junit] 	at TestCharRange.test(TestCharRange.java:12)
[junit] 	at java.base/jdk.internal.reflect.NativeMethodAccessorImpl.invoke0(Native Method)
[junit] 	at java.base/jdk.internal.reflect.NativeMethodAccessorImpl.invoke(NativeMethodAccessorImpl.java:77)
[junit] 	at java.base/jdk.internal.reflect.DelegatingMethodAccessorImpl.invoke(DelegatingMethodAccessorImpl.java:43)
[junit] 	at java.base/java.util.concurrent.FutureTask.run(FutureTask.java:264)
[junit] 	at java.base/java.lang.Thread.run(Thread.java:840)
"
795,mutants/mp/333/105/00000011/ByteVector.java,6c83d35263cf96472a8dba269e09f4ad,mutants/mp/333/105/00000011/ByteVector.class,0,333,100,1,1,ASSUMED_NO,1190,0,2026-02-03 09:13:01,0,82,"Buildfile: /srv/codedefenders-class-2026/build.xml

test-mutant:
[junit] Running TestByteVector
[junit] Testsuite: TestByteVector
[junit] Tests run: 1, Failures: 0, Errors: 1, Skipped: 0, Time elapsed: 0.024 sec
[junit] Tests run: 1, Failures: 0, Errors: 1, Skipped: 0, Time elapsed: 0.024 sec
[junit]
[junit] Testcase: test took 0.009 sec
[junit] 	Caused an ERROR
[junit] Index 1 out of bounds for length 1
[junit] java.lang.ArrayIndexOutOfBoundsException: Index 1 out of bounds for length 1
[junit] 	at ByteVector.putShort(ByteVector.java:87)
[junit] 	at TestByteVector.test(TestByteVector.java:11)
[junit] 	at java.base/jdk.internal.reflect.NativeMethodAccessorImpl.invoke0(Native Method)
[junit] 	at java.base/jdk.internal.reflect.NativeMethodAccessorImpl.invoke(NativeMethodAccessorImpl.java:77)
[junit] 	at java.base/jdk.internal.reflect.DelegatingMethodAccessorImpl.invoke(DelegatingMethodAccessorImpl.java:43)
[junit] 	at java.base/java.util.concurrent.FutureTask.run(FutureTask.java:264)
[junit] 	at java.base/java.lang.Thread.run(Thread.java:840)
[junit]
[junit] Test TestByteVector FAILED

BUILD SUCCESSFUL
Total time: 0 seconds
  "
796,mutants/mp/336/5/00000007/CharRange.java,3501da757a75b58cd5995640b495f1d2,mutants/mp/336/5/00000007/CharRange.class,1,336,101,1,,ASSUMED_NO,1202,0,2026-02-03 09:13:04,1,"153,155,158,160",
797,mutants/mp/328/109/00000014/CharRange.java,f4340ada11ff410c35ffb971e69c5537,,0,328,101,1,,ASSUMED_NO,1196,0,2026-02-03 09:13:06,0,103,
798,mutants/mp/334/107/00000012/CharRange.java,48137034068ad786ba5a2366886f2943,mutants/mp/334/107/00000012/CharRange.class,0,334,101,1,1,ASSUMED_NO,1189,0,2026-02-03 09:13:07,1,149,"Buildfile: /srv/codedefenders-class-2026/build.xml

test-mutant:
[junit] Running TestCharRange
[junit] Testsuite: TestCharRange
[junit] Tests run: 1, Failures: 0, Errors: 1, Skipped: 0, Time elapsed: 0.025 sec
[junit] Tests run: 1, Failures: 0, Errors: 1, Skipped: 0, Time elapsed: 0.025 sec
[junit]
[junit] Testcase: test took 0.011 sec
[junit] 	Caused an ERROR
[junit] The Range must not be null
[junit] java.lang.ArrayIndexOutOfBoundsException: The Range must not be null
[junit] 	at CharRange.contains(CharRange.java:149)
[junit] 	at TestCharRange.test(TestCharRange.java:12)
[junit] 	at java.base/jdk.internal.reflect.NativeMethodAccessorImpl.invoke0(Native Method)
[junit] 	at java.base/jdk.internal.reflect.NativeMethodAccessorImpl.invoke(NativeMethodAccessorImpl.java:77)
[junit] 	at java.base/jdk.internal.reflect.DelegatingMethodAccessorImpl.invoke(DelegatingMethodAccessorImpl.java:43)
[junit] 	at java.base/java.util.concurrent.FutureTask.run(FutureTask.java:264)
[junit] 	at java.base/java.lang.Thread.run(Thread.java:840)
[junit]
[junit] Test TestCharRange FAILED

BUILD SUCCESSFUL
Total time: 1 second
  "
799,mutants/mp/334/107/00000013/CharRange.java,c6d3b0d6373b21d2725924962c628315,mutants/mp/334/107/00000013/CharRange.class,0,334,101,1,1,ASSUMED_NO,1189,0,2026-02-03 09:13:21,0,103,"[junit] Testcase: test took 0.01 sec
[junit] expected:<97> but was:<101>
[junit] junit.framework.AssertionFailedError: expected:<97> but was:<101>
[junit] 	at TestCharRange.test(TestCharRange.java:11)
[junit] 	at java.base/jdk.internal.reflect.NativeMethodAccessorImpl.invoke0(Native Method)
[junit] 	at java.base/jdk.internal.reflect.NativeMethodAccessorImpl.invoke(NativeMethodAccessorImpl.java:77)
[junit] 	at java.base/jdk.internal.reflect.DelegatingMethodAccessorImpl.invoke(DelegatingMethodAccessorImpl.java:43)
[junit] 	at java.base/java.util.concurrent.FutureTask.run(FutureTask.java:264)
[junit] 	at java.base/java.lang.Thread.run(Thread.java:840)
"
800,mutants/mp/328/109/00000015/CharRange.java,5d4f06514c46b7043b2037ceec24110c,mutants/mp/328/109/00000015/CharRange.class,0,328,101,1,1,ASSUMED_NO,1196,0,2026-02-03 09:13:24,1,103,"[junit] Testcase: test took 0.009 sec
[junit] expected:<65> but was:<97>
[junit] junit.framework.AssertionFailedError: expected:<65> but was:<97>
[junit] 	at TestCharRange.test(TestCharRange.java:12)
[junit] 	at java.base/jdk.internal.reflect.NativeMethodAccessorImpl.invoke0(Native Method)
[junit] 	at java.base/jdk.internal.reflect.NativeMethodAccessorImpl.invoke(NativeMethodAccessorImpl.java:77)
[junit] 	at java.base/jdk.internal.reflect.DelegatingMethodAccessorImpl.invoke(DelegatingMethodAccessorImpl.java:43)
[junit] 	at java.base/java.util.concurrent.FutureTask.run(FutureTask.java:264)
[junit] 	at java.base/java.lang.Thread.run(Thread.java:840)
"
801,mutants/mp/330/5/00000008/ByteVector.java,67f99180cd304a7b6b03e0429024eedc,mutants/mp/330/5/00000008/ByteVector.class,0,330,100,1,1,ASSUMED_NO,1203,0,2026-02-03 09:13:25,1,"182,185,191,193,208,210","[junit] Testcase: test took 0.014 sec
[junit] arrays first differed at element [1]; expected:<5> but was:<6>
[junit] junit.framework.AssertionFailedError: arrays first differed at element [1]; expected:<5> but was:<6>
[junit] 	at TestByteVector.test(TestByteVector.java:13)
[junit] 	at java.base/jdk.internal.reflect.NativeMethodAccessorImpl.invoke0(Native Method)
[junit] 	at java.base/jdk.internal.reflect.NativeMethodAccessorImpl.invoke(NativeMethodAccessorImpl.java:77)
[junit] 	at java.base/jdk.internal.reflect.DelegatingMethodAccessorImpl.invoke(DelegatingMethodAccessorImpl.java:43)
[junit] 	at java.base/java.util.concurrent.FutureTask.run(FutureTask.java:264)
[junit] 	at java.base/java.lang.Thread.run(Thread.java:840)
[junit] Caused by: java.lang.AssertionError: expected:<5> but was:<6>
"
802,mutants/mp/332/103/00000009/ByteVector.java,4aa1438da70a1bf7f289b2481208f45b,mutants/mp/332/103/00000009/ByteVector.class,0,332,100,1,1,ASSUMED_YES,1192,0,2026-02-03 09:13:27,0,48,
803,mutants/mp/329/111/00000008/CharRange.java,f28a4b916204f4b5454bef646b30d95a,,0,329,101,1,,ASSUMED_NO,1195,0,2026-02-03 09:13:28,0,"9,36",
804,mutants/mp/328/109/00000016/CharRange.java,17f0a7fe5144ab75df5ac9bad895a449,mutants/mp/328/109/00000016/CharRange.class,0,328,101,1,1,PROVEN_NO,1196,0,2026-02-03 09:13:38,2,136,
805,mutants/mp/333/105/00000012/ByteVector.java,2f5535913547f3ad41f3e0bc0d90e50a,mutants/mp/333/105/00000012/ByteVector.class,0,333,100,1,1,ASSUMED_NO,1190,0,2026-02-03 09:13:40,0,82,"Buildfile: /srv/codedefenders-class-2026/build.xml

test-mutant:
[junit] Running TestByteVector
[junit] Testsuite: TestByteVector
[junit] Tests run: 1, Failures: 0, Errors: 1, Skipped: 0, Time elapsed: 0.023 sec
[junit] Tests run: 1, Failures: 0, Errors: 1, Skipped: 0, Time elapsed: 0.023 sec
[junit]
[junit] Testcase: test took 0.009 sec
[junit] 	Caused an ERROR
[junit] Index 1 out of bounds for length 1
[junit] java.lang.ArrayIndexOutOfBoundsException: Index 1 out of bounds for length 1
[junit] 	at ByteVector.putShort(ByteVector.java:87)
[junit] 	at TestByteVector.test(TestByteVector.java:11)
[junit] 	at java.base/jdk.internal.reflect.NativeMethodAccessorImpl.invoke0(Native Method)
[junit] 	at java.base/jdk.internal.reflect.NativeMethodAccessorImpl.invoke(NativeMethodAccessorImpl.java:77)
[junit] 	at java.base/jdk.internal.reflect.DelegatingMethodAccessorImpl.invoke(DelegatingMethodAccessorImpl.java:43)
[junit] 	at java.base/java.util.concurrent.FutureTask.run(FutureTask.java:264)
[junit] 	at java.base/java.lang.Thread.run(Thread.java:840)
[junit]
[junit] Test TestByteVector FAILED

BUILD SUCCESSFUL
Total time: 0 seconds
  "
806,mutants/mp/328/109/00000017/CharRange.java,67190e161710a9ecbd933cfb19c8ded4,mutants/mp/328/109/00000017/CharRange.class,0,328,101,1,1,ASSUMED_NO,1196,0,2026-02-03 09:13:49,1,136,"[junit] Testcase: test took 0.009 sec
[junit] null
[junit] junit.framework.AssertionFailedError
[junit] 	at TestCharRange.test(TestCharRange.java:11)
[junit] 	at java.base/jdk.internal.reflect.NativeMethodAccessorImpl.invoke0(Native Method)
[junit] 	at java.base/jdk.internal.reflect.NativeMethodAccessorImpl.invoke(NativeMethodAccessorImpl.java:77)
[junit] 	at java.base/jdk.internal.reflect.DelegatingMethodAccessorImpl.invoke(DelegatingMethodAccessorImpl.java:43)
[junit] 	at java.base/java.util.concurrent.FutureTask.run(FutureTask.java:264)
[junit] 	at java.base/java.lang.Thread.run(Thread.java:840)
"
807,mutants/mp/332/103/00000010/ByteVector.java,93dca533d42130408b848a5712acce56,mutants/mp/332/103/00000010/ByteVector.class,0,332,100,1,1,ASSUMED_NO,1192,0,2026-02-03 09:13:51,1,189,"[junit] Testcase: test took 0.01 sec
[junit] arrays first differed at element [1]; expected:<2> but was:<0>
[junit] junit.framework.AssertionFailedError: arrays first differed at element [1]; expected:<2> but was:<0>
[junit] 	at TestByteVector.test(TestByteVector.java:14)
[junit] 	at java.base/jdk.internal.reflect.NativeMethodAccessorImpl.invoke0(Native Method)
[junit] 	at java.base/jdk.internal.reflect.NativeMethodAccessorImpl.invoke(NativeMethodAccessorImpl.java:77)
[junit] 	at java.base/jdk.internal.reflect.DelegatingMethodAccessorImpl.invoke(DelegatingMethodAccessorImpl.java:43)
[junit] 	at java.base/java.util.concurrent.FutureTask.run(FutureTask.java:264)
[junit] 	at java.base/java.lang.Thread.run(Thread.java:840)
[junit] Caused by: java.lang.AssertionError: expected:<2> but was:<0>
"
808,mutants/mp/331/5/00000009/ByteVector.java,b6103e75cc0e23155a7c8bd7e9ccf5a0,mutants/mp/331/5/00000009/ByteVector.class,0,331,100,1,1,PROVEN_NO,1198,0,2026-02-03 09:13:52,4,"185,186,191,193,208,209,210","[junit] Testcase: test took 0.015 sec
[junit] expected:<65> but was:<64>
[junit] junit.framework.AssertionFailedError: expected:<65> but was:<64>
[junit] 	at TestByteVector.test(TestByteVector.java:13)
[junit] 	at java.base/jdk.internal.reflect.NativeMethodAccessorImpl.invoke0(Native Method)
[junit] 	at java.base/jdk.internal.reflect.NativeMethodAccessorImpl.invoke(NativeMethodAccessorImpl.java:77)
[junit] 	at java.base/jdk.internal.reflect.DelegatingMethodAccessorImpl.invoke(DelegatingMethodAccessorImpl.java:43)
[junit] 	at java.base/java.util.concurrent.FutureTask.run(FutureTask.java:264)
[junit] 	at java.base/java.lang.Thread.run(Thread.java:840)
"
809,mutants/mp/330/5/00000009/ByteVector.java,368c5f001c8ac48666a896f865a85b93,mutants/mp/330/5/00000009/ByteVector.class,0,330,100,1,1,ASSUMED_NO,1203,0,2026-02-03 09:13:53,1,"185,191,193,208,210,222","[junit] Testcase: test took 0.012 sec
[junit] expected:<7> but was:<8>
[junit] junit.framework.AssertionFailedError: expected:<7> but was:<8>
[junit] 	at TestByteVector.test(TestByteVector.java:12)
[junit] 	at java.base/jdk.internal.reflect.NativeMethodAccessorImpl.invoke0(Native Method)
[junit] 	at java.base/jdk.internal.reflect.NativeMethodAccessorImpl.invoke(NativeMethodAccessorImpl.java:77)
[junit] 	at java.base/jdk.internal.reflect.DelegatingMethodAccessorImpl.invoke(DelegatingMethodAccessorImpl.java:43)
[junit] 	at java.base/java.util.concurrent.FutureTask.run(FutureTask.java:264)
[junit] 	at java.base/java.lang.Thread.run(Thread.java:840)
"
810,mutants/mp/329/111/00000009/CharRange.java,c894dce77e656d2af8e4c8ab3d9fc27c,,0,329,101,1,,ASSUMED_NO,1195,0,2026-02-03 09:13:55,0,36,
811,mutants/mp/333/105/00000013/ByteVector.java,37ac0b42e667d6add71156f7e86617c5,mutants/mp/333/105/00000013/ByteVector.class,0,333,100,1,1,ASSUMED_NO,1190,0,2026-02-03 09:14:02,2,122,"Buildfile: /srv/codedefenders-class-2026/build.xml

test-mutant:
[junit] Running TestByteVector
[junit] Testsuite: TestByteVector
[junit] Tests run: 1, Failures: 0, Errors: 1, Skipped: 0, Time elapsed: 0.02 sec
[junit] Tests run: 1, Failures: 0, Errors: 1, Skipped: 0, Time elapsed: 0.02 sec
[junit]
[junit] Testcase: test took 0.008 sec
[junit] 	Caused an ERROR
[junit] Index 3 out of bounds for length 3
[junit] java.lang.ArrayIndexOutOfBoundsException: Index 3 out of bounds for length 3
[junit] 	at ByteVector.putInt(ByteVector.java:129)
[junit] 	at TestByteVector.test(TestByteVector.java:11)
[junit] 	at java.base/jdk.internal.reflect.NativeMethodAccessorImpl.invoke0(Native Method)
[junit] 	at java.base/jdk.internal.reflect.NativeMethodAccessorImpl.invoke(NativeMethodAccessorImpl.java:77)
[junit] 	at java.base/jdk.internal.reflect.DelegatingMethodAccessorImpl.invoke(DelegatingMethodAccessorImpl.java:43)
[junit] 	at java.base/java.util.concurrent.FutureTask.run(FutureTask.java:264)
[junit] 	at java.base/java.lang.Thread.run(Thread.java:840)
[junit]
[junit] Test TestByteVector FAILED

BUILD SUCCESSFUL
Total time: 0 seconds
  "
812,mutants/mp/335/113/00000010/ByteVector.java,e7f34e2251625dac2175f89ec483ee59,mutants/mp/335/113/00000010/ByteVector.class,0,335,100,1,1,ASSUMED_NO,1197,0,2026-02-03 09:14:03,1,121,"[junit] Testcase: test took 0.008 sec
[junit] expected:<3> but was:<0>
[junit] junit.framework.AssertionFailedError: expected:<3> but was:<0>
[junit] 	at TestByteVector.test(TestByteVector.java:12)
[junit] 	at java.base/jdk.internal.reflect.NativeMethodAccessorImpl.invoke0(Native Method)
[junit] 	at java.base/jdk.internal.reflect.NativeMethodAccessorImpl.invoke(NativeMethodAccessorImpl.java:77)
[junit] 	at java.base/jdk.internal.reflect.DelegatingMethodAccessorImpl.invoke(DelegatingMethodAccessorImpl.java:43)
[junit] 	at java.base/java.util.concurrent.FutureTask.run(FutureTask.java:264)
[junit] 	at java.base/java.lang.Thread.run(Thread.java:840)
"
813,mutants/mp/334/107/00000014/CharRange.java,e25d738b03911566cd6ad1ec36d65827,mutants/mp/334/107/00000014/CharRange.class,0,334,101,1,1,ASSUMED_NO,1189,0,2026-02-03 09:14:05,1,152,"[junit] Testcase: test took 0.01 sec
[junit] null
[junit] junit.framework.AssertionFailedError
[junit] 	at TestCharRange.test(TestCharRange.java:13)
[junit] 	at java.base/jdk.internal.reflect.NativeMethodAccessorImpl.invoke0(Native Method)
[junit] 	at java.base/jdk.internal.reflect.NativeMethodAccessorImpl.invoke(NativeMethodAccessorImpl.java:77)
[junit] 	at java.base/jdk.internal.reflect.DelegatingMethodAccessorImpl.invoke(DelegatingMethodAccessorImpl.java:43)
[junit] 	at java.base/java.util.concurrent.FutureTask.run(FutureTask.java:264)
[junit] 	at java.base/java.lang.Thread.run(Thread.java:840)
"
814,mutants/mp/336/5/00000008/CharRange.java,bde86bbcafa66285ef6d7cfcee61b815,mutants/mp/336/5/00000008/CharRange.class,1,336,101,1,,ASSUMED_NO,1202,0,2026-02-03 09:14:05,1,"153,155,160",
815,mutants/mp/329/111/00000010/CharRange.java,633c2f64b30cc81a6fead04c77a11bdd,,0,329,101,1,,ASSUMED_NO,1195,0,2026-02-03 09:14:07,0,36,
816,mutants/mp/332/103/00000011/ByteVector.java,d70ac02375f642f606aaaed8fd2faa42,,0,332,100,1,,ASSUMED_NO,1192,0,2026-02-03 09:14:07,0,258,
817,mutants/mp/333/105/00000014/ByteVector.java,3b95a045d02232e3ef4b8475b0c28c53,mutants/mp/333/105/00000014/ByteVector.class,0,333,100,1,1,ASSUMED_NO,1190,0,2026-02-03 09:14:12,2,143,"Buildfile: /srv/codedefenders-class-2026/build.xml

test-mutant:
[junit] Running TestByteVector
[junit] Testsuite: TestByteVector
[junit] Tests run: 1, Failures: 0, Errors: 1, Skipped: 0, Time elapsed: 0.019 sec
[junit] Tests run: 1, Failures: 0, Errors: 1, Skipped: 0, Time elapsed: 0.019 sec
[junit]
[junit] Testcase: test took 0.007 sec
[junit] 	Caused an ERROR
[junit] Index 7 out of bounds for length 7
[junit] java.lang.ArrayIndexOutOfBoundsException: Index 7 out of bounds for length 7
[junit] 	at ByteVector.putLong(ByteVector.java:156)
[junit] 	at TestByteVector.test(TestByteVector.java:11)
[junit] 	at java.base/jdk.internal.reflect.NativeMethodAccessorImpl.invoke0(Native Method)
[junit] 	at java.base/jdk.internal.reflect.NativeMethodAccessorImpl.invoke(NativeMethodAccessorImpl.java:77)
[junit] 	at java.base/jdk.internal.reflect.DelegatingMethodAccessorImpl.invoke(DelegatingMethodAccessorImpl.java:43)
[junit] 	at java.base/java.util.concurrent.FutureTask.run(FutureTask.java:264)
[junit] 	at java.base/java.lang.Thread.run(Thread.java:840)
[junit]
[junit] Test TestByteVector FAILED

BUILD SUCCESSFUL
Total time: 1 second
  "
818,mutants/mp/334/107/00000015/CharRange.java,01808fd452b2c9a6a094840646298e55,mutants/mp/334/107/00000015/CharRange.class,0,334,101,1,1,ASSUMED_NO,1189,0,2026-02-03 09:14:14,3,152,"[junit] Testcase: test took 0.012 sec
[junit] null
[junit] junit.framework.AssertionFailedError
[junit] 	at TestCharRange.test(TestCharRange.java:13)
[junit] 	at java.base/jdk.internal.reflect.NativeMethodAccessorImpl.invoke0(Native Method)
[junit] 	at java.base/jdk.internal.reflect.NativeMethodAccessorImpl.invoke(NativeMethodAccessorImpl.java:77)
[junit] 	at java.base/jdk.internal.reflect.DelegatingMethodAccessorImpl.invoke(DelegatingMethodAccessorImpl.java:43)
[junit] 	at java.base/java.util.concurrent.FutureTask.run(FutureTask.java:264)
[junit] 	at java.base/java.lang.Thread.run(Thread.java:840)
"
819,mutants/mp/329/111/00000011/CharRange.java,5853d5a4f4f66ae6abc483e4e4d890de,,0,329,101,1,,ASSUMED_NO,1195,0,2026-02-03 09:14:15,0,36,
820,mutants/mp/330/5/00000010/ByteVector.java,5027dfe71a1da1e8784bd54725ac4826,mutants/mp/330/5/00000010/ByteVector.class,0,330,100,1,1,ASSUMED_NO,1203,0,2026-02-03 09:14:22,0,"46,48","Buildfile: /srv/codedefenders-class-2026/build.xml

test-mutant:
[junit] Running TestByteVector
[junit] Testsuite: TestByteVector
[junit] Tests run: 1, Failures: 0, Errors: 1, Skipped: 0, Time elapsed: 0.023 sec
[junit] Tests run: 1, Failures: 0, Errors: 1, Skipped: 0, Time elapsed: 0.023 sec
[junit]
[junit] Testcase: test took 0.008 sec
[junit] 	Caused an ERROR
[junit] Index 0 out of bounds for length 0
[junit] java.lang.ArrayIndexOutOfBoundsException: Index 0 out of bounds for length 0
[junit] 	at ByteVector.putByte(ByteVector.java:48)
[junit] 	at TestByteVector.test(TestByteVector.java:12)
[junit] 	at java.base/jdk.internal.reflect.NativeMethodAccessorImpl.invoke0(Native Method)
[junit] 	at java.base/jdk.internal.reflect.NativeMethodAccessorImpl.invoke(NativeMethodAccessorImpl.java:77)
[junit] 	at java.base/jdk.internal.reflect.DelegatingMethodAccessorImpl.invoke(DelegatingMethodAccessorImpl.java:43)
[junit] 	at java.base/java.util.concurrent.FutureTask.run(FutureTask.java:264)
[junit] 	at java.base/java.lang.Thread.run(Thread.java:840)
[junit]
[junit] Test TestByteVector FAILED

BUILD SUCCESSFUL
Total time: 0 seconds
  "
821,mutants/mp/331/5/00000010/ByteVector.java,ecaa34c9ce598e92ddfd069842b8eb1b,mutants/mp/331/5/00000010/ByteVector.class,0,331,100,1,1,ASSUMED_YES,1198,0,2026-02-03 09:14:24,0,"185,186,191,193,208,209,210",
822,mutants/mp/333/105/00000015/ByteVector.java,4368f4382e9e9d97a106caa8f464867e,mutants/mp/333/105/00000015/ByteVector.class,0,333,100,1,1,ASSUMED_NO,1190,0,2026-02-03 09:14:30,1,183,"Buildfile: /srv/codedefenders-class-2026/build.xml

test-mutant:
[junit] Running TestByteVector
[junit] Testsuite: TestByteVector
[junit] Tests run: 1, Failures: 0, Errors: 1, Skipped: 0, Time elapsed: 0.018 sec
[junit] Tests run: 1, Failures: 0, Errors: 1, Skipped: 0, Time elapsed: 0.018 sec
[junit]
[junit] Testcase: test took 0.007 sec
[junit] 	Caused an ERROR
[junit] String index out of range: 2
[junit] java.lang.StringIndexOutOfBoundsException: String index out of range: 2
[junit] 	at java.base/java.lang.StringLatin1.charAt(StringLatin1.java:48)
[junit] 	at java.base/java.lang.String.charAt(String.java:1517)
[junit] 	at ByteVector.putUTF8(ByteVector.java:184)
[junit] 	at TestByteVector.test(TestByteVector.java:11)
[junit] 	at java.base/jdk.internal.reflect.NativeMethodAccessorImpl.invoke0(Native Method)
[junit] 	at java.base/jdk.internal.reflect.NativeMethodAccessorImpl.invoke(NativeMethodAccessorImpl.java:77)
[junit] 	at java.base/jdk.internal.reflect.DelegatingMethodAccessorImpl.invoke(DelegatingMethodAccessorImpl.java:43)
[junit] 	at java.base/java.util.concurrent.FutureTask.run(FutureTask.java:264)
[junit] 	at java.base/java.lang.Thread.run(Thread.java:840)
[junit]
[junit] Test TestByteVector FAILED

BUILD SUCCESSFUL
Total time: 0 seconds
  "
823,mutants/mp/329/111/00000012/CharRange.java,a2fb0b64e8a6abc485db3f9ec904cfd8,,0,329,101,1,,ASSUMED_NO,1195,0,2026-02-03 09:14:32,0,36,
824,mutants/mp/335/113/00000011/ByteVector.java,c598876b3b2473303d77728161e044f7,mutants/mp/335/113/00000011/ByteVector.class,0,335,100,1,1,ASSUMED_NO,1197,0,2026-02-03 09:14:36,3,244,"[junit] Testcase: test took 0.01 sec
[junit] expected:<2> but was:<0>
[junit] junit.framework.AssertionFailedError: expected:<2> but was:<0>
[junit] 	at TestByteVector.test(TestByteVector.java:12)
[junit] 	at java.base/jdk.internal.reflect.NativeMethodAccessorImpl.invoke0(Native Method)
[junit] 	at java.base/jdk.internal.reflect.NativeMethodAccessorImpl.invoke(NativeMethodAccessorImpl.java:77)
[junit] 	at java.base/jdk.internal.reflect.DelegatingMethodAccessorImpl.invoke(DelegatingMethodAccessorImpl.java:43)
[junit] 	at java.base/java.util.concurrent.FutureTask.run(FutureTask.java:264)
[junit] 	at java.base/java.lang.Thread.run(Thread.java:840)
"
825,mutants/mp/328/109/00000018/CharRange.java,b6d6a23829813e6a65ee28d548c54601,mutants/mp/328/109/00000018/CharRange.class,0,328,101,1,1,ASSUMED_NO,1196,0,2026-02-03 09:14:51,1,136,"[junit] Testcase: test took 0.011 sec
[junit] null
[junit] junit.framework.AssertionFailedError
[junit] 	at TestCharRange.test(TestCharRange.java:11)
[junit] 	at java.base/jdk.internal.reflect.NativeMethodAccessorImpl.invoke0(Native Method)
[junit] 	at java.base/jdk.internal.reflect.NativeMethodAccessorImpl.invoke(NativeMethodAccessorImpl.java:77)
[junit] 	at java.base/jdk.internal.reflect.DelegatingMethodAccessorImpl.invoke(DelegatingMethodAccessorImpl.java:43)
[junit] 	at java.base/java.util.concurrent.FutureTask.run(FutureTask.java:264)
[junit] 	at java.base/java.lang.Thread.run(Thread.java:840)
"
826,mutants/mp/336/5/00000009/CharRange.java,3165ae8bfb607f6e470278e60587d4d3,mutants/mp/336/5/00000009/CharRange.class,1,336,101,1,,ASSUMED_NO,1202,0,2026-02-03 09:14:52,1,"153,155,158,160",
827,mutants/mp/329/111/00000013/CharRange.java,037c0026ea48343dca5c9f0f71ca07ba,mutants/mp/329/111/00000013/CharRange.class,0,329,101,1,1,ASSUMED_NO,1195,0,2026-02-03 09:14:52,1,37,"[junit] Testcase: test took 0.008 sec
[junit] expected:<99> but was:<97>
[junit] junit.framework.AssertionFailedError: expected:<99> but was:<97>
[junit] 	at TestCharRange.test(TestCharRange.java:13)
[junit] 	at java.base/jdk.internal.reflect.NativeMethodAccessorImpl.invoke0(Native Method)
[junit] 	at java.base/jdk.internal.reflect.NativeMethodAccessorImpl.invoke(NativeMethodAccessorImpl.java:77)
[junit] 	at java.base/jdk.internal.reflect.DelegatingMethodAccessorImpl.invoke(DelegatingMethodAccessorImpl.java:43)
[junit] 	at java.base/java.util.concurrent.FutureTask.run(FutureTask.java:264)
[junit] 	at java.base/java.lang.Thread.run(Thread.java:840)
"
828,mutants/mp/331/5/00000011/ByteVector.java,0cee7cedc90de7568fba427db575a436,mutants/mp/331/5/00000011/ByteVector.class,0,331,100,1,1,PROVEN_NO,1198,0,2026-02-03 09:14:53,4,"185,191,193,194,195,197,208,210",
829,mutants/mp/333/105/00000016/ByteVector.java,2c1fbb94e99ba0bfd1cf1d1e6b3108a2,mutants/mp/333/105/00000016/ByteVector.class,0,333,100,1,1,DECLARED_YES,1190,0,2026-02-03 09:14:53,0,255,
830,mutants/mp/330/5/00000011/ByteVector.java,58d553abfb28d6cbea6613661d5caf81,mutants/mp/330/5/00000011/ByteVector.class,0,330,100,1,1,ASSUMED_NO,1203,0,2026-02-03 09:14:57,5,"185,191,193,208,210,219","[junit] Testcase: test took 0.013 sec
[junit] arrays first differed at element [2]; expected:<-48> but was:<0>
[junit] junit.framework.AssertionFailedError: arrays first differed at element [2]; expected:<-48> but was:<0>
[junit] 	at TestByteVector.test(TestByteVector.java:13)
[junit] 	at java.base/jdk.internal.reflect.NativeMethodAccessorImpl.invoke0(Native Method)
[junit] 	at java.base/jdk.internal.reflect.NativeMethodAccessorImpl.invoke(NativeMethodAccessorImpl.java:77)
[junit] 	at java.base/jdk.internal.reflect.DelegatingMethodAccessorImpl.invoke(DelegatingMethodAccessorImpl.java:43)
[junit] 	at java.base/java.util.concurrent.FutureTask.run(FutureTask.java:264)
[junit] 	at java.base/java.lang.Thread.run(Thread.java:840)
[junit] Caused by: java.lang.AssertionError: expected:<-48> but was:<0>
"
831,mutants/mp/328/109/00000019/CharRange.java,32bf4b8f7b7ad17dac4e6af9857a0ea9,mutants/mp/328/109/00000019/CharRange.class,0,328,101,1,1,ASSUMED_YES,1196,0,2026-02-03 09:15:07,0,202,
832,mutants/mp/332/103/00000012/ByteVector.java,0772f7179c7ff58d8a3e294a91c1526b,,0,332,100,1,,ASSUMED_NO,1192,0,2026-02-03 09:15:11,0,241,
833,mutants/mp/328/109/00000020/CharRange.java,4aba2a91a502c3de947443d38613fe30,mutants/mp/328/109/00000020/CharRange.class,0,328,101,1,1,ASSUMED_NO,1196,0,2026-02-03 09:15:22,1,203,"[junit] Testcase: test took 0.009 sec
[junit] expected:<[]A-n> but was:<[^]A-n>
[junit] junit.framework.AssertionFailedError: expected:<[]A-n> but was:<[^]A-n>
[junit] 	at TestCharRange.test(TestCharRange.java:11)
[junit] 	at java.base/jdk.internal.reflect.NativeMethodAccessorImpl.invoke0(Native Method)
[junit] 	at java.base/jdk.internal.reflect.NativeMethodAccessorImpl.invoke(NativeMethodAccessorImpl.java:77)
[junit] 	at java.base/jdk.internal.reflect.DelegatingMethodAccessorImpl.invoke(DelegatingMethodAccessorImpl.java:43)
[junit] 	at java.base/java.util.concurrent.FutureTask.run(FutureTask.java:264)
[junit] 	at java.base/java.lang.Thread.run(Thread.java:840)
"
834,mutants/mp/329/111/00000014/CharRange.java,dacb2216d2dc42ee8add635d025b431e,mutants/mp/329/111/00000014/CharRange.class,1,329,101,1,,ASSUMED_NO,1195,0,2026-02-03 09:15:23,1,153,
835,mutants/mp/331/5/00000012/ByteVector.java,c64539e4c9708ae3080861da8b47adde,mutants/mp/331/5/00000012/ByteVector.class,0,331,100,1,1,PROVEN_NO,1198,0,2026-02-03 09:15:24,4,"182,185,186,191,193,200,208,209,210,213,216","[junit] Testcase: test took 0.007 sec
[junit] expected:<65> but was:<64>
[junit] junit.framework.AssertionFailedError: expected:<65> but was:<64>
[junit] 	at TestByteVector.test(TestByteVector.java:13)
[junit] 	at java.base/jdk.internal.reflect.NativeMethodAccessorImpl.invoke0(Native Method)
[junit] 	at java.base/jdk.internal.reflect.NativeMethodAccessorImpl.invoke(NativeMethodAccessorImpl.java:77)
[junit] 	at java.base/jdk.internal.reflect.DelegatingMethodAccessorImpl.invoke(DelegatingMethodAccessorImpl.java:43)
[junit] 	at java.base/java.util.concurrent.FutureTask.run(FutureTask.java:264)
[junit] 	at java.base/java.lang.Thread.run(Thread.java:840)
"
836,mutants/mp/333/105/00000017/ByteVector.java,6492b3effb9e6c8960068b16f0049a98,mutants/mp/333/105/00000017/ByteVector.class,0,333,100,1,1,ASSUMED_NO,1190,0,2026-02-03 09:15:27,4,238,"Buildfile: /srv/codedefenders-class-2026/build.xml

test-mutant:
[junit] Running TestByteVector
[junit] Testsuite: TestByteVector
[junit] Tests run: 1, Failures: 0, Errors: 1, Skipped: 0, Time elapsed: 0.029 sec
[junit] Tests run: 1, Failures: 0, Errors: 1, Skipped: 0, Time elapsed: 0.029 sec
[junit]
[junit] Testcase: test took 0.012 sec
[junit] 	Caused an ERROR
[junit] arraycopy: last destination index 3 out of bounds for byte[1]
[junit] java.lang.ArrayIndexOutOfBoundsException: arraycopy: last destination index 3 out of bounds for byte[1]
[junit] 	at java.base/java.lang.System.arraycopy(Native Method)
[junit] 	at ByteVector.putByteArray(ByteVector.java:242)
[junit] 	at TestByteVector.test(TestByteVector.java:12)
[junit] 	at java.base/jdk.internal.reflect.NativeMethodAccessorImpl.invoke0(Native Method)
[junit] 	at java.base/jdk.internal.reflect.NativeMethodAccessorImpl.invoke(NativeMethodAccessorImpl.java:77)
[junit] 	at java.base/jdk.internal.reflect.DelegatingMethodAccessorImpl.invoke(DelegatingMethodAccessorImpl.java:43)
[junit] 	at java.base/java.util.concurrent.FutureTask.run(FutureTask.java:264)
[junit] 	at java.base/java.lang.Thread.run(Thread.java:840)
[junit]
[junit] Test TestByteVector FAILED

BUILD SUCCESSFUL
Total time: 1 second
  "
837,mutants/mp/332/103/00000013/ByteVector.java,fda0957ec2782e581d17d87437e8d458,mutants/mp/332/103/00000013/ByteVector.class,0,332,100,1,1,ASSUMED_NO,1192,0,2026-02-03 09:15:31,1,241,"[junit] Testcase: test took 0.01 sec
[junit] arrays first differed at element [0]; expected:<11> but was:<0>
[junit] junit.framework.AssertionFailedError: arrays first differed at element [0]; expected:<11> but was:<0>
[junit] 	at TestByteVector.test(TestByteVector.java:14)
[junit] 	at java.base/jdk.internal.reflect.NativeMethodAccessorImpl.invoke0(Native Method)
[junit] 	at java.base/jdk.internal.reflect.NativeMethodAccessorImpl.invoke(NativeMethodAccessorImpl.java:77)
[junit] 	at java.base/jdk.internal.reflect.DelegatingMethodAccessorImpl.invoke(DelegatingMethodAccessorImpl.java:43)
[junit] 	at java.base/java.util.concurrent.FutureTask.run(FutureTask.java:264)
[junit] 	at java.base/java.lang.Thread.run(Thread.java:840)
[junit] Caused by: java.lang.AssertionError: expected:<11> but was:<0>
"
838,mutants/mp/336/5/00000010/CharRange.java,e882f67faaa307faf64bac01e3ba9eff,mutants/mp/336/5/00000010/CharRange.class,1,336,101,1,,ASSUMED_NO,1202,0,2026-02-03 09:15:34,1,"153,155,158,160",
839,mutants/mp/329/111/00000015/CharRange.java,861cb2e86807efdc21428815f4121a09,mutants/mp/329/111/00000015/CharRange.class,1,329,101,1,,ASSUMED_NO,1195,0,2026-02-03 09:15:35,1,153,
840,mutants/mp/333/105/00000018/ByteVector.java,ed8ce40f21556702e629a528a6ee2575,mutants/mp/333/105/00000018/ByteVector.class,0,333,100,1,1,ASSUMED_NO,1190,0,2026-02-03 09:15:37,3,238,"Buildfile: /srv/codedefenders-class-2026/build.xml

test-mutant:
[junit] Running TestByteVector
[junit] Testsuite: TestByteVector
[junit] Tests run: 1, Failures: 0, Errors: 1, Skipped: 0, Time elapsed: 0.034 sec
[junit] Tests run: 1, Failures: 0, Errors: 1, Skipped: 0, Time elapsed: 0.034 sec
[junit]
[junit] Testcase: test took 0.013 sec
[junit] 	Caused an ERROR
[junit] arraycopy: last destination index 4 out of bounds for byte[2]
[junit] java.lang.ArrayIndexOutOfBoundsException: arraycopy: last destination index 4 out of bounds for byte[2]
[junit] 	at java.base/java.lang.System.arraycopy(Native Method)
[junit] 	at ByteVector.putByteArray(ByteVector.java:242)
[junit] 	at TestByteVector.test(TestByteVector.java:12)
[junit] 	at java.base/jdk.internal.reflect.NativeMethodAccessorImpl.invoke0(Native Method)
[junit] 	at java.base/jdk.internal.reflect.NativeMethodAccessorImpl.invoke(NativeMethodAccessorImpl.java:77)
[junit] 	at java.base/jdk.internal.reflect.DelegatingMethodAccessorImpl.invoke(DelegatingMethodAccessorImpl.java:43)
[junit] 	at java.base/java.util.concurrent.FutureTask.run(FutureTask.java:264)
[junit] 	at java.base/java.lang.Thread.run(Thread.java:840)
[junit]
[junit] Test TestByteVector FAILED

BUILD SUCCESSFUL
Total time: 1 second
  "
841,mutants/mp/330/5/00000012/ByteVector.java,eabbd45715373da962218e8959dc2563,mutants/mp/330/5/00000012/ByteVector.class,0,330,100,1,1,ASSUMED_NO,1203,0,2026-02-03 09:15:38,1,"182,185,191,193,208,210","[junit] Testcase: test took 0.01 sec
[junit] arrays first differed at element [1]; expected:<5> but was:<4>
[junit] junit.framework.AssertionFailedError: arrays first differed at element [1]; expected:<5> but was:<4>
[junit] 	at TestByteVector.test(TestByteVector.java:13)
[junit] 	at java.base/jdk.internal.reflect.NativeMethodAccessorImpl.invoke0(Native Method)
[junit] 	at java.base/jdk.internal.reflect.NativeMethodAccessorImpl.invoke(NativeMethodAccessorImpl.java:77)
[junit] 	at java.base/jdk.internal.reflect.DelegatingMethodAccessorImpl.invoke(DelegatingMethodAccessorImpl.java:43)
[junit] 	at java.base/java.util.concurrent.FutureTask.run(FutureTask.java:264)
[junit] 	at java.base/java.lang.Thread.run(Thread.java:840)
[junit] Caused by: java.lang.AssertionError: expected:<5> but was:<4>
"
842,mutants/mp/335/113/00000012/ByteVector.java,16451621858a567f2b310c8912e938c0,mutants/mp/335/113/00000012/ByteVector.class,0,335,100,1,1,ASSUMED_NO,1197,0,2026-02-03 09:15:54,3,144,"[junit] Testcase: test took 0.007 sec
[junit] expected:<8> but was:<16>
[junit] junit.framework.AssertionFailedError: expected:<8> but was:<16>
[junit] 	at TestByteVector.test(TestByteVector.java:12)
[junit] 	at java.base/jdk.internal.reflect.NativeMethodAccessorImpl.invoke0(Native Method)
[junit] 	at java.base/jdk.internal.reflect.NativeMethodAccessorImpl.invoke(NativeMethodAccessorImpl.java:77)
[junit] 	at java.base/jdk.internal.reflect.DelegatingMethodAccessorImpl.invoke(DelegatingMethodAccessorImpl.java:43)
[junit] 	at java.base/java.util.concurrent.FutureTask.run(FutureTask.java:264)
[junit] 	at java.base/java.lang.Thread.run(Thread.java:840)
"
843,mutants/mp/330/5/00000013/ByteVector.java,ed5fb4b2a78888fd9fb44705bea43b26,mutants/mp/330/5/00000013/ByteVector.class,0,330,100,1,1,ASSUMED_NO,1203,0,2026-02-03 09:16:10,1,"182,185,186,191,193,200,208,209,210","[junit] Testcase: test took 0.011 sec
[junit] arrays first differed at element [1]; expected:<5> but was:<6>
[junit] junit.framework.AssertionFailedError: arrays first differed at element [1]; expected:<5> but was:<6>
[junit] 	at TestByteVector.test(TestByteVector.java:13)
[junit] 	at java.base/jdk.internal.reflect.NativeMethodAccessorImpl.invoke0(Native Method)
[junit] 	at java.base/jdk.internal.reflect.NativeMethodAccessorImpl.invoke(NativeMethodAccessorImpl.java:77)
[junit] 	at java.base/jdk.internal.reflect.DelegatingMethodAccessorImpl.invoke(DelegatingMethodAccessorImpl.java:43)
[junit] 	at java.base/java.util.concurrent.FutureTask.run(FutureTask.java:264)
[junit] 	at java.base/java.lang.Thread.run(Thread.java:840)
[junit] Caused by: java.lang.AssertionError: expected:<5> but was:<6>
"
844,mutants/mp/331/5/00000013/ByteVector.java,c3968838105ff1952a4e7ec0459a77a8,mutants/mp/331/5/00000013/ByteVector.class,0,331,100,1,1,PROVEN_NO,1198,0,2026-02-03 09:16:13,4,"185,186,191,193,208,209,210","[junit] Testcase: test took 0.007 sec
[junit] expected:<65> but was:<97>
[junit] junit.framework.AssertionFailedError: expected:<65> but was:<97>
[junit] 	at TestByteVector.test(TestByteVector.java:13)
[junit] 	at java.base/jdk.internal.reflect.NativeMethodAccessorImpl.invoke0(Native Method)
[junit] 	at java.base/jdk.internal.reflect.NativeMethodAccessorImpl.invoke(NativeMethodAccessorImpl.java:77)
[junit] 	at java.base/jdk.internal.reflect.DelegatingMethodAccessorImpl.invoke(DelegatingMethodAccessorImpl.java:43)
[junit] 	at java.base/java.util.concurrent.FutureTask.run(FutureTask.java:264)
[junit] 	at java.base/java.lang.Thread.run(Thread.java:840)
"
845,mutants/mp/335/113/00000013/ByteVector.java,74a6ad5118f478ffa2757ff6941142c4,mutants/mp/335/113/00000013/ByteVector.class,0,335,100,1,1,ASSUMED_NO,1197,0,2026-02-03 09:16:17,4,82,"[junit] Testcase: test took 0.007 sec
[junit] expected:<2> but was:<4>
[junit] junit.framework.AssertionFailedError: expected:<2> but was:<4>
[junit] 	at TestByteVector.test(TestByteVector.java:13)
[junit] 	at java.base/jdk.internal.reflect.NativeMethodAccessorImpl.invoke0(Native Method)
[junit] 	at java.base/jdk.internal.reflect.NativeMethodAccessorImpl.invoke(NativeMethodAccessorImpl.java:77)
[junit] 	at java.base/jdk.internal.reflect.DelegatingMethodAccessorImpl.invoke(DelegatingMethodAccessorImpl.java:43)
[junit] 	at java.base/java.util.concurrent.FutureTask.run(FutureTask.java:264)
[junit] 	at java.base/java.lang.Thread.run(Thread.java:840)
"
846,mutants/mp/336/5/00000011/CharRange.java,d4828ce39b5afbf84ec66440caea64be,mutants/mp/336/5/00000011/CharRange.class,1,336,101,1,,ASSUMED_NO,1202,0,2026-02-03 09:16:20,1,"153,155,158,160",
847,mutants/mp/333/105/00000019/ByteVector.java,4ed36de18a0a4deef22a06a7cdef6a4a,mutants/mp/333/105/00000019/ByteVector.class,1,333,100,1,,ASSUMED_NO,1190,0,2026-02-03 09:16:23,8,171,
848,mutants/mp/332/103/00000014/ByteVector.java,83e3a6f842cbdd7fcef4f9f294a72580,mutants/mp/332/103/00000014/ByteVector.class,0,332,100,1,1,ASSUMED_NO,1192,0,2026-02-03 09:16:30,0,"211,212,213,215,216","[junit] Testcase: test took 0.045 sec
[junit] expected:<4> but was:<0>
[junit] junit.framework.AssertionFailedError: expected:<4> but was:<0>
[junit] 	at TestByteVector.test(TestByteVector.java:13)
[junit] 	at java.base/jdk.internal.reflect.NativeMethodAccessorImpl.invoke0(Native Method)
[junit] 	at java.base/jdk.internal.reflect.NativeMethodAccessorImpl.invoke(NativeMethodAccessorImpl.java:77)
[junit] 	at java.base/jdk.internal.reflect.DelegatingMethodAccessorImpl.invoke(DelegatingMethodAccessorImpl.java:43)
[junit] 	at java.base/java.util.concurrent.FutureTask.run(FutureTask.java:264)
[junit] 	at java.base/java.lang.Thread.run(Thread.java:840)
"
849,mutants/mp/331/5/00000014/ByteVector.java,c7523d5a24e76d6e2f6ce80c11e2a54b,mutants/mp/331/5/00000014/ByteVector.class,0,331,100,1,1,ASSUMED_NO,1198,0,2026-02-03 09:16:38,3,"185,191,193,194,195,197,208,210,214,215,216","[junit] Testcase: test took 0.009 sec
[junit] expected:<11> but was:<12>
[junit] junit.framework.AssertionFailedError: expected:<11> but was:<12>
[junit] 	at TestByteVector.test(TestByteVector.java:13)
[junit] 	at java.base/jdk.internal.reflect.NativeMethodAccessorImpl.invoke0(Native Method)
[junit] 	at java.base/jdk.internal.reflect.NativeMethodAccessorImpl.invoke(NativeMethodAccessorImpl.java:77)
[junit] 	at java.base/jdk.internal.reflect.DelegatingMethodAccessorImpl.invoke(DelegatingMethodAccessorImpl.java:43)
[junit] 	at java.base/java.util.concurrent.FutureTask.run(FutureTask.java:264)
[junit] 	at java.base/java.lang.Thread.run(Thread.java:840)
"
850,mutants/mp/329/111/00000016/CharRange.java,054cce5139c433796f13a6168a83c585,mutants/mp/329/111/00000016/CharRange.class,1,329,101,1,,ASSUMED_NO,1195,0,2026-02-03 09:16:40,2,191,
851,mutants/mp/330/5/00000014/ByteVector.java,dfe00b37349ef7def2b79ee58f21dc9f,mutants/mp/330/5/00000014/ByteVector.class,0,330,100,1,1,ASSUMED_NO,1203,0,2026-02-03 09:16:42,1,"182,185,191,193,200,208,210","[junit] Testcase: test took 0.011 sec
[junit] arrays first differed at element [1]; expected:<5> but was:<4>
[junit] junit.framework.AssertionFailedError: arrays first differed at element [1]; expected:<5> but was:<4>
[junit] 	at TestByteVector.test(TestByteVector.java:13)
[junit] 	at java.base/jdk.internal.reflect.NativeMethodAccessorImpl.invoke0(Native Method)
[junit] 	at java.base/jdk.internal.reflect.NativeMethodAccessorImpl.invoke(NativeMethodAccessorImpl.java:77)
[junit] 	at java.base/jdk.internal.reflect.DelegatingMethodAccessorImpl.invoke(DelegatingMethodAccessorImpl.java:43)
[junit] 	at java.base/java.util.concurrent.FutureTask.run(FutureTask.java:264)
[junit] 	at java.base/java.lang.Thread.run(Thread.java:840)
[junit] Caused by: java.lang.AssertionError: expected:<5> but was:<4>
"
852,mutants/mp/328/109/00000021/CharRange.java,2dcd61dca510f747bdc663ad279f2cbc,mutants/mp/328/109/00000021/CharRange.class,0,328,101,1,1,ASSUMED_NO,1196,0,2026-02-03 09:16:49,1,207,"[junit] Testcase: test took 0.011 sec
[junit] expected:<A[-n]> but was:<A[]>
[junit] junit.framework.AssertionFailedError: expected:<A[-n]> but was:<A[]>
[junit] 	at TestCharRange.test(TestCharRange.java:11)
[junit] 	at java.base/jdk.internal.reflect.NativeMethodAccessorImpl.invoke0(Native Method)
[junit] 	at java.base/jdk.internal.reflect.NativeMethodAccessorImpl.invoke(NativeMethodAccessorImpl.java:77)
[junit] 	at java.base/jdk.internal.reflect.DelegatingMethodAccessorImpl.invoke(DelegatingMethodAccessorImpl.java:43)
[junit] 	at java.base/java.util.concurrent.FutureTask.run(FutureTask.java:264)
[junit] 	at java.base/java.lang.Thread.run(Thread.java:840)
"
853,mutants/mp/333/105/00000020/ByteVector.java,67eed4ccb10336dfc49a2f9761f76a30,mutants/mp/333/105/00000020/ByteVector.class,0,333,100,1,1,ASSUMED_NO,1190,0,2026-02-03 09:16:51,0,210,"[junit] Testcase: test took 0.009 sec
[junit] expected:<4> but was:<5>
[junit] junit.framework.AssertionFailedError: expected:<4> but was:<5>
[junit] 	at TestByteVector.test(TestByteVector.java:13)
[junit] 	at java.base/jdk.internal.reflect.NativeMethodAccessorImpl.invoke0(Native Method)
[junit] 	at java.base/jdk.internal.reflect.NativeMethodAccessorImpl.invoke(NativeMethodAccessorImpl.java:77)
[junit] 	at java.base/jdk.internal.reflect.DelegatingMethodAccessorImpl.invoke(DelegatingMethodAccessorImpl.java:43)
[junit] 	at java.base/java.util.concurrent.FutureTask.run(FutureTask.java:264)
[junit] 	at java.base/java.lang.Thread.run(Thread.java:840)
"
854,mutants/mp/334/107/00000016/CharRange.java,880018b47f0f348684396ac03ea1dd7b,,0,334,101,1,,ASSUMED_NO,1189,0,2026-02-03 09:16:56,0,158,
855,mutants/mp/329/111/00000017/CharRange.java,a8abdab1866be727160a157b0c17a2df,mutants/mp/329/111/00000017/CharRange.class,0,329,101,1,1,ASSUMED_NO,1195,0,2026-02-03 09:16:56,1,124,"[junit] Testcase: test took 0.009 sec
[junit] null
[junit] junit.framework.AssertionFailedError
[junit] 	at TestCharRange.test(TestCharRange.java:10)
[junit] 	at java.base/jdk.internal.reflect.NativeMethodAccessorImpl.invoke0(Native Method)
[junit] 	at java.base/jdk.internal.reflect.NativeMethodAccessorImpl.invoke(NativeMethodAccessorImpl.java:77)
[junit] 	at java.base/jdk.internal.reflect.DelegatingMethodAccessorImpl.invoke(DelegatingMethodAccessorImpl.java:43)
[junit] 	at java.base/java.util.concurrent.FutureTask.run(FutureTask.java:264)
[junit] 	at java.base/java.lang.Thread.run(Thread.java:840)
"
856,mutants/mp/336/5/00000012/CharRange.java,d2550c51ab271fccdafb7156042a8aa7,mutants/mp/336/5/00000012/CharRange.class,1,336,101,1,,ASSUMED_NO,1202,0,2026-02-03 09:17:04,1,"153,155,158,160",
857,mutants/mp/332/103/00000015/ByteVector.java,2530398b6649142eb7a9d1dc8b5b8ee0,mutants/mp/332/103/00000015/ByteVector.class,0,332,100,1,1,ASSUMED_NO,1192,0,2026-02-03 09:17:05,0,"181,182","Buildfile: /srv/codedefenders-class-2026/build.xml

test-mutant:
[junit] Running TestByteVector
[junit] Testsuite: TestByteVector
[junit] Tests run: 1, Failures: 0, Errors: 1, Skipped: 0, Time elapsed: 0.028 sec
[junit] Tests run: 1, Failures: 0, Errors: 1, Skipped: 0, Time elapsed: 0.028 sec
[junit]
[junit] Testcase: test took 0.011 sec
[junit] 	Caused an ERROR
[junit] Index -1 out of bounds for length 10
[junit] java.lang.ArrayIndexOutOfBoundsException: Index -1 out of bounds for length 10
[junit] 	at ByteVector.putUTF8(ByteVector.java:182)
[junit] 	at TestByteVector.test(TestByteVector.java:12)
[junit] 	at java.base/jdk.internal.reflect.NativeMethodAccessorImpl.invoke0(Native Method)
[junit] 	at java.base/jdk.internal.reflect.NativeMethodAccessorImpl.invoke(NativeMethodAccessorImpl.java:77)
[junit] 	at java.base/jdk.internal.reflect.DelegatingMethodAccessorImpl.invoke(DelegatingMethodAccessorImpl.java:43)
[junit] 	at java.base/java.util.concurrent.FutureTask.run(FutureTask.java:264)
[junit] 	at java.base/java.lang.Thread.run(Thread.java:840)
[junit]
[junit] Test TestByteVector FAILED

BUILD SUCCESSFUL
Total time: 0 seconds
  "
858,mutants/mp/330/5/00000015/ByteVector.java,f611c0179b31f0562132b7f51bad31ac,mutants/mp/330/5/00000015/ByteVector.class,0,330,100,1,1,ASSUMED_NO,1203,0,2026-02-03 09:17:08,1,"185,186,191,193,208,209,210","[junit] Testcase: test took 0.015 sec
[junit] arrays first differed at element [2]; expected:<72> but was:<73>
[junit] junit.framework.AssertionFailedError: arrays first differed at element [2]; expected:<72> but was:<73>
[junit] 	at TestByteVector.test(TestByteVector.java:13)
[junit] 	at java.base/jdk.internal.reflect.NativeMethodAccessorImpl.invoke0(Native Method)
[junit] 	at java.base/jdk.internal.reflect.NativeMethodAccessorImpl.invoke(NativeMethodAccessorImpl.java:77)
[junit] 	at java.base/jdk.internal.reflect.DelegatingMethodAccessorImpl.invoke(DelegatingMethodAccessorImpl.java:43)
[junit] 	at java.base/java.util.concurrent.FutureTask.run(FutureTask.java:264)
[junit] 	at java.base/java.lang.Thread.run(Thread.java:840)
[junit] Caused by: java.lang.AssertionError: expected:<72> but was:<73>
"
859,mutants/mp/334/107/00000017/CharRange.java,23e65ee1b461db69ccd5977738bf1117,mutants/mp/334/107/00000017/CharRange.class,1,334,101,1,,ASSUMED_NO,1189,0,2026-02-03 09:17:11,6,158,
860,mutants/mp/333/105/00000021/ByteVector.java,3f344d41b88547c6b0f5f5fea15ead78,mutants/mp/333/105/00000021/ByteVector.class,0,333,100,1,1,ASSUMED_NO,1190,0,2026-02-03 09:17:11,3,238,"Buildfile: /srv/codedefenders-class-2026/build.xml

test-mutant:
[junit] Running TestByteVector
[junit] Testsuite: TestByteVector
[junit] Tests run: 1, Failures: 0, Errors: 1, Skipped: 0, Time elapsed: 0.025 sec
[junit] Tests run: 1, Failures: 0, Errors: 1, Skipped: 0, Time elapsed: 0.025 sec
[junit]
[junit] Testcase: test took 0.012 sec
[junit] 	Caused an ERROR
[junit] arraycopy: last destination index 4 out of bounds for byte[2]
[junit] java.lang.ArrayIndexOutOfBoundsException: arraycopy: last destination index 4 out of bounds for byte[2]
[junit] 	at java.base/java.lang.System.arraycopy(Native Method)
[junit] 	at ByteVector.putByteArray(ByteVector.java:242)
[junit] 	at TestByteVector.test(TestByteVector.java:12)
[junit] 	at java.base/jdk.internal.reflect.NativeMethodAccessorImpl.invoke0(Native Method)
[junit] 	at java.base/jdk.internal.reflect.NativeMethodAccessorImpl.invoke(NativeMethodAccessorImpl.java:77)
[junit] 	at java.base/jdk.internal.reflect.DelegatingMethodAccessorImpl.invoke(DelegatingMethodAccessorImpl.java:43)
[junit] 	at java.base/java.util.concurrent.FutureTask.run(FutureTask.java:264)
[junit] 	at java.base/java.lang.Thread.run(Thread.java:840)
[junit]
[junit] Test TestByteVector FAILED

BUILD SUCCESSFUL
Total time: 1 second
  "
861,mutants/mp/329/111/00000018/CharRange.java,91b0689f135be03a422075ada65be368,mutants/mp/329/111/00000018/CharRange.class,0,329,101,1,1,ASSUMED_NO,1195,0,2026-02-03 09:17:13,1,112,"[junit] Testcase: test took 0.01 sec
[junit] expected:<99> but was:<98>
[junit] junit.framework.AssertionFailedError: expected:<99> but was:<98>
[junit] 	at TestCharRange.test(TestCharRange.java:13)
[junit] 	at java.base/jdk.internal.reflect.NativeMethodAccessorImpl.invoke0(Native Method)
[junit] 	at java.base/jdk.internal.reflect.NativeMethodAccessorImpl.invoke(NativeMethodAccessorImpl.java:77)
[junit] 	at java.base/jdk.internal.reflect.DelegatingMethodAccessorImpl.invoke(DelegatingMethodAccessorImpl.java:43)
[junit] 	at java.base/java.util.concurrent.FutureTask.run(FutureTask.java:264)
[junit] 	at java.base/java.lang.Thread.run(Thread.java:840)
"
862,mutants/mp/334/107/00000018/CharRange.java,063a834cd4059867b183aac9cebad8a1,mutants/mp/334/107/00000018/CharRange.class,0,334,101,1,1,ASSUMED_NO,1189,0,2026-02-03 09:17:23,0,160,"[junit] Testcase: test took 0.007 sec
[junit] null
[junit] junit.framework.AssertionFailedError
[junit] 	at TestCharRange.test(TestCharRange.java:13)
[junit] 	at java.base/jdk.internal.reflect.NativeMethodAccessorImpl.invoke0(Native Method)
[junit] 	at java.base/jdk.internal.reflect.NativeMethodAccessorImpl.invoke(NativeMethodAccessorImpl.java:77)
[junit] 	at java.base/jdk.internal.reflect.DelegatingMethodAccessorImpl.invoke(DelegatingMethodAccessorImpl.java:43)
[junit] 	at java.base/java.util.concurrent.FutureTask.run(FutureTask.java:264)
[junit] 	at java.base/java.lang.Thread.run(Thread.java:840)
"
863,mutants/mp/333/105/00000022/ByteVector.java,202a75747900290a6dc0919d5896fd04,mutants/mp/333/105/00000022/ByteVector.class,0,333,100,1,1,ASSUMED_NO,1190,0,2026-02-03 09:17:25,3,238,"Buildfile: /srv/codedefenders-class-2026/build.xml

test-mutant:
[junit] Running TestByteVector
[junit] Testsuite: TestByteVector
[junit] Tests run: 1, Failures: 0, Errors: 1, Skipped: 0, Time elapsed: 0.027 sec
[junit] Tests run: 1, Failures: 0, Errors: 1, Skipped: 0, Time elapsed: 0.027 sec
[junit]
[junit] Testcase: test took 0.014 sec
[junit] 	Caused an ERROR
[junit] arraycopy: last destination index 4 out of bounds for byte[2]
[junit] java.lang.ArrayIndexOutOfBoundsException: arraycopy: last destination index 4 out of bounds for byte[2]
[junit] 	at java.base/java.lang.System.arraycopy(Native Method)
[junit] 	at ByteVector.putByteArray(ByteVector.java:242)
[junit] 	at TestByteVector.test(TestByteVector.java:12)
[junit] 	at java.base/jdk.internal.reflect.NativeMethodAccessorImpl.invoke0(Native Method)
[junit] 	at java.base/jdk.internal.reflect.NativeMethodAccessorImpl.invoke(NativeMethodAccessorImpl.java:77)
[junit] 	at java.base/jdk.internal.reflect.DelegatingMethodAccessorImpl.invoke(DelegatingMethodAccessorImpl.java:43)
[junit] 	at java.base/java.util.concurrent.FutureTask.run(FutureTask.java:264)
[junit] 	at java.base/java.lang.Thread.run(Thread.java:840)
[junit]
[junit] Test TestByteVector FAILED

BUILD SUCCESSFUL
Total time: 1 second
  "
864,mutants/mp/332/103/00000016/ByteVector.java,553d403dff5aaa83bca4418dff0b587d,mutants/mp/332/103/00000016/ByteVector.class,0,332,100,1,1,ASSUMED_NO,1192,0,2026-02-03 09:17:33,0,183,"[junit] Testcase: test took 0.01 sec
[junit] null
[junit] junit.framework.AssertionFailedError
[junit] 	at TestByteVector.test(TestByteVector.java:13)
[junit] 	at java.base/jdk.internal.reflect.NativeMethodAccessorImpl.invoke0(Native Method)
[junit] 	at java.base/jdk.internal.reflect.NativeMethodAccessorImpl.invoke(NativeMethodAccessorImpl.java:77)
[junit] 	at java.base/jdk.internal.reflect.DelegatingMethodAccessorImpl.invoke(DelegatingMethodAccessorImpl.java:43)
[junit] 	at java.base/java.util.concurrent.FutureTask.run(FutureTask.java:264)
[junit] 	at java.base/java.lang.Thread.run(Thread.java:840)
"
865,mutants/mp/329/111/00000019/CharRange.java,5d4f06514c46b7043b2037ceec24110c,mutants/mp/329/111/00000019/CharRange.class,1,329,101,1,,ASSUMED_NO,1195,0,2026-02-03 09:17:33,2,103,
866,mutants/mp/330/5/00000016/ByteVector.java,39f8f737fed0c0ce64f838874c1324fc,mutants/mp/330/5/00000016/ByteVector.class,0,330,100,1,1,ASSUMED_NO,1203,0,2026-02-03 09:17:35,0,"45,46,47,48","[junit] Testcase: test took 0.01 sec
[junit] arrays first differed at element [0]; expected:<127> but was:<126>
[junit] junit.framework.AssertionFailedError: arrays first differed at element [0]; expected:<127> but was:<126>
[junit] 	at TestByteVector.test(TestByteVector.java:13)
[junit] 	at java.base/jdk.internal.reflect.NativeMethodAccessorImpl.invoke0(Native Method)
[junit] 	at java.base/jdk.internal.reflect.NativeMethodAccessorImpl.invoke(NativeMethodAccessorImpl.java:77)
[junit] 	at java.base/jdk.internal.reflect.DelegatingMethodAccessorImpl.invoke(DelegatingMethodAccessorImpl.java:43)
[junit] 	at java.base/java.util.concurrent.FutureTask.run(FutureTask.java:264)
[junit] 	at java.base/java.lang.Thread.run(Thread.java:840)
[junit] Caused by: java.lang.AssertionError: expected:<127> but was:<126>
"
867,mutants/mp/334/107/00000019/CharRange.java,06413724cd70baa161ccd97acbb9a694,mutants/mp/334/107/00000019/CharRange.class,0,334,101,1,1,ASSUMED_NO,1189,0,2026-02-03 09:17:36,0,160,"[junit] Testcase: test took 0.008 sec
[junit] null
[junit] junit.framework.AssertionFailedError
[junit] 	at TestCharRange.test(TestCharRange.java:12)
[junit] 	at java.base/jdk.internal.reflect.NativeMethodAccessorImpl.invoke0(Native Method)
[junit] 	at java.base/jdk.internal.reflect.NativeMethodAccessorImpl.invoke(NativeMethodAccessorImpl.java:77)
[junit] 	at java.base/jdk.internal.reflect.DelegatingMethodAccessorImpl.invoke(DelegatingMethodAccessorImpl.java:43)
[junit] 	at java.base/java.util.concurrent.FutureTask.run(FutureTask.java:264)
[junit] 	at java.base/java.lang.Thread.run(Thread.java:840)
"
868,mutants/mp/331/5/00000015/ByteVector.java,b76709054f5d3a7b0b2f4e437741fb1a,mutants/mp/331/5/00000015/ByteVector.class,0,331,100,1,1,PROVEN_NO,1198,0,2026-02-03 09:17:37,4,"185,186,191,193,208,209,210","[junit] Testcase: test took 0.008 sec
[junit] expected:<65> but was:<-66>
[junit] junit.framework.AssertionFailedError: expected:<65> but was:<-66>
[junit] 	at TestByteVector.test(TestByteVector.java:13)
[junit] 	at java.base/jdk.internal.reflect.NativeMethodAccessorImpl.invoke0(Native Method)
[junit] 	at java.base/jdk.internal.reflect.NativeMethodAccessorImpl.invoke(NativeMethodAccessorImpl.java:77)
[junit] 	at java.base/jdk.internal.reflect.DelegatingMethodAccessorImpl.invoke(DelegatingMethodAccessorImpl.java:43)
[junit] 	at java.base/java.util.concurrent.FutureTask.run(FutureTask.java:264)
[junit] 	at java.base/java.lang.Thread.run(Thread.java:840)
"
869,mutants/mp/333/105/00000023/ByteVector.java,f3e6f22e5e001c45eed6123fbf4f3abd,mutants/mp/333/105/00000023/ByteVector.class,0,333,100,1,1,ASSUMED_NO,1190,0,2026-02-03 09:17:41,0,189,"Buildfile: /srv/codedefenders-class-2026/build.xml

test-mutant:
[junit] Running TestByteVector
[junit] Testsuite: TestByteVector
[junit] Tests run: 1, Failures: 0, Errors: 1, Skipped: 0, Time elapsed: 0.021 sec
[junit] Tests run: 1, Failures: 0, Errors: 1, Skipped: 0, Time elapsed: 0.021 sec
[junit]
[junit] Testcase: test took 0.007 sec
[junit] 	Caused an ERROR
[junit] index 1, length 1
[junit] java.lang.StringIndexOutOfBoundsException: index 1, length 1
[junit] 	at java.base/java.lang.String.checkIndex(String.java:4565)
[junit] 	at java.base/java.lang.StringUTF16.checkIndex(StringUTF16.java:1624)
[junit] 	at java.base/java.lang.StringUTF16.charAt(StringUTF16.java:1421)
[junit] 	at java.base/java.lang.String.charAt(String.java:1519)
[junit] 	at ByteVector.putUTF8(ByteVector.java:190)
[junit] 	at TestByteVector.test(TestByteVector.java:12)
[junit] 	at java.base/jdk.internal.reflect.NativeMethodAccessorImpl.invoke0(Native Method)
[junit] 	at java.base/jdk.internal.reflect.NativeMethodAccessorImpl.invoke(NativeMethodAccessorImpl.java:77)
[junit] 	at java.base/jdk.internal.reflect.DelegatingMethodAccessorImpl.invoke(DelegatingMethodAccessorImpl.java:43)
[junit] 	at java.base/java.util.concurrent.FutureTask.run(FutureTask.java:264)
[junit] 	at java.base/java.lang.Thread.run(Thread.java:840)
[junit]
[junit] Test TestByteVector FAILED

BUILD SUCCESSFUL
Total time: 0 seconds
  "
870,mutants/mp/336/5/00000013/CharRange.java,2fb342dcbb2caec517615fb8c883f99b,mutants/mp/336/5/00000013/CharRange.class,1,336,101,1,,ASSUMED_NO,1202,0,2026-02-03 09:17:49,1,"153,155,158,160",
871,mutants/mp/334/107/00000020/CharRange.java,59978cee7ade55a071ce78b0b317ce66,mutants/mp/334/107/00000020/CharRange.class,0,334,101,1,1,ASSUMED_NO,1189,0,2026-02-03 09:17:49,0,155,"[junit] Testcase: test took 0.01 sec
[junit] null
[junit] junit.framework.AssertionFailedError
[junit] 	at TestCharRange.test(TestCharRange.java:14)
[junit] 	at java.base/jdk.internal.reflect.NativeMethodAccessorImpl.invoke0(Native Method)
[junit] 	at java.base/jdk.internal.reflect.NativeMethodAccessorImpl.invoke(NativeMethodAccessorImpl.java:77)
[junit] 	at java.base/jdk.internal.reflect.DelegatingMethodAccessorImpl.invoke(DelegatingMethodAccessorImpl.java:43)
[junit] 	at java.base/java.util.concurrent.FutureTask.run(FutureTask.java:264)
[junit] 	at java.base/java.lang.Thread.run(Thread.java:840)
"
872,mutants/mp/332/103/00000017/ByteVector.java,a064d632ea831821a612364fa436cd18,,0,332,100,1,,ASSUMED_NO,1192,0,2026-02-03 09:17:56,0,148,
873,mutants/mp/334/107/00000021/CharRange.java,48cf49c427d57664ac5afea7530aba20,mutants/mp/334/107/00000021/CharRange.class,0,334,101,1,1,ASSUMED_NO,1189,0,2026-02-03 09:18:02,0,155,"[junit] Testcase: test took 0.007 sec
[junit] null
[junit] junit.framework.AssertionFailedError
[junit] 	at TestCharRange.test(TestCharRange.java:13)
[junit] 	at java.base/jdk.internal.reflect.NativeMethodAccessorImpl.invoke0(Native Method)
[junit] 	at java.base/jdk.internal.reflect.NativeMethodAccessorImpl.invoke(NativeMethodAccessorImpl.java:77)
[junit] 	at java.base/jdk.internal.reflect.DelegatingMethodAccessorImpl.invoke(DelegatingMethodAccessorImpl.java:43)
[junit] 	at java.base/java.util.concurrent.FutureTask.run(FutureTask.java:264)
[junit] 	at java.base/java.lang.Thread.run(Thread.java:840)
"
874,mutants/mp/329/111/00000020/CharRange.java,4f5b509d1fd39d791ed839d46d608971,mutants/mp/329/111/00000020/CharRange.class,1,329,101,1,,ASSUMED_NO,1195,0,2026-02-03 09:18:05,1,149,
875,mutants/mp/335/113/00000014/ByteVector.java,33b0b51262a1d673659828ce31c862a0,mutants/mp/335/113/00000014/ByteVector.class,0,335,100,1,1,ASSUMED_NO,1197,0,2026-02-03 09:18:06,4,222,"[junit] Testcase: test took 0.007 sec
[junit] expected:<4> but was:<0>
[junit] junit.framework.AssertionFailedError: expected:<4> but was:<0>
[junit] 	at TestByteVector.test(TestByteVector.java:12)
[junit] 	at java.base/jdk.internal.reflect.NativeMethodAccessorImpl.invoke0(Native Method)
[junit] 	at java.base/jdk.internal.reflect.NativeMethodAccessorImpl.invoke(NativeMethodAccessorImpl.java:77)
[junit] 	at java.base/jdk.internal.reflect.DelegatingMethodAccessorImpl.invoke(DelegatingMethodAccessorImpl.java:43)
[junit] 	at java.base/java.util.concurrent.FutureTask.run(FutureTask.java:264)
[junit] 	at java.base/java.lang.Thread.run(Thread.java:840)
"
876,mutants/mp/330/5/00000017/ByteVector.java,87805e6cd1558a5cd4bdf7d2e5119160,mutants/mp/330/5/00000017/ByteVector.class,1,330,100,1,,ASSUMED_NO,1203,0,2026-02-03 09:18:08,7,"185,191,193,208,210,219",
877,mutants/mp/331/5/00000016/ByteVector.java,4ac4b53499bcd07698380d878c4816d0,mutants/mp/331/5/00000016/ByteVector.class,0,331,100,1,1,ASSUMED_YES,1198,0,2026-02-03 09:18:08,0,"185,186,191,193,208,209,210",
878,mutants/mp/332/103/00000018/ByteVector.java,56d878de1ab6d4fe440f97a10e3c7a8c,mutants/mp/332/103/00000018/ByteVector.class,1,332,100,1,,ASSUMED_NO,1192,0,2026-02-03 09:18:08,6,148,
879,mutants/mp/328/109/00000022/CharRange.java,054cce5139c433796f13a6168a83c585,mutants/mp/328/109/00000022/CharRange.class,0,328,101,1,1,ASSUMED_NO,1196,0,2026-02-03 09:18:09,1,191,"[junit] Testcase: test took 0.008 sec
[junit] expected:<918> but was:<919>
[junit] junit.framework.AssertionFailedError: expected:<918> but was:<919>
[junit] 	at TestCharRange.test(TestCharRange.java:11)
[junit] 	at java.base/jdk.internal.reflect.NativeMethodAccessorImpl.invoke0(Native Method)
[junit] 	at java.base/jdk.internal.reflect.NativeMethodAccessorImpl.invoke(NativeMethodAccessorImpl.java:77)
[junit] 	at java.base/jdk.internal.reflect.DelegatingMethodAccessorImpl.invoke(DelegatingMethodAccessorImpl.java:43)
[junit] 	at java.base/java.util.concurrent.FutureTask.run(FutureTask.java:264)
[junit] 	at java.base/java.lang.Thread.run(Thread.java:840)
"
880,mutants/mp/334/107/00000022/CharRange.java,414d32c232c62c666d3021da8a2c3653,mutants/mp/334/107/00000022/CharRange.class,1,334,101,1,,ASSUMED_NO,1189,0,2026-02-03 09:18:15,4,153,
881,mutants/mp/336/5/00000014/CharRange.java,039d88778eb6ca5c230423dedc016524,mutants/mp/336/5/00000014/CharRange.class,1,336,101,1,,ASSUMED_NO,1202,0,2026-02-03 09:18:20,1,"153,155,158,160",
882,mutants/mp/332/103/00000019/ByteVector.java,6f67107ad572e257aadf385bf9522cc9,mutants/mp/332/103/00000019/ByteVector.class,1,332,100,1,,ASSUMED_NO,1192,0,2026-02-03 09:18:26,7,86,
883,mutants/mp/331/5/00000017/ByteVector.java,208b92aa5ab16ca5d23d709a1d11f71a,mutants/mp/331/5/00000017/ByteVector.class,0,331,100,1,1,ASSUMED_NO,1198,0,2026-02-03 09:18:34,0,48,"[junit] Testcase: test took 0.008 sec
[junit] expected:<98> but was:<99>
[junit] junit.framework.AssertionFailedError: expected:<98> but was:<99>
[junit] 	at TestByteVector.test(TestByteVector.java:11)
[junit] 	at java.base/jdk.internal.reflect.NativeMethodAccessorImpl.invoke0(Native Method)
[junit] 	at java.base/jdk.internal.reflect.NativeMethodAccessorImpl.invoke(NativeMethodAccessorImpl.java:77)
[junit] 	at java.base/jdk.internal.reflect.DelegatingMethodAccessorImpl.invoke(DelegatingMethodAccessorImpl.java:43)
[junit] 	at java.base/java.util.concurrent.FutureTask.run(FutureTask.java:264)
[junit] 	at java.base/java.lang.Thread.run(Thread.java:840)
"
884,mutants/mp/330/5/00000018/ByteVector.java,8a7f92a5a6791feb3c33edde651ca92d,mutants/mp/330/5/00000018/ByteVector.class,1,330,100,1,,ASSUMED_NO,1203,0,2026-02-03 09:18:38,7,"182,185,191,193,200,208,210",
885,mutants/mp/328/109/00000023/CharRange.java,6de05ff4108667840a72d7545b25030a,mutants/mp/328/109/00000023/CharRange.class,1,328,101,1,,ASSUMED_NO,1196,0,2026-02-03 09:18:42,1,149,
886,mutants/mp/329/111/00000021/CharRange.java,645a6cc49774de36d8d917b6d68cd8dd,mutants/mp/329/111/00000021/CharRange.class,0,329,101,1,1,ASSUMED_NO,1195,0,2026-02-03 09:18:48,1,158,"[junit] Testcase: test took 0.018 sec
[junit] null
[junit] junit.framework.AssertionFailedError
[junit] 	at TestCharRange.test(TestCharRange.java:13)
[junit] 	at java.base/jdk.internal.reflect.NativeMethodAccessorImpl.invoke0(Native Method)
[junit] 	at java.base/jdk.internal.reflect.NativeMethodAccessorImpl.invoke(NativeMethodAccessorImpl.java:77)
[junit] 	at java.base/jdk.internal.reflect.DelegatingMethodAccessorImpl.invoke(DelegatingMethodAccessorImpl.java:43)
[junit] 	at java.base/java.util.concurrent.FutureTask.run(FutureTask.java:264)
[junit] 	at java.base/java.lang.Thread.run(Thread.java:840)
"
887,mutants/mp/328/109/00000024/CharRange.java,34712018dab36da529396d6f261d33c3,mutants/mp/328/109/00000024/CharRange.class,0,328,101,1,1,ASSUMED_NO,1196,0,2026-02-03 09:18:54,1,151,"[junit] Testcase: test took 0.009 sec
[junit] null
[junit] junit.framework.AssertionFailedError
[junit] 	at TestCharRange.test(TestCharRange.java:11)
[junit] 	at java.base/jdk.internal.reflect.NativeMethodAccessorImpl.invoke0(Native Method)
[junit] 	at java.base/jdk.internal.reflect.NativeMethodAccessorImpl.invoke(NativeMethodAccessorImpl.java:77)
[junit] 	at java.base/jdk.internal.reflect.DelegatingMethodAccessorImpl.invoke(DelegatingMethodAccessorImpl.java:43)
[junit] 	at java.base/java.util.concurrent.FutureTask.run(FutureTask.java:264)
[junit] 	at java.base/java.lang.Thread.run(Thread.java:840)
"
888,mutants/mp/328/109/00000025/CharRange.java,f55335297a73b6d00cbbba78b0afaa2f,mutants/mp/328/109/00000025/CharRange.class,1,328,101,1,,ASSUMED_NO,1196,0,2026-02-03 09:19:00,1,152,
889,mutants/mp/336/5/00000015/CharRange.java,a82efb315d8102bf73cdd46dc7e6c1c3,mutants/mp/336/5/00000015/CharRange.class,1,336,101,1,,ASSUMED_NO,1202,0,2026-02-03 09:19:05,1,"153,155,158,160",
890,mutants/mp/331/5/00000018/ByteVector.java,23c463fb933f1141539504e60b1a1586,mutants/mp/331/5/00000018/ByteVector.class,0,331,100,1,1,PROVEN_NO,1198,0,2026-02-03 09:19:08,4,"185,191,193,199,208,210",
891,mutants/mp/330/5/00000019/ByteVector.java,467cc7b8d2a2ac97ade56caec1c417e4,mutants/mp/330/5/00000019/ByteVector.class,0,330,100,1,1,ASSUMED_NO,1203,0,2026-02-03 09:19:10,1,"185,191,193,208,210,223","[junit] Testcase: test took 0.011 sec
[junit] arrays first differed at element [6]; expected:<111> but was:<110>
[junit] junit.framework.AssertionFailedError: arrays first differed at element [6]; expected:<111> but was:<110>
[junit] 	at TestByteVector.test(TestByteVector.java:13)
[junit] 	at java.base/jdk.internal.reflect.NativeMethodAccessorImpl.invoke0(Native Method)
[junit] 	at java.base/jdk.internal.reflect.NativeMethodAccessorImpl.invoke(NativeMethodAccessorImpl.java:77)
[junit] 	at java.base/jdk.internal.reflect.DelegatingMethodAccessorImpl.invoke(DelegatingMethodAccessorImpl.java:43)
[junit] 	at java.base/java.util.concurrent.FutureTask.run(FutureTask.java:264)
[junit] 	at java.base/java.lang.Thread.run(Thread.java:840)
[junit] Caused by: java.lang.AssertionError: expected:<111> but was:<110>
"
892,mutants/mp/328/109/00000026/CharRange.java,414d32c232c62c666d3021da8a2c3653,mutants/mp/328/109/00000026/CharRange.class,1,328,101,1,,ASSUMED_NO,1196,0,2026-02-03 09:19:12,1,153,
893,mutants/mp/335/113/00000015/ByteVector.java,59a67a0b52c1d309593ee5015fae1322,mutants/mp/335/113/00000015/ByteVector.class,0,335,100,1,1,ASSUMED_NO,1197,0,2026-02-03 09:19:13,2,102,"[junit] Testcase: test took 0.007 sec
[junit] expected:<3> but was:<6>
[junit] junit.framework.AssertionFailedError: expected:<3> but was:<6>
[junit] 	at TestByteVector.test(TestByteVector.java:13)
[junit] 	at java.base/jdk.internal.reflect.NativeMethodAccessorImpl.invoke0(Native Method)
[junit] 	at java.base/jdk.internal.reflect.NativeMethodAccessorImpl.invoke(NativeMethodAccessorImpl.java:77)
[junit] 	at java.base/jdk.internal.reflect.DelegatingMethodAccessorImpl.invoke(DelegatingMethodAccessorImpl.java:43)
[junit] 	at java.base/java.util.concurrent.FutureTask.run(FutureTask.java:264)
[junit] 	at java.base/java.lang.Thread.run(Thread.java:840)
"
894,mutants/mp/328/109/00000027/CharRange.java,ccda41d5bb62ae32053c3cf26daa470e,mutants/mp/328/109/00000027/CharRange.class,1,328,101,1,,ASSUMED_NO,1196,0,2026-02-03 09:19:25,1,153,
895,mutants/mp/332/103/00000020/ByteVector.java,3a175bc93b94915e00881a4f7bc956af,mutants/mp/332/103/00000020/ByteVector.class,0,332,100,1,1,ASSUMED_NO,1192,0,2026-02-03 09:19:25,0,"149,150,153,154,155","[junit] Testcase: test took 0.01 sec
[junit] arrays first differed at element [6]; expected:<3> but was:<117>
[junit] junit.framework.AssertionFailedError: arrays first differed at element [6]; expected:<3> but was:<117>
[junit] 	at TestByteVector.test(TestByteVector.java:15)
[junit] 	at java.base/jdk.internal.reflect.NativeMethodAccessorImpl.invoke0(Native Method)
[junit] 	at java.base/jdk.internal.reflect.NativeMethodAccessorImpl.invoke(NativeMethodAccessorImpl.java:77)
[junit] 	at java.base/jdk.internal.reflect.DelegatingMethodAccessorImpl.invoke(DelegatingMethodAccessorImpl.java:43)
[junit] 	at java.base/java.util.concurrent.FutureTask.run(FutureTask.java:264)
[junit] 	at java.base/java.lang.Thread.run(Thread.java:840)
[junit] Caused by: java.lang.AssertionError: expected:<3> but was:<117>
"
896,mutants/mp/334/107/00000023/CharRange.java,bbd95a2f02049354df4309ff4a778ca4,,0,334,101,1,,ASSUMED_NO,1189,0,2026-02-03 09:19:33,0,54,
897,mutants/mp/336/5/00000016/CharRange.java,146012e218d0120d97910d88f35405fb,mutants/mp/336/5/00000016/CharRange.class,1,336,101,1,,ASSUMED_NO,1202,0,2026-02-03 09:19:35,1,"153,160",
898,mutants/mp/329/111/00000022/CharRange.java,8ea82e0ee994e62caa69adfacbf9e89a,mutants/mp/329/111/00000022/CharRange.class,0,329,101,1,1,ASSUMED_NO,1195,0,2026-02-03 09:19:39,1,157,"[junit] Testcase: test took 0.018 sec
[junit] null
[junit] junit.framework.AssertionFailedError
[junit] 	at TestCharRange.test(TestCharRange.java:13)
[junit] 	at java.base/jdk.internal.reflect.NativeMethodAccessorImpl.invoke0(Native Method)
[junit] 	at java.base/jdk.internal.reflect.NativeMethodAccessorImpl.invoke(NativeMethodAccessorImpl.java:77)
[junit] 	at java.base/jdk.internal.reflect.DelegatingMethodAccessorImpl.invoke(DelegatingMethodAccessorImpl.java:43)
[junit] 	at java.base/java.util.concurrent.FutureTask.run(FutureTask.java:264)
[junit] 	at java.base/java.lang.Thread.run(Thread.java:840)
"
899,mutants/mp/328/109/00000028/CharRange.java,23e65ee1b461db69ccd5977738bf1117,mutants/mp/328/109/00000028/CharRange.class,1,328,101,1,,ASSUMED_NO,1196,0,2026-02-03 09:19:39,1,158,
900,mutants/mp/334/107/00000024/CharRange.java,34a3f505fa0a1ac03fc2fcf2bf19e5d5,,0,334,101,1,,ASSUMED_NO,1189,0,2026-02-03 09:19:50,0,54,
901,mutants/mp/333/105/00000024/ByteVector.java,d6cb10b3696390f0d70e6471f32a5148,mutants/mp/333/105/00000024/ByteVector.class,0,333,100,1,1,ASSUMED_NO,1190,0,2026-02-03 09:19:50,1,192,"[junit] Testcase: test took 0.009 sec
[junit] arrays first differed at element [1]; expected:<11> but was:<9>
[junit] junit.framework.AssertionFailedError: arrays first differed at element [1]; expected:<11> but was:<9>
[junit] 	at TestByteVector.test(TestByteVector.java:25)
[junit] 	at java.base/jdk.internal.reflect.NativeMethodAccessorImpl.invoke0(Native Method)
[junit] 	at java.base/jdk.internal.reflect.NativeMethodAccessorImpl.invoke(NativeMethodAccessorImpl.java:77)
[junit] 	at java.base/jdk.internal.reflect.DelegatingMethodAccessorImpl.invoke(DelegatingMethodAccessorImpl.java:43)
[junit] 	at java.base/java.util.concurrent.FutureTask.run(FutureTask.java:264)
[junit] 	at java.base/java.lang.Thread.run(Thread.java:840)
[junit] Caused by: java.lang.AssertionError: expected:<11> but was:<9>
"
902,mutants/mp/331/5/00000019/ByteVector.java,e82422eeb0a163403ca8ebc61286238d,mutants/mp/331/5/00000019/ByteVector.class,0,331,100,1,1,ASSUMED_NO,1198,0,2026-02-03 09:19:53,3,"185,191,193,199,200,208,210,219","[junit] Testcase: test took 0.009 sec
[junit] expected:<11> but was:<12>
[junit] junit.framework.AssertionFailedError: expected:<11> but was:<12>
[junit] 	at TestByteVector.test(TestByteVector.java:13)
[junit] 	at java.base/jdk.internal.reflect.NativeMethodAccessorImpl.invoke0(Native Method)
[junit] 	at java.base/jdk.internal.reflect.NativeMethodAccessorImpl.invoke(NativeMethodAccessorImpl.java:77)
[junit] 	at java.base/jdk.internal.reflect.DelegatingMethodAccessorImpl.invoke(DelegatingMethodAccessorImpl.java:43)
[junit] 	at java.base/java.util.concurrent.FutureTask.run(FutureTask.java:264)
[junit] 	at java.base/java.lang.Thread.run(Thread.java:840)
"
903,mutants/mp/330/5/00000020/ByteVector.java,f9779b93bfde7ad638d9744b86009d7e,mutants/mp/330/5/00000020/ByteVector.class,0,330,100,1,1,ASSUMED_NO,1203,0,2026-02-03 09:19:54,1,"181,185,191,193,199,208,210,211,212,213,215,216,222","[junit] Testcase: test took 0.008 sec
[junit] expected:<7> but was:<6>
[junit] junit.framework.AssertionFailedError: expected:<7> but was:<6>
[junit] 	at TestByteVector.test(TestByteVector.java:12)
[junit] 	at java.base/jdk.internal.reflect.NativeMethodAccessorImpl.invoke0(Native Method)
[junit] 	at java.base/jdk.internal.reflect.NativeMethodAccessorImpl.invoke(NativeMethodAccessorImpl.java:77)
[junit] 	at java.base/jdk.internal.reflect.DelegatingMethodAccessorImpl.invoke(DelegatingMethodAccessorImpl.java:43)
[junit] 	at java.base/java.util.concurrent.FutureTask.run(FutureTask.java:264)
[junit] 	at java.base/java.lang.Thread.run(Thread.java:840)
"
904,mutants/mp/332/103/00000021/ByteVector.java,9f245446c0a733c9d90caa3466850f15,mutants/mp/332/103/00000021/ByteVector.class,0,332,100,1,1,DECLARED_YES,1192,0,2026-02-03 09:20:07,0,256,
905,mutants/mp/334/107/00000025/CharRange.java,67d381f7a862b3753eca6ef6af3d8108,mutants/mp/334/107/00000025/CharRange.class,0,334,101,1,1,ASSUMED_NO,1189,0,2026-02-03 09:20:07,0,174,"[junit] Testcase: test took 0.008 sec
[junit] null
[junit] junit.framework.AssertionFailedError
[junit] 	at TestCharRange.test(TestCharRange.java:12)
[junit] 	at java.base/jdk.internal.reflect.NativeMethodAccessorImpl.invoke0(Native Method)
[junit] 	at java.base/jdk.internal.reflect.NativeMethodAccessorImpl.invoke(NativeMethodAccessorImpl.java:77)
[junit] 	at java.base/jdk.internal.reflect.DelegatingMethodAccessorImpl.invoke(DelegatingMethodAccessorImpl.java:43)
[junit] 	at java.base/java.util.concurrent.FutureTask.run(FutureTask.java:264)
[junit] 	at java.base/java.lang.Thread.run(Thread.java:840)
"
906,mutants/mp/336/5/00000017/CharRange.java,45a8676be23e767e5cc3840548411c00,mutants/mp/336/5/00000017/CharRange.class,1,336,101,1,,ASSUMED_NO,1202,0,2026-02-03 09:20:20,1,"153,155,158,160",
907,mutants/mp/334/107/00000026/CharRange.java,17f0a7fe5144ab75df5ac9bad895a449,mutants/mp/334/107/00000026/CharRange.class,0,334,101,1,1,ASSUMED_NO,1189,0,2026-02-03 09:20:21,0,136,"[junit] Testcase: test took 0.012 sec
[junit] null
[junit] junit.framework.AssertionFailedError
[junit] 	at TestCharRange.test(TestCharRange.java:12)
[junit] 	at java.base/jdk.internal.reflect.NativeMethodAccessorImpl.invoke0(Native Method)
[junit] 	at java.base/jdk.internal.reflect.NativeMethodAccessorImpl.invoke(NativeMethodAccessorImpl.java:77)
[junit] 	at java.base/jdk.internal.reflect.DelegatingMethodAccessorImpl.invoke(DelegatingMethodAccessorImpl.java:43)
[junit] 	at java.base/java.util.concurrent.FutureTask.run(FutureTask.java:264)
[junit] 	at java.base/java.lang.Thread.run(Thread.java:840)
"
908,mutants/mp/332/103/00000022/ByteVector.java,5027afe394c77fe03977eb467fb55c43,mutants/mp/332/103/00000022/ByteVector.class,0,332,100,1,1,ASSUMED_NO,1192,0,2026-02-03 09:20:28,0,87,"[junit] Testcase: test took 0.009 sec
[junit] arrays first differed at element [1]; expected:<52> but was:<-104>
[junit] junit.framework.AssertionFailedError: arrays first differed at element [1]; expected:<52> but was:<-104>
[junit] 	at TestByteVector.test(TestByteVector.java:13)
[junit] 	at java.base/jdk.internal.reflect.NativeMethodAccessorImpl.invoke0(Native Method)
[junit] 	at java.base/jdk.internal.reflect.NativeMethodAccessorImpl.invoke(NativeMethodAccessorImpl.java:77)
[junit] 	at java.base/jdk.internal.reflect.DelegatingMethodAccessorImpl.invoke(DelegatingMethodAccessorImpl.java:43)
[junit] 	at java.base/java.util.concurrent.FutureTask.run(FutureTask.java:264)
[junit] 	at java.base/java.lang.Thread.run(Thread.java:840)
[junit] Caused by: java.lang.AssertionError: expected:<52> but was:<-104>
"
909,mutants/mp/328/109/00000029/CharRange.java,3a29db0914fc0793a5e39f51a7085683,mutants/mp/328/109/00000029/CharRange.class,1,328,101,1,,ASSUMED_NO,1196,0,2026-02-03 09:20:42,1,177,
910,mutants/mp/332/103/00000023/ByteVector.java,94f982b32969769a9ead5286094d2397,,0,332,100,1,,ASSUMED_NO,1192,0,2026-02-03 09:20:49,0,"185,191,208",
911,mutants/mp/336/5/00000018/CharRange.java,42c19ebc51a5a48d2aa44f59bf73f0ec,mutants/mp/336/5/00000018/CharRange.class,1,336,101,1,,ASSUMED_NO,1202,0,2026-02-03 09:20:50,1,"155,158,160",
912,mutants/mp/334/107/00000027/CharRange.java,998640215bc31581eb080dc5d4401713,mutants/mp/334/107/00000027/CharRange.class,0,334,101,1,1,ASSUMED_NO,1189,0,2026-02-03 09:20:52,0,177,"[junit] Testcase: test took 0.009 sec
[junit] null
[junit] junit.framework.AssertionFailedError
[junit] 	at TestCharRange.test(TestCharRange.java:13)
[junit] 	at java.base/jdk.internal.reflect.NativeMethodAccessorImpl.invoke0(Native Method)
[junit] 	at java.base/jdk.internal.reflect.NativeMethodAccessorImpl.invoke(NativeMethodAccessorImpl.java:77)
[junit] 	at java.base/jdk.internal.reflect.DelegatingMethodAccessorImpl.invoke(DelegatingMethodAccessorImpl.java:43)
[junit] 	at java.base/java.util.concurrent.FutureTask.run(FutureTask.java:264)
[junit] 	at java.base/java.lang.Thread.run(Thread.java:840)
"
913,mutants/mp/330/5/00000021/ByteVector.java,c1e4d015520bc66911766babac1bb60d,mutants/mp/330/5/00000021/ByteVector.class,0,330,100,1,1,ASSUMED_NO,1203,0,2026-02-03 09:20:54,1,"182,185,191,193,200,208,210","[junit] Testcase: test took 0.013 sec
[junit] arrays first differed at element [1]; expected:<5> but was:<6>
[junit] junit.framework.AssertionFailedError: arrays first differed at element [1]; expected:<5> but was:<6>
[junit] 	at TestByteVector.test(TestByteVector.java:13)
[junit] 	at java.base/jdk.internal.reflect.NativeMethodAccessorImpl.invoke0(Native Method)
[junit] 	at java.base/jdk.internal.reflect.NativeMethodAccessorImpl.invoke(NativeMethodAccessorImpl.java:77)
[junit] 	at java.base/jdk.internal.reflect.DelegatingMethodAccessorImpl.invoke(DelegatingMethodAccessorImpl.java:43)
[junit] 	at java.base/java.util.concurrent.FutureTask.run(FutureTask.java:264)
[junit] 	at java.base/java.lang.Thread.run(Thread.java:840)
[junit] Caused by: java.lang.AssertionError: expected:<5> but was:<6>
"
914,mutants/mp/335/113/00000016/ByteVector.java,4fd12995752ad31fab4be998aad7db09,mutants/mp/335/113/00000016/ByteVector.class,0,335,100,1,1,ASSUMED_NO,1197,0,2026-02-03 09:21:07,3,109,"[junit] Testcase: test took 0.007 sec
[junit] expected:<3> but was:<6>
[junit] junit.framework.AssertionFailedError: expected:<3> but was:<6>
[junit] 	at TestByteVector.test(TestByteVector.java:13)
[junit] 	at java.base/jdk.internal.reflect.NativeMethodAccessorImpl.invoke0(Native Method)
[junit] 	at java.base/jdk.internal.reflect.NativeMethodAccessorImpl.invoke(NativeMethodAccessorImpl.java:77)
[junit] 	at java.base/jdk.internal.reflect.DelegatingMethodAccessorImpl.invoke(DelegatingMethodAccessorImpl.java:43)
[junit] 	at java.base/java.util.concurrent.FutureTask.run(FutureTask.java:264)
[junit] 	at java.base/java.lang.Thread.run(Thread.java:840)
"
915,mutants/mp/331/5/00000020/ByteVector.java,43b5d876e356bf5643dc21be1178e361,mutants/mp/331/5/00000020/ByteVector.class,0,331,100,1,1,PROVEN_NO,1198,0,2026-02-03 09:21:08,4,"185,186,191,193,208,209,210","[junit] Testcase: test took 0.007 sec
[junit] expected:<65> but was:<-63>
[junit] junit.framework.AssertionFailedError: expected:<65> but was:<-63>
[junit] 	at TestByteVector.test(TestByteVector.java:13)
[junit] 	at java.base/jdk.internal.reflect.NativeMethodAccessorImpl.invoke0(Native Method)
[junit] 	at java.base/jdk.internal.reflect.NativeMethodAccessorImpl.invoke(NativeMethodAccessorImpl.java:77)
[junit] 	at java.base/jdk.internal.reflect.DelegatingMethodAccessorImpl.invoke(DelegatingMethodAccessorImpl.java:43)
[junit] 	at java.base/java.util.concurrent.FutureTask.run(FutureTask.java:264)
[junit] 	at java.base/java.lang.Thread.run(Thread.java:840)
"
916,mutants/mp/333/105/00000025/ByteVector.java,38cd0eb731290ecb08c9b0aa404d9633,mutants/mp/333/105/00000025/ByteVector.class,1,333,100,1,,ASSUMED_NO,1190,0,2026-02-03 09:21:09,9,238,
917,mutants/mp/332/103/00000024/ByteVector.java,ce0b3678d08feacda069b9cf9daa5902,mutants/mp/332/103/00000024/ByteVector.class,0,332,100,1,1,ASSUMED_YES,1192,0,2026-02-03 09:21:11,0,"185,191,208",
918,mutants/mp/334/107/00000028/CharRange.java,509350cf7195a717c6388fc42b60e67d,mutants/mp/334/107/00000028/CharRange.class,0,334,101,1,1,ASSUMED_NO,1189,0,2026-02-03 09:21:12,0,201,"[junit] Testcase: test took 0.009 sec
[junit] expected:<a> but was:<null>
[junit] junit.framework.AssertionFailedError: expected:<a> but was:<null>
[junit] 	at TestCharRange.test(TestCharRange.java:13)
[junit] 	at java.base/jdk.internal.reflect.NativeMethodAccessorImpl.invoke0(Native Method)
[junit] 	at java.base/jdk.internal.reflect.NativeMethodAccessorImpl.invoke(NativeMethodAccessorImpl.java:77)
[junit] 	at java.base/jdk.internal.reflect.DelegatingMethodAccessorImpl.invoke(DelegatingMethodAccessorImpl.java:43)
[junit] 	at java.base/java.util.concurrent.FutureTask.run(FutureTask.java:264)
[junit] 	at java.base/java.lang.Thread.run(Thread.java:840)
"
919,mutants/mp/328/109/00000030/CharRange.java,74564491a9eac1962ee3a24ea91d9d6c,mutants/mp/328/109/00000030/CharRange.class,1,328,101,1,,ASSUMED_NO,1196,0,2026-02-03 09:21:18,1,181,
920,mutants/mp/334/107/00000029/CharRange.java,29368a8ab8046a0d71c379a77d59c28a,mutants/mp/334/107/00000029/CharRange.class,0,334,101,1,1,ASSUMED_NO,1189,0,2026-02-03 09:21:22,0,201,"[junit] Testcase: test took 0.008 sec
[junit] expected same:<a> was not:<a>
[junit] junit.framework.AssertionFailedError: expected same:<a> was not:<a>
[junit] 	at TestCharRange.test(TestCharRange.java:14)
[junit] 	at java.base/jdk.internal.reflect.NativeMethodAccessorImpl.invoke0(Native Method)
[junit] 	at java.base/jdk.internal.reflect.NativeMethodAccessorImpl.invoke(NativeMethodAccessorImpl.java:77)
[junit] 	at java.base/jdk.internal.reflect.DelegatingMethodAccessorImpl.invoke(DelegatingMethodAccessorImpl.java:43)
[junit] 	at java.base/java.util.concurrent.FutureTask.run(FutureTask.java:264)
[junit] 	at java.base/java.lang.Thread.run(Thread.java:840)
"
921,mutants/mp/333/105/00000026/ByteVector.java,94d05307ac5b492e0d82288a6a89a1c8,mutants/mp/333/105/00000026/ByteVector.class,1,333,100,1,,ASSUMED_NO,1190,0,2026-02-03 09:21:28,4,172,
922,mutants/mp/332/103/00000025/ByteVector.java,780601d88e44d9547025ce248dbcd08a,mutants/mp/332/103/00000025/ByteVector.class,0,332,100,1,1,ASSUMED_YES,1192,0,2026-02-03 09:21:30,0,"185,193",
923,mutants/mp/334/107/00000030/CharRange.java,dfcb0dc675c14fa53288328d5796059d,mutants/mp/334/107/00000030/CharRange.class,0,334,101,1,1,ASSUMED_NO,1189,0,2026-02-03 09:21:34,0,201,"[junit] Testcase: test took 0.007 sec
[junit] expected:<^a-c> but was:<null>
[junit] junit.framework.AssertionFailedError: expected:<^a-c> but was:<null>
[junit] 	at TestCharRange.test(TestCharRange.java:11)
[junit] 	at java.base/jdk.internal.reflect.NativeMethodAccessorImpl.invoke0(Native Method)
[junit] 	at java.base/jdk.internal.reflect.NativeMethodAccessorImpl.invoke(NativeMethodAccessorImpl.java:77)
[junit] 	at java.base/jdk.internal.reflect.DelegatingMethodAccessorImpl.invoke(DelegatingMethodAccessorImpl.java:43)
[junit] 	at java.base/java.util.concurrent.FutureTask.run(FutureTask.java:264)
[junit] 	at java.base/java.lang.Thread.run(Thread.java:840)
"
924,mutants/mp/336/5/00000019/CharRange.java,5cdbcd4e907c905ad9ef83fb2bbf1fa0,mutants/mp/336/5/00000019/CharRange.class,1,336,101,1,,ASSUMED_NO,1202,0,2026-02-03 09:21:34,1,"153,155,158,160",
925,mutants/mp/331/5/00000021/ByteVector.java,b72fbf5129564ed0d5140d979ca72f45,mutants/mp/331/5/00000021/ByteVector.class,0,331,100,1,1,ASSUMED_NO,1198,0,2026-02-03 09:21:37,1,"185,191,193,208,210,223","Buildfile: /srv/codedefenders-class-2026/build.xml

test-mutant:
[junit] Running TestByteVector
[junit] Testsuite: TestByteVector
[junit] Tests run: 1, Failures: 0, Errors: 1, Skipped: 0, Time elapsed: 0.027 sec
[junit] Tests run: 1, Failures: 0, Errors: 1, Skipped: 0, Time elapsed: 0.027 sec
[junit]
[junit] Testcase: test took 0.007 sec
[junit] 	Caused an ERROR
[junit] Cannot read field ""data"" because ""bb"" is null
[junit] java.lang.NullPointerException: Cannot read field ""data"" because ""bb"" is null
[junit] 	at TestByteVector.test(TestByteVector.java:12)
[junit] 	at java.base/jdk.internal.reflect.NativeMethodAccessorImpl.invoke0(Native Method)
[junit] 	at java.base/jdk.internal.reflect.NativeMethodAccessorImpl.invoke(NativeMethodAccessorImpl.java:77)
[junit] 	at java.base/jdk.internal.reflect.DelegatingMethodAccessorImpl.invoke(DelegatingMethodAccessorImpl.java:43)
[junit] 	at java.base/java.util.concurrent.FutureTask.run(FutureTask.java:264)
[junit] 	at java.base/java.lang.Thread.run(Thread.java:840)
[junit]
[junit] Test TestByteVector FAILED

BUILD SUCCESSFUL
Total time: 1 second
  "
926,mutants/mp/330/5/00000022/ByteVector.java,88d4445cf0ea496b71eaac3a303ce8ce,mutants/mp/330/5/00000022/ByteVector.class,0,330,100,1,1,ASSUMED_NO,1203,0,2026-02-03 09:21:38,5,"185,191,193,208,210,219","[junit] Testcase: test took 0.014 sec
[junit] expected:<6> but was:<5>
[junit] junit.framework.AssertionFailedError: expected:<6> but was:<5>
[junit] 	at TestByteVector.test(TestByteVector.java:12)
[junit] 	at java.base/jdk.internal.reflect.NativeMethodAccessorImpl.invoke0(Native Method)
[junit] 	at java.base/jdk.internal.reflect.NativeMethodAccessorImpl.invoke(NativeMethodAccessorImpl.java:77)
[junit] 	at java.base/jdk.internal.reflect.DelegatingMethodAccessorImpl.invoke(DelegatingMethodAccessorImpl.java:43)
[junit] 	at java.base/java.util.concurrent.FutureTask.run(FutureTask.java:264)
[junit] 	at java.base/java.lang.Thread.run(Thread.java:840)
"
927,mutants/mp/329/111/00000023/CharRange.java,7e80f2fece6869fdd76151c7d9a2fe32,mutants/mp/329/111/00000023/CharRange.class,0,329,101,1,1,ASSUMED_NO,1195,0,2026-02-03 09:21:38,1,174,"[junit] Testcase: test took 0.014 sec
[junit] null
[junit] junit.framework.AssertionFailedError
[junit] 	at TestCharRange.test(TestCharRange.java:14)
[junit] 	at java.base/jdk.internal.reflect.NativeMethodAccessorImpl.invoke0(Native Method)
[junit] 	at java.base/jdk.internal.reflect.NativeMethodAccessorImpl.invoke(NativeMethodAccessorImpl.java:77)
[junit] 	at java.base/jdk.internal.reflect.DelegatingMethodAccessorImpl.invoke(DelegatingMethodAccessorImpl.java:43)
[junit] 	at java.base/java.util.concurrent.FutureTask.run(FutureTask.java:264)
[junit] 	at java.base/java.lang.Thread.run(Thread.java:840)
"
928,mutants/mp/334/107/00000031/CharRange.java,eeb0f0d511a42d590e82058063252214,mutants/mp/334/107/00000031/CharRange.class,0,334,101,1,1,ASSUMED_NO,1189,0,2026-02-03 09:21:46,0,207,"[junit] Testcase: test took 0.01 sec
[junit] expected:<a[]> but was:<a[-a]>
[junit] junit.framework.AssertionFailedError: expected:<a[]> but was:<a[-a]>
[junit] 	at TestCharRange.test(TestCharRange.java:13)
[junit] 	at java.base/jdk.internal.reflect.NativeMethodAccessorImpl.invoke0(Native Method)
[junit] 	at java.base/jdk.internal.reflect.NativeMethodAccessorImpl.invoke(NativeMethodAccessorImpl.java:77)
[junit] 	at java.base/jdk.internal.reflect.DelegatingMethodAccessorImpl.invoke(DelegatingMethodAccessorImpl.java:43)
[junit] 	at java.base/java.util.concurrent.FutureTask.run(FutureTask.java:264)
[junit] 	at java.base/java.lang.Thread.run(Thread.java:840)
"
929,mutants/mp/333/105/00000027/ByteVector.java,e57a7670504226d0c4773c0d88e02fd4,mutants/mp/333/105/00000027/ByteVector.class,1,333,100,1,,ASSUMED_NO,1190,0,2026-02-03 09:21:47,3,123,
930,mutants/mp/332/103/00000026/ByteVector.java,74c719383c2e9edba759e845c4ad63ab,mutants/mp/332/103/00000026/ByteVector.class,1,332,100,1,,ASSUMED_NO,1192,0,2026-02-03 09:21:48,6,107,
931,mutants/mp/329/111/00000024/CharRange.java,3a29db0914fc0793a5e39f51a7085683,mutants/mp/329/111/00000024/CharRange.class,0,329,101,1,1,ASSUMED_NO,1195,0,2026-02-03 09:21:53,1,177,"[junit] Testcase: test took 0.016 sec
[junit] null
[junit] junit.framework.AssertionFailedError
[junit] 	at TestCharRange.test(TestCharRange.java:13)
[junit] 	at java.base/jdk.internal.reflect.NativeMethodAccessorImpl.invoke0(Native Method)
[junit] 	at java.base/jdk.internal.reflect.NativeMethodAccessorImpl.invoke(NativeMethodAccessorImpl.java:77)
[junit] 	at java.base/jdk.internal.reflect.DelegatingMethodAccessorImpl.invoke(DelegatingMethodAccessorImpl.java:43)
[junit] 	at java.base/java.util.concurrent.FutureTask.run(FutureTask.java:264)
[junit] 	at java.base/java.lang.Thread.run(Thread.java:840)
"
932,mutants/mp/334/107/00000032/CharRange.java,1ef1b42fabc9c4b6b04216f1ff903bd1,mutants/mp/334/107/00000032/CharRange.class,0,334,101,1,1,ASSUMED_NO,1189,0,2026-02-03 09:21:59,0,207,"[junit] Testcase: test took 0.009 sec
[junit] expected:<^a[-c]> but was:<^a[]>
[junit] junit.framework.AssertionFailedError: expected:<^a[-c]> but was:<^a[]>
[junit] 	at TestCharRange.test(TestCharRange.java:11)
[junit] 	at java.base/jdk.internal.reflect.NativeMethodAccessorImpl.invoke0(Native Method)
[junit] 	at java.base/jdk.internal.reflect.NativeMethodAccessorImpl.invoke(NativeMethodAccessorImpl.java:77)
[junit] 	at java.base/jdk.internal.reflect.DelegatingMethodAccessorImpl.invoke(DelegatingMethodAccessorImpl.java:43)
[junit] 	at java.base/java.util.concurrent.FutureTask.run(FutureTask.java:264)
[junit] 	at java.base/java.lang.Thread.run(Thread.java:840)
"
933,mutants/mp/328/109/00000031/CharRange.java,48cf49c427d57664ac5afea7530aba20,mutants/mp/328/109/00000031/CharRange.class,1,328,101,1,,ASSUMED_NO,1196,0,2026-02-03 09:22:05,1,155,
934,mutants/mp/331/5/00000022/ByteVector.java,e0c51364d661e732161ee2bad5cbe8d1,mutants/mp/331/5/00000022/ByteVector.class,0,331,100,1,1,ASSUMED_NO,1198,0,2026-02-03 09:22:08,2,"185,191,193,208,210,222","[junit] Testcase: test took 0.012 sec
[junit] expected:<7> but was:<8>
[junit] junit.framework.AssertionFailedError: expected:<7> but was:<8>
[junit] 	at TestByteVector.test(TestByteVector.java:13)
[junit] 	at java.base/jdk.internal.reflect.NativeMethodAccessorImpl.invoke0(Native Method)
[junit] 	at java.base/jdk.internal.reflect.NativeMethodAccessorImpl.invoke(NativeMethodAccessorImpl.java:77)
[junit] 	at java.base/jdk.internal.reflect.DelegatingMethodAccessorImpl.invoke(DelegatingMethodAccessorImpl.java:43)
[junit] 	at java.base/java.util.concurrent.FutureTask.run(FutureTask.java:264)
[junit] 	at java.base/java.lang.Thread.run(Thread.java:840)
"
935,mutants/mp/329/111/00000025/CharRange.java,2c76636126839db8124ae03a2871da99,mutants/mp/329/111/00000025/CharRange.class,0,329,101,1,1,ASSUMED_NO,1195,0,2026-02-03 09:22:19,1,181,"[junit] Testcase: test took 0.009 sec
[junit] null
[junit] junit.framework.AssertionFailedError
[junit] 	at TestCharRange.test(TestCharRange.java:14)
[junit] 	at java.base/jdk.internal.reflect.NativeMethodAccessorImpl.invoke0(Native Method)
[junit] 	at java.base/jdk.internal.reflect.NativeMethodAccessorImpl.invoke(NativeMethodAccessorImpl.java:77)
[junit] 	at java.base/jdk.internal.reflect.DelegatingMethodAccessorImpl.invoke(DelegatingMethodAccessorImpl.java:43)
[junit] 	at java.base/java.util.concurrent.FutureTask.run(FutureTask.java:264)
[junit] 	at java.base/java.lang.Thread.run(Thread.java:840)
"
936,mutants/mp/330/5/00000023/ByteVector.java,afe77ca0ad39c3b6dc832e164d793c75,mutants/mp/330/5/00000023/ByteVector.class,0,330,100,1,1,ASSUMED_NO,1203,0,2026-02-03 09:22:24,5,"185,191,193,208,210,219","[junit] Testcase: test took 0.009 sec
[junit] expected:<6> but was:<7>
[junit] junit.framework.AssertionFailedError: expected:<6> but was:<7>
[junit] 	at TestByteVector.test(TestByteVector.java:12)
[junit] 	at java.base/jdk.internal.reflect.NativeMethodAccessorImpl.invoke0(Native Method)
[junit] 	at java.base/jdk.internal.reflect.NativeMethodAccessorImpl.invoke(NativeMethodAccessorImpl.java:77)
[junit] 	at java.base/jdk.internal.reflect.DelegatingMethodAccessorImpl.invoke(DelegatingMethodAccessorImpl.java:43)
[junit] 	at java.base/java.util.concurrent.FutureTask.run(FutureTask.java:264)
[junit] 	at java.base/java.lang.Thread.run(Thread.java:840)
"
937,mutants/mp/329/111/00000026/CharRange.java,6cffe63206a21d35cd73d441caef2c7b,mutants/mp/329/111/00000026/CharRange.class,1,329,101,1,,ASSUMED_NO,1195,0,2026-02-03 09:22:32,2,160,
938,mutants/mp/336/5/00000020/CharRange.java,b00f73a7bcfbbc8bc1aac891cf8e803f,mutants/mp/336/5/00000020/CharRange.class,1,336,101,1,,ASSUMED_NO,1202,0,2026-02-03 09:22:34,1,"153,155,160",
939,mutants/mp/329/111/00000027/CharRange.java,8b558a89543a799633355128ca04f0c6,mutants/mp/329/111/00000027/CharRange.class,0,329,101,1,1,ASSUMED_NO,1195,0,2026-02-03 09:22:43,1,181,"[junit] Testcase: test took 0.014 sec
[junit] null
[junit] junit.framework.AssertionFailedError
[junit] 	at TestCharRange.test(TestCharRange.java:14)
[junit] 	at java.base/jdk.internal.reflect.NativeMethodAccessorImpl.invoke0(Native Method)
[junit] 	at java.base/jdk.internal.reflect.NativeMethodAccessorImpl.invoke(NativeMethodAccessorImpl.java:77)
[junit] 	at java.base/jdk.internal.reflect.DelegatingMethodAccessorImpl.invoke(DelegatingMethodAccessorImpl.java:43)
[junit] 	at java.base/java.util.concurrent.FutureTask.run(FutureTask.java:264)
[junit] 	at java.base/java.lang.Thread.run(Thread.java:840)
"
940,mutants/mp/328/109/00000032/CharRange.java,a8abdab1866be727160a157b0c17a2df,mutants/mp/328/109/00000032/CharRange.class,0,328,101,1,1,ASSUMED_NO,1196,0,2026-02-03 09:23:05,1,124,"[junit] Testcase: test took 0.008 sec
[junit] null
[junit] junit.framework.AssertionFailedError
[junit] 	at TestCharRange.test(TestCharRange.java:11)
[junit] 	at java.base/jdk.internal.reflect.NativeMethodAccessorImpl.invoke0(Native Method)
[junit] 	at java.base/jdk.internal.reflect.NativeMethodAccessorImpl.invoke(NativeMethodAccessorImpl.java:77)
[junit] 	at java.base/jdk.internal.reflect.DelegatingMethodAccessorImpl.invoke(DelegatingMethodAccessorImpl.java:43)
[junit] 	at java.base/java.util.concurrent.FutureTask.run(FutureTask.java:264)
[junit] 	at java.base/java.lang.Thread.run(Thread.java:840)
"
941,mutants/mp/336/5/00000021/CharRange.java,1df36960cc99e344b0fed89077420f57,mutants/mp/336/5/00000021/CharRange.class,1,336,101,1,,ASSUMED_NO,1202,0,2026-02-03 09:23:19,1,"153,155,158,160",
942,mutants/mp/331/5/00000023/ByteVector.java,9f736a077f0d6a6cece7072d82ee05c4,mutants/mp/331/5/00000023/ByteVector.class,0,331,100,1,1,ASSUMED_NO,1198,0,2026-02-03 09:23:23,1,"185,191,193,208,210,222","[junit] Testcase: test took 0.012 sec
[junit] expected:<7> but was:<9>
[junit] junit.framework.AssertionFailedError: expected:<7> but was:<9>
[junit] 	at TestByteVector.test(TestByteVector.java:13)
[junit] 	at java.base/jdk.internal.reflect.NativeMethodAccessorImpl.invoke0(Native Method)
[junit] 	at java.base/jdk.internal.reflect.NativeMethodAccessorImpl.invoke(NativeMethodAccessorImpl.java:77)
[junit] 	at java.base/jdk.internal.reflect.DelegatingMethodAccessorImpl.invoke(DelegatingMethodAccessorImpl.java:43)
[junit] 	at java.base/java.util.concurrent.FutureTask.run(FutureTask.java:264)
[junit] 	at java.base/java.lang.Thread.run(Thread.java:840)
"
943,mutants/mp/330/5/00000024/ByteVector.java,5cb66647c9dd92ba0be84fad8d0e2df0,mutants/mp/330/5/00000024/ByteVector.class,0,330,100,1,1,ASSUMED_NO,1203,0,2026-02-03 09:23:37,0,"185,191,193,208,210,222","[junit] Testcase: test took 0.008 sec
[junit] expected:<7> but was:<6>
[junit] junit.framework.AssertionFailedError: expected:<7> but was:<6>
[junit] 	at TestByteVector.test(TestByteVector.java:12)
[junit] 	at java.base/jdk.internal.reflect.NativeMethodAccessorImpl.invoke0(Native Method)
[junit] 	at java.base/jdk.internal.reflect.NativeMethodAccessorImpl.invoke(NativeMethodAccessorImpl.java:77)
[junit] 	at java.base/jdk.internal.reflect.DelegatingMethodAccessorImpl.invoke(DelegatingMethodAccessorImpl.java:43)
[junit] 	at java.base/java.util.concurrent.FutureTask.run(FutureTask.java:264)
[junit] 	at java.base/java.lang.Thread.run(Thread.java:840)
"
944,mutants/mp/334/107/00000033/CharRange.java,67190e161710a9ecbd933cfb19c8ded4,mutants/mp/334/107/00000033/CharRange.class,0,334,101,1,1,ASSUMED_NO,1189,0,2026-02-03 09:23:41,0,136,"[junit] Testcase: test took 0.009 sec
[junit] null
[junit] junit.framework.AssertionFailedError
[junit] 	at TestCharRange.test(TestCharRange.java:13)
[junit] 	at java.base/jdk.internal.reflect.NativeMethodAccessorImpl.invoke0(Native Method)
[junit] 	at java.base/jdk.internal.reflect.NativeMethodAccessorImpl.invoke(NativeMethodAccessorImpl.java:77)
[junit] 	at java.base/jdk.internal.reflect.DelegatingMethodAccessorImpl.invoke(DelegatingMethodAccessorImpl.java:43)
[junit] 	at java.base/java.util.concurrent.FutureTask.run(FutureTask.java:264)
[junit] 	at java.base/java.lang.Thread.run(Thread.java:840)
"
945,mutants/mp/328/109/00000033/CharRange.java,6cffe63206a21d35cd73d441caef2c7b,mutants/mp/328/109/00000033/CharRange.class,1,328,101,1,,ASSUMED_NO,1196,0,2026-02-03 09:23:42,2,160,
946,mutants/mp/336/5/00000022/CharRange.java,4040ec14dc51eb085b3586f8a37704a1,mutants/mp/336/5/00000022/CharRange.class,1,336,101,1,,ASSUMED_NO,1202,0,2026-02-03 09:23:50,1,"153,155,158,160",
947,mutants/mp/334/107/00000034/CharRange.java,ec1fc0f4bad47c9dd2fa642c9e4b73e2,mutants/mp/334/107/00000034/CharRange.class,0,334,101,1,1,ASSUMED_NO,1189,0,2026-02-03 09:24:04,0,34,"[junit] Testcase: test took 0.008 sec
[junit] null
[junit] junit.framework.AssertionFailedError
[junit] 	at TestCharRange.test(TestCharRange.java:12)
[junit] 	at java.base/jdk.internal.reflect.NativeMethodAccessorImpl.invoke0(Native Method)
[junit] 	at java.base/jdk.internal.reflect.NativeMethodAccessorImpl.invoke(NativeMethodAccessorImpl.java:77)
[junit] 	at java.base/jdk.internal.reflect.DelegatingMethodAccessorImpl.invoke(DelegatingMethodAccessorImpl.java:43)
[junit] 	at java.base/java.util.concurrent.FutureTask.run(FutureTask.java:264)
[junit] 	at java.base/java.lang.Thread.run(Thread.java:840)
"
948,mutants/mp/331/5/00000024/ByteVector.java,67f99180cd304a7b6b03e0429024eedc,mutants/mp/331/5/00000024/ByteVector.class,0,331,100,1,1,PROVEN_NO,1198,0,2026-02-03 09:24:10,4,"182,185,191,193,208,210","[junit] Testcase: test took 0.008 sec
[junit] expected:<1> but was:<2>
[junit] junit.framework.AssertionFailedError: expected:<1> but was:<2>
[junit] 	at TestByteVector.test(TestByteVector.java:13)
[junit] 	at java.base/jdk.internal.reflect.NativeMethodAccessorImpl.invoke0(Native Method)
[junit] 	at java.base/jdk.internal.reflect.NativeMethodAccessorImpl.invoke(NativeMethodAccessorImpl.java:77)
[junit] 	at java.base/jdk.internal.reflect.DelegatingMethodAccessorImpl.invoke(DelegatingMethodAccessorImpl.java:43)
[junit] 	at java.base/java.util.concurrent.FutureTask.run(FutureTask.java:264)
[junit] 	at java.base/java.lang.Thread.run(Thread.java:840)
"
949,mutants/mp/334/107/00000035/CharRange.java,6974c1ed27b840227a7aab3d880a1b6d,mutants/mp/334/107/00000035/CharRange.class,0,334,101,1,1,ASSUMED_NO,1189,0,2026-02-03 09:24:24,6,54,"[junit] Testcase: test took 0.01 sec
[junit] expected:<[Z]> but was:<[a]>
[junit] junit.framework.AssertionFailedError: expected:<[Z]> but was:<[a]>
[junit] 	at TestCharRange.test(TestCharRange.java:12)
[junit] 	at java.base/jdk.internal.reflect.NativeMethodAccessorImpl.invoke0(Native Method)
[junit] 	at java.base/jdk.internal.reflect.NativeMethodAccessorImpl.invoke(NativeMethodAccessorImpl.java:77)
[junit] 	at java.base/jdk.internal.reflect.DelegatingMethodAccessorImpl.invoke(DelegatingMethodAccessorImpl.java:43)
[junit] 	at java.base/java.util.concurrent.FutureTask.run(FutureTask.java:264)
[junit] 	at java.base/java.lang.Thread.run(Thread.java:840)
"
950,mutants/mp/330/5/00000025/ByteVector.java,5ecbd29eef324996989b4d08bf87ed7a,mutants/mp/330/5/00000025/ByteVector.class,0,330,100,1,1,ASSUMED_NO,1203,0,2026-02-03 09:24:26,0,"181,185,186,191,193,199,208,209,210,211,212,215","[junit] Testcase: test took 0.011 sec
[junit] arrays first differed at element [3]; expected:<101> but was:<100>
[junit] junit.framework.AssertionFailedError: arrays first differed at element [3]; expected:<101> but was:<100>
[junit] 	at TestByteVector.test(TestByteVector.java:13)
[junit] 	at java.base/jdk.internal.reflect.NativeMethodAccessorImpl.invoke0(Native Method)
[junit] 	at java.base/jdk.internal.reflect.NativeMethodAccessorImpl.invoke(NativeMethodAccessorImpl.java:77)
[junit] 	at java.base/jdk.internal.reflect.DelegatingMethodAccessorImpl.invoke(DelegatingMethodAccessorImpl.java:43)
[junit] 	at java.base/java.util.concurrent.FutureTask.run(FutureTask.java:264)
[junit] 	at java.base/java.lang.Thread.run(Thread.java:840)
[junit] Caused by: java.lang.AssertionError: expected:<101> but was:<100>
"
951,mutants/mp/336/5/00000023/CharRange.java,ae4174f54e0cb8cf8e4fcad6ea3b8455,mutants/mp/336/5/00000023/CharRange.class,1,336,101,1,,ASSUMED_NO,1202,0,2026-02-03 09:24:34,1,"153,155,158,160",
952,mutants/mp/328/109/00000034/CharRange.java,2d43d35d15c9819fd4d9bf4331c964ff,mutants/mp/328/109/00000034/CharRange.class,0,328,101,1,1,ASSUMED_NO,1196,0,2026-02-03 09:24:44,1,191,"[junit] Testcase: test took 0.008 sec
[junit] expected:<918> but was:<835>
[junit] junit.framework.AssertionFailedError: expected:<918> but was:<835>
[junit] 	at TestCharRange.test(TestCharRange.java:11)
[junit] 	at java.base/jdk.internal.reflect.NativeMethodAccessorImpl.invoke0(Native Method)
[junit] 	at java.base/jdk.internal.reflect.NativeMethodAccessorImpl.invoke(NativeMethodAccessorImpl.java:77)
[junit] 	at java.base/jdk.internal.reflect.DelegatingMethodAccessorImpl.invoke(DelegatingMethodAccessorImpl.java:43)
[junit] 	at java.base/java.util.concurrent.FutureTask.run(FutureTask.java:264)
[junit] 	at java.base/java.lang.Thread.run(Thread.java:840)
"
953,mutants/mp/334/107/00000036/CharRange.java,523a307b25964454f7400476d10f62f0,mutants/mp/334/107/00000036/CharRange.class,0,334,101,1,1,ASSUMED_NO,1189,0,2026-02-03 09:24:45,0,79,"[junit] Testcase: test took 0.009 sec
[junit] null
[junit] junit.framework.AssertionFailedError
[junit] 	at TestCharRange.test(TestCharRange.java:17)
[junit] 	at java.base/jdk.internal.reflect.NativeMethodAccessorImpl.invoke0(Native Method)
[junit] 	at java.base/jdk.internal.reflect.NativeMethodAccessorImpl.invoke(NativeMethodAccessorImpl.java:77)
[junit] 	at java.base/jdk.internal.reflect.DelegatingMethodAccessorImpl.invoke(DelegatingMethodAccessorImpl.java:43)
[junit] 	at java.base/java.util.concurrent.FutureTask.run(FutureTask.java:264)
[junit] 	at java.base/java.lang.Thread.run(Thread.java:840)
"
954,mutants/mp/331/5/00000025/ByteVector.java,298c4e421d85e60efc5e81095656e21d,mutants/mp/331/5/00000025/ByteVector.class,0,331,100,1,1,PROVEN_NO,1198,0,2026-02-03 09:24:57,4,"182,185,191,193,200,208,210","[junit] Testcase: test took 0.008 sec
[junit] expected:<1> but was:<2>
[junit] junit.framework.AssertionFailedError: expected:<1> but was:<2>
[junit] 	at TestByteVector.test(TestByteVector.java:13)
[junit] 	at java.base/jdk.internal.reflect.NativeMethodAccessorImpl.invoke0(Native Method)
[junit] 	at java.base/jdk.internal.reflect.NativeMethodAccessorImpl.invoke(NativeMethodAccessorImpl.java:77)
[junit] 	at java.base/jdk.internal.reflect.DelegatingMethodAccessorImpl.invoke(DelegatingMethodAccessorImpl.java:43)
[junit] 	at java.base/java.util.concurrent.FutureTask.run(FutureTask.java:264)
[junit] 	at java.base/java.lang.Thread.run(Thread.java:840)
"
955,mutants/mp/329/111/00000028/CharRange.java,13c8cc2b1bb3abf1ccf62bd4c453e807,mutants/mp/329/111/00000028/CharRange.class,0,329,101,1,1,ASSUMED_NO,1195,0,2026-02-03 09:25:08,1,54,"[junit] Testcase: test took 0.009 sec
[junit] null
[junit] junit.framework.AssertionFailedError
[junit] 	at TestCharRange.test(TestCharRange.java:10)
[junit] 	at java.base/jdk.internal.reflect.NativeMethodAccessorImpl.invoke0(Native Method)
[junit] 	at java.base/jdk.internal.reflect.NativeMethodAccessorImpl.invoke(NativeMethodAccessorImpl.java:77)
[junit] 	at java.base/jdk.internal.reflect.DelegatingMethodAccessorImpl.invoke(DelegatingMethodAccessorImpl.java:43)
[junit] 	at java.base/java.util.concurrent.FutureTask.run(FutureTask.java:264)
[junit] 	at java.base/java.lang.Thread.run(Thread.java:840)
"
956,mutants/mp/329/111/00000029/CharRange.java,cd75cecc84be2728d4fd94061ce3f724,mutants/mp/329/111/00000029/CharRange.class,0,329,101,1,1,ASSUMED_NO,1195,0,2026-02-03 09:25:15,1,66,"[junit] Testcase: test took 0.008 sec
[junit] null
[junit] junit.framework.AssertionFailedError
[junit] 	at TestCharRange.test(TestCharRange.java:11)
[junit] 	at java.base/jdk.internal.reflect.NativeMethodAccessorImpl.invoke0(Native Method)
[junit] 	at java.base/jdk.internal.reflect.NativeMethodAccessorImpl.invoke(NativeMethodAccessorImpl.java:77)
[junit] 	at java.base/jdk.internal.reflect.DelegatingMethodAccessorImpl.invoke(DelegatingMethodAccessorImpl.java:43)
[junit] 	at java.base/java.util.concurrent.FutureTask.run(FutureTask.java:264)
[junit] 	at java.base/java.lang.Thread.run(Thread.java:840)
"
957,mutants/mp/334/107/00000037/CharRange.java,311551690a5d863e4a56b3892b0cbb8e,mutants/mp/334/107/00000037/CharRange.class,0,334,101,1,1,ASSUMED_NO,1189,0,2026-02-03 09:25:20,6,54,"[junit] Testcase: test took 0.009 sec
[junit] expected:<Z[]> but was:<Z[-a]>
[junit] junit.framework.AssertionFailedError: expected:<Z[]> but was:<Z[-a]>
[junit] 	at TestCharRange.test(TestCharRange.java:12)
[junit] 	at java.base/jdk.internal.reflect.NativeMethodAccessorImpl.invoke0(Native Method)
[junit] 	at java.base/jdk.internal.reflect.NativeMethodAccessorImpl.invoke(NativeMethodAccessorImpl.java:77)
[junit] 	at java.base/jdk.internal.reflect.DelegatingMethodAccessorImpl.invoke(DelegatingMethodAccessorImpl.java:43)
[junit] 	at java.base/java.util.concurrent.FutureTask.run(FutureTask.java:264)
[junit] 	at java.base/java.lang.Thread.run(Thread.java:840)
"
958,mutants/mp/331/5/00000026/ByteVector.java,3bf67c42702c5e79176f920f0b92883d,mutants/mp/331/5/00000026/ByteVector.class,0,331,100,1,1,PROVEN_NO,1198,0,2026-02-03 09:25:23,4,"182,185,186,191,193,200,208,209,210","[junit] Testcase: test took 0.008 sec
[junit] expected:<65> but was:<64>
[junit] junit.framework.AssertionFailedError: expected:<65> but was:<64>
[junit] 	at TestByteVector.test(TestByteVector.java:13)
[junit] 	at java.base/jdk.internal.reflect.NativeMethodAccessorImpl.invoke0(Native Method)
[junit] 	at java.base/jdk.internal.reflect.NativeMethodAccessorImpl.invoke(NativeMethodAccessorImpl.java:77)
[junit] 	at java.base/jdk.internal.reflect.DelegatingMethodAccessorImpl.invoke(DelegatingMethodAccessorImpl.java:43)
[junit] 	at java.base/java.util.concurrent.FutureTask.run(FutureTask.java:264)
[junit] 	at java.base/java.lang.Thread.run(Thread.java:840)
"
959,mutants/mp/335/113/00000017/ByteVector.java,956792a4c1fbae5f83f0dee023ea876d,mutants/mp/335/113/00000017/ByteVector.class,1,335,100,1,,ASSUMED_NO,1197,0,2026-02-03 09:25:25,4,242,
960,mutants/mp/334/107/00000038/CharRange.java,1dd582b20b2f46835edba36cf193a809,mutants/mp/334/107/00000038/CharRange.class,0,334,101,1,1,ASSUMED_NO,1189,0,2026-02-03 09:25:31,6,54,"[junit] Testcase: test took 0.009 sec
[junit] expected:<Z[]> but was:<Z[-a]>
[junit] junit.framework.AssertionFailedError: expected:<Z[]> but was:<Z[-a]>
[junit] 	at TestCharRange.test(TestCharRange.java:12)
[junit] 	at java.base/jdk.internal.reflect.NativeMethodAccessorImpl.invoke0(Native Method)
[junit] 	at java.base/jdk.internal.reflect.NativeMethodAccessorImpl.invoke(NativeMethodAccessorImpl.java:77)
[junit] 	at java.base/jdk.internal.reflect.DelegatingMethodAccessorImpl.invoke(DelegatingMethodAccessorImpl.java:43)
[junit] 	at java.base/java.util.concurrent.FutureTask.run(FutureTask.java:264)
[junit] 	at java.base/java.lang.Thread.run(Thread.java:840)
"
961,mutants/mp/336/5/00000024/CharRange.java,19d43f1ba6d852eba98d8d04d85bf711,mutants/mp/336/5/00000024/CharRange.class,1,336,101,1,,ASSUMED_NO,1202,0,2026-02-03 09:25:34,1,"153,155,158,160",
962,mutants/mp/330/5/00000026/ByteVector.java,6cfbe2c08623467dcfb457d680ff910c,mutants/mp/330/5/00000026/ByteVector.class,0,330,100,1,1,ASSUMED_NO,1203,0,2026-02-03 09:25:38,0,"185,191,193,208,210,219,222","[junit] Testcase: test took 0.01 sec
[junit] expected:<3> but was:<4>
[junit] junit.framework.AssertionFailedError: expected:<3> but was:<4>
[junit] 	at TestByteVector.test(TestByteVector.java:12)
[junit] 	at java.base/jdk.internal.reflect.NativeMethodAccessorImpl.invoke0(Native Method)
[junit] 	at java.base/jdk.internal.reflect.NativeMethodAccessorImpl.invoke(NativeMethodAccessorImpl.java:77)
[junit] 	at java.base/jdk.internal.reflect.DelegatingMethodAccessorImpl.invoke(DelegatingMethodAccessorImpl.java:43)
[junit] 	at java.base/java.util.concurrent.FutureTask.run(FutureTask.java:264)
[junit] 	at java.base/java.lang.Thread.run(Thread.java:840)
"
963,mutants/mp/334/107/00000039/CharRange.java,d878cd31537f4546fd70343fdb24f5df,mutants/mp/334/107/00000039/CharRange.class,0,334,101,1,1,ASSUMED_NO,1189,0,2026-02-03 09:25:45,5,66,"[junit] Testcase: test took 0.015 sec
[junit] expected:<^[]g> but was:<^[a-]g>
[junit] junit.framework.AssertionFailedError: expected:<^[]g> but was:<^[a-]g>
[junit] 	at TestCharRange.test(TestCharRange.java:12)
[junit] 	at java.base/jdk.internal.reflect.NativeMethodAccessorImpl.invoke0(Native Method)
[junit] 	at java.base/jdk.internal.reflect.NativeMethodAccessorImpl.invoke(NativeMethodAccessorImpl.java:77)
[junit] 	at java.base/jdk.internal.reflect.DelegatingMethodAccessorImpl.invoke(DelegatingMethodAccessorImpl.java:43)
[junit] 	at java.base/java.util.concurrent.FutureTask.run(FutureTask.java:264)
[junit] 	at java.base/java.lang.Thread.run(Thread.java:840)
"
964,mutants/mp/334/107/00000040/CharRange.java,d9f5c2bc71c80157815b2a18431902cb,mutants/mp/334/107/00000040/CharRange.class,0,334,101,1,1,ASSUMED_NO,1189,0,2026-02-03 09:25:56,5,66,"[junit] Testcase: test took 0.013 sec
[junit] expected:<^[]g> but was:<^[a-]g>
[junit] junit.framework.AssertionFailedError: expected:<^[]g> but was:<^[a-]g>
[junit] 	at TestCharRange.test(TestCharRange.java:12)
[junit] 	at java.base/jdk.internal.reflect.NativeMethodAccessorImpl.invoke0(Native Method)
[junit] 	at java.base/jdk.internal.reflect.NativeMethodAccessorImpl.invoke(NativeMethodAccessorImpl.java:77)
[junit] 	at java.base/jdk.internal.reflect.DelegatingMethodAccessorImpl.invoke(DelegatingMethodAccessorImpl.java:43)
[junit] 	at java.base/java.util.concurrent.FutureTask.run(FutureTask.java:264)
[junit] 	at java.base/java.lang.Thread.run(Thread.java:840)
"
965,mutants/mp/331/5/00000027/ByteVector.java,185c69a12879729f4ab79654cbb6e56a,mutants/mp/331/5/00000027/ByteVector.class,0,331,100,1,1,PROVEN_NO,1198,0,2026-02-03 09:26:07,4,"185,186,191,193,208,209,210",
966,mutants/mp/330/5/00000027/ByteVector.java,905be10cddc040b512dc50699e26da88,mutants/mp/330/5/00000027/ByteVector.class,0,330,100,1,1,ASSUMED_NO,1203,0,2026-02-03 09:26:07,1,"155,156","[junit] Testcase: test took 0.01 sec
[junit] arrays first differed at element [6]; expected:<97> but was:<78>
[junit] junit.framework.AssertionFailedError: arrays first differed at element [6]; expected:<97> but was:<78>
[junit] 	at TestByteVector.test(TestByteVector.java:13)
[junit] 	at java.base/jdk.internal.reflect.NativeMethodAccessorImpl.invoke0(Native Method)
[junit] 	at java.base/jdk.internal.reflect.NativeMethodAccessorImpl.invoke(NativeMethodAccessorImpl.java:77)
[junit] 	at java.base/jdk.internal.reflect.DelegatingMethodAccessorImpl.invoke(DelegatingMethodAccessorImpl.java:43)
[junit] 	at java.base/java.util.concurrent.FutureTask.run(FutureTask.java:264)
[junit] 	at java.base/java.lang.Thread.run(Thread.java:840)
[junit] Caused by: java.lang.AssertionError: expected:<97> but was:<78>
"
967,mutants/mp/334/107/00000041/CharRange.java,3a386d9c749cae67837cd91c83592ce5,mutants/mp/334/107/00000041/CharRange.class,0,334,101,1,1,ASSUMED_NO,1189,0,2026-02-03 09:26:09,5,66,"[junit] Testcase: test took 0.016 sec
[junit] expected:<^[g]> but was:<^[a]>
[junit] junit.framework.AssertionFailedError: expected:<^[g]> but was:<^[a]>
[junit] 	at TestCharRange.test(TestCharRange.java:12)
[junit] 	at java.base/jdk.internal.reflect.NativeMethodAccessorImpl.invoke0(Native Method)
[junit] 	at java.base/jdk.internal.reflect.NativeMethodAccessorImpl.invoke(NativeMethodAccessorImpl.java:77)
[junit] 	at java.base/jdk.internal.reflect.DelegatingMethodAccessorImpl.invoke(DelegatingMethodAccessorImpl.java:43)
[junit] 	at java.base/java.util.concurrent.FutureTask.run(FutureTask.java:264)
[junit] 	at java.base/java.lang.Thread.run(Thread.java:840)
"
968,mutants/mp/328/109/00000035/CharRange.java,a70820ee4cdf2bf14c808f85c7c953ac,mutants/mp/328/109/00000035/CharRange.class,1,328,101,1,,ASSUMED_NO,1196,0,2026-02-03 09:26:11,1,204,
969,mutants/mp/334/107/00000042/CharRange.java,dfe7f919ae03c84fb832bd829f0282b7,mutants/mp/334/107/00000042/CharRange.class,0,334,101,1,1,ASSUMED_NO,1189,0,2026-02-03 09:26:26,0,92,"[junit] Testcase: test took 0.013 sec
[junit] null
[junit] junit.framework.AssertionFailedError
[junit] 	at TestCharRange.test(TestCharRange.java:13)
[junit] 	at java.base/jdk.internal.reflect.NativeMethodAccessorImpl.invoke0(Native Method)
[junit] 	at java.base/jdk.internal.reflect.NativeMethodAccessorImpl.invoke(NativeMethodAccessorImpl.java:77)
[junit] 	at java.base/jdk.internal.reflect.DelegatingMethodAccessorImpl.invoke(DelegatingMethodAccessorImpl.java:43)
[junit] 	at java.base/java.util.concurrent.FutureTask.run(FutureTask.java:264)
[junit] 	at java.base/java.lang.Thread.run(Thread.java:840)
"
970,mutants/mp/328/109/00000036/CharRange.java,64c23e4a94d31770f0e01ee97e048692,mutants/mp/328/109/00000036/CharRange.class,0,328,101,1,1,ASSUMED_NO,1196,0,2026-02-03 09:26:29,0,34,"[junit] Testcase: test took 0.009 sec
[junit] expected:<65> but was:<110>
[junit] junit.framework.AssertionFailedError: expected:<65> but was:<110>
[junit] 	at TestCharRange.test(TestCharRange.java:11)
[junit] 	at java.base/jdk.internal.reflect.NativeMethodAccessorImpl.invoke0(Native Method)
[junit] 	at java.base/jdk.internal.reflect.NativeMethodAccessorImpl.invoke(NativeMethodAccessorImpl.java:77)
[junit] 	at java.base/jdk.internal.reflect.DelegatingMethodAccessorImpl.invoke(DelegatingMethodAccessorImpl.java:43)
[junit] 	at java.base/java.util.concurrent.FutureTask.run(FutureTask.java:264)
[junit] 	at java.base/java.lang.Thread.run(Thread.java:840)
"
971,mutants/mp/336/5/00000025/CharRange.java,8e3a22cf8c8483fc74132b5802444e2a,mutants/mp/336/5/00000025/CharRange.class,1,336,101,1,,ASSUMED_NO,1202,0,2026-02-03 09:26:35,1,"153,155,158,160",
972,mutants/mp/330/5/00000028/ByteVector.java,f562dcf14f2e019c528c0527742ae714,mutants/mp/330/5/00000028/ByteVector.class,0,330,100,1,1,ASSUMED_NO,1203,0,2026-02-03 09:26:39,0,"181,182,185,191,193,199,200,208,210","[junit] Testcase: test took 0.01 sec
[junit] arrays first differed at element [1]; expected:<1> but was:<2>
[junit] junit.framework.AssertionFailedError: arrays first differed at element [1]; expected:<1> but was:<2>
[junit] 	at TestByteVector.test(TestByteVector.java:13)
[junit] 	at java.base/jdk.internal.reflect.NativeMethodAccessorImpl.invoke0(Native Method)
[junit] 	at java.base/jdk.internal.reflect.NativeMethodAccessorImpl.invoke(NativeMethodAccessorImpl.java:77)
[junit] 	at java.base/jdk.internal.reflect.DelegatingMethodAccessorImpl.invoke(DelegatingMethodAccessorImpl.java:43)
[junit] 	at java.base/java.util.concurrent.FutureTask.run(FutureTask.java:264)
[junit] 	at java.base/java.lang.Thread.run(Thread.java:840)
[junit] Caused by: java.lang.AssertionError: expected:<1> but was:<2>
"
973,mutants/mp/333/105/00000028/ByteVector.java,fb01026bd1ffe7e7f55896b18bdbc70e,mutants/mp/333/105/00000028/ByteVector.class,0,333,100,1,1,ASSUMED_NO,1190,0,2026-02-03 09:26:41,0,191,"Buildfile: /srv/codedefenders-class-2026/build.xml

test-mutant:
[junit] Running TestByteVector
[junit] Testsuite: TestByteVector
[junit] Tests run: 1, Failures: 0, Errors: 1, Skipped: 0, Time elapsed: 0.023 sec
[junit] Tests run: 1, Failures: 0, Errors: 1, Skipped: 0, Time elapsed: 0.023 sec
[junit]
[junit] Testcase: test took 0.009 sec
[junit] 	Caused an ERROR
[junit] Index 4 out of bounds for length 4
[junit] java.lang.ArrayIndexOutOfBoundsException: Index 4 out of bounds for length 4
[junit] 	at ByteVector.putUTF8(ByteVector.java:216)
[junit] 	at TestByteVector.test(TestByteVector.java:12)
[junit] 	at java.base/jdk.internal.reflect.NativeMethodAccessorImpl.invoke0(Native Method)
[junit] 	at java.base/jdk.internal.reflect.NativeMethodAccessorImpl.invoke(NativeMethodAccessorImpl.java:77)
[junit] 	at java.base/jdk.internal.reflect.DelegatingMethodAccessorImpl.invoke(DelegatingMethodAccessorImpl.java:43)
[junit] 	at java.base/java.util.concurrent.FutureTask.run(FutureTask.java:264)
[junit] 	at java.base/java.lang.Thread.run(Thread.java:840)
[junit]
[junit] Test TestByteVector FAILED

BUILD SUCCESSFUL
Total time: 1 second
  "
974,mutants/mp/335/113/00000018/ByteVector.java,2e33cf4ef1bf5926b6d3236435c8aed1,mutants/mp/335/113/00000018/ByteVector.class,0,335,100,1,1,ASSUMED_NO,1197,0,2026-02-03 09:26:53,1,196,"[junit] Testcase: test took 0.008 sec
[junit] expected:<6> but was:<7>
[junit] junit.framework.AssertionFailedError: expected:<6> but was:<7>
[junit] 	at TestByteVector.test(TestByteVector.java:12)
[junit] 	at java.base/jdk.internal.reflect.NativeMethodAccessorImpl.invoke0(Native Method)
[junit] 	at java.base/jdk.internal.reflect.NativeMethodAccessorImpl.invoke(NativeMethodAccessorImpl.java:77)
[junit] 	at java.base/jdk.internal.reflect.DelegatingMethodAccessorImpl.invoke(DelegatingMethodAccessorImpl.java:43)
[junit] 	at java.base/java.util.concurrent.FutureTask.run(FutureTask.java:264)
[junit] 	at java.base/java.lang.Thread.run(Thread.java:840)
"
975,mutants/mp/331/5/00000028/ByteVector.java,0bbb8021584462d4431df003bf7bb49d,mutants/mp/331/5/00000028/ByteVector.class,0,331,100,1,1,ASSUMED_YES,1198,0,2026-02-03 09:26:54,0,"185,191,193,208,210,211,212,213,215,216",
976,mutants/mp/334/107/00000043/CharRange.java,5d4f06514c46b7043b2037ceec24110c,mutants/mp/334/107/00000043/CharRange.class,0,334,101,1,1,ASSUMED_NO,1189,0,2026-02-03 09:26:56,0,103,"[junit] Testcase: test took 0.011 sec
[junit] expected:<120> but was:<97>
[junit] junit.framework.AssertionFailedError: expected:<120> but was:<97>
[junit] 	at TestCharRange.test(TestCharRange.java:11)
[junit] 	at java.base/jdk.internal.reflect.NativeMethodAccessorImpl.invoke0(Native Method)
[junit] 	at java.base/jdk.internal.reflect.NativeMethodAccessorImpl.invoke(NativeMethodAccessorImpl.java:77)
[junit] 	at java.base/jdk.internal.reflect.DelegatingMethodAccessorImpl.invoke(DelegatingMethodAccessorImpl.java:43)
[junit] 	at java.base/java.util.concurrent.FutureTask.run(FutureTask.java:264)
[junit] 	at java.base/java.lang.Thread.run(Thread.java:840)
"
977,mutants/mp/333/105/00000029/ByteVector.java,b3ee221e54f4886f8918d0b3ec814603,mutants/mp/333/105/00000029/ByteVector.class,0,333,100,1,1,ASSUMED_NO,1190,0,2026-02-03 09:26:59,0,185,"[junit] Testcase: test took 0.017 sec
[junit] expected:<4> but was:<3>
[junit] junit.framework.AssertionFailedError: expected:<4> but was:<3>
[junit] 	at TestByteVector.test(TestByteVector.java:13)
[junit] 	at java.base/jdk.internal.reflect.NativeMethodAccessorImpl.invoke0(Native Method)
[junit] 	at java.base/jdk.internal.reflect.NativeMethodAccessorImpl.invoke(NativeMethodAccessorImpl.java:77)
[junit] 	at java.base/jdk.internal.reflect.DelegatingMethodAccessorImpl.invoke(DelegatingMethodAccessorImpl.java:43)
[junit] 	at java.base/java.util.concurrent.FutureTask.run(FutureTask.java:264)
[junit] 	at java.base/java.lang.Thread.run(Thread.java:840)
"
978,mutants/mp/330/5/00000029/ByteVector.java,2376a949458c2959c3365134926fa2af,mutants/mp/330/5/00000029/ByteVector.class,0,330,100,1,1,ASSUMED_NO,1203,0,2026-02-03 09:27:05,1,"153,154,155,157","[junit] Testcase: test took 0.009 sec
[junit] arrays first differed at element [4]; expected:<0> but was:<78>
[junit] junit.framework.AssertionFailedError: arrays first differed at element [4]; expected:<0> but was:<78>
[junit] 	at TestByteVector.test(TestByteVector.java:13)
[junit] 	at java.base/jdk.internal.reflect.NativeMethodAccessorImpl.invoke0(Native Method)
[junit] 	at java.base/jdk.internal.reflect.NativeMethodAccessorImpl.invoke(NativeMethodAccessorImpl.java:77)
[junit] 	at java.base/jdk.internal.reflect.DelegatingMethodAccessorImpl.invoke(DelegatingMethodAccessorImpl.java:43)
[junit] 	at java.base/java.util.concurrent.FutureTask.run(FutureTask.java:264)
[junit] 	at java.base/java.lang.Thread.run(Thread.java:840)
[junit] Caused by: java.lang.AssertionError: expected:<0> but was:<78>
"
979,mutants/mp/335/113/00000019/ByteVector.java,dd44f33d040e613d76a5fe084f31fa83,mutants/mp/335/113/00000019/ByteVector.class,0,335,100,1,1,ASSUMED_NO,1197,0,2026-02-03 09:27:08,1,123,"[junit] Testcase: test took 0.011 sec
[junit] expected:<4> but was:<8>
[junit] junit.framework.AssertionFailedError: expected:<4> but was:<8>
[junit] 	at TestByteVector.test(TestByteVector.java:13)
[junit] 	at java.base/jdk.internal.reflect.NativeMethodAccessorImpl.invoke0(Native Method)
[junit] 	at java.base/jdk.internal.reflect.NativeMethodAccessorImpl.invoke(NativeMethodAccessorImpl.java:77)
[junit] 	at java.base/jdk.internal.reflect.DelegatingMethodAccessorImpl.invoke(DelegatingMethodAccessorImpl.java:43)
[junit] 	at java.base/java.util.concurrent.FutureTask.run(FutureTask.java:264)
[junit] 	at java.base/java.lang.Thread.run(Thread.java:840)
"
980,mutants/mp/336/5/00000026/CharRange.java,6cf8f6a7e19c40eba08b21eff4f9aa3a,mutants/mp/336/5/00000026/CharRange.class,1,336,101,1,,ASSUMED_NO,1202,0,2026-02-03 09:27:20,1,"153,155,158,160",
981,mutants/mp/331/5/00000029/ByteVector.java,78b489a14fc4b130d353046ed2f92673,mutants/mp/331/5/00000029/ByteVector.class,0,331,100,1,1,PROVEN_NO,1198,0,2026-02-03 09:27:24,4,"181,182,185,186,191,193,199,200,208,209,210","[junit] Testcase: test took 0.007 sec
[junit] expected:<65> but was:<66>
[junit] junit.framework.AssertionFailedError: expected:<65> but was:<66>
[junit] 	at TestByteVector.test(TestByteVector.java:13)
[junit] 	at java.base/jdk.internal.reflect.NativeMethodAccessorImpl.invoke0(Native Method)
[junit] 	at java.base/jdk.internal.reflect.NativeMethodAccessorImpl.invoke(NativeMethodAccessorImpl.java:77)
[junit] 	at java.base/jdk.internal.reflect.DelegatingMethodAccessorImpl.invoke(DelegatingMethodAccessorImpl.java:43)
[junit] 	at java.base/java.util.concurrent.FutureTask.run(FutureTask.java:264)
[junit] 	at java.base/java.lang.Thread.run(Thread.java:840)
"
982,mutants/mp/335/113/00000020/ByteVector.java,e10d26db53a86ed13856bc76e60a395b,mutants/mp/335/113/00000020/ByteVector.class,1,335,100,1,,ASSUMED_NO,1197,0,2026-02-03 09:27:26,8,155,
983,mutants/mp/328/109/00000037/CharRange.java,1a79604fd85e9be1b0e4604b967d6d6c,mutants/mp/328/109/00000037/CharRange.class,0,328,101,1,1,ASSUMED_NO,1196,0,2026-02-03 09:27:27,1,213,"[junit] Testcase: test took 0.011 sec
[junit] expected:<A-n> but was:<null>
[junit] junit.framework.AssertionFailedError: expected:<A-n> but was:<null>
[junit] 	at TestCharRange.test(TestCharRange.java:11)
[junit] 	at java.base/jdk.internal.reflect.NativeMethodAccessorImpl.invoke0(Native Method)
[junit] 	at java.base/jdk.internal.reflect.NativeMethodAccessorImpl.invoke(NativeMethodAccessorImpl.java:77)
[junit] 	at java.base/jdk.internal.reflect.DelegatingMethodAccessorImpl.invoke(DelegatingMethodAccessorImpl.java:43)
[junit] 	at java.base/java.util.concurrent.FutureTask.run(FutureTask.java:264)
[junit] 	at java.base/java.lang.Thread.run(Thread.java:840)
"
984,mutants/mp/334/107/00000044/CharRange.java,25563783b55fe562372c3f164ae28a66,mutants/mp/334/107/00000044/CharRange.class,0,334,101,1,1,ASSUMED_NO,1189,0,2026-02-03 09:27:32,0,"174,175","[junit] Testcase: test took 0.008 sec
[junit] null
[junit] junit.framework.AssertionFailedError
[junit] 	at TestCharRange.test(TestCharRange.java:13)
[junit] 	at java.base/jdk.internal.reflect.NativeMethodAccessorImpl.invoke0(Native Method)
[junit] 	at java.base/jdk.internal.reflect.NativeMethodAccessorImpl.invoke(NativeMethodAccessorImpl.java:77)
[junit] 	at java.base/jdk.internal.reflect.DelegatingMethodAccessorImpl.invoke(DelegatingMethodAccessorImpl.java:43)
[junit] 	at java.base/java.util.concurrent.FutureTask.run(FutureTask.java:264)
[junit] 	at java.base/java.lang.Thread.run(Thread.java:840)
"
985,mutants/mp/328/109/00000038/CharRange.java,c16a17aad261981e064a96e89b68df86,mutants/mp/328/109/00000038/CharRange.class,1,328,101,1,,ASSUMED_NO,1196,0,2026-02-03 09:27:45,1,181,
986,mutants/mp/336/5/00000027/CharRange.java,80a7c20773abe2f9ac80a2c8bd486d4b,mutants/mp/336/5/00000027/CharRange.class,1,336,101,1,,ASSUMED_NO,1202,0,2026-02-03 09:27:50,1,"153,158,160",
987,mutants/mp/330/5/00000030/ByteVector.java,22427ecfe4d3ae754308f781db56cb27,mutants/mp/330/5/00000030/ByteVector.class,1,330,100,1,,ASSUMED_NO,1203,0,2026-02-03 09:27:56,7,"185,191,192,193,208,210",
988,mutants/mp/334/107/00000045/CharRange.java,c2d213bbf4ef7b6b7ec7af54b8722cef,mutants/mp/334/107/00000045/CharRange.class,1,334,101,1,,ASSUMED_NO,1189,0,2026-02-03 09:28:02,5,174,
989,mutants/mp/333/105/00000030/ByteVector.java,02bda7f01e34cf1715cdf8dc0b9d2998,mutants/mp/333/105/00000030/ByteVector.class,1,333,100,1,,ASSUMED_NO,1190,0,2026-02-03 09:28:15,6,143,
990,mutants/mp/336/5/00000028/CharRange.java,261fd7d074b8fd539b19276a2df435db,mutants/mp/336/5/00000028/CharRange.class,1,336,101,1,,ASSUMED_NO,1202,0,2026-02-03 09:28:20,1,"153,155,158,160",
991,mutants/mp/330/5/00000031/ByteVector.java,bf40110cb72b0d7818576c48dd173837,mutants/mp/330/5/00000031/ByteVector.class,1,330,100,1,,ASSUMED_NO,1203,0,2026-02-03 09:28:25,7,"185,191,193,208,210",
992,mutants/mp/333/105/00000031/ByteVector.java,079d793dea3a76d7b54070ad4d5febb6,mutants/mp/333/105/00000031/ByteVector.class,0,333,100,1,1,ASSUMED_YES,1190,0,2026-02-03 09:28:29,0,45,
993,mutants/mp/334/107/00000046/CharRange.java,27da8c3e3ee80e38e0f88c9ef57b079d,mutants/mp/334/107/00000046/CharRange.class,1,334,101,1,,ASSUMED_NO,1189,0,2026-02-03 09:28:31,3,160,
994,mutants/mp/331/5/00000030/ByteVector.java,287c44053176ad5207f546bafd9aec1d,mutants/mp/331/5/00000030/ByteVector.class,0,331,100,1,1,PROVEN_NO,1198,0,2026-02-03 09:28:38,4,"185,191,193,200,208,210",
995,mutants/mp/334/107/00000047/CharRange.java,da7c38c41f5d558c2ebd6445c8fa5783,mutants/mp/334/107/00000047/CharRange.class,0,334,101,1,1,ASSUMED_NO,1189,0,2026-02-03 09:28:44,0,136,"[junit] Testcase: test took 0.009 sec
[junit] null
[junit] junit.framework.AssertionFailedError
[junit] 	at TestCharRange.test(TestCharRange.java:12)
[junit] 	at java.base/jdk.internal.reflect.NativeMethodAccessorImpl.invoke0(Native Method)
[junit] 	at java.base/jdk.internal.reflect.NativeMethodAccessorImpl.invoke(NativeMethodAccessorImpl.java:77)
[junit] 	at java.base/jdk.internal.reflect.DelegatingMethodAccessorImpl.invoke(DelegatingMethodAccessorImpl.java:43)
[junit] 	at java.base/java.util.concurrent.FutureTask.run(FutureTask.java:264)
[junit] 	at java.base/java.lang.Thread.run(Thread.java:840)
"
996,mutants/mp/333/105/00000032/ByteVector.java,ef1db225de133f0a0ea53668df656082,mutants/mp/333/105/00000032/ByteVector.class,1,333,100,1,,ASSUMED_NO,1190,0,2026-02-03 09:28:48,7,63,
997,mutants/mp/334/107/00000048/CharRange.java,861cb2e86807efdc21428815f4121a09,mutants/mp/334/107/00000048/CharRange.class,1,334,101,1,,ASSUMED_NO,1189,0,2026-02-03 09:29:05,4,153,
998,mutants/mp/330/5/00000032/ByteVector.java,7be87b1df1d9aacf8fd51c5b54f79f3a,mutants/mp/330/5/00000032/ByteVector.class,0,330,100,1,1,ASSUMED_NO,1203,0,2026-02-03 09:29:08,0,"185,186,191,193,208,209,210","[junit] Testcase: test took 0.011 sec
[junit] arrays first differed at element [2]; expected:<127> but was:<95>
[junit] junit.framework.AssertionFailedError: arrays first differed at element [2]; expected:<127> but was:<95>
[junit] 	at TestByteVector.test(TestByteVector.java:13)
[junit] 	at java.base/jdk.internal.reflect.NativeMethodAccessorImpl.invoke0(Native Method)
[junit] 	at java.base/jdk.internal.reflect.NativeMethodAccessorImpl.invoke(NativeMethodAccessorImpl.java:77)
[junit] 	at java.base/jdk.internal.reflect.DelegatingMethodAccessorImpl.invoke(DelegatingMethodAccessorImpl.java:43)
[junit] 	at java.base/java.util.concurrent.FutureTask.run(FutureTask.java:264)
[junit] 	at java.base/java.lang.Thread.run(Thread.java:840)
[junit] Caused by: java.lang.AssertionError: expected:<127> but was:<95>
"
999,mutants/mp/331/5/00000031/ByteVector.java,467cc7b8d2a2ac97ade56caec1c417e4,mutants/mp/331/5/00000031/ByteVector.class,0,331,100,1,1,PROVEN_NO,1198,0,2026-02-03 09:29:10,4,"185,191,193,208,210,223","[junit] Testcase: test took 0.014 sec
[junit] expected:<65> but was:<64>
[junit] junit.framework.AssertionFailedError: expected:<65> but was:<64>
[junit] 	at TestByteVector.test(TestByteVector.java:13)
[junit] 	at java.base/jdk.internal.reflect.NativeMethodAccessorImpl.invoke0(Native Method)
[junit] 	at java.base/jdk.internal.reflect.NativeMethodAccessorImpl.invoke(NativeMethodAccessorImpl.java:77)
[junit] 	at java.base/jdk.internal.reflect.DelegatingMethodAccessorImpl.invoke(DelegatingMethodAccessorImpl.java:43)
[junit] 	at java.base/java.util.concurrent.FutureTask.run(FutureTask.java:264)
[junit] 	at java.base/java.lang.Thread.run(Thread.java:840)
"
1000,mutants/mp/333/105/00000033/ByteVector.java,702bdda62fcdcc3a21a0670403d2a1ae,mutants/mp/333/105/00000033/ByteVector.class,1,333,100,1,,ASSUMED_NO,1190,0,2026-02-03 09:29:18,9,238,
1001,mutants/mp/336/5/00000029/CharRange.java,12175847a5841a2c257612999cb73407,mutants/mp/336/5/00000029/CharRange.class,1,336,101,1,,ASSUMED_NO,1202,0,2026-02-03 09:29:20,1,"155,158,160",
1002,mutants/mp/335/113/00000021/ByteVector.java,56bf81d2ec90abf40a57cdf7fdf9322d,mutants/mp/335/113/00000021/ByteVector.class,0,335,100,1,1,ASSUMED_NO,1197,0,2026-02-03 09:29:23,4,127,"[junit] Testcase: test took 0.008 sec
[junit] expected:<0> but was:<3>
[junit] junit.framework.AssertionFailedError: expected:<0> but was:<3>
[junit] 	at TestByteVector.test(TestByteVector.java:12)
[junit] 	at java.base/jdk.internal.reflect.NativeMethodAccessorImpl.invoke0(Native Method)
[junit] 	at java.base/jdk.internal.reflect.NativeMethodAccessorImpl.invoke(NativeMethodAccessorImpl.java:77)
[junit] 	at java.base/jdk.internal.reflect.DelegatingMethodAccessorImpl.invoke(DelegatingMethodAccessorImpl.java:43)
[junit] 	at java.base/java.util.concurrent.FutureTask.run(FutureTask.java:264)
[junit] 	at java.base/java.lang.Thread.run(Thread.java:840)
"
1003,mutants/mp/331/5/00000032/ByteVector.java,f611c0179b31f0562132b7f51bad31ac,mutants/mp/331/5/00000032/ByteVector.class,0,331,100,1,1,PROVEN_NO,1198,0,2026-02-03 09:29:39,4,"185,186,191,193,208,209,210","[junit] Testcase: test took 0.007 sec
[junit] expected:<65> but was:<64>
[junit] junit.framework.AssertionFailedError: expected:<65> but was:<64>
[junit] 	at TestByteVector.test(TestByteVector.java:13)
[junit] 	at java.base/jdk.internal.reflect.NativeMethodAccessorImpl.invoke0(Native Method)
[junit] 	at java.base/jdk.internal.reflect.NativeMethodAccessorImpl.invoke(NativeMethodAccessorImpl.java:77)
[junit] 	at java.base/jdk.internal.reflect.DelegatingMethodAccessorImpl.invoke(DelegatingMethodAccessorImpl.java:43)
[junit] 	at java.base/java.util.concurrent.FutureTask.run(FutureTask.java:264)
[junit] 	at java.base/java.lang.Thread.run(Thread.java:840)
"
1004,mutants/mp/334/107/00000049/CharRange.java,4fdc1353e9b8fc33da91e5bc64ec9d56,mutants/mp/334/107/00000049/CharRange.class,0,334,101,1,1,ASSUMED_NO,1189,0,2026-02-03 09:29:51,0,"160,181","[junit] Testcase: test took 0.012 sec
[junit] null
[junit] junit.framework.AssertionFailedError
[junit] 	at TestCharRange.test(TestCharRange.java:12)
[junit] 	at java.base/jdk.internal.reflect.NativeMethodAccessorImpl.invoke0(Native Method)
[junit] 	at java.base/jdk.internal.reflect.NativeMethodAccessorImpl.invoke(NativeMethodAccessorImpl.java:77)
[junit] 	at java.base/jdk.internal.reflect.DelegatingMethodAccessorImpl.invoke(DelegatingMethodAccessorImpl.java:43)
[junit] 	at java.base/java.util.concurrent.FutureTask.run(FutureTask.java:264)
[junit] 	at java.base/java.lang.Thread.run(Thread.java:840)
"
1005,mutants/mp/330/5/00000033/ByteVector.java,b6103e75cc0e23155a7c8bd7e9ccf5a0,mutants/mp/330/5/00000033/ByteVector.class,0,330,100,1,1,ASSUMED_NO,1203,0,2026-02-03 09:29:53,0,"185,186,191,193,208,209,210","[junit] Testcase: test took 0.015 sec
[junit] arrays first differed at element [2]; expected:<127> but was:<126>
[junit] junit.framework.AssertionFailedError: arrays first differed at element [2]; expected:<127> but was:<126>
[junit] 	at TestByteVector.test(TestByteVector.java:13)
[junit] 	at java.base/jdk.internal.reflect.NativeMethodAccessorImpl.invoke0(Native Method)
[junit] 	at java.base/jdk.internal.reflect.NativeMethodAccessorImpl.invoke(NativeMethodAccessorImpl.java:77)
[junit] 	at java.base/jdk.internal.reflect.DelegatingMethodAccessorImpl.invoke(DelegatingMethodAccessorImpl.java:43)
[junit] 	at java.base/java.util.concurrent.FutureTask.run(FutureTask.java:264)
[junit] 	at java.base/java.lang.Thread.run(Thread.java:840)
[junit] Caused by: java.lang.AssertionError: expected:<127> but was:<126>
"
1006,mutants/mp/336/5/00000030/CharRange.java,7f0347a0fdfcb496e6a0cf802da3cb68,mutants/mp/336/5/00000030/CharRange.class,1,336,101,1,,ASSUMED_NO,1202,0,2026-02-03 09:30:06,1,"153,155,158,160",
1007,mutants/mp/331/5/00000033/ByteVector.java,ed5fb4b2a78888fd9fb44705bea43b26,mutants/mp/331/5/00000033/ByteVector.class,0,331,100,1,1,PROVEN_NO,1198,0,2026-02-03 09:30:07,4,"182,185,186,191,193,200,208,209,210","[junit] Testcase: test took 0.009 sec
[junit] expected:<65> but was:<66>
[junit] junit.framework.AssertionFailedError: expected:<65> but was:<66>
[junit] 	at TestByteVector.test(TestByteVector.java:13)
[junit] 	at java.base/jdk.internal.reflect.NativeMethodAccessorImpl.invoke0(Native Method)
[junit] 	at java.base/jdk.internal.reflect.NativeMethodAccessorImpl.invoke(NativeMethodAccessorImpl.java:77)
[junit] 	at java.base/jdk.internal.reflect.DelegatingMethodAccessorImpl.invoke(DelegatingMethodAccessorImpl.java:43)
[junit] 	at java.base/java.util.concurrent.FutureTask.run(FutureTask.java:264)
[junit] 	at java.base/java.lang.Thread.run(Thread.java:840)
"
1008,mutants/mp/334/107/00000050/CharRange.java,2dcd61dca510f747bdc663ad279f2cbc,mutants/mp/334/107/00000050/CharRange.class,0,334,101,1,1,ASSUMED_NO,1189,0,2026-02-03 09:30:11,0,207,"[junit] Testcase: test took 0.01 sec
[junit] expected:<^g[]> but was:<^g[-g]>
[junit] junit.framework.AssertionFailedError: expected:<^g[]> but was:<^g[-g]>
[junit] 	at TestCharRange.test(TestCharRange.java:12)
[junit] 	at java.base/jdk.internal.reflect.NativeMethodAccessorImpl.invoke0(Native Method)
[junit] 	at java.base/jdk.internal.reflect.NativeMethodAccessorImpl.invoke(NativeMethodAccessorImpl.java:77)
[junit] 	at java.base/jdk.internal.reflect.DelegatingMethodAccessorImpl.invoke(DelegatingMethodAccessorImpl.java:43)
[junit] 	at java.base/java.util.concurrent.FutureTask.run(FutureTask.java:264)
[junit] 	at java.base/java.lang.Thread.run(Thread.java:840)
"
1009,mutants/mp/330/5/00000034/ByteVector.java,867426a4b83058b7192884ab21fcd892,mutants/mp/330/5/00000034/ByteVector.class,0,330,100,1,1,ASSUMED_NO,1203,0,2026-02-03 09:30:25,0,"182,185,191,193,208,210","[junit] Testcase: test took 0.025 sec
[junit] arrays first differed at element [1]; expected:<1> but was:<2>
[junit] junit.framework.AssertionFailedError: arrays first differed at element [1]; expected:<1> but was:<2>
[junit] 	at TestByteVector.test(TestByteVector.java:13)
[junit] 	at java.base/jdk.internal.reflect.NativeMethodAccessorImpl.invoke0(Native Method)
[junit] 	at java.base/jdk.internal.reflect.NativeMethodAccessorImpl.invoke(NativeMethodAccessorImpl.java:77)
[junit] 	at java.base/jdk.internal.reflect.DelegatingMethodAccessorImpl.invoke(DelegatingMethodAccessorImpl.java:43)
[junit] 	at java.base/java.util.concurrent.FutureTask.run(FutureTask.java:264)
[junit] 	at java.base/java.lang.Thread.run(Thread.java:840)
[junit] Caused by: java.lang.AssertionError: expected:<1> but was:<2>
"
1010,mutants/mp/328/109/00000039/CharRange.java,7aaa37cccb8a1b07441dee6d432cc083,mutants/mp/328/109/00000039/CharRange.class,1,328,101,1,,ASSUMED_NO,1196,0,2026-02-03 09:30:26,1,158,
1011,mutants/mp/329/111/00000030/CharRange.java,f55335297a73b6d00cbbba78b0afaa2f,mutants/mp/329/111/00000030/CharRange.class,1,329,101,1,,ASSUMED_NO,1195,0,2026-02-03 09:30:27,1,152,
1012,mutants/mp/334/107/00000051/CharRange.java,e2393859166d6bc64fe981c6874f777e,mutants/mp/334/107/00000051/CharRange.class,0,334,101,1,1,ASSUMED_NO,1189,0,2026-02-03 09:30:28,0,207,"[junit] Testcase: test took 0.013 sec
[junit] expected:<^a[-c]> but was:<^a[]>
[junit] junit.framework.AssertionFailedError: expected:<^a[-c]> but was:<^a[]>
[junit] 	at TestCharRange.test(TestCharRange.java:11)
[junit] 	at java.base/jdk.internal.reflect.NativeMethodAccessorImpl.invoke0(Native Method)
[junit] 	at java.base/jdk.internal.reflect.NativeMethodAccessorImpl.invoke(NativeMethodAccessorImpl.java:77)
[junit] 	at java.base/jdk.internal.reflect.DelegatingMethodAccessorImpl.invoke(DelegatingMethodAccessorImpl.java:43)
[junit] 	at java.base/java.util.concurrent.FutureTask.run(FutureTask.java:264)
[junit] 	at java.base/java.lang.Thread.run(Thread.java:840)
"
1013,mutants/mp/334/107/00000052/CharRange.java,d3c18f1deb34e34efc9a689b015544e8,mutants/mp/334/107/00000052/CharRange.class,0,334,101,1,1,ASSUMED_NO,1189,0,2026-02-03 09:30:40,3,191,"[junit] Testcase: test took 0.013 sec
[junit] expected:<887> but was:<180>
[junit] junit.framework.AssertionFailedError: expected:<887> but was:<180>
[junit] 	at TestCharRange.test(TestCharRange.java:13)
[junit] 	at java.base/jdk.internal.reflect.NativeMethodAccessorImpl.invoke0(Native Method)
[junit] 	at java.base/jdk.internal.reflect.NativeMethodAccessorImpl.invoke(NativeMethodAccessorImpl.java:77)
[junit] 	at java.base/jdk.internal.reflect.DelegatingMethodAccessorImpl.invoke(DelegatingMethodAccessorImpl.java:43)
[junit] 	at java.base/java.util.concurrent.FutureTask.run(FutureTask.java:264)
[junit] 	at java.base/java.lang.Thread.run(Thread.java:840)
"
1014,mutants/mp/328/109/00000040/CharRange.java,695d5f0fab7b23977d903b0e747a3a33,mutants/mp/328/109/00000040/CharRange.class,1,328,101,1,,ASSUMED_NO,1196,0,2026-02-03 09:30:43,1,158,
1015,mutants/mp/336/5/00000031/CharRange.java,1125ffd9912b1f8a2b4ec261c5691e3d,mutants/mp/336/5/00000031/CharRange.class,1,336,101,1,,ASSUMED_NO,1202,0,2026-02-03 09:30:50,1,"153,155,158,160",
1016,mutants/mp/330/5/00000035/ByteVector.java,7a508a2a0bae3cb7a5c31ecd734fe41f,mutants/mp/330/5/00000035/ByteVector.class,0,330,100,1,1,ASSUMED_NO,1203,0,2026-02-03 09:30:54,0,"185,186,191,193,208,209,210","[junit] Testcase: test took 0.011 sec
[junit] arrays first differed at element [2]; expected:<127> but was:<126>
[junit] junit.framework.AssertionFailedError: arrays first differed at element [2]; expected:<127> but was:<126>
[junit] 	at TestByteVector.test(TestByteVector.java:13)
[junit] 	at java.base/jdk.internal.reflect.NativeMethodAccessorImpl.invoke0(Native Method)
[junit] 	at java.base/jdk.internal.reflect.NativeMethodAccessorImpl.invoke(NativeMethodAccessorImpl.java:77)
[junit] 	at java.base/jdk.internal.reflect.DelegatingMethodAccessorImpl.invoke(DelegatingMethodAccessorImpl.java:43)
[junit] 	at java.base/java.util.concurrent.FutureTask.run(FutureTask.java:264)
[junit] 	at java.base/java.lang.Thread.run(Thread.java:840)
[junit] Caused by: java.lang.AssertionError: expected:<127> but was:<126>
"
1017,mutants/mp/334/107/00000053/CharRange.java,73587299cec81ef6a7498f2fe675ec3e,mutants/mp/334/107/00000053/CharRange.class,0,334,101,1,1,ASSUMED_NO,1189,0,2026-02-03 09:31:06,3,191,"[junit] Testcase: test took 0.012 sec
[junit] expected:<887> but was:<886>
[junit] junit.framework.AssertionFailedError: expected:<887> but was:<886>
[junit] 	at TestCharRange.test(TestCharRange.java:13)
[junit] 	at java.base/jdk.internal.reflect.NativeMethodAccessorImpl.invoke0(Native Method)
[junit] 	at java.base/jdk.internal.reflect.NativeMethodAccessorImpl.invoke(NativeMethodAccessorImpl.java:77)
[junit] 	at java.base/jdk.internal.reflect.DelegatingMethodAccessorImpl.invoke(DelegatingMethodAccessorImpl.java:43)
[junit] 	at java.base/java.util.concurrent.FutureTask.run(FutureTask.java:264)
[junit] 	at java.base/java.lang.Thread.run(Thread.java:840)
"
1018,mutants/mp/331/5/00000034/ByteVector.java,afe77ca0ad39c3b6dc832e164d793c75,mutants/mp/331/5/00000034/ByteVector.class,0,331,100,1,1,ASSUMED_NO,1198,0,2026-02-03 09:31:12,3,"185,191,193,208,210,219","[junit] Testcase: test took 0.012 sec
[junit] expected:<11> but was:<12>
[junit] junit.framework.AssertionFailedError: expected:<11> but was:<12>
[junit] 	at TestByteVector.test(TestByteVector.java:13)
[junit] 	at java.base/jdk.internal.reflect.NativeMethodAccessorImpl.invoke0(Native Method)
[junit] 	at java.base/jdk.internal.reflect.NativeMethodAccessorImpl.invoke(NativeMethodAccessorImpl.java:77)
[junit] 	at java.base/jdk.internal.reflect.DelegatingMethodAccessorImpl.invoke(DelegatingMethodAccessorImpl.java:43)
[junit] 	at java.base/java.util.concurrent.FutureTask.run(FutureTask.java:264)
[junit] 	at java.base/java.lang.Thread.run(Thread.java:840)
"
1019,mutants/mp/334/107/00000054/CharRange.java,c6db0a810554b70cd09458c0babf6fb1,mutants/mp/334/107/00000054/CharRange.class,0,334,101,1,1,ASSUMED_NO,1189,0,2026-02-03 09:31:15,3,191,"[junit] Testcase: test took 0.014 sec
[junit] expected:<888> but was:<891>
[junit] junit.framework.AssertionFailedError: expected:<888> but was:<891>
[junit] 	at TestCharRange.test(TestCharRange.java:14)
[junit] 	at java.base/jdk.internal.reflect.NativeMethodAccessorImpl.invoke0(Native Method)
[junit] 	at java.base/jdk.internal.reflect.NativeMethodAccessorImpl.invoke(NativeMethodAccessorImpl.java:77)
[junit] 	at java.base/jdk.internal.reflect.DelegatingMethodAccessorImpl.invoke(DelegatingMethodAccessorImpl.java:43)
[junit] 	at java.base/java.util.concurrent.FutureTask.run(FutureTask.java:264)
[junit] 	at java.base/java.lang.Thread.run(Thread.java:840)
"
1020,mutants/mp/330/5/00000036/ByteVector.java,19d574ed1b995dd34db0f0d96ab4957d,mutants/mp/330/5/00000036/ByteVector.class,0,330,100,1,1,ASSUMED_NO,1203,0,2026-02-03 09:31:20,0,"147,152","[junit] Testcase: test took 0.009 sec
[junit] arrays first differed at element [1]; expected:<0> but was:<-68>
[junit] junit.framework.AssertionFailedError: arrays first differed at element [1]; expected:<0> but was:<-68>
[junit] 	at TestByteVector.test(TestByteVector.java:13)
[junit] 	at java.base/jdk.internal.reflect.NativeMethodAccessorImpl.invoke0(Native Method)
[junit] 	at java.base/jdk.internal.reflect.NativeMethodAccessorImpl.invoke(NativeMethodAccessorImpl.java:77)
[junit] 	at java.base/jdk.internal.reflect.DelegatingMethodAccessorImpl.invoke(DelegatingMethodAccessorImpl.java:43)
[junit] 	at java.base/java.util.concurrent.FutureTask.run(FutureTask.java:264)
[junit] 	at java.base/java.lang.Thread.run(Thread.java:840)
[junit] Caused by: java.lang.AssertionError: expected:<0> but was:<-68>
"
1021,mutants/mp/334/107/00000055/CharRange.java,fca4986a66f11155abd860c31ee3766b,mutants/mp/334/107/00000055/CharRange.class,0,334,101,1,1,ASSUMED_NO,1189,0,2026-02-03 09:31:27,3,191,"[junit] Testcase: test took 0.016 sec
[junit] expected:<887> but was:<693>
[junit] junit.framework.AssertionFailedError: expected:<887> but was:<693>
[junit] 	at TestCharRange.test(TestCharRange.java:13)
[junit] 	at java.base/jdk.internal.reflect.NativeMethodAccessorImpl.invoke0(Native Method)
[junit] 	at java.base/jdk.internal.reflect.NativeMethodAccessorImpl.invoke(NativeMethodAccessorImpl.java:77)
[junit] 	at java.base/jdk.internal.reflect.DelegatingMethodAccessorImpl.invoke(DelegatingMethodAccessorImpl.java:43)
[junit] 	at java.base/java.util.concurrent.FutureTask.run(FutureTask.java:264)
[junit] 	at java.base/java.lang.Thread.run(Thread.java:840)
"
1022,mutants/mp/334/107/00000056/CharRange.java,670b00df0f009bcd7badc86561f9bf29,mutants/mp/334/107/00000056/CharRange.class,0,334,101,1,1,ASSUMED_NO,1189,0,2026-02-03 09:31:37,3,191,"[junit] Testcase: test took 0.022 sec
[junit] expected:<888> but was:<886>
[junit] junit.framework.AssertionFailedError: expected:<888> but was:<886>
[junit] 	at TestCharRange.test(TestCharRange.java:14)
[junit] 	at java.base/jdk.internal.reflect.NativeMethodAccessorImpl.invoke0(Native Method)
[junit] 	at java.base/jdk.internal.reflect.NativeMethodAccessorImpl.invoke(NativeMethodAccessorImpl.java:77)
[junit] 	at java.base/jdk.internal.reflect.DelegatingMethodAccessorImpl.invoke(DelegatingMethodAccessorImpl.java:43)
[junit] 	at java.base/java.util.concurrent.FutureTask.run(FutureTask.java:264)
[junit] 	at java.base/java.lang.Thread.run(Thread.java:840)
"
1023,mutants/mp/334/107/00000057/CharRange.java,aa25c694155d0c19506989eea30b66d1,mutants/mp/334/107/00000057/CharRange.class,0,334,101,1,1,ASSUMED_NO,1189,0,2026-02-03 09:31:46,3,191,"[junit] Testcase: test took 0.021 sec
[junit] expected:<887> but was:<-527>
[junit] junit.framework.AssertionFailedError: expected:<887> but was:<-527>
[junit] 	at TestCharRange.test(TestCharRange.java:13)
[junit] 	at java.base/jdk.internal.reflect.NativeMethodAccessorImpl.invoke0(Native Method)
[junit] 	at java.base/jdk.internal.reflect.NativeMethodAccessorImpl.invoke(NativeMethodAccessorImpl.java:77)
[junit] 	at java.base/jdk.internal.reflect.DelegatingMethodAccessorImpl.invoke(DelegatingMethodAccessorImpl.java:43)
[junit] 	at java.base/java.util.concurrent.FutureTask.run(FutureTask.java:264)
[junit] 	at java.base/java.lang.Thread.run(Thread.java:840)
"
1024,mutants/mp/336/5/00000032/CharRange.java,17415105f1f05e46a7f2755601a0cb9d,mutants/mp/336/5/00000032/CharRange.class,1,336,101,1,,ASSUMED_NO,1202,0,2026-02-03 09:31:50,1,"153,155,158,160",
1025,mutants/mp/331/5/00000035/ByteVector.java,d892872a840f2ee997ad2b664d9a62f9,mutants/mp/331/5/00000035/ByteVector.class,0,331,100,1,1,ASSUMED_YES,1198,0,2026-02-03 09:31:55,0,"185,191,193,208,210",
1026,mutants/mp/334/107/00000058/CharRange.java,6c8a319ecae1431829df79211e2d670b,mutants/mp/334/107/00000058/CharRange.class,0,334,101,1,1,ASSUMED_NO,1189,0,2026-02-03 09:31:57,3,191,"[junit] Testcase: test took 0.025 sec
[junit] expected:<888> but was:<8346>
[junit] junit.framework.AssertionFailedError: expected:<888> but was:<8346>
[junit] 	at TestCharRange.test(TestCharRange.java:14)
[junit] 	at java.base/jdk.internal.reflect.NativeMethodAccessorImpl.invoke0(Native Method)
[junit] 	at java.base/jdk.internal.reflect.NativeMethodAccessorImpl.invoke(NativeMethodAccessorImpl.java:77)
[junit] 	at java.base/jdk.internal.reflect.DelegatingMethodAccessorImpl.invoke(DelegatingMethodAccessorImpl.java:43)
[junit] 	at java.base/java.util.concurrent.FutureTask.run(FutureTask.java:264)
[junit] 	at java.base/java.lang.Thread.run(Thread.java:840)
"
1027,mutants/mp/335/113/00000022/ByteVector.java,ac49188e6d69f84af7f7b10749052453,mutants/mp/335/113/00000022/ByteVector.class,1,335,100,1,,ASSUMED_NO,1197,0,2026-02-03 09:32:00,3,208,
1028,mutants/mp/328/109/00000041/CharRange.java,509350cf7195a717c6388fc42b60e67d,mutants/mp/328/109/00000041/CharRange.class,0,328,101,1,1,ASSUMED_NO,1196,0,2026-02-03 09:32:06,0,201,"[junit] Testcase: test took 0.008 sec
[junit] expected:<A-n> but was:<null>
[junit] junit.framework.AssertionFailedError: expected:<A-n> but was:<null>
[junit] 	at TestCharRange.test(TestCharRange.java:11)
[junit] 	at java.base/jdk.internal.reflect.NativeMethodAccessorImpl.invoke0(Native Method)
[junit] 	at java.base/jdk.internal.reflect.NativeMethodAccessorImpl.invoke(NativeMethodAccessorImpl.java:77)
[junit] 	at java.base/jdk.internal.reflect.DelegatingMethodAccessorImpl.invoke(DelegatingMethodAccessorImpl.java:43)
[junit] 	at java.base/java.util.concurrent.FutureTask.run(FutureTask.java:264)
[junit] 	at java.base/java.lang.Thread.run(Thread.java:840)
"
1029,mutants/mp/330/5/00000037/ByteVector.java,3e5416ab2d27f68263b4bf66d73a89d2,mutants/mp/330/5/00000037/ByteVector.class,1,330,100,1,,ASSUMED_NO,1203,0,2026-02-03 09:32:08,7,"185,191,193,194,208,210,211,212",
1030,mutants/mp/329/111/00000031/CharRange.java,17f0a7fe5144ab75df5ac9bad895a449,mutants/mp/329/111/00000031/CharRange.class,1,329,101,1,,ASSUMED_NO,1195,0,2026-02-03 09:32:10,2,136,
1031,mutants/mp/334/107/00000059/CharRange.java,d60e2c811b7909aedd2669f529e567d6,mutants/mp/334/107/00000059/CharRange.class,0,334,101,1,1,ASSUMED_NO,1189,0,2026-02-03 09:32:27,0,136,"[junit] Testcase: test took 0.009 sec
[junit] null
[junit] junit.framework.AssertionFailedError
[junit] 	at TestCharRange.test(TestCharRange.java:13)
[junit] 	at java.base/jdk.internal.reflect.NativeMethodAccessorImpl.invoke0(Native Method)
[junit] 	at java.base/jdk.internal.reflect.NativeMethodAccessorImpl.invoke(NativeMethodAccessorImpl.java:77)
[junit] 	at java.base/jdk.internal.reflect.DelegatingMethodAccessorImpl.invoke(DelegatingMethodAccessorImpl.java:43)
[junit] 	at java.base/java.util.concurrent.FutureTask.run(FutureTask.java:264)
[junit] 	at java.base/java.lang.Thread.run(Thread.java:840)
"
1032,mutants/mp/335/113/00000023/ByteVector.java,6513a73c7dfab9520811ed865f06242a,mutants/mp/335/113/00000023/ByteVector.class,1,335,100,1,,ASSUMED_NO,1197,0,2026-02-03 09:32:29,8,150,
1033,mutants/mp/328/109/00000042/CharRange.java,1fc49892c04525b6b7754104153789ab,mutants/mp/328/109/00000042/CharRange.class,0,328,101,1,1,ASSUMED_NO,1196,0,2026-02-03 09:32:29,0,208,"[junit] Testcase: test took 0.009 sec
[junit] expected:<A[-]n> but was:<A[_]n>
[junit] junit.framework.AssertionFailedError: expected:<A[-]n> but was:<A[_]n>
[junit] 	at TestCharRange.test(TestCharRange.java:11)
[junit] 	at java.base/jdk.internal.reflect.NativeMethodAccessorImpl.invoke0(Native Method)
[junit] 	at java.base/jdk.internal.reflect.NativeMethodAccessorImpl.invoke(NativeMethodAccessorImpl.java:77)
[junit] 	at java.base/jdk.internal.reflect.DelegatingMethodAccessorImpl.invoke(DelegatingMethodAccessorImpl.java:43)
[junit] 	at java.base/java.util.concurrent.FutureTask.run(FutureTask.java:264)
[junit] 	at java.base/java.lang.Thread.run(Thread.java:840)
"
1034,mutants/mp/336/5/00000033/CharRange.java,825b693be7f0cffdd707cbe328f199b1,mutants/mp/336/5/00000033/CharRange.class,1,336,101,1,,ASSUMED_NO,1202,0,2026-02-03 09:32:36,1,"153,155,158,160",
1035,mutants/mp/335/113/00000024/ByteVector.java,1c9aa779bd472d691c75c2cc04f6e3ff,mutants/mp/335/113/00000024/ByteVector.class,1,335,100,1,,ASSUMED_NO,1197,0,2026-02-03 09:32:47,8,148,
1036,mutants/mp/334/107/00000060/CharRange.java,7d52badd2386155d66a6d28d08e33f37,mutants/mp/334/107/00000060/CharRange.class,0,334,101,1,1,ASSUMED_NO,1189,0,2026-02-03 09:32:48,3,191,"[junit] Testcase: test took 0.013 sec
[junit] expected:<887> but was:<7654>
[junit] junit.framework.AssertionFailedError: expected:<887> but was:<7654>
[junit] 	at TestCharRange.test(TestCharRange.java:13)
[junit] 	at java.base/jdk.internal.reflect.NativeMethodAccessorImpl.invoke0(Native Method)
[junit] 	at java.base/jdk.internal.reflect.NativeMethodAccessorImpl.invoke(NativeMethodAccessorImpl.java:77)
[junit] 	at java.base/jdk.internal.reflect.DelegatingMethodAccessorImpl.invoke(DelegatingMethodAccessorImpl.java:43)
[junit] 	at java.base/java.util.concurrent.FutureTask.run(FutureTask.java:264)
[junit] 	at java.base/java.lang.Thread.run(Thread.java:840)
"
1037,mutants/mp/330/5/00000038/ByteVector.java,e5ac26e6eb8c689a93377042337d3913,mutants/mp/330/5/00000038/ByteVector.class,0,330,100,1,1,ASSUMED_NO,1203,0,2026-02-03 09:32:53,0,"181,183,185,191,193,208,210","[junit] Testcase: test took 0.01 sec
[junit] arrays first differed at element [0]; expected:<0> but was:<1>
[junit] junit.framework.AssertionFailedError: arrays first differed at element [0]; expected:<0> but was:<1>
[junit] 	at TestByteVector.test(TestByteVector.java:13)
[junit] 	at java.base/jdk.internal.reflect.NativeMethodAccessorImpl.invoke0(Native Method)
[junit] 	at java.base/jdk.internal.reflect.NativeMethodAccessorImpl.invoke(NativeMethodAccessorImpl.java:77)
[junit] 	at java.base/jdk.internal.reflect.DelegatingMethodAccessorImpl.invoke(DelegatingMethodAccessorImpl.java:43)
[junit] 	at java.base/java.util.concurrent.FutureTask.run(FutureTask.java:264)
[junit] 	at java.base/java.lang.Thread.run(Thread.java:840)
[junit] Caused by: java.lang.AssertionError: expected:<0> but was:<1>
"
1038,mutants/mp/331/5/00000036/ByteVector.java,5f076de78fccc433157b6ffaaee7bfd2,mutants/mp/331/5/00000036/ByteVector.class,0,331,100,1,1,ASSUMED_NO,1198,0,2026-02-03 09:32:54,3,"185,191,193,208,210,219","[junit] Testcase: test took 0.008 sec
[junit] expected:<11> but was:<13>
[junit] junit.framework.AssertionFailedError: expected:<11> but was:<13>
[junit] 	at TestByteVector.test(TestByteVector.java:13)
[junit] 	at java.base/jdk.internal.reflect.NativeMethodAccessorImpl.invoke0(Native Method)
[junit] 	at java.base/jdk.internal.reflect.NativeMethodAccessorImpl.invoke(NativeMethodAccessorImpl.java:77)
[junit] 	at java.base/jdk.internal.reflect.DelegatingMethodAccessorImpl.invoke(DelegatingMethodAccessorImpl.java:43)
[junit] 	at java.base/java.util.concurrent.FutureTask.run(FutureTask.java:264)
[junit] 	at java.base/java.lang.Thread.run(Thread.java:840)
"
1039,mutants/mp/334/107/00000061/CharRange.java,a36071cc15f22cfb0d4cc141be6aef76,mutants/mp/334/107/00000061/CharRange.class,0,334,101,1,1,ASSUMED_NO,1189,0,2026-02-03 09:32:56,3,191,"[junit] Testcase: test took 0.014 sec
[junit] expected:<887> but was:<1627>
[junit] junit.framework.AssertionFailedError: expected:<887> but was:<1627>
[junit] 	at TestCharRange.test(TestCharRange.java:13)
[junit] 	at java.base/jdk.internal.reflect.NativeMethodAccessorImpl.invoke0(Native Method)
[junit] 	at java.base/jdk.internal.reflect.NativeMethodAccessorImpl.invoke(NativeMethodAccessorImpl.java:77)
[junit] 	at java.base/jdk.internal.reflect.DelegatingMethodAccessorImpl.invoke(DelegatingMethodAccessorImpl.java:43)
[junit] 	at java.base/java.util.concurrent.FutureTask.run(FutureTask.java:264)
[junit] 	at java.base/java.lang.Thread.run(Thread.java:840)
"
1040,mutants/mp/336/5/00000034/CharRange.java,490dad07ebf6acf5910e6c96b7d85754,mutants/mp/336/5/00000034/CharRange.class,1,336,101,1,,ASSUMED_NO,1202,0,2026-02-03 09:33:06,1,"153,155,158,160",
1041,mutants/mp/334/107/00000062/CharRange.java,a8abdab1866be727160a157b0c17a2df,mutants/mp/334/107/00000062/CharRange.class,0,334,101,1,1,ASSUMED_NO,1189,0,2026-02-03 09:33:13,0,124,"[junit] Testcase: test took 0.01 sec
[junit] null
[junit] junit.framework.AssertionFailedError
[junit] 	at TestCharRange.test(TestCharRange.java:11)
[junit] 	at java.base/jdk.internal.reflect.NativeMethodAccessorImpl.invoke0(Native Method)
[junit] 	at java.base/jdk.internal.reflect.NativeMethodAccessorImpl.invoke(NativeMethodAccessorImpl.java:77)
[junit] 	at java.base/jdk.internal.reflect.DelegatingMethodAccessorImpl.invoke(DelegatingMethodAccessorImpl.java:43)
[junit] 	at java.base/java.util.concurrent.FutureTask.run(FutureTask.java:264)
[junit] 	at java.base/java.lang.Thread.run(Thread.java:840)
"
1042,mutants/mp/329/111/00000032/CharRange.java,a64ad70a6da71d510494bf4e948703a1,mutants/mp/329/111/00000032/CharRange.class,0,329,101,1,1,ASSUMED_NO,1195,0,2026-02-03 09:33:18,0,79,"[junit] Testcase: test took 0.009 sec
[junit] null
[junit] junit.framework.AssertionFailedError
[junit] 	at TestCharRange.test(TestCharRange.java:12)
[junit] 	at java.base/jdk.internal.reflect.NativeMethodAccessorImpl.invoke0(Native Method)
[junit] 	at java.base/jdk.internal.reflect.NativeMethodAccessorImpl.invoke(NativeMethodAccessorImpl.java:77)
[junit] 	at java.base/jdk.internal.reflect.DelegatingMethodAccessorImpl.invoke(DelegatingMethodAccessorImpl.java:43)
[junit] 	at java.base/java.util.concurrent.FutureTask.run(FutureTask.java:264)
[junit] 	at java.base/java.lang.Thread.run(Thread.java:840)
"
1043,mutants/mp/330/5/00000039/ByteVector.java,bc816b4a351ebe10511b1280c6c2a049,mutants/mp/330/5/00000039/ByteVector.class,0,330,100,1,1,ASSUMED_NO,1203,0,2026-02-03 09:33:26,5,"185,191,193,194,195,197,208,210,213,217","[junit] Testcase: test took 0.007 sec
[junit] expected:<6> but was:<8>
[junit] junit.framework.AssertionFailedError: expected:<6> but was:<8>
[junit] 	at TestByteVector.test(TestByteVector.java:12)
[junit] 	at java.base/jdk.internal.reflect.NativeMethodAccessorImpl.invoke0(Native Method)
[junit] 	at java.base/jdk.internal.reflect.NativeMethodAccessorImpl.invoke(NativeMethodAccessorImpl.java:77)
[junit] 	at java.base/jdk.internal.reflect.DelegatingMethodAccessorImpl.invoke(DelegatingMethodAccessorImpl.java:43)
[junit] 	at java.base/java.util.concurrent.FutureTask.run(FutureTask.java:264)
[junit] 	at java.base/java.lang.Thread.run(Thread.java:840)
"
1044,mutants/mp/334/107/00000063/CharRange.java,5d565a6239f2cad182a0523b9eb5e0c3,mutants/mp/334/107/00000063/CharRange.class,0,334,101,1,1,ASSUMED_NO,1189,0,2026-02-03 09:33:27,0,191,"[junit] Testcase: test took 0.011 sec
[junit] expected:<888> but was:<918>
[junit] junit.framework.AssertionFailedError: expected:<888> but was:<918>
[junit] 	at TestCharRange.test(TestCharRange.java:14)
[junit] 	at java.base/jdk.internal.reflect.NativeMethodAccessorImpl.invoke0(Native Method)
[junit] 	at java.base/jdk.internal.reflect.NativeMethodAccessorImpl.invoke(NativeMethodAccessorImpl.java:77)
[junit] 	at java.base/jdk.internal.reflect.DelegatingMethodAccessorImpl.invoke(DelegatingMethodAccessorImpl.java:43)
[junit] 	at java.base/java.util.concurrent.FutureTask.run(FutureTask.java:264)
[junit] 	at java.base/java.lang.Thread.run(Thread.java:840)
"
1045,mutants/mp/331/5/00000037/ByteVector.java,f562dcf14f2e019c528c0527742ae714,mutants/mp/331/5/00000037/ByteVector.class,0,331,100,1,1,PROVEN_NO,1198,0,2026-02-03 09:33:38,4,"181,182,185,191,193,199,200,208,210","[junit] Testcase: test took 0.009 sec
[junit] expected:<1> but was:<2>
[junit] junit.framework.AssertionFailedError: expected:<1> but was:<2>
[junit] 	at TestByteVector.test(TestByteVector.java:13)
[junit] 	at java.base/jdk.internal.reflect.NativeMethodAccessorImpl.invoke0(Native Method)
[junit] 	at java.base/jdk.internal.reflect.NativeMethodAccessorImpl.invoke(NativeMethodAccessorImpl.java:77)
[junit] 	at java.base/jdk.internal.reflect.DelegatingMethodAccessorImpl.invoke(DelegatingMethodAccessorImpl.java:43)
[junit] 	at java.base/java.util.concurrent.FutureTask.run(FutureTask.java:264)
[junit] 	at java.base/java.lang.Thread.run(Thread.java:840)
"
1046,mutants/mp/336/5/00000035/CharRange.java,724c2b1d57383fdb26d6061b39ee5225,mutants/mp/336/5/00000035/CharRange.class,1,336,101,1,,ASSUMED_NO,1202,0,2026-02-03 09:34:06,1,"153,155,158,160",
1047,mutants/mp/331/5/00000038/ByteVector.java,dd1384e7cb78253f055463a645223d27,mutants/mp/331/5/00000038/ByteVector.class,1,331,100,1,,ASSUMED_NO,1198,0,2026-02-03 09:34:06,2,"148,149,150,152,153,154,156,157",
1048,mutants/mp/330/5/00000040/ByteVector.java,d1a5d217e8fe21bc9d588d9a77a30243,mutants/mp/330/5/00000040/ByteVector.class,0,330,100,1,1,ASSUMED_NO,1203,0,2026-02-03 09:34:08,0,"182,185,191,193,200,208,210","[junit] Testcase: test took 0.011 sec
[junit] arrays first differed at element [1]; expected:<5> but was:<6>
[junit] junit.framework.AssertionFailedError: arrays first differed at element [1]; expected:<5> but was:<6>
[junit] 	at TestByteVector.test(TestByteVector.java:13)
[junit] 	at java.base/jdk.internal.reflect.NativeMethodAccessorImpl.invoke0(Native Method)
[junit] 	at java.base/jdk.internal.reflect.NativeMethodAccessorImpl.invoke(NativeMethodAccessorImpl.java:77)
[junit] 	at java.base/jdk.internal.reflect.DelegatingMethodAccessorImpl.invoke(DelegatingMethodAccessorImpl.java:43)
[junit] 	at java.base/java.util.concurrent.FutureTask.run(FutureTask.java:264)
[junit] 	at java.base/java.lang.Thread.run(Thread.java:840)
[junit] Caused by: java.lang.AssertionError: expected:<5> but was:<6>
"
1049,mutants/mp/334/107/00000064/CharRange.java,6ece69a0fa1ebf8ca93d56ec2b713efc,mutants/mp/334/107/00000064/CharRange.class,1,334,101,1,,ASSUMED_NO,1189,0,2026-02-03 09:34:22,4,112,
1050,mutants/mp/331/5/00000039/ByteVector.java,2376a949458c2959c3365134926fa2af,mutants/mp/331/5/00000039/ByteVector.class,1,331,100,1,,ASSUMED_NO,1198,0,2026-02-03 09:34:35,2,"153,154,155,157",
1051,mutants/mp/328/109/00000043/CharRange.java,037c0026ea48343dca5c9f0f71ca07ba,mutants/mp/328/109/00000043/CharRange.class,1,328,101,1,,ASSUMED_NO,1196,0,2026-02-03 09:34:40,1,37,
1052,mutants/mp/336/5/00000036/CharRange.java,c9ac47c1e0e27d2d72851f23e5270c50,mutants/mp/336/5/00000036/CharRange.class,1,336,101,1,,ASSUMED_NO,1202,0,2026-02-03 09:34:50,1,"153,155,158,160",
1053,mutants/mp/330/5/00000041/ByteVector.java,1e53dd405c2dbf7921acd0d479444cf4,mutants/mp/330/5/00000041/ByteVector.class,0,330,100,1,1,ASSUMED_NO,1203,0,2026-02-03 09:34:53,0,"185,191,193,208,210","[junit] Testcase: test took 0.012 sec
[junit] expected:<3> but was:<4>
[junit] junit.framework.AssertionFailedError: expected:<3> but was:<4>
[junit] 	at TestByteVector.test(TestByteVector.java:12)
[junit] 	at java.base/jdk.internal.reflect.NativeMethodAccessorImpl.invoke0(Native Method)
[junit] 	at java.base/jdk.internal.reflect.NativeMethodAccessorImpl.invoke(NativeMethodAccessorImpl.java:77)
[junit] 	at java.base/jdk.internal.reflect.DelegatingMethodAccessorImpl.invoke(DelegatingMethodAccessorImpl.java:43)
[junit] 	at java.base/java.util.concurrent.FutureTask.run(FutureTask.java:264)
[junit] 	at java.base/java.lang.Thread.run(Thread.java:840)
"
1054,mutants/mp/331/5/00000040/ByteVector.java,19d574ed1b995dd34db0f0d96ab4957d,mutants/mp/331/5/00000040/ByteVector.class,1,331,100,1,,ASSUMED_NO,1198,0,2026-02-03 09:35:06,2,"147,152",
1055,mutants/mp/335/113/00000025/ByteVector.java,09cd1a0d79809e82532ad177793f6675,mutants/mp/335/113/00000025/ByteVector.class,1,335,100,1,,ASSUMED_NO,1197,0,2026-02-03 09:35:16,4,107,
1056,mutants/mp/334/107/00000065/CharRange.java,54ebc2eec739e76092c535ffd48cdacf,mutants/mp/334/107/00000065/CharRange.class,0,334,101,1,1,ASSUMED_NO,1189,0,2026-02-03 09:35:20,0,"34,149","[junit] Testcase: test took 0.087 sec
[junit] expected:<The Range must [not ]be null> but was:<The Range must []be null>
[junit] junit.framework.AssertionFailedError: expected:<The Range must [not ]be null> but was:<The Range must []be null>
[junit] 	at TestCharRange.test(TestCharRange.java:14)
[junit] 	at java.base/jdk.internal.reflect.NativeMethodAccessorImpl.invoke0(Native Method)
[junit] 	at java.base/jdk.internal.reflect.NativeMethodAccessorImpl.invoke(NativeMethodAccessorImpl.java:77)
[junit] 	at java.base/jdk.internal.reflect.DelegatingMethodAccessorImpl.invoke(DelegatingMethodAccessorImpl.java:43)
[junit] 	at java.base/java.util.concurrent.FutureTask.run(FutureTask.java:264)
[junit] 	at java.base/java.lang.Thread.run(Thread.java:840)
"
1057,mutants/mp/328/109/00000044/CharRange.java,0f0b7bd213e19d8b0bfccd61abb12e21,mutants/mp/328/109/00000044/CharRange.class,1,328,101,1,,ASSUMED_NO,1196,0,2026-02-03 09:35:28,1,158,
1058,mutants/mp/336/5/00000037/CharRange.java,b6c753fcfe248ce2435f7bca8023534b,mutants/mp/336/5/00000037/CharRange.class,1,336,101,1,,ASSUMED_NO,1202,0,2026-02-03 09:35:35,1,"153,155,158,160",
1059,mutants/mp/330/5/00000042/ByteVector.java,a749f26b1048262f3110c07d564cc96a,mutants/mp/330/5/00000042/ByteVector.class,1,330,100,1,,ASSUMED_NO,1203,0,2026-02-03 09:35:35,1,"239,242",
1060,mutants/mp/331/5/00000041/ByteVector.java,96e689fe9e134debf212b58ee971f31b,mutants/mp/331/5/00000041/ByteVector.class,0,331,100,1,1,PROVEN_NO,1198,0,2026-02-03 09:35:44,4,"181,182,185,186,191,193,199,200,208,209,210","[junit] Testcase: test took 0.011 sec
[junit] expected:<65> but was:<64>
[junit] junit.framework.AssertionFailedError: expected:<65> but was:<64>
[junit] 	at TestByteVector.test(TestByteVector.java:13)
[junit] 	at java.base/jdk.internal.reflect.NativeMethodAccessorImpl.invoke0(Native Method)
[junit] 	at java.base/jdk.internal.reflect.NativeMethodAccessorImpl.invoke(NativeMethodAccessorImpl.java:77)
[junit] 	at java.base/jdk.internal.reflect.DelegatingMethodAccessorImpl.invoke(DelegatingMethodAccessorImpl.java:43)
[junit] 	at java.base/java.util.concurrent.FutureTask.run(FutureTask.java:264)
[junit] 	at java.base/java.lang.Thread.run(Thread.java:840)
"
1061,mutants/mp/334/107/00000066/CharRange.java,aaccb67c93e0578b0d159feb046a8643,mutants/mp/334/107/00000066/CharRange.class,1,334,101,1,,ASSUMED_NO,1189,0,2026-02-03 09:35:49,7,202,
1062,mutants/mp/334/107/00000067/CharRange.java,6419f144193f7e5502fcdb790acaf909,mutants/mp/334/107/00000067/CharRange.class,1,334,101,1,,ASSUMED_NO,1189,0,2026-02-03 09:35:59,7,202,
1063,mutants/mp/330/5/00000043/ByteVector.java,f13d60da6eea5c7992be15ed95eba746,mutants/mp/330/5/00000043/ByteVector.class,0,330,100,1,1,ASSUMED_NO,1203,0,2026-02-03 09:36:08,0,"185,191,193,194,195,197,208,210,213,216","[junit] Testcase: test took 0.021 sec
[junit] expected:<6> but was:<4>
[junit] junit.framework.AssertionFailedError: expected:<6> but was:<4>
[junit] 	at TestByteVector.test(TestByteVector.java:12)
[junit] 	at java.base/jdk.internal.reflect.NativeMethodAccessorImpl.invoke0(Native Method)
[junit] 	at java.base/jdk.internal.reflect.NativeMethodAccessorImpl.invoke(NativeMethodAccessorImpl.java:77)
[junit] 	at java.base/jdk.internal.reflect.DelegatingMethodAccessorImpl.invoke(DelegatingMethodAccessorImpl.java:43)
[junit] 	at java.base/java.util.concurrent.FutureTask.run(FutureTask.java:264)
[junit] 	at java.base/java.lang.Thread.run(Thread.java:840)
"
1064,mutants/mp/331/5/00000042/ByteVector.java,f357e7d62ec2baa094fda8c1ab192881,mutants/mp/331/5/00000042/ByteVector.class,0,331,100,1,1,ASSUMED_YES,1198,0,2026-02-03 09:36:08,0,"185,191,193,199,208,210",
1065,mutants/mp/334/107/00000068/CharRange.java,708fffbc999c2d33535c7c6c09ee2c03,mutants/mp/334/107/00000068/CharRange.class,1,334,101,1,,ASSUMED_NO,1189,0,2026-02-03 09:36:09,7,202,
1066,mutants/mp/332/103/00000027/ByteVector.java,07bbe0d08a23813e6ed3f279ba36c001,mutants/mp/332/103/00000027/ByteVector.class,0,332,100,1,1,ASSUMED_NO,1192,0,2026-02-03 09:36:16,0,"82,83","[junit] Testcase: test took 0.012 sec
[junit] array lengths differed, expected.length=3 actual.length=4; arrays first differed at element [3]; expected:<end of array> but was:<0>
[junit] junit.framework.AssertionFailedError: array lengths differed, expected.length=3 actual.length=4; arrays first differed at element [3]; expected:<end of array> but was:<0>
[junit] 	at TestByteVector.test(TestByteVector.java:13)
[junit] 	at java.base/jdk.internal.reflect.NativeMethodAccessorImpl.invoke0(Native Method)
[junit] 	at java.base/jdk.internal.reflect.NativeMethodAccessorImpl.invoke(NativeMethodAccessorImpl.java:77)
[junit] 	at java.base/jdk.internal.reflect.DelegatingMethodAccessorImpl.invoke(DelegatingMethodAccessorImpl.java:43)
[junit] 	at java.base/java.util.concurrent.FutureTask.run(FutureTask.java:264)
[junit] 	at java.base/java.lang.Thread.run(Thread.java:840)
[junit] Caused by: java.lang.AssertionError: expected:<end of array> but was:<0>
"
1067,mutants/mp/336/5/00000038/CharRange.java,94eafb29a7d14468b06df2dca2adc4c3,mutants/mp/336/5/00000038/CharRange.class,1,336,101,1,,ASSUMED_NO,1202,0,2026-02-03 09:36:20,1,"153,155,158,160",
1068,mutants/mp/334/107/00000069/CharRange.java,385b1de335a9700cb938d7f86b7bde35,mutants/mp/334/107/00000069/CharRange.class,0,334,101,1,1,ASSUMED_NO,1189,0,2026-02-03 09:36:30,0,203,"[junit] Testcase: test took 0.01 sec
[junit] expected:<[]a> but was:<[^]a>
[junit] junit.framework.AssertionFailedError: expected:<[]a> but was:<[^]a>
[junit] 	at TestCharRange.test(TestCharRange.java:13)
[junit] 	at java.base/jdk.internal.reflect.NativeMethodAccessorImpl.invoke0(Native Method)
[junit] 	at java.base/jdk.internal.reflect.NativeMethodAccessorImpl.invoke(NativeMethodAccessorImpl.java:77)
[junit] 	at java.base/jdk.internal.reflect.DelegatingMethodAccessorImpl.invoke(DelegatingMethodAccessorImpl.java:43)
[junit] 	at java.base/java.util.concurrent.FutureTask.run(FutureTask.java:264)
[junit] 	at java.base/java.lang.Thread.run(Thread.java:840)
"
1069,mutants/mp/330/5/00000044/ByteVector.java,287c44053176ad5207f546bafd9aec1d,mutants/mp/330/5/00000044/ByteVector.class,0,330,100,1,1,ASSUMED_NO,1203,0,2026-02-03 09:36:38,0,"185,191,193,200,208,210","[junit] Testcase: test took 0.011 sec
[junit] arrays first differed at element [1]; expected:<4> but was:<5>
[junit] junit.framework.AssertionFailedError: arrays first differed at element [1]; expected:<4> but was:<5>
[junit] 	at TestByteVector.test(TestByteVector.java:13)
[junit] 	at java.base/jdk.internal.reflect.NativeMethodAccessorImpl.invoke0(Native Method)
[junit] 	at java.base/jdk.internal.reflect.NativeMethodAccessorImpl.invoke(NativeMethodAccessorImpl.java:77)
[junit] 	at java.base/jdk.internal.reflect.DelegatingMethodAccessorImpl.invoke(DelegatingMethodAccessorImpl.java:43)
[junit] 	at java.base/java.util.concurrent.FutureTask.run(FutureTask.java:264)
[junit] 	at java.base/java.lang.Thread.run(Thread.java:840)
[junit] Caused by: java.lang.AssertionError: expected:<4> but was:<5>
"
1070,mutants/mp/334/107/00000070/CharRange.java,d3464273c2ff131534fd0762685ef73e,mutants/mp/334/107/00000070/CharRange.class,1,334,101,1,,ASSUMED_NO,1189,0,2026-02-03 09:36:50,7,202,
1071,mutants/mp/331/5/00000043/ByteVector.java,79fdfee37b1e09d278f0fd9b834088bc,mutants/mp/331/5/00000043/ByteVector.class,1,331,100,1,,ASSUMED_NO,1198,0,2026-02-03 09:36:50,2,156,
1072,mutants/mp/336/5/00000039/CharRange.java,749b2bccbdfee5a5acce7d176662f71e,mutants/mp/336/5/00000039/CharRange.class,1,336,101,1,,ASSUMED_NO,1202,0,2026-02-03 09:37:05,1,"153,155,158,160",
1073,mutants/mp/334/107/00000071/CharRange.java,7dbd6b21ec5e372aa6d09bf7e08219bd,mutants/mp/334/107/00000071/CharRange.class,1,334,101,1,,ASSUMED_NO,1189,0,2026-02-03 09:37:06,7,202,
1074,mutants/mp/330/5/00000045/ByteVector.java,badab59b74581b25de0a102da5dd613c,mutants/mp/330/5/00000045/ByteVector.class,1,330,100,1,,ASSUMED_NO,1203,0,2026-02-03 09:37:07,1,244,
1075,mutants/mp/332/103/00000028/ByteVector.java,78aba0e8d5e680a61e221d2dc3dddc02,mutants/mp/332/103/00000028/ByteVector.class,1,332,100,1,,ASSUMED_NO,1192,0,2026-02-03 09:37:08,9,199,
1076,mutants/mp/332/103/00000029/ByteVector.java,bf40110cb72b0d7818576c48dd173837,mutants/mp/332/103/00000029/ByteVector.class,1,332,100,1,,ASSUMED_NO,1192,0,2026-02-03 09:37:29,9,208,
1077,mutants/mp/332/103/00000030/ByteVector.java,c60733bca802974197b384b3b05cc6c1,mutants/mp/332/103/00000030/ByteVector.class,1,332,100,1,,ASSUMED_NO,1192,0,2026-02-03 09:37:46,9,210,
1078,mutants/mp/336/5/00000040/CharRange.java,580da5ba726d061df5aa32253f85af8b,mutants/mp/336/5/00000040/CharRange.class,1,336,101,1,,ASSUMED_NO,1202,0,2026-02-03 09:37:50,1,"153,155,158,160",
1079,mutants/mp/330/5/00000046/ByteVector.java,a777f92a0dfa8eb490c04aaec0e2d29f,mutants/mp/330/5/00000046/ByteVector.class,1,330,100,1,,ASSUMED_NO,1203,0,2026-02-03 09:37:50,1,"243,245",
1080,mutants/mp/329/111/00000033/CharRange.java,762e71604fc76cf8c6876102263c36ef,mutants/mp/329/111/00000033/CharRange.class,0,329,101,1,1,ASSUMED_NO,1195,0,2026-02-03 09:38:09,0,42,"[junit] Testcase: test took 0.013 sec
[junit] null
[junit] junit.framework.AssertionFailedError
[junit] 	at TestCharRange.test(TestCharRange.java:11)
[junit] 	at java.base/jdk.internal.reflect.NativeMethodAccessorImpl.invoke0(Native Method)
[junit] 	at java.base/jdk.internal.reflect.NativeMethodAccessorImpl.invoke(NativeMethodAccessorImpl.java:77)
[junit] 	at java.base/jdk.internal.reflect.DelegatingMethodAccessorImpl.invoke(DelegatingMethodAccessorImpl.java:43)
[junit] 	at java.base/java.util.concurrent.FutureTask.run(FutureTask.java:264)
[junit] 	at java.base/java.lang.Thread.run(Thread.java:840)
"
1081,mutants/mp/330/5/00000047/ByteVector.java,a9655d65603318ac45ee373b5690cf2d,mutants/mp/330/5/00000047/ByteVector.class,1,330,100,1,,ASSUMED_NO,1203,0,2026-02-03 09:38:20,1,"238,239",
1082,mutants/mp/336/5/00000041/CharRange.java,61aeebf2612a5e5de9cbb484cac79dd6,mutants/mp/336/5/00000041/CharRange.class,1,336,101,1,,ASSUMED_NO,1202,0,2026-02-03 09:38:53,1,"153,155,158,160",
1083,mutants/mp/331/5/00000044/ByteVector.java,b1cab7fbfd43650daaaf19e1159bf5b1,mutants/mp/331/5/00000044/ByteVector.class,1,331,100,1,,ASSUMED_NO,1198,0,2026-02-03 09:41:37,2,"155,157",
1084,mutants/mp/337/5/00000001/CharRange.java,8e12e524656d219642e47a19efa3b634,mutants/mp/337/5/00000001/CharRange.class,0,337,101,1,1,ASSUMED_NO,1207,0,2026-02-03 09:50:55,1,"153,158,160","[junit] Testcase: test took 0.021 sec
[junit] null
[junit] junit.framework.AssertionFailedError
[junit] 	at TestCharRange.test(TestCharRange.java:11)
[junit] 	at java.base/jdk.internal.reflect.NativeMethodAccessorImpl.invoke0(Native Method)
[junit] 	at java.base/jdk.internal.reflect.NativeMethodAccessorImpl.invoke(NativeMethodAccessorImpl.java:77)
[junit] 	at java.base/jdk.internal.reflect.DelegatingMethodAccessorImpl.invoke(DelegatingMethodAccessorImpl.java:43)
[junit] 	at java.base/java.util.concurrent.FutureTask.run(FutureTask.java:264)
[junit] 	at java.base/java.lang.Thread.run(Thread.java:840)
"
1085,mutants/mp/337/5/00000002/CharRange.java,9d069d2112e7a2ebae0a2d1620d1091c,mutants/mp/337/5/00000002/CharRange.class,0,337,101,1,1,ASSUMED_NO,1207,0,2026-02-03 09:51:24,1,"153,155,158,160","[junit] Testcase: test took 0.009 sec
[junit] null
[junit] junit.framework.AssertionFailedError
[junit] 	at TestCharRange.test(TestCharRange.java:11)
[junit] 	at java.base/jdk.internal.reflect.NativeMethodAccessorImpl.invoke0(Native Method)
[junit] 	at java.base/jdk.internal.reflect.NativeMethodAccessorImpl.invoke(NativeMethodAccessorImpl.java:77)
[junit] 	at java.base/jdk.internal.reflect.DelegatingMethodAccessorImpl.invoke(DelegatingMethodAccessorImpl.java:43)
[junit] 	at java.base/java.util.concurrent.FutureTask.run(FutureTask.java:264)
[junit] 	at java.base/java.lang.Thread.run(Thread.java:840)
"
1086,mutants/mp/337/5/00000003/CharRange.java,45a8676be23e767e5cc3840548411c00,mutants/mp/337/5/00000003/CharRange.class,0,337,101,1,1,ASSUMED_NO,1207,0,2026-02-03 09:52:09,2,"153,155,158,160","[junit] Testcase: test took 0.01 sec
[junit] null
[junit] junit.framework.AssertionFailedError
[junit] 	at TestCharRange.test(TestCharRange.java:12)
[junit] 	at java.base/jdk.internal.reflect.NativeMethodAccessorImpl.invoke0(Native Method)
[junit] 	at java.base/jdk.internal.reflect.NativeMethodAccessorImpl.invoke(NativeMethodAccessorImpl.java:77)
[junit] 	at java.base/jdk.internal.reflect.DelegatingMethodAccessorImpl.invoke(DelegatingMethodAccessorImpl.java:43)
[junit] 	at java.base/java.util.concurrent.FutureTask.run(FutureTask.java:264)
[junit] 	at java.base/java.lang.Thread.run(Thread.java:840)
"
1087,mutants/mp/337/5/00000004/CharRange.java,4edaf46d385660940dbd26633d90c280,mutants/mp/337/5/00000004/CharRange.class,0,337,101,1,1,ASSUMED_NO,1207,0,2026-02-03 09:52:39,1,"153,155,158,160","[junit] Testcase: test took 0.009 sec
[junit] null
[junit] junit.framework.AssertionFailedError
[junit] 	at TestCharRange.test(TestCharRange.java:11)
[junit] 	at java.base/jdk.internal.reflect.NativeMethodAccessorImpl.invoke0(Native Method)
[junit] 	at java.base/jdk.internal.reflect.NativeMethodAccessorImpl.invoke(NativeMethodAccessorImpl.java:77)
[junit] 	at java.base/jdk.internal.reflect.DelegatingMethodAccessorImpl.invoke(DelegatingMethodAccessorImpl.java:43)
[junit] 	at java.base/java.util.concurrent.FutureTask.run(FutureTask.java:264)
[junit] 	at java.base/java.lang.Thread.run(Thread.java:840)
"
1088,mutants/mp/337/5/00000005/CharRange.java,d2550c51ab271fccdafb7156042a8aa7,mutants/mp/337/5/00000005/CharRange.class,0,337,101,1,1,ASSUMED_NO,1207,0,2026-02-03 09:53:24,3,"153,155,158,160","[junit] Testcase: test took 0.009 sec
[junit] null
[junit] junit.framework.AssertionFailedError
[junit] 	at TestCharRange.test(TestCharRange.java:12)
[junit] 	at java.base/jdk.internal.reflect.NativeMethodAccessorImpl.invoke0(Native Method)
[junit] 	at java.base/jdk.internal.reflect.NativeMethodAccessorImpl.invoke(NativeMethodAccessorImpl.java:77)
[junit] 	at java.base/jdk.internal.reflect.DelegatingMethodAccessorImpl.invoke(DelegatingMethodAccessorImpl.java:43)
[junit] 	at java.base/java.util.concurrent.FutureTask.run(FutureTask.java:264)
[junit] 	at java.base/java.lang.Thread.run(Thread.java:840)
"
1089,mutants/mp/337/5/00000006/CharRange.java,da64e60d368f89479c851a240dafec47,mutants/mp/337/5/00000006/CharRange.class,1,337,101,1,,ASSUMED_NO,1207,0,2026-02-03 09:54:24,4,"153,155,158,160",
1090,mutants/mp/337/5/00000007/CharRange.java,946dd990018c7e071ed35d8ec1a6b0ff,mutants/mp/337/5/00000007/CharRange.class,0,337,101,1,1,ASSUMED_NO,1207,0,2026-02-03 09:54:54,1,"153,155,158,160","[junit] Testcase: test took 0.009 sec
[junit] null
[junit] junit.framework.AssertionFailedError
[junit] 	at TestCharRange.test(TestCharRange.java:11)
[junit] 	at java.base/jdk.internal.reflect.NativeMethodAccessorImpl.invoke0(Native Method)
[junit] 	at java.base/jdk.internal.reflect.NativeMethodAccessorImpl.invoke(NativeMethodAccessorImpl.java:77)
[junit] 	at java.base/jdk.internal.reflect.DelegatingMethodAccessorImpl.invoke(DelegatingMethodAccessorImpl.java:43)
[junit] 	at java.base/java.util.concurrent.FutureTask.run(FutureTask.java:264)
[junit] 	at java.base/java.lang.Thread.run(Thread.java:840)
"
1091,mutants/mp/337/5/00000008/CharRange.java,9c7dc946e2708e151840cbb69a6e9908,mutants/mp/337/5/00000008/CharRange.class,1,337,101,1,,ASSUMED_NO,1207,0,2026-02-03 09:55:24,2,"153,158",
1092,mutants/mp/337/5/00000009/CharRange.java,fd6667fe8e609fdb3269255a74fe11a8,mutants/mp/337/5/00000009/CharRange.class,0,337,101,1,1,ASSUMED_NO,1207,0,2026-02-03 09:56:09,2,"153,155,158,160","[junit] Testcase: test took 0.009 sec
[junit] null
[junit] junit.framework.AssertionFailedError
[junit] 	at TestCharRange.test(TestCharRange.java:12)
[junit] 	at java.base/jdk.internal.reflect.NativeMethodAccessorImpl.invoke0(Native Method)
[junit] 	at java.base/jdk.internal.reflect.NativeMethodAccessorImpl.invoke(NativeMethodAccessorImpl.java:77)
[junit] 	at java.base/jdk.internal.reflect.DelegatingMethodAccessorImpl.invoke(DelegatingMethodAccessorImpl.java:43)
[junit] 	at java.base/java.util.concurrent.FutureTask.run(FutureTask.java:264)
[junit] 	at java.base/java.lang.Thread.run(Thread.java:840)
"
1093,mutants/mp/337/5/00000010/CharRange.java,261fd7d074b8fd539b19276a2df435db,mutants/mp/337/5/00000010/CharRange.class,0,337,101,1,1,ASSUMED_NO,1207,0,2026-02-03 09:56:40,0,"153,155,158,160","[junit] Testcase: test took 0.008 sec
[junit] null
[junit] junit.framework.AssertionFailedError
[junit] 	at TestCharRange.test(TestCharRange.java:11)
[junit] 	at java.base/jdk.internal.reflect.NativeMethodAccessorImpl.invoke0(Native Method)
[junit] 	at java.base/jdk.internal.reflect.NativeMethodAccessorImpl.invoke(NativeMethodAccessorImpl.java:77)
[junit] 	at java.base/jdk.internal.reflect.DelegatingMethodAccessorImpl.invoke(DelegatingMethodAccessorImpl.java:43)
[junit] 	at java.base/java.util.concurrent.FutureTask.run(FutureTask.java:264)
[junit] 	at java.base/java.lang.Thread.run(Thread.java:840)
"
1094,mutants/mp/337/5/00000011/CharRange.java,7daebd67562fb0055b45225e52c0fcb7,mutants/mp/337/5/00000011/CharRange.class,0,337,101,1,1,ASSUMED_NO,1207,0,2026-02-03 09:57:25,2,"153,155,158,160","[junit] Testcase: test took 0.008 sec
[junit] null
[junit] junit.framework.AssertionFailedError
[junit] 	at TestCharRange.test(TestCharRange.java:12)
[junit] 	at java.base/jdk.internal.reflect.NativeMethodAccessorImpl.invoke0(Native Method)
[junit] 	at java.base/jdk.internal.reflect.NativeMethodAccessorImpl.invoke(NativeMethodAccessorImpl.java:77)
[junit] 	at java.base/jdk.internal.reflect.DelegatingMethodAccessorImpl.invoke(DelegatingMethodAccessorImpl.java:43)
[junit] 	at java.base/java.util.concurrent.FutureTask.run(FutureTask.java:264)
[junit] 	at java.base/java.lang.Thread.run(Thread.java:840)
"
1095,mutants/mp/337/5/00000012/CharRange.java,146012e218d0120d97910d88f35405fb,mutants/mp/337/5/00000012/CharRange.class,0,337,101,1,1,ASSUMED_NO,1207,0,2026-02-03 09:57:55,0,"153,160","[junit] Testcase: test took 0.008 sec
[junit] null
[junit] junit.framework.AssertionFailedError
[junit] 	at TestCharRange.test(TestCharRange.java:11)
[junit] 	at java.base/jdk.internal.reflect.NativeMethodAccessorImpl.invoke0(Native Method)
[junit] 	at java.base/jdk.internal.reflect.NativeMethodAccessorImpl.invoke(NativeMethodAccessorImpl.java:77)
[junit] 	at java.base/jdk.internal.reflect.DelegatingMethodAccessorImpl.invoke(DelegatingMethodAccessorImpl.java:43)
[junit] 	at java.base/java.util.concurrent.FutureTask.run(FutureTask.java:264)
[junit] 	at java.base/java.lang.Thread.run(Thread.java:840)
"
1096,mutants/mp/337/5/00000013/CharRange.java,a55faa00194b6d56f1a0a9791c7a0945,mutants/mp/337/5/00000013/CharRange.class,0,337,101,1,1,ASSUMED_NO,1207,0,2026-02-03 09:58:39,3,"153,155,158,160","[junit] Testcase: test took 0.008 sec
[junit] null
[junit] junit.framework.AssertionFailedError
[junit] 	at TestCharRange.test(TestCharRange.java:12)
[junit] 	at java.base/jdk.internal.reflect.NativeMethodAccessorImpl.invoke0(Native Method)
[junit] 	at java.base/jdk.internal.reflect.NativeMethodAccessorImpl.invoke(NativeMethodAccessorImpl.java:77)
[junit] 	at java.base/jdk.internal.reflect.DelegatingMethodAccessorImpl.invoke(DelegatingMethodAccessorImpl.java:43)
[junit] 	at java.base/java.util.concurrent.FutureTask.run(FutureTask.java:264)
[junit] 	at java.base/java.lang.Thread.run(Thread.java:840)
"
1097,mutants/mp/337/5/00000014/CharRange.java,04049d5c654f6dc946eb8d40d577d701,mutants/mp/337/5/00000014/CharRange.class,1,337,101,1,,ASSUMED_NO,1207,0,2026-02-03 09:59:09,8,79,
1098,mutants/mp/337/5/00000015/CharRange.java,a64ad70a6da71d510494bf4e948703a1,mutants/mp/337/5/00000015/CharRange.class,0,337,101,1,1,ASSUMED_NO,1207,0,2026-02-03 09:59:39,0,79,"[junit] Testcase: test took 0.008 sec
[junit] null
[junit] junit.framework.AssertionFailedError
[junit] 	at TestCharRange.test(TestCharRange.java:12)
[junit] 	at java.base/jdk.internal.reflect.NativeMethodAccessorImpl.invoke0(Native Method)
[junit] 	at java.base/jdk.internal.reflect.NativeMethodAccessorImpl.invoke(NativeMethodAccessorImpl.java:77)
[junit] 	at java.base/jdk.internal.reflect.DelegatingMethodAccessorImpl.invoke(DelegatingMethodAccessorImpl.java:43)
[junit] 	at java.base/java.util.concurrent.FutureTask.run(FutureTask.java:264)
[junit] 	at java.base/java.lang.Thread.run(Thread.java:840)
"
1099,mutants/mp/337/5/00000016/CharRange.java,d053589cc9839d0240059735bf17fc8a,mutants/mp/337/5/00000016/CharRange.class,1,337,101,1,,ASSUMED_NO,1207,0,2026-02-03 10:00:09,5,66,
1100,mutants/mp/337/5/00000017/CharRange.java,469cd7c98ad7e53d314e8c9db9a8d6ec,mutants/mp/337/5/00000017/CharRange.class,0,337,101,1,1,ASSUMED_NO,1207,0,2026-02-03 10:00:55,0,"153,155,158,160","[junit] Testcase: test took 0.007 sec
[junit] null
[junit] junit.framework.AssertionFailedError
[junit] 	at TestCharRange.test(TestCharRange.java:12)
[junit] 	at java.base/jdk.internal.reflect.NativeMethodAccessorImpl.invoke0(Native Method)
[junit] 	at java.base/jdk.internal.reflect.NativeMethodAccessorImpl.invoke(NativeMethodAccessorImpl.java:77)
[junit] 	at java.base/jdk.internal.reflect.DelegatingMethodAccessorImpl.invoke(DelegatingMethodAccessorImpl.java:43)
[junit] 	at java.base/java.util.concurrent.FutureTask.run(FutureTask.java:264)
[junit] 	at java.base/java.lang.Thread.run(Thread.java:840)
"
1101,mutants/mp/337/5/00000018/CharRange.java,9d80c0133bbeef333c5c40a0c52c6445,mutants/mp/337/5/00000018/CharRange.class,0,337,101,1,1,ASSUMED_NO,1207,0,2026-02-03 10:01:54,7,79,"[junit] Testcase: test took 0.008 sec
[junit] null
[junit] junit.framework.AssertionFailedError
[junit] 	at TestCharRange.test(TestCharRange.java:11)
[junit] 	at java.base/jdk.internal.reflect.NativeMethodAccessorImpl.invoke0(Native Method)
[junit] 	at java.base/jdk.internal.reflect.NativeMethodAccessorImpl.invoke(NativeMethodAccessorImpl.java:77)
[junit] 	at java.base/jdk.internal.reflect.DelegatingMethodAccessorImpl.invoke(DelegatingMethodAccessorImpl.java:43)
[junit] 	at java.base/java.util.concurrent.FutureTask.run(FutureTask.java:264)
[junit] 	at java.base/java.lang.Thread.run(Thread.java:840)
"
1102,mutants/mp/337/5/00000019/CharRange.java,755130ff563d7f7c6e900ffb5fa18e17,mutants/mp/337/5/00000019/CharRange.class,0,337,101,1,1,ASSUMED_NO,1207,0,2026-02-03 10:02:54,7,79,"[junit] Testcase: test took 0.008 sec
[junit] null
[junit] junit.framework.AssertionFailedError
[junit] 	at TestCharRange.test(TestCharRange.java:11)
[junit] 	at java.base/jdk.internal.reflect.NativeMethodAccessorImpl.invoke0(Native Method)
[junit] 	at java.base/jdk.internal.reflect.NativeMethodAccessorImpl.invoke(NativeMethodAccessorImpl.java:77)
[junit] 	at java.base/jdk.internal.reflect.DelegatingMethodAccessorImpl.invoke(DelegatingMethodAccessorImpl.java:43)
[junit] 	at java.base/java.util.concurrent.FutureTask.run(FutureTask.java:264)
[junit] 	at java.base/java.lang.Thread.run(Thread.java:840)
"
1103,mutants/mp/337/5/00000020/CharRange.java,ae058e109af34d8dcd8253a735ec7587,,0,337,101,1,,ASSUMED_NO,1207,0,2026-02-03 10:03:54,0,79,
1104,mutants/mp/337/5/00000021/CharRange.java,f6daca8ac5d8de42b1aaa443e611985d,mutants/mp/337/5/00000021/CharRange.class,0,337,101,1,1,ASSUMED_NO,1207,0,2026-02-03 10:04:09,6,79,"[junit] Testcase: test took 0.008 sec
[junit] null
[junit] junit.framework.AssertionFailedError
[junit] 	at TestCharRange.test(TestCharRange.java:11)
[junit] 	at java.base/jdk.internal.reflect.NativeMethodAccessorImpl.invoke0(Native Method)
[junit] 	at java.base/jdk.internal.reflect.NativeMethodAccessorImpl.invoke(NativeMethodAccessorImpl.java:77)
[junit] 	at java.base/jdk.internal.reflect.DelegatingMethodAccessorImpl.invoke(DelegatingMethodAccessorImpl.java:43)
[junit] 	at java.base/java.util.concurrent.FutureTask.run(FutureTask.java:264)
[junit] 	at java.base/java.lang.Thread.run(Thread.java:840)
"
1105,mutants/mp/337/5/00000022/CharRange.java,63827bc37257e75fda5565bafa13aaf0,mutants/mp/337/5/00000022/CharRange.class,1,337,101,1,,ASSUMED_NO,1207,0,2026-02-03 10:05:09,8,79,
1106,mutants/mp/344/5/00000001/CharRange.java,28d4d83c8ddd3df9eb6d868934fa22e7,mutants/mp/344/5/00000001/CharRange.class,0,344,101,1,1,ASSUMED_NO,1250,0,2026-02-03 12:26:39,2,181,"[junit] Testcase: test took 0.012 sec
[junit] null
[junit] junit.framework.AssertionFailedError
[junit] 	at TestCharRange.test(TestCharRange.java:13)
[junit] 	at java.base/jdk.internal.reflect.NativeMethodAccessorImpl.invoke0(Native Method)
[junit] 	at java.base/jdk.internal.reflect.NativeMethodAccessorImpl.invoke(NativeMethodAccessorImpl.java:77)
[junit] 	at java.base/jdk.internal.reflect.DelegatingMethodAccessorImpl.invoke(DelegatingMethodAccessorImpl.java:43)
[junit] 	at java.base/java.util.concurrent.FutureTask.run(FutureTask.java:264)
[junit] 	at java.base/java.lang.Thread.run(Thread.java:840)
"
1107,mutants/mp/338/5/00000001/ByteVector.java,dd7d878c047fb6781b6e85b731646c27,mutants/mp/338/5/00000001/ByteVector.class,1,338,100,1,,ASSUMED_NO,1247,0,2026-02-03 12:26:44,5,"185,191,193,208,210",
1108,mutants/mp/340/115/00000001/CharRange.java,ec1fc0f4bad47c9dd2fa642c9e4b73e2,mutants/mp/340/115/00000001/CharRange.class,0,340,101,1,1,ASSUMED_NO,1245,0,2026-02-03 12:26:50,3,34,"[junit] Testcase: test took 0.01 sec
[junit] expected:<97> but was:<100>
[junit] junit.framework.AssertionFailedError: expected:<97> but was:<100>
[junit] 	at TestCharRange.test(TestCharRange.java:13)
[junit] 	at java.base/jdk.internal.reflect.NativeMethodAccessorImpl.invoke0(Native Method)
[junit] 	at java.base/jdk.internal.reflect.NativeMethodAccessorImpl.invoke(NativeMethodAccessorImpl.java:77)
[junit] 	at java.base/jdk.internal.reflect.DelegatingMethodAccessorImpl.invoke(DelegatingMethodAccessorImpl.java:43)
[junit] 	at java.base/java.util.concurrent.FutureTask.run(FutureTask.java:264)
[junit] 	at java.base/java.lang.Thread.run(Thread.java:840)
"
1109,mutants/mp/341/117/00000001/CharRange.java,13c8cc2b1bb3abf1ccf62bd4c453e807,mutants/mp/341/117/00000001/CharRange.class,0,341,101,1,1,ASSUMED_NO,1244,0,2026-02-03 12:26:51,3,54,"[junit] Testcase: test took 0.008 sec
[junit] Values should be different. Actual: ^a
[junit] junit.framework.AssertionFailedError: Values should be different. Actual: ^a
[junit] 	at TestCharRange.test(TestCharRange.java:12)
[junit] 	at java.base/jdk.internal.reflect.NativeMethodAccessorImpl.invoke0(Native Method)
[junit] 	at java.base/jdk.internal.reflect.NativeMethodAccessorImpl.invoke(NativeMethodAccessorImpl.java:77)
[junit] 	at java.base/jdk.internal.reflect.DelegatingMethodAccessorImpl.invoke(DelegatingMethodAccessorImpl.java:43)
[junit] 	at java.base/java.util.concurrent.FutureTask.run(FutureTask.java:264)
[junit] 	at java.base/java.lang.Thread.run(Thread.java:840)
"
1110,mutants/mp/346/125/00000001/CharRange.java,db24bae11cff2f4666872c74ada1b1f5,,0,346,101,1,,ASSUMED_NO,1243,0,2026-02-03 12:27:00,0,34,
1111,mutants/mp/345/5/00000001/ByteVector.java,67f99180cd304a7b6b03e0429024eedc,mutants/mp/345/5/00000001/ByteVector.class,1,345,100,1,,ASSUMED_NO,1251,0,2026-02-03 12:27:00,1,"182,185,191,193,208,210",
1112,mutants/mp/340/115/00000002/CharRange.java,13c8cc2b1bb3abf1ccf62bd4c453e807,mutants/mp/340/115/00000002/CharRange.class,0,340,101,1,1,DECLARED_YES,1245,0,2026-02-03 12:27:02,0,54,
1113,mutants/mp/341/117/00000002/CharRange.java,5d4f06514c46b7043b2037ceec24110c,mutants/mp/341/117/00000002/CharRange.class,0,341,101,1,1,ASSUMED_NO,1244,0,2026-02-03 12:27:05,6,103,"[junit] Testcase: test took 0.008 sec
[junit] expected:<97> but was:<65>
[junit] junit.framework.AssertionFailedError: expected:<97> but was:<65>
[junit] 	at TestCharRange.test(TestCharRange.java:11)
[junit] 	at java.base/jdk.internal.reflect.NativeMethodAccessorImpl.invoke0(Native Method)
[junit] 	at java.base/jdk.internal.reflect.NativeMethodAccessorImpl.invoke(NativeMethodAccessorImpl.java:77)
[junit] 	at java.base/jdk.internal.reflect.DelegatingMethodAccessorImpl.invoke(DelegatingMethodAccessorImpl.java:43)
[junit] 	at java.base/java.util.concurrent.FutureTask.run(FutureTask.java:264)
[junit] 	at java.base/java.lang.Thread.run(Thread.java:840)
"
1114,mutants/mp/344/5/00000002/CharRange.java,5723c1c128928fdabd542865588338b8,mutants/mp/344/5/00000002/CharRange.class,0,344,101,1,1,ASSUMED_NO,1250,0,2026-02-03 12:27:09,1,181,"[junit] Testcase: test took 0.01 sec
[junit] null
[junit] junit.framework.AssertionFailedError
[junit] 	at TestCharRange.test(TestCharRange.java:13)
[junit] 	at java.base/jdk.internal.reflect.NativeMethodAccessorImpl.invoke0(Native Method)
[junit] 	at java.base/jdk.internal.reflect.NativeMethodAccessorImpl.invoke(NativeMethodAccessorImpl.java:77)
[junit] 	at java.base/jdk.internal.reflect.DelegatingMethodAccessorImpl.invoke(DelegatingMethodAccessorImpl.java:43)
[junit] 	at java.base/java.util.concurrent.FutureTask.run(FutureTask.java:264)
[junit] 	at java.base/java.lang.Thread.run(Thread.java:840)
"
1115,mutants/mp/340/115/00000003/CharRange.java,6ece813a348b39894d3b63d4335a38b4,,0,340,101,1,,ASSUMED_NO,1245,0,2026-02-03 12:27:14,0,66,
1116,mutants/mp/342/123/00000001/ByteVector.java,667c5ae804929398332a2ce68164ae33,mutants/mp/342/123/00000001/ByteVector.class,0,342,100,1,1,ASSUMED_NO,1240,0,2026-02-03 12:27:15,0,23,"[junit] Testcase: test took 0.008 sec
[junit] expected:<64> but was:<63>
[junit] junit.framework.AssertionFailedError: expected:<64> but was:<63>
[junit] 	at TestByteVector.test(TestByteVector.java:11)
[junit] 	at java.base/jdk.internal.reflect.NativeMethodAccessorImpl.invoke0(Native Method)
[junit] 	at java.base/jdk.internal.reflect.NativeMethodAccessorImpl.invoke(NativeMethodAccessorImpl.java:77)
[junit] 	at java.base/jdk.internal.reflect.DelegatingMethodAccessorImpl.invoke(DelegatingMethodAccessorImpl.java:43)
[junit] 	at java.base/java.util.concurrent.FutureTask.run(FutureTask.java:264)
[junit] 	at java.base/java.lang.Thread.run(Thread.java:840)
"
1117,mutants/mp/341/117/00000003/CharRange.java,9e898e1d9bfe9a3932dd1bb09e4ad3d9,mutants/mp/341/117/00000003/CharRange.class,0,341,101,1,1,ASSUMED_NO,1244,0,2026-02-03 12:27:16,2,124,"[junit] Testcase: test took 0.009 sec
[junit] expected:<[]a-z> but was:<[^]a-z>
[junit] junit.framework.AssertionFailedError: expected:<[]a-z> but was:<[^]a-z>
[junit] 	at TestCharRange.test(TestCharRange.java:12)
[junit] 	at java.base/jdk.internal.reflect.NativeMethodAccessorImpl.invoke0(Native Method)
[junit] 	at java.base/jdk.internal.reflect.NativeMethodAccessorImpl.invoke(NativeMethodAccessorImpl.java:77)
[junit] 	at java.base/jdk.internal.reflect.DelegatingMethodAccessorImpl.invoke(DelegatingMethodAccessorImpl.java:43)
[junit] 	at java.base/java.util.concurrent.FutureTask.run(FutureTask.java:264)
[junit] 	at java.base/java.lang.Thread.run(Thread.java:840)
"
1118,mutants/mp/343/119/00000001/ByteVector.java,77b11122a1191cd22e3a3073747563e8,mutants/mp/343/119/00000001/ByteVector.class,0,343,100,1,1,ASSUMED_NO,1246,0,2026-02-03 12:27:17,1,23,"[junit] Testcase: test took 0.007 sec
[junit] expected:<64> but was:<65>
[junit] junit.framework.AssertionFailedError: expected:<64> but was:<65>
[junit] 	at TestByteVector.test(TestByteVector.java:11)
[junit] 	at java.base/jdk.internal.reflect.NativeMethodAccessorImpl.invoke0(Native Method)
[junit] 	at java.base/jdk.internal.reflect.NativeMethodAccessorImpl.invoke(NativeMethodAccessorImpl.java:77)
[junit] 	at java.base/jdk.internal.reflect.DelegatingMethodAccessorImpl.invoke(DelegatingMethodAccessorImpl.java:43)
[junit] 	at java.base/java.util.concurrent.FutureTask.run(FutureTask.java:264)
[junit] 	at java.base/java.lang.Thread.run(Thread.java:840)
"
1119,mutants/mp/340/115/00000004/CharRange.java,d9f5c2bc71c80157815b2a18431902cb,mutants/mp/340/115/00000004/CharRange.class,0,340,101,1,1,ASSUMED_NO,1245,0,2026-02-03 12:27:24,1,66,"[junit] Testcase: test took 0.013 sec
[junit] expected:<99> but was:<97>
[junit] junit.framework.AssertionFailedError: expected:<99> but was:<97>
[junit] 	at TestCharRange.test(TestCharRange.java:14)
[junit] 	at java.base/jdk.internal.reflect.NativeMethodAccessorImpl.invoke0(Native Method)
[junit] 	at java.base/jdk.internal.reflect.NativeMethodAccessorImpl.invoke(NativeMethodAccessorImpl.java:77)
[junit] 	at java.base/jdk.internal.reflect.DelegatingMethodAccessorImpl.invoke(DelegatingMethodAccessorImpl.java:43)
[junit] 	at java.base/java.util.concurrent.FutureTask.run(FutureTask.java:264)
[junit] 	at java.base/java.lang.Thread.run(Thread.java:840)
"
1120,mutants/mp/345/5/00000002/ByteVector.java,7be87b1df1d9aacf8fd51c5b54f79f3a,mutants/mp/345/5/00000002/ByteVector.class,1,345,100,1,,ASSUMED_NO,1251,0,2026-02-03 12:27:27,1,"185,186,191,193,208,209,210",
1121,mutants/mp/338/5/00000002/ByteVector.java,d9bb4e53e3274098160937d01d25d531,mutants/mp/338/5/00000002/ByteVector.class,0,338,100,1,1,ASSUMED_NO,1247,0,2026-02-03 12:27:29,1,"181,182,185,191,193,199,208,210","[junit] Testcase: test took 0.01 sec
[junit] expected:<2> but was:<3>
[junit] junit.framework.AssertionFailedError: expected:<2> but was:<3>
[junit] 	at TestByteVector.test(TestByteVector.java:14)
[junit] 	at java.base/jdk.internal.reflect.NativeMethodAccessorImpl.invoke0(Native Method)
[junit] 	at java.base/jdk.internal.reflect.NativeMethodAccessorImpl.invoke(NativeMethodAccessorImpl.java:77)
[junit] 	at java.base/jdk.internal.reflect.DelegatingMethodAccessorImpl.invoke(DelegatingMethodAccessorImpl.java:43)
[junit] 	at java.base/java.util.concurrent.FutureTask.run(FutureTask.java:264)
[junit] 	at java.base/java.lang.Thread.run(Thread.java:840)
"
1122,mutants/mp/341/117/00000004/CharRange.java,7e80f2fece6869fdd76151c7d9a2fe32,mutants/mp/341/117/00000004/CharRange.class,0,341,101,1,1,ASSUMED_NO,1244,0,2026-02-03 12:27:33,1,174,"[junit] Testcase: test took 0.049 sec
[junit] null
[junit] junit.framework.AssertionFailedError
[junit] 	at TestCharRange.test(TestCharRange.java:12)
[junit] 	at java.base/jdk.internal.reflect.NativeMethodAccessorImpl.invoke0(Native Method)
[junit] 	at java.base/jdk.internal.reflect.NativeMethodAccessorImpl.invoke(NativeMethodAccessorImpl.java:77)
[junit] 	at java.base/jdk.internal.reflect.DelegatingMethodAccessorImpl.invoke(DelegatingMethodAccessorImpl.java:43)
[junit] 	at java.base/java.util.concurrent.FutureTask.run(FutureTask.java:264)
[junit] 	at java.base/java.lang.Thread.run(Thread.java:840)
"
1123,mutants/mp/343/119/00000002/ByteVector.java,ef0a1519c85c04bf891f1ca11966e92a,mutants/mp/343/119/00000002/ByteVector.class,0,343,100,1,1,ASSUMED_NO,1246,0,2026-02-03 12:27:36,2,33,"[junit] Testcase: test took 0.006 sec
[junit] expected:<63> but was:<64>
[junit] junit.framework.AssertionFailedError: expected:<63> but was:<64>
[junit] 	at TestByteVector.test(TestByteVector.java:11)
[junit] 	at java.base/jdk.internal.reflect.NativeMethodAccessorImpl.invoke0(Native Method)
[junit] 	at java.base/jdk.internal.reflect.NativeMethodAccessorImpl.invoke(NativeMethodAccessorImpl.java:77)
[junit] 	at java.base/jdk.internal.reflect.DelegatingMethodAccessorImpl.invoke(DelegatingMethodAccessorImpl.java:43)
[junit] 	at java.base/java.util.concurrent.FutureTask.run(FutureTask.java:264)
[junit] 	at java.base/java.lang.Thread.run(Thread.java:840)
"
1124,mutants/mp/340/115/00000005/CharRange.java,9d80c0133bbeef333c5c40a0c52c6445,mutants/mp/340/115/00000005/CharRange.class,0,340,101,1,1,ASSUMED_NO,1245,0,2026-02-03 12:27:37,3,79,"[junit] Testcase: test took 0.008 sec
[junit] null
[junit] junit.framework.AssertionFailedError
[junit] 	at TestCharRange.test(TestCharRange.java:15)
[junit] 	at java.base/jdk.internal.reflect.NativeMethodAccessorImpl.invoke0(Native Method)
[junit] 	at java.base/jdk.internal.reflect.NativeMethodAccessorImpl.invoke(NativeMethodAccessorImpl.java:77)
[junit] 	at java.base/jdk.internal.reflect.DelegatingMethodAccessorImpl.invoke(DelegatingMethodAccessorImpl.java:43)
[junit] 	at java.base/java.util.concurrent.FutureTask.run(FutureTask.java:264)
[junit] 	at java.base/java.lang.Thread.run(Thread.java:840)
"
1125,mutants/mp/346/125/00000002/CharRange.java,037c0026ea48343dca5c9f0f71ca07ba,mutants/mp/346/125/00000002/CharRange.class,0,346,101,1,1,ASSUMED_NO,1243,0,2026-02-03 12:27:37,1,37,"[junit] Testcase: test took 0.008 sec
[junit] expected:<101> but was:<97>
[junit] junit.framework.AssertionFailedError: expected:<101> but was:<97>
[junit] 	at TestCharRange.test(TestCharRange.java:12)
[junit] 	at java.base/jdk.internal.reflect.NativeMethodAccessorImpl.invoke0(Native Method)
[junit] 	at java.base/jdk.internal.reflect.NativeMethodAccessorImpl.invoke(NativeMethodAccessorImpl.java:77)
[junit] 	at java.base/jdk.internal.reflect.DelegatingMethodAccessorImpl.invoke(DelegatingMethodAccessorImpl.java:43)
[junit] 	at java.base/java.util.concurrent.FutureTask.run(FutureTask.java:264)
[junit] 	at java.base/java.lang.Thread.run(Thread.java:840)
"
1126,mutants/mp/342/123/00000002/ByteVector.java,c49137aa8896da55146f14dcfba79417,mutants/mp/342/123/00000002/ByteVector.class,0,342,100,1,1,ASSUMED_NO,1240,0,2026-02-03 12:27:38,0,33,"[junit] Testcase: test took 0.008 sec
[junit] expected:<3> but was:<4>
[junit] junit.framework.AssertionFailedError: expected:<3> but was:<4>
[junit] 	at TestByteVector.test(TestByteVector.java:11)
[junit] 	at java.base/jdk.internal.reflect.NativeMethodAccessorImpl.invoke0(Native Method)
[junit] 	at java.base/jdk.internal.reflect.NativeMethodAccessorImpl.invoke(NativeMethodAccessorImpl.java:77)
[junit] 	at java.base/jdk.internal.reflect.DelegatingMethodAccessorImpl.invoke(DelegatingMethodAccessorImpl.java:43)
[junit] 	at java.base/java.util.concurrent.FutureTask.run(FutureTask.java:264)
[junit] 	at java.base/java.lang.Thread.run(Thread.java:840)
"
1127,mutants/mp/344/5/00000003/CharRange.java,6254a3871a9ac55e84150ca3e015f5d5,mutants/mp/344/5/00000003/CharRange.class,0,344,101,1,1,ASSUMED_NO,1250,0,2026-02-03 12:27:39,2,181,"[junit] Testcase: test took 0.014 sec
[junit] null
[junit] junit.framework.AssertionFailedError
[junit] 	at TestCharRange.test(TestCharRange.java:13)
[junit] 	at java.base/jdk.internal.reflect.NativeMethodAccessorImpl.invoke0(Native Method)
[junit] 	at java.base/jdk.internal.reflect.NativeMethodAccessorImpl.invoke(NativeMethodAccessorImpl.java:77)
[junit] 	at java.base/jdk.internal.reflect.DelegatingMethodAccessorImpl.invoke(DelegatingMethodAccessorImpl.java:43)
[junit] 	at java.base/java.util.concurrent.FutureTask.run(FutureTask.java:264)
[junit] 	at java.base/java.lang.Thread.run(Thread.java:840)
"
1128,mutants/mp/341/117/00000005/CharRange.java,244b4315d43e1eb3d4814ce33613fc57,mutants/mp/341/117/00000005/CharRange.class,0,341,101,1,1,ASSUMED_NO,1244,0,2026-02-03 12:27:45,1,177,"Buildfile: /srv/codedefenders-class-2026/build.xml

test-mutant:
[junit] Running TestCharRange
[junit] Testsuite: TestCharRange
[junit] Tests run: 1, Failures: 0, Errors: 1, Skipped: 0, Time elapsed: 0.046 sec
[junit] Tests run: 1, Failures: 0, Errors: 1, Skipped: 0, Time elapsed: 0.046 sec
[junit]
[junit] Testcase: test took 0.02 sec
[junit] 	Caused an ERROR
[junit] class java.lang.Character cannot be cast to class CharRange (java.lang.Character is in module java.base of loader 'bootstrap'; CharRange is in unnamed module of loader 'app')
[junit] java.lang.ClassCastException: class java.lang.Character cannot be cast to class CharRange (java.lang.Character is in module java.base of loader 'bootstrap'; CharRange is in unnamed module of loader 'app')
[junit] 	at CharRange.equals(CharRange.java:180)
[junit] 	at TestCharRange.test(TestCharRange.java:12)
[junit] 	at java.base/jdk.internal.reflect.NativeMethodAccessorImpl.invoke0(Native Method)
[junit] 	at java.base/jdk.internal.reflect.NativeMethodAccessorImpl.invoke(NativeMethodAccessorImpl.java:77)
[junit] 	at java.base/jdk.internal.reflect.DelegatingMethodAccessorImpl.invoke(DelegatingMethodAccessorImpl.java:43)
[junit] 	at java.base/java.util.concurrent.FutureTask.run(FutureTask.java:264)
[junit] 	at java.base/java.lang.Thread.run(Thread.java:840)
[junit]
[junit] Test TestCharRange FAILED

BUILD SUCCESSFUL
Total time: 2 seconds
  "
1129,mutants/mp/340/115/00000006/CharRange.java,c6d3b0d6373b21d2725924962c628315,mutants/mp/340/115/00000006/CharRange.class,0,340,101,1,1,ASSUMED_NO,1245,0,2026-02-03 12:27:54,3,103,"[junit] Testcase: test took 0.01 sec
[junit] expected:<97> but was:<100>
[junit] junit.framework.AssertionFailedError: expected:<97> but was:<100>
[junit] 	at TestCharRange.test(TestCharRange.java:13)
[junit] 	at java.base/jdk.internal.reflect.NativeMethodAccessorImpl.invoke0(Native Method)
[junit] 	at java.base/jdk.internal.reflect.NativeMethodAccessorImpl.invoke(NativeMethodAccessorImpl.java:77)
[junit] 	at java.base/jdk.internal.reflect.DelegatingMethodAccessorImpl.invoke(DelegatingMethodAccessorImpl.java:43)
[junit] 	at java.base/java.util.concurrent.FutureTask.run(FutureTask.java:264)
[junit] 	at java.base/java.lang.Thread.run(Thread.java:840)
"
1130,mutants/mp/346/125/00000003/CharRange.java,83303effd474efea0f8256e7f4181801,,0,346,101,1,,ASSUMED_NO,1243,0,2026-02-03 12:27:55,0,36,
1131,mutants/mp/345/121/00000001/ByteVector.java,dbf2c0b61d16a5b590d51abff35289ed,mutants/mp/345/121/00000001/ByteVector.class,1,345,100,1,,ASSUMED_NO,1253,0,2026-02-03 12:27:59,1,33,
1132,mutants/mp/338/5/00000003/ByteVector.java,f562dcf14f2e019c528c0527742ae714,mutants/mp/338/5/00000003/ByteVector.class,0,338,100,1,1,ASSUMED_NO,1247,0,2026-02-03 12:28:00,1,"181,182,185,191,193,199,200,208,210","[junit] Testcase: test took 0.007 sec
[junit] expected:<2> but was:<3>
[junit] junit.framework.AssertionFailedError: expected:<2> but was:<3>
[junit] 	at TestByteVector.test(TestByteVector.java:14)
[junit] 	at java.base/jdk.internal.reflect.NativeMethodAccessorImpl.invoke0(Native Method)
[junit] 	at java.base/jdk.internal.reflect.NativeMethodAccessorImpl.invoke(NativeMethodAccessorImpl.java:77)
[junit] 	at java.base/jdk.internal.reflect.DelegatingMethodAccessorImpl.invoke(DelegatingMethodAccessorImpl.java:43)
[junit] 	at java.base/java.util.concurrent.FutureTask.run(FutureTask.java:264)
[junit] 	at java.base/java.lang.Thread.run(Thread.java:840)
"
1133,mutants/mp/340/115/00000007/CharRange.java,08c18c9ef43f0b3659ea35b46d5a6b5f,,0,340,101,1,,ASSUMED_NO,1245,0,2026-02-03 12:28:03,0,112,
1134,mutants/mp/341/117/00000006/CharRange.java,8ea82e0ee994e62caa69adfacbf9e89a,mutants/mp/341/117/00000006/CharRange.class,1,341,101,1,,ASSUMED_NO,1244,0,2026-02-03 12:28:05,1,157,
1135,mutants/mp/342/123/00000003/ByteVector.java,d6b131957192fb0398213c4bbfaa694d,mutants/mp/342/123/00000003/ByteVector.class,0,342,100,1,1,ASSUMED_NO,1240,0,2026-02-03 12:28:07,0,44,"[junit] Testcase: test took 0.009 sec
[junit] expected:<1> but was:<2>
[junit] junit.framework.AssertionFailedError: expected:<1> but was:<2>
[junit] 	at TestByteVector.test(TestByteVector.java:12)
[junit] 	at java.base/jdk.internal.reflect.NativeMethodAccessorImpl.invoke0(Native Method)
[junit] 	at java.base/jdk.internal.reflect.NativeMethodAccessorImpl.invoke(NativeMethodAccessorImpl.java:77)
[junit] 	at java.base/jdk.internal.reflect.DelegatingMethodAccessorImpl.invoke(DelegatingMethodAccessorImpl.java:43)
[junit] 	at java.base/java.util.concurrent.FutureTask.run(FutureTask.java:264)
[junit] 	at java.base/java.lang.Thread.run(Thread.java:840)
"
1136,mutants/mp/344/5/00000004/CharRange.java,af33e30bc40e7605d8f5272f1402c654,mutants/mp/344/5/00000004/CharRange.class,0,344,101,1,1,ASSUMED_NO,1250,0,2026-02-03 12:28:09,1,181,"[junit] Testcase: test took 0.015 sec
[junit] null
[junit] junit.framework.AssertionFailedError
[junit] 	at TestCharRange.test(TestCharRange.java:13)
[junit] 	at java.base/jdk.internal.reflect.NativeMethodAccessorImpl.invoke0(Native Method)
[junit] 	at java.base/jdk.internal.reflect.NativeMethodAccessorImpl.invoke(NativeMethodAccessorImpl.java:77)
[junit] 	at java.base/jdk.internal.reflect.DelegatingMethodAccessorImpl.invoke(DelegatingMethodAccessorImpl.java:43)
[junit] 	at java.base/java.util.concurrent.FutureTask.run(FutureTask.java:264)
[junit] 	at java.base/java.lang.Thread.run(Thread.java:840)
"
1137,mutants/mp/345/5/00000003/ByteVector.java,287c44053176ad5207f546bafd9aec1d,mutants/mp/345/5/00000003/ByteVector.class,1,345,100,1,,ASSUMED_NO,1251,0,2026-02-03 12:28:15,1,"185,191,193,200,208,210",
1138,mutants/mp/343/119/00000003/ByteVector.java,b3772932de83bf92a62e518f0883da34,mutants/mp/343/119/00000003/ByteVector.class,1,343,100,1,,ASSUMED_NO,1246,0,2026-02-03 12:28:15,1,46,
1139,mutants/mp/346/125/00000004/CharRange.java,04049d5c654f6dc946eb8d40d577d701,mutants/mp/346/125/00000004/CharRange.class,0,346,101,1,1,DECLARED_YES,1243,0,2026-02-03 12:28:18,0,79,
1140,mutants/mp/342/123/00000004/ByteVector.java,305cc7bc5ae07a193bdbe591cb55f774,mutants/mp/342/123/00000004/ByteVector.class,0,342,100,1,1,PROVEN_NO,1240,0,2026-02-03 12:28:21,13,45,"[junit] Testcase: test took 0.008 sec
[junit] expected:<1> but was:<2>
[junit] junit.framework.AssertionFailedError: expected:<1> but was:<2>
[junit] 	at TestByteVector.test(TestByteVector.java:12)
[junit] 	at java.base/jdk.internal.reflect.NativeMethodAccessorImpl.invoke0(Native Method)
[junit] 	at java.base/jdk.internal.reflect.NativeMethodAccessorImpl.invoke(NativeMethodAccessorImpl.java:77)
[junit] 	at java.base/jdk.internal.reflect.DelegatingMethodAccessorImpl.invoke(DelegatingMethodAccessorImpl.java:43)
[junit] 	at java.base/java.util.concurrent.FutureTask.run(FutureTask.java:264)
[junit] 	at java.base/java.lang.Thread.run(Thread.java:840)
"
1141,mutants/mp/340/115/00000008/CharRange.java,58b0686eef51169f512d4afb562cabfa,,0,340,101,1,,ASSUMED_NO,1245,0,2026-02-03 12:28:25,0,"112,124",
1142,mutants/mp/338/5/00000004/ByteVector.java,c3df1e99e63c2b4586deb22708c69e04,mutants/mp/338/5/00000004/ByteVector.class,0,338,100,1,1,ASSUMED_NO,1247,0,2026-02-03 12:28:27,1,"181,182,185,188,191,193,208,210","[junit] Testcase: test took 0.01 sec
[junit] expected:<2> but was:<3>
[junit] junit.framework.AssertionFailedError: expected:<2> but was:<3>
[junit] 	at TestByteVector.test(TestByteVector.java:14)
[junit] 	at java.base/jdk.internal.reflect.NativeMethodAccessorImpl.invoke0(Native Method)
[junit] 	at java.base/jdk.internal.reflect.NativeMethodAccessorImpl.invoke(NativeMethodAccessorImpl.java:77)
[junit] 	at java.base/jdk.internal.reflect.DelegatingMethodAccessorImpl.invoke(DelegatingMethodAccessorImpl.java:43)
[junit] 	at java.base/java.util.concurrent.FutureTask.run(FutureTask.java:264)
[junit] 	at java.base/java.lang.Thread.run(Thread.java:840)
"
1143,mutants/mp/341/117/00000007/CharRange.java,6292210edd1b232f41275a8419995780,mutants/mp/341/117/00000007/CharRange.class,0,341,101,1,1,ASSUMED_NO,1244,0,2026-02-03 12:28:28,2,191,"[junit] Testcase: test took 0.009 sec
[junit] expected:<1035> but was:<1034>
[junit] junit.framework.AssertionFailedError: expected:<1035> but was:<1034>
[junit] 	at TestCharRange.test(TestCharRange.java:11)
[junit] 	at java.base/jdk.internal.reflect.NativeMethodAccessorImpl.invoke0(Native Method)
[junit] 	at java.base/jdk.internal.reflect.NativeMethodAccessorImpl.invoke(NativeMethodAccessorImpl.java:77)
[junit] 	at java.base/jdk.internal.reflect.DelegatingMethodAccessorImpl.invoke(DelegatingMethodAccessorImpl.java:43)
[junit] 	at java.base/java.util.concurrent.FutureTask.run(FutureTask.java:264)
[junit] 	at java.base/java.lang.Thread.run(Thread.java:840)
"
1144,mutants/mp/346/125/00000005/CharRange.java,48cf49c427d57664ac5afea7530aba20,mutants/mp/346/125/00000005/CharRange.class,0,346,101,1,1,ASSUMED_NO,1243,0,2026-02-03 12:28:29,1,155,"[junit] Testcase: test took 0.007 sec
[junit] null
[junit] junit.framework.AssertionFailedError
[junit] 	at TestCharRange.test(TestCharRange.java:12)
[junit] 	at java.base/jdk.internal.reflect.NativeMethodAccessorImpl.invoke0(Native Method)
[junit] 	at java.base/jdk.internal.reflect.NativeMethodAccessorImpl.invoke(NativeMethodAccessorImpl.java:77)
[junit] 	at java.base/jdk.internal.reflect.DelegatingMethodAccessorImpl.invoke(DelegatingMethodAccessorImpl.java:43)
[junit] 	at java.base/java.util.concurrent.FutureTask.run(FutureTask.java:264)
[junit] 	at java.base/java.lang.Thread.run(Thread.java:840)
"
1145,mutants/mp/343/119/00000004/ByteVector.java,305cc7bc5ae07a193bdbe591cb55f774,mutants/mp/343/119/00000004/ByteVector.class,1,343,100,1,,ASSUMED_NO,1246,0,2026-02-03 12:28:30,10,45,
1146,mutants/mp/340/115/00000009/CharRange.java,a8abdab1866be727160a157b0c17a2df,mutants/mp/340/115/00000009/CharRange.class,0,340,101,1,1,ASSUMED_NO,1245,0,2026-02-03 12:28:35,1,124,"[junit] Testcase: test took 0.01 sec
[junit] null
[junit] junit.framework.AssertionFailedError
[junit] 	at TestCharRange.test(TestCharRange.java:15)
[junit] 	at java.base/jdk.internal.reflect.NativeMethodAccessorImpl.invoke0(Native Method)
[junit] 	at java.base/jdk.internal.reflect.NativeMethodAccessorImpl.invoke(NativeMethodAccessorImpl.java:77)
[junit] 	at java.base/jdk.internal.reflect.DelegatingMethodAccessorImpl.invoke(DelegatingMethodAccessorImpl.java:43)
[junit] 	at java.base/java.util.concurrent.FutureTask.run(FutureTask.java:264)
[junit] 	at java.base/java.lang.Thread.run(Thread.java:840)
"
1147,mutants/mp/344/5/00000005/CharRange.java,9d069d2112e7a2ebae0a2d1620d1091c,mutants/mp/344/5/00000005/CharRange.class,0,344,101,1,1,ASSUMED_NO,1250,0,2026-02-03 12:28:39,2,"153,155,158,160","[junit] Testcase: test took 0.01 sec
[junit] null
[junit] junit.framework.AssertionFailedError
[junit] 	at TestCharRange.test(TestCharRange.java:14)
[junit] 	at java.base/jdk.internal.reflect.NativeMethodAccessorImpl.invoke0(Native Method)
[junit] 	at java.base/jdk.internal.reflect.NativeMethodAccessorImpl.invoke(NativeMethodAccessorImpl.java:77)
[junit] 	at java.base/jdk.internal.reflect.DelegatingMethodAccessorImpl.invoke(DelegatingMethodAccessorImpl.java:43)
[junit] 	at java.base/java.util.concurrent.FutureTask.run(FutureTask.java:264)
[junit] 	at java.base/java.lang.Thread.run(Thread.java:840)
"
1148,mutants/mp/343/119/00000005/ByteVector.java,4e7ae7afa7560c1c25ba7d046d1ee95c,,0,343,100,1,,ASSUMED_NO,1246,0,2026-02-03 12:28:40,0,45,
1149,mutants/mp/345/5/00000004/ByteVector.java,d4dbd64b8890f736afc5aa0f1c5c5625,mutants/mp/345/5/00000004/ByteVector.class,1,345,100,1,,ASSUMED_NO,1251,0,2026-02-03 12:28:45,1,"185,191,193,208,210,223",
1150,mutants/mp/346/125/00000006/CharRange.java,7ea2eb0c6f78f3b64c77ca32c669fbe0,mutants/mp/346/125/00000006/CharRange.class,0,346,101,1,1,ASSUMED_NO,1243,0,2026-02-03 12:28:53,1,158,"[junit] Testcase: test took 0.008 sec
[junit] null
[junit] junit.framework.AssertionFailedError
[junit] 	at TestCharRange.test(TestCharRange.java:13)
[junit] 	at java.base/jdk.internal.reflect.NativeMethodAccessorImpl.invoke0(Native Method)
[junit] 	at java.base/jdk.internal.reflect.NativeMethodAccessorImpl.invoke(NativeMethodAccessorImpl.java:77)
[junit] 	at java.base/jdk.internal.reflect.DelegatingMethodAccessorImpl.invoke(DelegatingMethodAccessorImpl.java:43)
[junit] 	at java.base/java.util.concurrent.FutureTask.run(FutureTask.java:264)
[junit] 	at java.base/java.lang.Thread.run(Thread.java:840)
"
1151,mutants/mp/340/115/00000010/CharRange.java,7aaa37cccb8a1b07441dee6d432cc083,mutants/mp/340/115/00000010/CharRange.class,1,340,101,1,,ASSUMED_NO,1245,0,2026-02-03 12:28:54,1,158,
1152,mutants/mp/343/119/00000006/ByteVector.java,42595b6457242c6e18e0ecc1871d6b3b,,0,343,100,1,,ASSUMED_NO,1246,0,2026-02-03 12:28:57,0,45,
1153,mutants/mp/345/121/00000002/ByteVector.java,77a403df0ce2f0c3dda9d5cfabf8b183,mutants/mp/345/121/00000002/ByteVector.class,1,345,100,1,,ASSUMED_NO,1253,0,2026-02-03 12:29:00,3,49,
1154,mutants/mp/342/123/00000005/ByteVector.java,c4b106a4701def28838e436f47cb29ad,mutants/mp/342/123/00000005/ByteVector.class,0,342,100,1,1,ASSUMED_NO,1240,0,2026-02-03 12:29:01,0,49,"[junit] Testcase: test took 0.008 sec
[junit] expected:<1> but was:<2>
[junit] junit.framework.AssertionFailedError: expected:<1> but was:<2>
[junit] 	at TestByteVector.test(TestByteVector.java:12)
[junit] 	at java.base/jdk.internal.reflect.NativeMethodAccessorImpl.invoke0(Native Method)
[junit] 	at java.base/jdk.internal.reflect.NativeMethodAccessorImpl.invoke(NativeMethodAccessorImpl.java:77)
[junit] 	at java.base/jdk.internal.reflect.DelegatingMethodAccessorImpl.invoke(DelegatingMethodAccessorImpl.java:43)
[junit] 	at java.base/java.util.concurrent.FutureTask.run(FutureTask.java:264)
[junit] 	at java.base/java.lang.Thread.run(Thread.java:840)
"
1155,mutants/mp/341/117/00000008/CharRange.java,2dcd61dca510f747bdc663ad279f2cbc,mutants/mp/341/117/00000008/CharRange.class,0,341,101,1,1,ASSUMED_NO,1244,0,2026-02-03 12:29:04,1,207,"[junit] Testcase: test took 0.009 sec
[junit] expected:<a[-z]> but was:<a[]>
[junit] junit.framework.AssertionFailedError: expected:<a[-z]> but was:<a[]>
[junit] 	at TestCharRange.test(TestCharRange.java:12)
[junit] 	at java.base/jdk.internal.reflect.NativeMethodAccessorImpl.invoke0(Native Method)
[junit] 	at java.base/jdk.internal.reflect.NativeMethodAccessorImpl.invoke(NativeMethodAccessorImpl.java:77)
[junit] 	at java.base/jdk.internal.reflect.DelegatingMethodAccessorImpl.invoke(DelegatingMethodAccessorImpl.java:43)
[junit] 	at java.base/java.util.concurrent.FutureTask.run(FutureTask.java:264)
[junit] 	at java.base/java.lang.Thread.run(Thread.java:840)
"
1156,mutants/mp/338/5/00000005/ByteVector.java,e82422eeb0a163403ca8ebc61286238d,mutants/mp/338/5/00000005/ByteVector.class,0,338,100,1,1,ASSUMED_NO,1247,0,2026-02-03 12:29:08,4,"185,191,193,199,200,208,210,219","[junit] Testcase: test took 0.01 sec
[junit] expected:<4> but was:<5>
[junit] junit.framework.AssertionFailedError: expected:<4> but was:<5>
[junit] 	at TestByteVector.test(TestByteVector.java:14)
[junit] 	at java.base/jdk.internal.reflect.NativeMethodAccessorImpl.invoke0(Native Method)
[junit] 	at java.base/jdk.internal.reflect.NativeMethodAccessorImpl.invoke(NativeMethodAccessorImpl.java:77)
[junit] 	at java.base/jdk.internal.reflect.DelegatingMethodAccessorImpl.invoke(DelegatingMethodAccessorImpl.java:43)
[junit] 	at java.base/java.util.concurrent.FutureTask.run(FutureTask.java:264)
[junit] 	at java.base/java.lang.Thread.run(Thread.java:840)
"
1157,mutants/mp/346/125/00000007/CharRange.java,062ac249db2763f0aa343dd25a4fdac7,mutants/mp/346/125/00000007/CharRange.class,0,346,101,1,1,ASSUMED_NO,1243,0,2026-02-03 12:29:09,1,"175,178","[junit] Testcase: test took 0.008 sec
[junit] null
[junit] junit.framework.AssertionFailedError
[junit] 	at TestCharRange.test(TestCharRange.java:11)
[junit] 	at java.base/jdk.internal.reflect.NativeMethodAccessorImpl.invoke0(Native Method)
[junit] 	at java.base/jdk.internal.reflect.NativeMethodAccessorImpl.invoke(NativeMethodAccessorImpl.java:77)
[junit] 	at java.base/jdk.internal.reflect.DelegatingMethodAccessorImpl.invoke(DelegatingMethodAccessorImpl.java:43)
[junit] 	at java.base/java.util.concurrent.FutureTask.run(FutureTask.java:264)
[junit] 	at java.base/java.lang.Thread.run(Thread.java:840)
"
1158,mutants/mp/345/5/00000005/ByteVector.java,f052db69fd9210db3241c6ee305a13a8,mutants/mp/345/5/00000005/ByteVector.class,1,345,100,1,,ASSUMED_NO,1251,0,2026-02-03 12:29:12,1,"185,191,193,208,209,210",
1159,mutants/mp/342/123/00000006/ByteVector.java,41811612ae03f58de59c14801c3f380e,mutants/mp/342/123/00000006/ByteVector.class,0,342,100,1,1,ASSUMED_NO,1240,0,2026-02-03 12:29:14,0,48,"[junit] Testcase: test took 0.008 sec
[junit] null
[junit] junit.framework.AssertionFailedError
[junit] 	at TestByteVector.test(TestByteVector.java:12)
[junit] 	at java.base/jdk.internal.reflect.NativeMethodAccessorImpl.invoke0(Native Method)
[junit] 	at java.base/jdk.internal.reflect.NativeMethodAccessorImpl.invoke(NativeMethodAccessorImpl.java:77)
[junit] 	at java.base/jdk.internal.reflect.DelegatingMethodAccessorImpl.invoke(DelegatingMethodAccessorImpl.java:43)
[junit] 	at java.base/java.util.concurrent.FutureTask.run(FutureTask.java:264)
[junit] 	at java.base/java.lang.Thread.run(Thread.java:840)
"
1160,mutants/mp/343/119/00000007/ByteVector.java,27a85a38193cee73624755283b96f984,mutants/mp/343/119/00000007/ByteVector.class,1,343,100,1,,ASSUMED_NO,1246,0,2026-02-03 12:29:21,3,63,
1161,mutants/mp/344/5/00000006/CharRange.java,6c68813dd8b0e38353348313fb475296,mutants/mp/344/5/00000006/CharRange.class,0,344,101,1,1,ASSUMED_NO,1250,0,2026-02-03 12:29:25,1,181,"[junit] Testcase: test took 0.009 sec
[junit] null
[junit] junit.framework.AssertionFailedError
[junit] 	at TestCharRange.test(TestCharRange.java:13)
[junit] 	at java.base/jdk.internal.reflect.NativeMethodAccessorImpl.invoke0(Native Method)
[junit] 	at java.base/jdk.internal.reflect.NativeMethodAccessorImpl.invoke(NativeMethodAccessorImpl.java:77)
[junit] 	at java.base/jdk.internal.reflect.DelegatingMethodAccessorImpl.invoke(DelegatingMethodAccessorImpl.java:43)
[junit] 	at java.base/java.util.concurrent.FutureTask.run(FutureTask.java:264)
[junit] 	at java.base/java.lang.Thread.run(Thread.java:840)
"
1162,mutants/mp/340/115/00000011/CharRange.java,8dd3aa52380e122f4ea7e635ac7398b0,mutants/mp/340/115/00000011/CharRange.class,0,340,101,1,1,ASSUMED_NO,1245,0,2026-02-03 12:29:25,1,153,"[junit] Testcase: test took 0.008 sec
[junit] null
[junit] junit.framework.AssertionFailedError
[junit] 	at TestCharRange.test(TestCharRange.java:16)
[junit] 	at java.base/jdk.internal.reflect.NativeMethodAccessorImpl.invoke0(Native Method)
[junit] 	at java.base/jdk.internal.reflect.NativeMethodAccessorImpl.invoke(NativeMethodAccessorImpl.java:77)
[junit] 	at java.base/jdk.internal.reflect.DelegatingMethodAccessorImpl.invoke(DelegatingMethodAccessorImpl.java:43)
[junit] 	at java.base/java.util.concurrent.FutureTask.run(FutureTask.java:264)
[junit] 	at java.base/java.lang.Thread.run(Thread.java:840)
"
1163,mutants/mp/346/125/00000008/CharRange.java,2df7880223a8669ac4d21d020e982d5b,mutants/mp/346/125/00000008/CharRange.class,0,346,101,1,1,ASSUMED_NO,1243,0,2026-02-03 12:29:26,3,191,"[junit] Testcase: test took 0.011 sec
[junit] expected:<909> but was:<495>
[junit] junit.framework.AssertionFailedError: expected:<909> but was:<495>
[junit] 	at TestCharRange.test(TestCharRange.java:13)
[junit] 	at java.base/jdk.internal.reflect.NativeMethodAccessorImpl.invoke0(Native Method)
[junit] 	at java.base/jdk.internal.reflect.NativeMethodAccessorImpl.invoke(NativeMethodAccessorImpl.java:77)
[junit] 	at java.base/jdk.internal.reflect.DelegatingMethodAccessorImpl.invoke(DelegatingMethodAccessorImpl.java:43)
[junit] 	at java.base/java.util.concurrent.FutureTask.run(FutureTask.java:264)
[junit] 	at java.base/java.lang.Thread.run(Thread.java:840)
"
1164,mutants/mp/338/5/00000006/ByteVector.java,287c44053176ad5207f546bafd9aec1d,mutants/mp/338/5/00000006/ByteVector.class,1,338,100,1,,ASSUMED_NO,1247,0,2026-02-03 12:29:32,5,"185,191,193,200,208,210",
1165,mutants/mp/341/117/00000009/CharRange.java,74fccb98857a229a55c9cc22d75a56d2,mutants/mp/341/117/00000009/CharRange.class,1,341,101,1,,ASSUMED_NO,1244,0,2026-02-03 12:29:37,4,136,
1166,mutants/mp/340/115/00000012/CharRange.java,3aad60a279d7ca28971837013e1691d1,,0,340,101,1,,ASSUMED_NO,1245,0,2026-02-03 12:29:39,0,208,
1167,mutants/mp/346/125/00000009/CharRange.java,041b7d30d1ecd8753781cc5ff9851ee4,mutants/mp/346/125/00000009/CharRange.class,0,346,101,1,1,ASSUMED_NO,1243,0,2026-02-03 12:29:42,1,160,"[junit] Testcase: test took 0.007 sec
[junit] null
[junit] junit.framework.AssertionFailedError
[junit] 	at TestCharRange.test(TestCharRange.java:12)
[junit] 	at java.base/jdk.internal.reflect.NativeMethodAccessorImpl.invoke0(Native Method)
[junit] 	at java.base/jdk.internal.reflect.NativeMethodAccessorImpl.invoke(NativeMethodAccessorImpl.java:77)
[junit] 	at java.base/jdk.internal.reflect.DelegatingMethodAccessorImpl.invoke(DelegatingMethodAccessorImpl.java:43)
[junit] 	at java.base/java.util.concurrent.FutureTask.run(FutureTask.java:264)
[junit] 	at java.base/java.lang.Thread.run(Thread.java:840)
"
1168,mutants/mp/345/121/00000003/ByteVector.java,27a85a38193cee73624755283b96f984,mutants/mp/345/121/00000003/ByteVector.class,1,345,100,1,,ASSUMED_NO,1253,0,2026-02-03 12:29:43,1,63,
1169,mutants/mp/345/5/00000006/ByteVector.java,26dd9f2b86c3253884b5756f2731498e,mutants/mp/345/5/00000006/ByteVector.class,1,345,100,1,,ASSUMED_NO,1251,0,2026-02-03 12:29:45,1,"185,191,193,208,210,223",
1170,mutants/mp/342/123/00000007/ByteVector.java,d0237fbfd624255643ebb1e612b9f61c,mutants/mp/342/123/00000007/ByteVector.class,0,342,100,1,1,ASSUMED_NO,1240,0,2026-02-03 12:29:48,3,"81,82","Buildfile: /srv/codedefenders-class-2026/build.xml

test-mutant:
[junit] Running TestByteVector
[junit] Testsuite: TestByteVector
[junit] Tests run: 1, Failures: 0, Errors: 1, Skipped: 0, Time elapsed: 0.034 sec
[junit] Tests run: 1, Failures: 0, Errors: 1, Skipped: 0, Time elapsed: 0.034 sec
[junit]
[junit] Testcase: test took 0.014 sec
[junit] 	Caused an ERROR
[junit] arraycopy: last source index 2 out of bounds for byte[1]
[junit] java.lang.ArrayIndexOutOfBoundsException: arraycopy: last source index 2 out of bounds for byte[1]
[junit] 	at java.base/java.lang.System.arraycopy(Native Method)
[junit] 	at ByteVector.enlarge(ByteVector.java:258)
[junit] 	at ByteVector.putShort(ByteVector.java:83)
[junit] 	at TestByteVector.test(TestByteVector.java:11)
[junit] 	at java.base/jdk.internal.reflect.NativeMethodAccessorImpl.invoke0(Native Method)
[junit] 	at java.base/jdk.internal.reflect.NativeMethodAccessorImpl.invoke(NativeMethodAccessorImpl.java:77)
[junit] 	at java.base/jdk.internal.reflect.DelegatingMethodAccessorImpl.invoke(DelegatingMethodAccessorImpl.java:43)
[junit] 	at java.base/java.util.concurrent.FutureTask.run(FutureTask.java:264)
[junit] 	at java.base/java.lang.Thread.run(Thread.java:840)
[junit]
[junit] Test TestByteVector FAILED

BUILD SUCCESSFUL
Total time: 1 second
  "
1171,mutants/mp/343/119/00000008/ByteVector.java,bc3169d43daaa2b079d96c980735db9a,mutants/mp/343/119/00000008/ByteVector.class,1,343,100,1,,ASSUMED_NO,1246,0,2026-02-03 12:29:51,10,48,
1172,mutants/mp/340/115/00000013/CharRange.java,a0ddaee5a604c3bcefa1a14ef7a7beff,mutants/mp/340/115/00000013/CharRange.class,1,340,101,1,,ASSUMED_NO,1245,0,2026-02-03 12:29:51,1,208,
1173,mutants/mp/341/117/00000010/CharRange.java,a9737dc3d3a16e364304282609aa28cd,mutants/mp/341/117/00000010/CharRange.class,0,341,101,1,1,ASSUMED_NO,1244,0,2026-02-03 12:29:52,1,92,"[junit] Testcase: test took 0.007 sec
[junit] expected:<122> but was:<97>
[junit] junit.framework.AssertionFailedError: expected:<122> but was:<97>
[junit] 	at TestCharRange.test(TestCharRange.java:12)
[junit] 	at java.base/jdk.internal.reflect.NativeMethodAccessorImpl.invoke0(Native Method)
[junit] 	at java.base/jdk.internal.reflect.NativeMethodAccessorImpl.invoke(NativeMethodAccessorImpl.java:77)
[junit] 	at java.base/jdk.internal.reflect.DelegatingMethodAccessorImpl.invoke(DelegatingMethodAccessorImpl.java:43)
[junit] 	at java.base/java.util.concurrent.FutureTask.run(FutureTask.java:264)
[junit] 	at java.base/java.lang.Thread.run(Thread.java:840)
"
1174,mutants/mp/346/125/00000010/CharRange.java,b4e6a6c8af0824a8cc6a681698974e43,mutants/mp/346/125/00000010/CharRange.class,0,346,101,1,1,ASSUMED_NO,1243,0,2026-02-03 12:29:54,1,204,"[junit] Testcase: test took 0.01 sec
[junit] expected:<[^]a> but was:<[?]a>
[junit] junit.framework.AssertionFailedError: expected:<[^]a> but was:<[?]a>
[junit] 	at TestCharRange.test(TestCharRange.java:11)
[junit] 	at java.base/jdk.internal.reflect.NativeMethodAccessorImpl.invoke0(Native Method)
[junit] 	at java.base/jdk.internal.reflect.NativeMethodAccessorImpl.invoke(NativeMethodAccessorImpl.java:77)
[junit] 	at java.base/jdk.internal.reflect.DelegatingMethodAccessorImpl.invoke(DelegatingMethodAccessorImpl.java:43)
[junit] 	at java.base/java.util.concurrent.FutureTask.run(FutureTask.java:264)
[junit] 	at java.base/java.lang.Thread.run(Thread.java:840)
"
1175,mutants/mp/338/5/00000007/ByteVector.java,7be87b1df1d9aacf8fd51c5b54f79f3a,mutants/mp/338/5/00000007/ByteVector.class,0,338,100,1,1,ASSUMED_NO,1247,0,2026-02-03 12:29:58,2,"185,186,191,193,208,209,210","[junit] Testcase: test took 0.013 sec
[junit] expected:<97> but was:<65>
[junit] junit.framework.AssertionFailedError: expected:<97> but was:<65>
[junit] 	at TestByteVector.test(TestByteVector.java:13)
[junit] 	at java.base/jdk.internal.reflect.NativeMethodAccessorImpl.invoke0(Native Method)
[junit] 	at java.base/jdk.internal.reflect.NativeMethodAccessorImpl.invoke(NativeMethodAccessorImpl.java:77)
[junit] 	at java.base/jdk.internal.reflect.DelegatingMethodAccessorImpl.invoke(DelegatingMethodAccessorImpl.java:43)
[junit] 	at java.base/java.util.concurrent.FutureTask.run(FutureTask.java:264)
[junit] 	at java.base/java.lang.Thread.run(Thread.java:840)
"
1176,mutants/mp/345/121/00000004/ByteVector.java,6d953409dd95876c188e66b0047c4754,mutants/mp/345/121/00000004/ByteVector.class,1,345,100,1,,ASSUMED_NO,1253,0,2026-02-03 12:30:01,2,81,
1177,mutants/mp/340/115/00000014/CharRange.java,6292210edd1b232f41275a8419995780,mutants/mp/340/115/00000014/CharRange.class,1,340,101,1,,ASSUMED_NO,1245,0,2026-02-03 12:30:08,1,191,
1178,mutants/mp/344/5/00000007/CharRange.java,fe4b61d2276a34b2a2559d2e6cdec9a7,mutants/mp/344/5/00000007/CharRange.class,0,344,101,1,1,ASSUMED_NO,1250,0,2026-02-03 12:30:09,1,175,"[junit] Testcase: test took 0.007 sec
[junit] null
[junit] junit.framework.AssertionFailedError
[junit] 	at TestCharRange.test(TestCharRange.java:12)
[junit] 	at java.base/jdk.internal.reflect.NativeMethodAccessorImpl.invoke0(Native Method)
[junit] 	at java.base/jdk.internal.reflect.NativeMethodAccessorImpl.invoke(NativeMethodAccessorImpl.java:77)
[junit] 	at java.base/jdk.internal.reflect.DelegatingMethodAccessorImpl.invoke(DelegatingMethodAccessorImpl.java:43)
[junit] 	at java.base/java.util.concurrent.FutureTask.run(FutureTask.java:264)
[junit] 	at java.base/java.lang.Thread.run(Thread.java:840)
"
1179,mutants/mp/346/125/00000011/CharRange.java,2dcd61dca510f747bdc663ad279f2cbc,mutants/mp/346/125/00000011/CharRange.class,0,346,101,1,1,ASSUMED_NO,1243,0,2026-02-03 12:30:09,1,207,"[junit] Testcase: test took 0.01 sec
[junit] expected:<a[]> but was:<a[-a]>
[junit] junit.framework.AssertionFailedError: expected:<a[]> but was:<a[-a]>
[junit] 	at TestCharRange.test(TestCharRange.java:10)
[junit] 	at java.base/jdk.internal.reflect.NativeMethodAccessorImpl.invoke0(Native Method)
[junit] 	at java.base/jdk.internal.reflect.NativeMethodAccessorImpl.invoke(NativeMethodAccessorImpl.java:77)
[junit] 	at java.base/jdk.internal.reflect.DelegatingMethodAccessorImpl.invoke(DelegatingMethodAccessorImpl.java:43)
[junit] 	at java.base/java.util.concurrent.FutureTask.run(FutureTask.java:264)
[junit] 	at java.base/java.lang.Thread.run(Thread.java:840)
"
1180,mutants/mp/343/119/00000009/ByteVector.java,00a1ad1dd4ab525c5d5396dd789bfd6b,mutants/mp/343/119/00000009/ByteVector.class,1,343,100,1,,ASSUMED_NO,1246,0,2026-02-03 12:30:12,3,"67,68",
1181,mutants/mp/342/123/00000008/ByteVector.java,e82e4770542ce58ef37b786e43b2cef0,mutants/mp/342/123/00000008/ByteVector.class,1,342,100,1,,ASSUMED_NO,1240,0,2026-02-03 12:30:14,6,88,
1182,mutants/mp/345/5/00000007/ByteVector.java,730a0617432c171ed7c32f290a4d056a,mutants/mp/345/5/00000007/ByteVector.class,1,345,100,1,,ASSUMED_NO,1251,0,2026-02-03 12:30:14,1,"185,191,193,208,210",
1183,mutants/mp/346/125/00000012/CharRange.java,e8923968e5065196f2b75176aae57b6d,,0,346,101,1,,ASSUMED_NO,1243,0,2026-02-03 12:30:25,0,181,
1184,mutants/mp/340/115/00000015/CharRange.java,7e80f2fece6869fdd76151c7d9a2fe32,mutants/mp/340/115/00000015/CharRange.class,0,340,101,1,1,ASSUMED_NO,1245,0,2026-02-03 12:30:26,1,174,"[junit] Testcase: test took 0.014 sec
[junit] null
[junit] junit.framework.AssertionFailedError
[junit] 	at TestCharRange.test(TestCharRange.java:16)
[junit] 	at java.base/jdk.internal.reflect.NativeMethodAccessorImpl.invoke0(Native Method)
[junit] 	at java.base/jdk.internal.reflect.NativeMethodAccessorImpl.invoke(NativeMethodAccessorImpl.java:77)
[junit] 	at java.base/jdk.internal.reflect.DelegatingMethodAccessorImpl.invoke(DelegatingMethodAccessorImpl.java:43)
[junit] 	at java.base/java.util.concurrent.FutureTask.run(FutureTask.java:264)
[junit] 	at java.base/java.lang.Thread.run(Thread.java:840)
"
1185,mutants/mp/342/123/00000009/ByteVector.java,46bf882ee8750e1a833155faf88762d1,mutants/mp/342/123/00000009/ByteVector.class,1,342,100,1,,ASSUMED_NO,1240,0,2026-02-03 12:30:26,5,101,
1186,mutants/mp/341/117/00000011/CharRange.java,ec1fc0f4bad47c9dd2fa642c9e4b73e2,mutants/mp/341/117/00000011/CharRange.class,0,341,101,1,1,ASSUMED_NO,1244,0,2026-02-03 12:30:30,1,34,"[junit] Testcase: test took 0.008 sec
[junit] expected:<97> but was:<122>
[junit] junit.framework.AssertionFailedError: expected:<97> but was:<122>
[junit] 	at TestCharRange.test(TestCharRange.java:11)
[junit] 	at java.base/jdk.internal.reflect.NativeMethodAccessorImpl.invoke0(Native Method)
[junit] 	at java.base/jdk.internal.reflect.NativeMethodAccessorImpl.invoke(NativeMethodAccessorImpl.java:77)
[junit] 	at java.base/jdk.internal.reflect.DelegatingMethodAccessorImpl.invoke(DelegatingMethodAccessorImpl.java:43)
[junit] 	at java.base/java.util.concurrent.FutureTask.run(FutureTask.java:264)
[junit] 	at java.base/java.lang.Thread.run(Thread.java:840)
"
1187,mutants/mp/338/5/00000008/ByteVector.java,58d553abfb28d6cbea6613661d5caf81,mutants/mp/338/5/00000008/ByteVector.class,1,338,100,1,,ASSUMED_NO,1247,0,2026-02-03 12:30:32,5,"185,191,193,208,210,219",
1188,mutants/mp/342/123/00000010/ByteVector.java,908746f0518fadf5b3bef8c4b3faf795,mutants/mp/342/123/00000010/ByteVector.class,1,342,100,1,,ASSUMED_NO,1240,0,2026-02-03 12:30:35,5,102,
1189,mutants/mp/343/119/00000010/ByteVector.java,a07f2ec38a64a91afa434a9b81aaec56,mutants/mp/343/119/00000010/ByteVector.class,1,343,100,1,,ASSUMED_NO,1246,0,2026-02-03 12:30:35,1,106,
1190,mutants/mp/340/115/00000016/CharRange.java,2c76636126839db8124ae03a2871da99,mutants/mp/340/115/00000016/CharRange.class,1,340,101,1,,ASSUMED_NO,1245,0,2026-02-03 12:30:36,1,181,
1191,mutants/mp/345/5/00000008/ByteVector.java,69128fff792102d1915fdffd5ab8b435,mutants/mp/345/5/00000008/ByteVector.class,1,345,100,1,,ASSUMED_NO,1251,0,2026-02-03 12:30:46,1,"185,191,193,208,210,222",
1192,mutants/mp/346/125/00000013/CharRange.java,27671b82544f3f0d8a9bc9583c3603bb,mutants/mp/346/125/00000013/CharRange.class,0,346,101,1,1,ASSUMED_NO,1243,0,2026-02-03 12:30:46,1,153,"[junit] Testcase: test took 0.009 sec
[junit] null
[junit] junit.framework.AssertionFailedError
[junit] 	at TestCharRange.test(TestCharRange.java:12)
[junit] 	at java.base/jdk.internal.reflect.NativeMethodAccessorImpl.invoke0(Native Method)
[junit] 	at java.base/jdk.internal.reflect.NativeMethodAccessorImpl.invoke(NativeMethodAccessorImpl.java:77)
[junit] 	at java.base/jdk.internal.reflect.DelegatingMethodAccessorImpl.invoke(DelegatingMethodAccessorImpl.java:43)
[junit] 	at java.base/java.util.concurrent.FutureTask.run(FutureTask.java:264)
[junit] 	at java.base/java.lang.Thread.run(Thread.java:840)
"
1193,mutants/mp/343/119/00000011/ByteVector.java,d4579468ac6b1d7d2f116956232ae642,mutants/mp/343/119/00000011/ByteVector.class,1,343,100,1,,ASSUMED_NO,1246,0,2026-02-03 12:30:53,3,86,
1194,mutants/mp/341/117/00000012/CharRange.java,50f3d3187720f7425da7f14b48fb0289,mutants/mp/341/117/00000012/CharRange.class,0,341,101,1,1,ASSUMED_NO,1244,0,2026-02-03 12:30:54,2,136,"[junit] Testcase: test took 0.007 sec
[junit] null
[junit] junit.framework.AssertionFailedError
[junit] 	at TestCharRange.test(TestCharRange.java:11)
[junit] 	at java.base/jdk.internal.reflect.NativeMethodAccessorImpl.invoke0(Native Method)
[junit] 	at java.base/jdk.internal.reflect.NativeMethodAccessorImpl.invoke(NativeMethodAccessorImpl.java:77)
[junit] 	at java.base/jdk.internal.reflect.DelegatingMethodAccessorImpl.invoke(DelegatingMethodAccessorImpl.java:43)
[junit] 	at java.base/java.util.concurrent.FutureTask.run(FutureTask.java:264)
[junit] 	at java.base/java.lang.Thread.run(Thread.java:840)
"
1195,mutants/mp/340/115/00000017/CharRange.java,265d2818800a6bdf881351948125f9dd,mutants/mp/340/115/00000017/CharRange.class,1,340,101,1,,ASSUMED_NO,1245,0,2026-02-03 12:30:56,1,213,
1196,mutants/mp/342/123/00000011/ByteVector.java,327c7f9b1d9bdd28df29f05ab0887407,mutants/mp/342/123/00000011/ByteVector.class,0,342,100,1,1,ASSUMED_NO,1240,0,2026-02-03 12:30:57,0,106,"Buildfile: /srv/codedefenders-class-2026/build.xml

test-mutant:
[junit] Running TestByteVector
[junit] Testsuite: TestByteVector
[junit] Tests run: 1, Failures: 0, Errors: 1, Skipped: 0, Time elapsed: 0.018 sec
[junit] Tests run: 1, Failures: 0, Errors: 1, Skipped: 0, Time elapsed: 0.018 sec
[junit]
[junit] Testcase: test took 0.006 sec
[junit] 	Caused an ERROR
[junit] Index -1 out of bounds for length 3
[junit] java.lang.ArrayIndexOutOfBoundsException: Index -1 out of bounds for length 3
[junit] 	at ByteVector.put12(ByteVector.java:107)
[junit] 	at TestByteVector.test(TestByteVector.java:11)
[junit] 	at java.base/jdk.internal.reflect.NativeMethodAccessorImpl.invoke0(Native Method)
[junit] 	at java.base/jdk.internal.reflect.NativeMethodAccessorImpl.invoke(NativeMethodAccessorImpl.java:77)
[junit] 	at java.base/jdk.internal.reflect.DelegatingMethodAccessorImpl.invoke(DelegatingMethodAccessorImpl.java:43)
[junit] 	at java.base/java.util.concurrent.FutureTask.run(FutureTask.java:264)
[junit] 	at java.base/java.lang.Thread.run(Thread.java:840)
[junit]
[junit] Test TestByteVector FAILED

BUILD SUCCESSFUL
Total time: 0 seconds
  "
1197,mutants/mp/346/125/00000014/CharRange.java,f1ce99931df0fcad923cabe4bf0ad280,mutants/mp/346/125/00000014/CharRange.class,0,346,101,1,1,ASSUMED_NO,1243,0,2026-02-03 12:31:01,1,181,"[junit] Testcase: test took 0.017 sec
[junit] expected: CharRange<^a-c> but was: CharRange<^a-c>
[junit] junit.framework.AssertionFailedError: expected: CharRange<^a-c> but was: CharRange<^a-c>
[junit] 	at TestCharRange.test(TestCharRange.java:12)
[junit] 	at java.base/jdk.internal.reflect.NativeMethodAccessorImpl.invoke0(Native Method)
[junit] 	at java.base/jdk.internal.reflect.NativeMethodAccessorImpl.invoke(NativeMethodAccessorImpl.java:77)
[junit] 	at java.base/jdk.internal.reflect.DelegatingMethodAccessorImpl.invoke(DelegatingMethodAccessorImpl.java:43)
[junit] 	at java.base/java.util.concurrent.FutureTask.run(FutureTask.java:264)
[junit] 	at java.base/java.lang.Thread.run(Thread.java:840)
"
1198,mutants/mp/338/5/00000009/ByteVector.java,f611c0179b31f0562132b7f51bad31ac,mutants/mp/338/5/00000009/ByteVector.class,0,338,100,1,1,ASSUMED_NO,1247,0,2026-02-03 12:31:02,2,"185,186,191,193,208,209,210","[junit] Testcase: test took 0.011 sec
[junit] expected:<97> but was:<96>
[junit] junit.framework.AssertionFailedError: expected:<97> but was:<96>
[junit] 	at TestByteVector.test(TestByteVector.java:13)
[junit] 	at java.base/jdk.internal.reflect.NativeMethodAccessorImpl.invoke0(Native Method)
[junit] 	at java.base/jdk.internal.reflect.NativeMethodAccessorImpl.invoke(NativeMethodAccessorImpl.java:77)
[junit] 	at java.base/jdk.internal.reflect.DelegatingMethodAccessorImpl.invoke(DelegatingMethodAccessorImpl.java:43)
[junit] 	at java.base/java.util.concurrent.FutureTask.run(FutureTask.java:264)
[junit] 	at java.base/java.lang.Thread.run(Thread.java:840)
"
1199,mutants/mp/344/5/00000008/CharRange.java,0e1f6dd17289d55bf8a013087e4cc779,mutants/mp/344/5/00000008/CharRange.class,1,344,101,1,,ASSUMED_NO,1250,0,2026-02-03 12:31:09,5,181,
1200,mutants/mp/340/115/00000018/CharRange.java,73bffc53e2bd9887edaccae6958d7eaf,,0,340,101,1,,ASSUMED_NO,1245,0,2026-02-03 12:31:12,0,92,
1201,mutants/mp/345/5/00000009/ByteVector.java,c7523d5a24e76d6e2f6ce80c11e2a54b,mutants/mp/345/5/00000009/ByteVector.class,1,345,100,1,,ASSUMED_NO,1251,0,2026-02-03 12:31:15,1,"185,191,193,194,195,197,208,210,214,215,216",
1202,mutants/mp/346/125/00000015/CharRange.java,5dfc7c25ef631032d88aeaa3ae822ce2,mutants/mp/346/125/00000015/CharRange.class,0,346,101,1,1,ASSUMED_NO,1243,0,2026-02-03 12:31:23,1,148,"Buildfile: /srv/codedefenders-class-2026/build.xml

test-mutant:
[junit] Running TestCharRange
[junit] Testsuite: TestCharRange
[junit] Tests run: 1, Failures: 0, Errors: 1, Skipped: 0, Time elapsed: 0.02 sec
[junit] Tests run: 1, Failures: 0, Errors: 1, Skipped: 0, Time elapsed: 0.02 sec
[junit]
[junit] Testcase: test took 0.008 sec
[junit] 	Caused an ERROR
[junit] Cannot read field ""negated"" because ""range"" is null
[junit] java.lang.NullPointerException: Cannot read field ""negated"" because ""range"" is null
[junit] 	at CharRange.contains(CharRange.java:157)
[junit] 	at TestCharRange.test(TestCharRange.java:11)
[junit] 	at java.base/jdk.internal.reflect.NativeMethodAccessorImpl.invoke0(Native Method)
[junit] 	at java.base/jdk.internal.reflect.NativeMethodAccessorImpl.invoke(NativeMethodAccessorImpl.java:77)
[junit] 	at java.base/jdk.internal.reflect.DelegatingMethodAccessorImpl.invoke(DelegatingMethodAccessorImpl.java:43)
[junit] 	at java.base/java.util.concurrent.FutureTask.run(FutureTask.java:264)
[junit] 	at java.base/java.lang.Thread.run(Thread.java:840)
[junit]
[junit] Test TestCharRange FAILED

BUILD SUCCESSFUL
Total time: 0 seconds
  "
1203,mutants/mp/340/115/00000019/CharRange.java,5730dd63ad4de19c40ce33eed724203c,,0,340,101,1,,ASSUMED_NO,1245,0,2026-02-03 12:31:24,0,92,
1204,mutants/mp/343/119/00000012/ByteVector.java,bc5c21716599ca1fa50fa75f8ecdd7a0,mutants/mp/343/119/00000012/ByteVector.class,1,343,100,1,,ASSUMED_NO,1246,0,2026-02-03 12:31:24,3,"255,256",
1205,mutants/mp/342/123/00000012/ByteVector.java,3070b8549f1eab98d988bbbb89b1993c,mutants/mp/342/123/00000012/ByteVector.class,0,342,100,1,1,ASSUMED_YES,1240,0,2026-02-03 12:31:30,0,185,
1206,mutants/mp/338/5/00000010/ByteVector.java,c1e4d015520bc66911766babac1bb60d,mutants/mp/338/5/00000010/ByteVector.class,0,338,100,1,1,ASSUMED_NO,1247,0,2026-02-03 12:31:30,1,"182,185,191,193,200,208,210","[junit] Testcase: test took 0.009 sec
[junit] expected:<2> but was:<3>
[junit] junit.framework.AssertionFailedError: expected:<2> but was:<3>
[junit] 	at TestByteVector.test(TestByteVector.java:14)
[junit] 	at java.base/jdk.internal.reflect.NativeMethodAccessorImpl.invoke0(Native Method)
[junit] 	at java.base/jdk.internal.reflect.NativeMethodAccessorImpl.invoke(NativeMethodAccessorImpl.java:77)
[junit] 	at java.base/jdk.internal.reflect.DelegatingMethodAccessorImpl.invoke(DelegatingMethodAccessorImpl.java:43)
[junit] 	at java.base/java.util.concurrent.FutureTask.run(FutureTask.java:264)
[junit] 	at java.base/java.lang.Thread.run(Thread.java:840)
"
1207,mutants/mp/345/121/00000005/ByteVector.java,297361d16760dc2c3e6e4c4686d8ecd9,mutants/mp/345/121/00000005/ByteVector.class,1,345,100,1,,ASSUMED_NO,1253,0,2026-02-03 12:31:31,1,257,
1208,mutants/mp/341/117/00000013/CharRange.java,0f0b7bd213e19d8b0bfccd61abb12e21,mutants/mp/341/117/00000013/CharRange.class,1,341,101,1,,ASSUMED_NO,1244,0,2026-02-03 12:31:39,1,158,
1209,mutants/mp/343/119/00000013/ByteVector.java,6c83d35263cf96472a8dba269e09f4ad,mutants/mp/343/119/00000013/ByteVector.class,1,343,100,1,,ASSUMED_NO,1246,0,2026-02-03 12:31:46,3,82,
1210,mutants/mp/345/5/00000010/ByteVector.java,3f53b17806dbcd07c69e795983db092b,mutants/mp/345/5/00000010/ByteVector.class,1,345,100,1,,ASSUMED_NO,1251,0,2026-02-03 12:31:46,1,"182,185,186,191,193,200,208,209,210,211,212,213,215,216",
1211,mutants/mp/342/123/00000013/ByteVector.java,1ed54f0397044332756099b3d907d370,mutants/mp/342/123/00000013/ByteVector.class,0,342,100,1,1,ASSUMED_YES,1240,0,2026-02-03 12:31:47,0,191,
1212,mutants/mp/342/123/00000014/ByteVector.java,f626136aabc1da4f1998f6f9bef434e0,,0,342,100,1,,ASSUMED_NO,1240,0,2026-02-03 12:31:58,0,191,
1213,mutants/mp/346/125/00000016/CharRange.java,7e80f2fece6869fdd76151c7d9a2fe32,mutants/mp/346/125/00000016/CharRange.class,0,346,101,1,1,ASSUMED_NO,1243,0,2026-02-03 12:32:01,2,174,"[junit] Testcase: test took 0.008 sec
[junit] Values should be different. Actual: ^a-c
[junit] junit.framework.AssertionFailedError: Values should be different. Actual: ^a-c
[junit] 	at TestCharRange.test(TestCharRange.java:12)
[junit] 	at java.base/jdk.internal.reflect.NativeMethodAccessorImpl.invoke0(Native Method)
[junit] 	at java.base/jdk.internal.reflect.NativeMethodAccessorImpl.invoke(NativeMethodAccessorImpl.java:77)
[junit] 	at java.base/jdk.internal.reflect.DelegatingMethodAccessorImpl.invoke(DelegatingMethodAccessorImpl.java:43)
[junit] 	at java.base/java.util.concurrent.FutureTask.run(FutureTask.java:264)
[junit] 	at java.base/java.lang.Thread.run(Thread.java:840)
"
1214,mutants/mp/341/117/00000014/CharRange.java,1cb96549b4b3514bf144d682783782e1,mutants/mp/341/117/00000014/CharRange.class,1,341,101,1,,ASSUMED_NO,1244,0,2026-02-03 12:32:02,1,153,
1215,mutants/mp/340/115/00000020/CharRange.java,b2693e3231f64945d5929c8c8345802a,,0,340,101,1,,ASSUMED_NO,1245,0,2026-02-03 12:32:07,0,92,
1216,mutants/mp/344/5/00000009/CharRange.java,d76dd65e6671e3646e22b930efb81d5b,mutants/mp/344/5/00000009/CharRange.class,0,344,101,1,1,ASSUMED_NO,1250,0,2026-02-03 12:32:09,1,178,"[junit] Testcase: test took 0.006 sec
[junit] null
[junit] junit.framework.AssertionFailedError
[junit] 	at TestCharRange.test(TestCharRange.java:12)
[junit] 	at java.base/jdk.internal.reflect.NativeMethodAccessorImpl.invoke0(Native Method)
[junit] 	at java.base/jdk.internal.reflect.NativeMethodAccessorImpl.invoke(NativeMethodAccessorImpl.java:77)
[junit] 	at java.base/jdk.internal.reflect.DelegatingMethodAccessorImpl.invoke(DelegatingMethodAccessorImpl.java:43)
[junit] 	at java.base/java.util.concurrent.FutureTask.run(FutureTask.java:264)
[junit] 	at java.base/java.lang.Thread.run(Thread.java:840)
"
1217,mutants/mp/346/125/00000017/CharRange.java,670b00df0f009bcd7badc86561f9bf29,mutants/mp/346/125/00000017/CharRange.class,0,346,101,1,1,ASSUMED_NO,1243,0,2026-02-03 12:32:14,3,191,"[junit] Testcase: test took 0.013 sec
[junit] expected:<910> but was:<908>
[junit] junit.framework.AssertionFailedError: expected:<910> but was:<908>
[junit] 	at TestCharRange.test(TestCharRange.java:14)
[junit] 	at java.base/jdk.internal.reflect.NativeMethodAccessorImpl.invoke0(Native Method)
[junit] 	at java.base/jdk.internal.reflect.NativeMethodAccessorImpl.invoke(NativeMethodAccessorImpl.java:77)
[junit] 	at java.base/jdk.internal.reflect.DelegatingMethodAccessorImpl.invoke(DelegatingMethodAccessorImpl.java:43)
[junit] 	at java.base/java.util.concurrent.FutureTask.run(FutureTask.java:264)
[junit] 	at java.base/java.lang.Thread.run(Thread.java:840)
"
1218,mutants/mp/345/5/00000011/ByteVector.java,65d25de1330b75e2f5c96724f42793ca,mutants/mp/345/5/00000011/ByteVector.class,1,345,100,1,,ASSUMED_NO,1251,0,2026-02-03 12:32:15,1,"185,191,193,208,210,219",
1219,mutants/mp/342/123/00000015/ByteVector.java,586f4a887c06f22b727f2c1acd692c6c,mutants/mp/342/123/00000015/ByteVector.class,0,342,100,1,1,ASSUMED_YES,1240,0,2026-02-03 12:32:15,0,191,
1220,mutants/mp/338/5/00000011/ByteVector.java,67f99180cd304a7b6b03e0429024eedc,mutants/mp/338/5/00000011/ByteVector.class,0,338,100,1,1,ASSUMED_NO,1247,0,2026-02-03 12:32:17,1,"182,185,191,193,208,210","[junit] Testcase: test took 0.009 sec
[junit] expected:<2> but was:<3>
[junit] junit.framework.AssertionFailedError: expected:<2> but was:<3>
[junit] 	at TestByteVector.test(TestByteVector.java:14)
[junit] 	at java.base/jdk.internal.reflect.NativeMethodAccessorImpl.invoke0(Native Method)
[junit] 	at java.base/jdk.internal.reflect.NativeMethodAccessorImpl.invoke(NativeMethodAccessorImpl.java:77)
[junit] 	at java.base/jdk.internal.reflect.DelegatingMethodAccessorImpl.invoke(DelegatingMethodAccessorImpl.java:43)
[junit] 	at java.base/java.util.concurrent.FutureTask.run(FutureTask.java:264)
[junit] 	at java.base/java.lang.Thread.run(Thread.java:840)
"
1221,mutants/mp/346/125/00000018/CharRange.java,bb361855f4be0d29ad32dfad67dcbde8,mutants/mp/346/125/00000018/CharRange.class,0,346,101,1,1,ASSUMED_NO,1243,0,2026-02-03 12:32:31,0,160,"[junit] Testcase: test took 0.007 sec
[junit] null
[junit] junit.framework.AssertionFailedError
[junit] 	at TestCharRange.test(TestCharRange.java:13)
[junit] 	at java.base/jdk.internal.reflect.NativeMethodAccessorImpl.invoke0(Native Method)
[junit] 	at java.base/jdk.internal.reflect.NativeMethodAccessorImpl.invoke(NativeMethodAccessorImpl.java:77)
[junit] 	at java.base/jdk.internal.reflect.DelegatingMethodAccessorImpl.invoke(DelegatingMethodAccessorImpl.java:43)
[junit] 	at java.base/java.util.concurrent.FutureTask.run(FutureTask.java:264)
[junit] 	at java.base/java.lang.Thread.run(Thread.java:840)
"
1222,mutants/mp/340/115/00000021/CharRange.java,7b9d2911b80372fdad75c46c756e582d,,0,340,101,1,,ASSUMED_NO,1245,0,2026-02-03 12:32:34,0,112,
1223,mutants/mp/345/5/00000012/ByteVector.java,fbfeb596c90474516432f5d37cf077ca,mutants/mp/345/5/00000012/ByteVector.class,1,345,100,1,,ASSUMED_NO,1251,0,2026-02-03 12:32:39,3,"45,47,48",
1224,mutants/mp/343/119/00000014/ByteVector.java,0a0cb6759c3d9ae6af918ca485bd5476,mutants/mp/343/119/00000014/ByteVector.class,1,343,100,1,,ASSUMED_NO,1246,0,2026-02-03 12:32:40,12,"45,257",
1225,mutants/mp/341/117/00000015/CharRange.java,1abe4a9df51d1144e8caa239f8d5e8bf,,0,341,101,1,,ASSUMED_NO,1244,0,2026-02-03 12:32:46,0,66,
1226,mutants/mp/346/125/00000019/CharRange.java,ee094b687760228b6469f5d15f0e08e4,mutants/mp/346/125/00000019/CharRange.class,0,346,101,1,1,ASSUMED_NO,1243,0,2026-02-03 12:32:48,1,208,"[junit] Testcase: test took 0.01 sec
[junit] expected:<a[-]e> but was:<a[*]e>
[junit] junit.framework.AssertionFailedError: expected:<a[-]e> but was:<a[*]e>
[junit] 	at TestCharRange.test(TestCharRange.java:10)
[junit] 	at java.base/jdk.internal.reflect.NativeMethodAccessorImpl.invoke0(Native Method)
[junit] 	at java.base/jdk.internal.reflect.NativeMethodAccessorImpl.invoke(NativeMethodAccessorImpl.java:77)
[junit] 	at java.base/jdk.internal.reflect.DelegatingMethodAccessorImpl.invoke(DelegatingMethodAccessorImpl.java:43)
[junit] 	at java.base/java.util.concurrent.FutureTask.run(FutureTask.java:264)
[junit] 	at java.base/java.lang.Thread.run(Thread.java:840)
"
1227,mutants/mp/344/5/00000010/CharRange.java,74564491a9eac1962ee3a24ea91d9d6c,mutants/mp/344/5/00000010/CharRange.class,0,344,101,1,1,ASSUMED_NO,1250,0,2026-02-03 12:32:54,2,181,"[junit] Testcase: test took 0.016 sec
[junit] null
[junit] junit.framework.AssertionFailedError
[junit] 	at TestCharRange.test(TestCharRange.java:13)
[junit] 	at java.base/jdk.internal.reflect.NativeMethodAccessorImpl.invoke0(Native Method)
[junit] 	at java.base/jdk.internal.reflect.NativeMethodAccessorImpl.invoke(NativeMethodAccessorImpl.java:77)
[junit] 	at java.base/jdk.internal.reflect.DelegatingMethodAccessorImpl.invoke(DelegatingMethodAccessorImpl.java:43)
[junit] 	at java.base/java.util.concurrent.FutureTask.run(FutureTask.java:264)
[junit] 	at java.base/java.lang.Thread.run(Thread.java:840)
"
1228,mutants/mp/343/119/00000015/ByteVector.java,d506bf69605228df07b0e8fd6880b069,mutants/mp/343/119/00000015/ByteVector.class,1,343,100,1,,ASSUMED_NO,1246,0,2026-02-03 12:32:57,5,"126,127,129",
1229,mutants/mp/345/121/00000006/ByteVector.java,d02e5d5a97264dd73f797e7c40bd655f,mutants/mp/345/121/00000006/ByteVector.class,1,345,100,1,,ASSUMED_NO,1253,0,2026-02-03 12:32:59,1,123,
1230,mutants/mp/340/115/00000022/CharRange.java,bd84b95a1d4745cd2a9d87174c0718ea,mutants/mp/340/115/00000022/CharRange.class,0,340,101,1,1,ASSUMED_NO,1245,0,2026-02-03 12:33:01,1,92,"[junit] Testcase: test took 0.008 sec
[junit] expected:<97> but was:<38>
[junit] junit.framework.AssertionFailedError: expected:<97> but was:<38>
[junit] 	at TestCharRange.test(TestCharRange.java:15)
[junit] 	at java.base/jdk.internal.reflect.NativeMethodAccessorImpl.invoke0(Native Method)
[junit] 	at java.base/jdk.internal.reflect.NativeMethodAccessorImpl.invoke(NativeMethodAccessorImpl.java:77)
[junit] 	at java.base/jdk.internal.reflect.DelegatingMethodAccessorImpl.invoke(DelegatingMethodAccessorImpl.java:43)
[junit] 	at java.base/java.util.concurrent.FutureTask.run(FutureTask.java:264)
[junit] 	at java.base/java.lang.Thread.run(Thread.java:840)
"
1231,mutants/mp/338/5/00000012/ByteVector.java,a53cd9833a192f3fe5082ad6392f549f,mutants/mp/338/5/00000012/ByteVector.class,0,338,100,1,1,ASSUMED_NO,1247,0,2026-02-03 12:33:01,1,"181,182,185,191,193,208,210","[junit] Testcase: test took 0.008 sec
[junit] expected:<2> but was:<3>
[junit] junit.framework.AssertionFailedError: expected:<2> but was:<3>
[junit] 	at TestByteVector.test(TestByteVector.java:14)
[junit] 	at java.base/jdk.internal.reflect.NativeMethodAccessorImpl.invoke0(Native Method)
[junit] 	at java.base/jdk.internal.reflect.NativeMethodAccessorImpl.invoke(NativeMethodAccessorImpl.java:77)
[junit] 	at java.base/jdk.internal.reflect.DelegatingMethodAccessorImpl.invoke(DelegatingMethodAccessorImpl.java:43)
[junit] 	at java.base/java.util.concurrent.FutureTask.run(FutureTask.java:264)
[junit] 	at java.base/java.lang.Thread.run(Thread.java:840)
"
1232,mutants/mp/346/125/00000020/CharRange.java,19e7f7bdd7c60a56d811bac0d9980e32,mutants/mp/346/125/00000020/CharRange.class,0,346,101,1,1,ASSUMED_NO,1243,0,2026-02-03 12:33:02,1,209,"[junit] Testcase: test took 0.01 sec
[junit] expected:<a-[e]> but was:<a-[a]>
[junit] junit.framework.AssertionFailedError: expected:<a-[e]> but was:<a-[a]>
[junit] 	at TestCharRange.test(TestCharRange.java:10)
[junit] 	at java.base/jdk.internal.reflect.NativeMethodAccessorImpl.invoke0(Native Method)
[junit] 	at java.base/jdk.internal.reflect.NativeMethodAccessorImpl.invoke(NativeMethodAccessorImpl.java:77)
[junit] 	at java.base/jdk.internal.reflect.DelegatingMethodAccessorImpl.invoke(DelegatingMethodAccessorImpl.java:43)
[junit] 	at java.base/java.util.concurrent.FutureTask.run(FutureTask.java:264)
[junit] 	at java.base/java.lang.Thread.run(Thread.java:840)
"
1233,mutants/mp/341/117/00000016/CharRange.java,2c3b75aed60a53d7feee10337bd8a7ad,,0,341,101,1,,ASSUMED_NO,1244,0,2026-02-03 12:33:07,0,66,
1234,mutants/mp/343/119/00000016/ByteVector.java,7cb2eb26841d6a7bf04819ef47c9c847,mutants/mp/343/119/00000016/ByteVector.class,1,343,100,1,,ASSUMED_NO,1246,0,2026-02-03 12:33:15,3,69,
1235,mutants/mp/340/115/00000023/CharRange.java,67190e161710a9ecbd933cfb19c8ded4,mutants/mp/340/115/00000023/CharRange.class,0,340,101,1,1,ASSUMED_NO,1245,0,2026-02-03 12:33:15,1,136,"[junit] Testcase: test took 0.008 sec
[junit] null
[junit] junit.framework.AssertionFailedError
[junit] 	at TestCharRange.test(TestCharRange.java:15)
[junit] 	at java.base/jdk.internal.reflect.NativeMethodAccessorImpl.invoke0(Native Method)
[junit] 	at java.base/jdk.internal.reflect.NativeMethodAccessorImpl.invoke(NativeMethodAccessorImpl.java:77)
[junit] 	at java.base/jdk.internal.reflect.DelegatingMethodAccessorImpl.invoke(DelegatingMethodAccessorImpl.java:43)
[junit] 	at java.base/java.util.concurrent.FutureTask.run(FutureTask.java:264)
[junit] 	at java.base/java.lang.Thread.run(Thread.java:840)
"
1236,mutants/mp/341/117/00000017/CharRange.java,8767dde4588100d740c35b6d1af421ac,mutants/mp/341/117/00000017/CharRange.class,0,341,101,1,1,ASSUMED_NO,1244,0,2026-02-03 12:33:17,1,66,"[junit] Testcase: test took 0.007 sec
[junit] expected:<97> but was:<104>
[junit] junit.framework.AssertionFailedError: expected:<97> but was:<104>
[junit] 	at TestCharRange.test(TestCharRange.java:12)
[junit] 	at java.base/jdk.internal.reflect.NativeMethodAccessorImpl.invoke0(Native Method)
[junit] 	at java.base/jdk.internal.reflect.NativeMethodAccessorImpl.invoke(NativeMethodAccessorImpl.java:77)
[junit] 	at java.base/jdk.internal.reflect.DelegatingMethodAccessorImpl.invoke(DelegatingMethodAccessorImpl.java:43)
[junit] 	at java.base/java.util.concurrent.FutureTask.run(FutureTask.java:264)
[junit] 	at java.base/java.lang.Thread.run(Thread.java:840)
"
1237,mutants/mp/345/5/00000013/ByteVector.java,2784db9324117516a0a9ee1fa1fe7f0f,mutants/mp/345/5/00000013/ByteVector.class,1,345,100,1,,ASSUMED_NO,1251,0,2026-02-03 12:33:18,1,"185,186,191,193,208,209,210",
1238,mutants/mp/346/125/00000021/CharRange.java,ba381827471c0aab34b7af2aaa6aed3e,mutants/mp/346/125/00000021/CharRange.class,0,346,101,1,1,ASSUMED_NO,1243,0,2026-02-03 12:33:19,2,206,"[junit] Testcase: test took 0.01 sec
[junit] expected:<[a]-e> but was:<[e]-e>
[junit] junit.framework.AssertionFailedError: expected:<[a]-e> but was:<[e]-e>
[junit] 	at TestCharRange.test(TestCharRange.java:10)
[junit] 	at java.base/jdk.internal.reflect.NativeMethodAccessorImpl.invoke0(Native Method)
[junit] 	at java.base/jdk.internal.reflect.NativeMethodAccessorImpl.invoke(NativeMethodAccessorImpl.java:77)
[junit] 	at java.base/jdk.internal.reflect.DelegatingMethodAccessorImpl.invoke(DelegatingMethodAccessorImpl.java:43)
[junit] 	at java.base/java.util.concurrent.FutureTask.run(FutureTask.java:264)
[junit] 	at java.base/java.lang.Thread.run(Thread.java:840)
"
1239,mutants/mp/342/123/00000016/ByteVector.java,50418e230067a78faa9c937521e1d6b6,mutants/mp/342/123/00000016/ByteVector.class,0,342,100,1,1,ASSUMED_NO,1240,0,2026-02-03 12:33:27,0,257,"Buildfile: /srv/codedefenders-class-2026/build.xml

test-mutant:
[junit] Running TestByteVector
[junit] Testsuite: TestByteVector
[junit] Tests run: 1, Failures: 0, Errors: 1, Skipped: 0, Time elapsed: 0.024 sec
[junit] Tests run: 1, Failures: 0, Errors: 1, Skipped: 0, Time elapsed: 0.024 sec
[junit]
[junit] Testcase: test took 0.01 sec
[junit] 	Caused an ERROR
[junit] Index 2 out of bounds for length 2
[junit] java.lang.ArrayIndexOutOfBoundsException: Index 2 out of bounds for length 2
[junit] 	at ByteVector.putInt(ByteVector.java:128)
[junit] 	at TestByteVector.test(TestByteVector.java:11)
[junit] 	at java.base/jdk.internal.reflect.NativeMethodAccessorImpl.invoke0(Native Method)
[junit] 	at java.base/jdk.internal.reflect.NativeMethodAccessorImpl.invoke(NativeMethodAccessorImpl.java:77)
[junit] 	at java.base/jdk.internal.reflect.DelegatingMethodAccessorImpl.invoke(DelegatingMethodAccessorImpl.java:43)
[junit] 	at java.base/java.util.concurrent.FutureTask.run(FutureTask.java:264)
[junit] 	at java.base/java.lang.Thread.run(Thread.java:840)
[junit]
[junit] Test TestByteVector FAILED

BUILD SUCCESSFUL
Total time: 1 second
  "
1240,mutants/mp/343/119/00000017/ByteVector.java,2a9bae8feb80d20c2dfa16c2f728eb11,mutants/mp/343/119/00000017/ByteVector.class,1,343,100,1,,ASSUMED_NO,1246,0,2026-02-03 12:33:29,3,88,
1241,mutants/mp/346/125/00000022/CharRange.java,3a29db0914fc0793a5e39f51a7085683,mutants/mp/346/125/00000022/CharRange.class,0,346,101,1,1,ASSUMED_NO,1243,0,2026-02-03 12:33:43,1,177,"[junit] Testcase: test took 0.012 sec
[junit] expected: CharRange<^a-c> but was: CharRange<^a-c>
[junit] junit.framework.AssertionFailedError: expected: CharRange<^a-c> but was: CharRange<^a-c>
[junit] 	at TestCharRange.test(TestCharRange.java:12)
[junit] 	at java.base/jdk.internal.reflect.NativeMethodAccessorImpl.invoke0(Native Method)
[junit] 	at java.base/jdk.internal.reflect.NativeMethodAccessorImpl.invoke(NativeMethodAccessorImpl.java:77)
[junit] 	at java.base/jdk.internal.reflect.DelegatingMethodAccessorImpl.invoke(DelegatingMethodAccessorImpl.java:43)
[junit] 	at java.base/java.util.concurrent.FutureTask.run(FutureTask.java:264)
[junit] 	at java.base/java.lang.Thread.run(Thread.java:840)
"
1242,mutants/mp/340/115/00000024/CharRange.java,a4980525fe32bf48711806417ab63dfe,mutants/mp/340/115/00000024/CharRange.class,1,340,101,1,,ASSUMED_NO,1245,0,2026-02-03 12:33:43,1,149,
1243,mutants/mp/345/5/00000014/ByteVector.java,8a7f92a5a6791feb3c33edde651ca92d,mutants/mp/345/5/00000014/ByteVector.class,1,345,100,1,,ASSUMED_NO,1251,0,2026-02-03 12:33:45,1,"182,185,191,193,200,208,210",
1244,mutants/mp/343/119/00000018/ByteVector.java,9adb3bc9e85fd5bbe990e969772de802,mutants/mp/343/119/00000018/ByteVector.class,1,343,100,1,,ASSUMED_NO,1246,0,2026-02-03 12:33:45,5,122,
1245,mutants/mp/338/5/00000013/ByteVector.java,cfc77cfbcade035e5adc1e8dfc5cb959,mutants/mp/338/5/00000013/ByteVector.class,1,338,100,1,,ASSUMED_NO,1247,0,2026-02-03 12:33:47,5,"182,185,191,193,200,208,210",
1246,mutants/mp/340/115/00000025/CharRange.java,b3c9c327c1fa678f5e6330fbab3ec4b7,mutants/mp/340/115/00000025/CharRange.class,1,340,101,1,,ASSUMED_NO,1245,0,2026-02-03 12:33:53,1,202,
1247,mutants/mp/344/5/00000011/CharRange.java,50cf6c95b4a979a7759cf7934d676a2c,mutants/mp/344/5/00000011/CharRange.class,0,344,101,1,1,ASSUMED_NO,1250,0,2026-02-03 12:33:55,2,181,"[junit] Testcase: test took 0.013 sec
[junit] null
[junit] junit.framework.AssertionFailedError
[junit] 	at TestCharRange.test(TestCharRange.java:13)
[junit] 	at java.base/jdk.internal.reflect.NativeMethodAccessorImpl.invoke0(Native Method)
[junit] 	at java.base/jdk.internal.reflect.NativeMethodAccessorImpl.invoke(NativeMethodAccessorImpl.java:77)
[junit] 	at java.base/jdk.internal.reflect.DelegatingMethodAccessorImpl.invoke(DelegatingMethodAccessorImpl.java:43)
[junit] 	at java.base/java.util.concurrent.FutureTask.run(FutureTask.java:264)
[junit] 	at java.base/java.lang.Thread.run(Thread.java:840)
"
1248,mutants/mp/342/123/00000017/ByteVector.java,4e6c3c79d979d93f48ad41d2404cecbc,mutants/mp/342/123/00000017/ByteVector.class,0,342,100,1,1,ASSUMED_NO,1240,0,2026-02-03 12:33:59,6,257,"[junit] Testcase: test took 0.008 sec
[junit] expected:<4> but was:<3>
[junit] junit.framework.AssertionFailedError: expected:<4> but was:<3>
[junit] 	at TestByteVector.test(TestByteVector.java:13)
[junit] 	at java.base/jdk.internal.reflect.NativeMethodAccessorImpl.invoke0(Native Method)
[junit] 	at java.base/jdk.internal.reflect.NativeMethodAccessorImpl.invoke(NativeMethodAccessorImpl.java:77)
[junit] 	at java.base/jdk.internal.reflect.DelegatingMethodAccessorImpl.invoke(DelegatingMethodAccessorImpl.java:43)
[junit] 	at java.base/java.util.concurrent.FutureTask.run(FutureTask.java:264)
[junit] 	at java.base/java.lang.Thread.run(Thread.java:840)
"
1249,mutants/mp/341/117/00000018/CharRange.java,a64ad70a6da71d510494bf4e948703a1,mutants/mp/341/117/00000018/CharRange.class,0,341,101,1,1,ASSUMED_NO,1244,0,2026-02-03 12:34:05,2,79,"[junit] Testcase: test took 0.008 sec
[junit] expected:<1034> but was:<1035>
[junit] junit.framework.AssertionFailedError: expected:<1034> but was:<1035>
[junit] 	at TestCharRange.test(TestCharRange.java:11)
[junit] 	at java.base/jdk.internal.reflect.NativeMethodAccessorImpl.invoke0(Native Method)
[junit] 	at java.base/jdk.internal.reflect.NativeMethodAccessorImpl.invoke(NativeMethodAccessorImpl.java:77)
[junit] 	at java.base/jdk.internal.reflect.DelegatingMethodAccessorImpl.invoke(DelegatingMethodAccessorImpl.java:43)
[junit] 	at java.base/java.util.concurrent.FutureTask.run(FutureTask.java:264)
[junit] 	at java.base/java.lang.Thread.run(Thread.java:840)
"
1250,mutants/mp/343/119/00000019/ByteVector.java,6df7479a8d0992f7e006ac0db2ad58be,mutants/mp/343/119/00000019/ByteVector.class,1,343,100,1,,ASSUMED_NO,1246,0,2026-02-03 12:34:09,1,143,
1251,mutants/mp/345/5/00000015/ByteVector.java,208b92aa5ab16ca5d23d709a1d11f71a,mutants/mp/345/5/00000015/ByteVector.class,1,345,100,1,,ASSUMED_NO,1251,0,2026-02-03 12:34:09,3,48,
1252,mutants/mp/345/121/00000007/ByteVector.java,148fa7116c06934d101f8e11fdbc65e0,mutants/mp/345/121/00000007/ByteVector.class,1,345,100,1,,ASSUMED_NO,1253,0,2026-02-03 12:34:16,3,44,
1253,mutants/mp/346/125/00000023/CharRange.java,dc344590e35d93837c5c8ccb929c8dd2,mutants/mp/346/125/00000023/CharRange.class,0,346,101,1,1,DECLARED_YES,1243,0,2026-02-03 12:34:17,0,202,
1254,mutants/mp/341/117/00000019/CharRange.java,ffb40574297afd57d2ac4e7458d696e4,mutants/mp/341/117/00000019/CharRange.class,0,341,101,1,1,ASSUMED_NO,1244,0,2026-02-03 12:34:28,0,92,"[junit] Testcase: test took 0.008 sec
[junit] expected:<97> but was:<122>
[junit] junit.framework.AssertionFailedError: expected:<97> but was:<122>
[junit] 	at TestCharRange.test(TestCharRange.java:11)
[junit] 	at java.base/jdk.internal.reflect.NativeMethodAccessorImpl.invoke0(Native Method)
[junit] 	at java.base/jdk.internal.reflect.NativeMethodAccessorImpl.invoke(NativeMethodAccessorImpl.java:77)
[junit] 	at java.base/jdk.internal.reflect.DelegatingMethodAccessorImpl.invoke(DelegatingMethodAccessorImpl.java:43)
[junit] 	at java.base/java.util.concurrent.FutureTask.run(FutureTask.java:264)
[junit] 	at java.base/java.lang.Thread.run(Thread.java:840)
"
1255,mutants/mp/338/5/00000014/ByteVector.java,2784db9324117516a0a9ee1fa1fe7f0f,mutants/mp/338/5/00000014/ByteVector.class,0,338,100,1,1,ASSUMED_NO,1247,0,2026-02-03 12:34:29,2,"185,186,191,193,208,209,210","[junit] Testcase: test took 0.012 sec
[junit] expected:<97> but was:<98>
[junit] junit.framework.AssertionFailedError: expected:<97> but was:<98>
[junit] 	at TestByteVector.test(TestByteVector.java:13)
[junit] 	at java.base/jdk.internal.reflect.NativeMethodAccessorImpl.invoke0(Native Method)
[junit] 	at java.base/jdk.internal.reflect.NativeMethodAccessorImpl.invoke(NativeMethodAccessorImpl.java:77)
[junit] 	at java.base/jdk.internal.reflect.DelegatingMethodAccessorImpl.invoke(DelegatingMethodAccessorImpl.java:43)
[junit] 	at java.base/java.util.concurrent.FutureTask.run(FutureTask.java:264)
[junit] 	at java.base/java.lang.Thread.run(Thread.java:840)
"
1256,mutants/mp/340/115/00000026/CharRange.java,4aba2a91a502c3de947443d38613fe30,mutants/mp/340/115/00000026/CharRange.class,1,340,101,1,,ASSUMED_NO,1245,0,2026-02-03 12:34:32,1,203,
1257,mutants/mp/342/123/00000018/ByteVector.java,0506709058f0f30307c02ed417984a20,mutants/mp/342/123/00000018/ByteVector.class,0,342,100,1,1,ASSUMED_NO,1240,0,2026-02-03 12:34:37,6,257,"[junit] Testcase: test took 0.009 sec
[junit] expected:<4> but was:<3>
[junit] junit.framework.AssertionFailedError: expected:<4> but was:<3>
[junit] 	at TestByteVector.test(TestByteVector.java:13)
[junit] 	at java.base/jdk.internal.reflect.NativeMethodAccessorImpl.invoke0(Native Method)
[junit] 	at java.base/jdk.internal.reflect.NativeMethodAccessorImpl.invoke(NativeMethodAccessorImpl.java:77)
[junit] 	at java.base/jdk.internal.reflect.DelegatingMethodAccessorImpl.invoke(DelegatingMethodAccessorImpl.java:43)
[junit] 	at java.base/java.util.concurrent.FutureTask.run(FutureTask.java:264)
[junit] 	at java.base/java.lang.Thread.run(Thread.java:840)
"
1258,mutants/mp/343/119/00000020/ByteVector.java,b6556619241d823acf39c9087729f718,mutants/mp/343/119/00000020/ByteVector.class,1,343,100,1,,ASSUMED_NO,1246,0,2026-02-03 12:34:38,1,102,
1259,mutants/mp/343/119/00000021/ByteVector.java,3fed966824364b9fd6bca16bafccc1ab,mutants/mp/343/119/00000021/ByteVector.class,1,343,100,1,,ASSUMED_NO,1246,0,2026-02-03 12:34:54,1,107,
1260,mutants/mp/345/5/00000016/ByteVector.java,b3772932de83bf92a62e518f0883da34,mutants/mp/345/5/00000016/ByteVector.class,1,345,100,1,,ASSUMED_NO,1251,0,2026-02-03 12:34:55,1,46,
1261,mutants/mp/338/5/00000015/ByteVector.java,5cb66647c9dd92ba0be84fad8d0e2df0,mutants/mp/338/5/00000015/ByteVector.class,0,338,100,1,1,ASSUMED_NO,1247,0,2026-02-03 12:34:59,3,"185,191,193,208,210,222","[junit] Testcase: test took 0.02 sec
[junit] expected:<4> but was:<3>
[junit] junit.framework.AssertionFailedError: expected:<4> but was:<3>
[junit] 	at TestByteVector.test(TestByteVector.java:13)
[junit] 	at java.base/jdk.internal.reflect.NativeMethodAccessorImpl.invoke0(Native Method)
[junit] 	at java.base/jdk.internal.reflect.NativeMethodAccessorImpl.invoke(NativeMethodAccessorImpl.java:77)
[junit] 	at java.base/jdk.internal.reflect.DelegatingMethodAccessorImpl.invoke(DelegatingMethodAccessorImpl.java:43)
[junit] 	at java.base/java.util.concurrent.FutureTask.run(FutureTask.java:264)
[junit] 	at java.base/java.lang.Thread.run(Thread.java:840)
"
1262,mutants/mp/346/125/00000024/CharRange.java,fb6cd3a2a6fcf83fa9a7b8f5d68fe83c,mutants/mp/346/125/00000024/CharRange.class,0,346,101,1,1,ASSUMED_NO,1243,0,2026-02-03 12:35:03,0,191,"[junit] Testcase: test took 0.008 sec
[junit] Values should be different. Actual: 0
[junit] junit.framework.AssertionFailedError: Values should be different. Actual: 0
[junit] 	at TestCharRange.test(TestCharRange.java:13)
[junit] 	at java.base/jdk.internal.reflect.NativeMethodAccessorImpl.invoke0(Native Method)
[junit] 	at java.base/jdk.internal.reflect.NativeMethodAccessorImpl.invoke(NativeMethodAccessorImpl.java:77)
[junit] 	at java.base/jdk.internal.reflect.DelegatingMethodAccessorImpl.invoke(DelegatingMethodAccessorImpl.java:43)
[junit] 	at java.base/java.util.concurrent.FutureTask.run(FutureTask.java:264)
[junit] 	at java.base/java.lang.Thread.run(Thread.java:840)
"
1263,mutants/mp/345/121/00000008/ByteVector.java,230c1df549d9e39ee8be06d99cb9a54d,mutants/mp/345/121/00000008/ByteVector.class,1,345,100,1,,ASSUMED_NO,1253,0,2026-02-03 12:35:05,2,88,
1264,mutants/mp/342/123/00000019/ByteVector.java,2bceeddb40fb148c301741d00532226a,mutants/mp/342/123/00000019/ByteVector.class,1,342,100,1,,ASSUMED_NO,1240,0,2026-02-03 12:35:07,8,238,
1265,mutants/mp/343/119/00000022/ByteVector.java,0174acb8b4eac98e6c5baaa072bd9cb5,mutants/mp/343/119/00000022/ByteVector.class,1,343,100,1,,ASSUMED_NO,1246,0,2026-02-03 12:35:13,1,108,
1266,mutants/mp/345/121/00000009/ByteVector.java,73d97da7f389caf0a136868083eb8d80,mutants/mp/345/121/00000009/ByteVector.class,1,345,100,1,,ASSUMED_NO,1253,0,2026-02-03 12:35:22,2,81,
1267,mutants/mp/340/115/00000027/CharRange.java,0f0b7bd213e19d8b0bfccd61abb12e21,mutants/mp/340/115/00000027/CharRange.class,1,340,101,1,,ASSUMED_NO,1245,0,2026-02-03 12:35:28,1,158,
1268,mutants/mp/338/5/00000016/ByteVector.java,1e53dd405c2dbf7921acd0d479444cf4,mutants/mp/338/5/00000016/ByteVector.class,1,338,100,1,,ASSUMED_NO,1247,0,2026-02-03 12:35:32,5,"185,191,193,208,210",
1269,mutants/mp/343/119/00000023/ByteVector.java,f07369dfbd378589e2db2d3aa363abde,mutants/mp/343/119/00000023/ByteVector.class,1,343,100,1,,ASSUMED_NO,1246,0,2026-02-03 12:35:32,1,148,
1270,mutants/mp/345/5/00000017/ByteVector.java,1f469a040d6f4841ab86e3553d923fe9,mutants/mp/345/5/00000017/ByteVector.class,1,345,100,1,,ASSUMED_NO,1251,0,2026-02-03 12:35:39,3,48,
1271,mutants/mp/345/121/00000010/ByteVector.java,c01e0666c7c4b986df7cfcfeaf0efeb0,mutants/mp/345/121/00000010/ByteVector.class,1,345,100,1,,ASSUMED_NO,1253,0,2026-02-03 12:35:44,2,101,
1272,mutants/mp/346/125/00000025/CharRange.java,e2d7af9676a6be805a6aa42f46b44965,mutants/mp/346/125/00000025/CharRange.class,0,346,101,1,1,ASSUMED_NO,1243,0,2026-02-03 12:35:49,0,181,"[junit] Testcase: test took 0.007 sec
[junit] expected: CharRange<^a-c> but was: CharRange<^a-c>
[junit] junit.framework.AssertionFailedError: expected: CharRange<^a-c> but was: CharRange<^a-c>
[junit] 	at TestCharRange.test(TestCharRange.java:12)
[junit] 	at java.base/jdk.internal.reflect.NativeMethodAccessorImpl.invoke0(Native Method)
[junit] 	at java.base/jdk.internal.reflect.NativeMethodAccessorImpl.invoke(NativeMethodAccessorImpl.java:77)
[junit] 	at java.base/jdk.internal.reflect.DelegatingMethodAccessorImpl.invoke(DelegatingMethodAccessorImpl.java:43)
[junit] 	at java.base/java.util.concurrent.FutureTask.run(FutureTask.java:264)
[junit] 	at java.base/java.lang.Thread.run(Thread.java:840)
"
1273,mutants/mp/338/5/00000017/ByteVector.java,7a508a2a0bae3cb7a5c31ecd734fe41f,mutants/mp/338/5/00000017/ByteVector.class,0,338,100,1,1,ASSUMED_NO,1247,0,2026-02-03 12:36:01,2,"185,186,191,193,208,209,210","[junit] Testcase: test took 0.013 sec
[junit] expected:<97> but was:<96>
[junit] junit.framework.AssertionFailedError: expected:<97> but was:<96>
[junit] 	at TestByteVector.test(TestByteVector.java:13)
[junit] 	at java.base/jdk.internal.reflect.NativeMethodAccessorImpl.invoke0(Native Method)
[junit] 	at java.base/jdk.internal.reflect.NativeMethodAccessorImpl.invoke(NativeMethodAccessorImpl.java:77)
[junit] 	at java.base/jdk.internal.reflect.DelegatingMethodAccessorImpl.invoke(DelegatingMethodAccessorImpl.java:43)
[junit] 	at java.base/java.util.concurrent.FutureTask.run(FutureTask.java:264)
[junit] 	at java.base/java.lang.Thread.run(Thread.java:840)
"
1274,mutants/mp/343/119/00000024/ByteVector.java,c1f08ebeddf39009a714741e01fd61f4,mutants/mp/343/119/00000024/ByteVector.class,1,343,100,1,,ASSUMED_NO,1246,0,2026-02-03 12:36:02,1,154,
1275,mutants/mp/346/125/00000026/CharRange.java,e2e06ac1ca748990d2c43ac00472d4cb,mutants/mp/346/125/00000026/CharRange.class,0,346,101,1,1,DECLARED_YES,1243,0,2026-02-03 12:36:08,0,34,
1276,mutants/mp/344/5/00000012/CharRange.java,986ff7de0bdeccd30e109f9cd6879ff8,mutants/mp/344/5/00000012/CharRange.class,0,344,101,1,1,ASSUMED_NO,1250,0,2026-02-03 12:36:10,1,181,"[junit] Testcase: test took 0.01 sec
[junit] null
[junit] junit.framework.AssertionFailedError
[junit] 	at TestCharRange.test(TestCharRange.java:13)
[junit] 	at java.base/jdk.internal.reflect.NativeMethodAccessorImpl.invoke0(Native Method)
[junit] 	at java.base/jdk.internal.reflect.NativeMethodAccessorImpl.invoke(NativeMethodAccessorImpl.java:77)
[junit] 	at java.base/jdk.internal.reflect.DelegatingMethodAccessorImpl.invoke(DelegatingMethodAccessorImpl.java:43)
[junit] 	at java.base/java.util.concurrent.FutureTask.run(FutureTask.java:264)
[junit] 	at java.base/java.lang.Thread.run(Thread.java:840)
"
1277,mutants/mp/345/5/00000018/ByteVector.java,316c33d2cf56942a46bef2783c508012,mutants/mp/345/5/00000018/ByteVector.class,1,345,100,1,,ASSUMED_NO,1251,0,2026-02-03 12:36:10,3,"46,48",
1278,mutants/mp/345/121/00000011/ByteVector.java,5a810d2d30d23887a36bab538c0638ff,mutants/mp/345/121/00000011/ByteVector.class,1,345,100,1,,ASSUMED_NO,1253,0,2026-02-03 12:36:14,2,109,
1279,mutants/mp/340/115/00000028/CharRange.java,4d18a2fd825c252a9d799041d7dcf4dc,mutants/mp/340/115/00000028/CharRange.class,1,340,101,1,,ASSUMED_NO,1245,0,2026-02-03 12:36:20,1,180,
1280,mutants/mp/338/5/00000018/ByteVector.java,75f5e31a281834d63b780f67296b3ab2,mutants/mp/338/5/00000018/ByteVector.class,0,338,100,1,1,ASSUMED_NO,1247,0,2026-02-03 12:36:32,1,"181,182,185,191,193,199,208,210,219","[junit] Testcase: test took 0.014 sec
[junit] expected:<2> but was:<3>
[junit] junit.framework.AssertionFailedError: expected:<2> but was:<3>
[junit] 	at TestByteVector.test(TestByteVector.java:14)
[junit] 	at java.base/jdk.internal.reflect.NativeMethodAccessorImpl.invoke0(Native Method)
[junit] 	at java.base/jdk.internal.reflect.NativeMethodAccessorImpl.invoke(NativeMethodAccessorImpl.java:77)
[junit] 	at java.base/jdk.internal.reflect.DelegatingMethodAccessorImpl.invoke(DelegatingMethodAccessorImpl.java:43)
[junit] 	at java.base/java.util.concurrent.FutureTask.run(FutureTask.java:264)
[junit] 	at java.base/java.lang.Thread.run(Thread.java:840)
"
1281,mutants/mp/343/119/00000025/ByteVector.java,4ed36de18a0a4deef22a06a7cdef6a4a,mutants/mp/343/119/00000025/ByteVector.class,1,343,100,1,,ASSUMED_NO,1246,0,2026-02-03 12:36:32,1,171,
1282,mutants/mp/340/115/00000029/CharRange.java,fe4b61d2276a34b2a2559d2e6cdec9a7,mutants/mp/340/115/00000029/CharRange.class,1,340,101,1,,ASSUMED_NO,1245,0,2026-02-03 12:36:39,1,175,
1283,mutants/mp/344/5/00000013/CharRange.java,e5ce7a20902ee6149be25114dabfdc88,mutants/mp/344/5/00000013/CharRange.class,0,344,101,1,1,ASSUMED_NO,1250,0,2026-02-03 12:36:39,1,"175,181","[junit] Testcase: test took 0.011 sec
[junit] null
[junit] junit.framework.AssertionFailedError
[junit] 	at TestCharRange.test(TestCharRange.java:13)
[junit] 	at java.base/jdk.internal.reflect.NativeMethodAccessorImpl.invoke0(Native Method)
[junit] 	at java.base/jdk.internal.reflect.NativeMethodAccessorImpl.invoke(NativeMethodAccessorImpl.java:77)
[junit] 	at java.base/jdk.internal.reflect.DelegatingMethodAccessorImpl.invoke(DelegatingMethodAccessorImpl.java:43)
[junit] 	at java.base/java.util.concurrent.FutureTask.run(FutureTask.java:264)
[junit] 	at java.base/java.lang.Thread.run(Thread.java:840)
"
1284,mutants/mp/345/5/00000019/ByteVector.java,eabbd45715373da962218e8959dc2563,mutants/mp/345/5/00000019/ByteVector.class,1,345,100,1,,ASSUMED_NO,1251,0,2026-02-03 12:36:45,1,"182,185,191,193,208,210",
1285,mutants/mp/343/119/00000026/ByteVector.java,276c32336dcbc43c713d2f1dadede466,mutants/mp/343/119/00000026/ByteVector.class,1,343,100,1,,ASSUMED_NO,1246,0,2026-02-03 12:36:49,1,181,
1286,mutants/mp/340/115/00000030/CharRange.java,016caa57d79f8298f155af365c343652,mutants/mp/340/115/00000030/CharRange.class,0,340,101,1,1,ASSUMED_NO,1245,0,2026-02-03 12:36:49,6,42,"[junit] Testcase: test took 0.01 sec
[junit] null
[junit] junit.framework.AssertionFailedError
[junit] 	at TestCharRange.test(TestCharRange.java:15)
[junit] 	at java.base/jdk.internal.reflect.NativeMethodAccessorImpl.invoke0(Native Method)
[junit] 	at java.base/jdk.internal.reflect.NativeMethodAccessorImpl.invoke(NativeMethodAccessorImpl.java:77)
[junit] 	at java.base/jdk.internal.reflect.DelegatingMethodAccessorImpl.invoke(DelegatingMethodAccessorImpl.java:43)
[junit] 	at java.base/java.util.concurrent.FutureTask.run(FutureTask.java:264)
[junit] 	at java.base/java.lang.Thread.run(Thread.java:840)
"
1287,mutants/mp/338/5/00000019/ByteVector.java,51cd152312a2ed99942f889a11d5724b,mutants/mp/338/5/00000019/ByteVector.class,0,338,100,1,1,ASSUMED_NO,1247,0,2026-02-03 12:36:59,1,"181,182,185,191,193,199,208,210,219","[junit] Testcase: test took 0.013 sec
[junit] expected:<2> but was:<3>
[junit] junit.framework.AssertionFailedError: expected:<2> but was:<3>
[junit] 	at TestByteVector.test(TestByteVector.java:14)
[junit] 	at java.base/jdk.internal.reflect.NativeMethodAccessorImpl.invoke0(Native Method)
[junit] 	at java.base/jdk.internal.reflect.NativeMethodAccessorImpl.invoke(NativeMethodAccessorImpl.java:77)
[junit] 	at java.base/jdk.internal.reflect.DelegatingMethodAccessorImpl.invoke(DelegatingMethodAccessorImpl.java:43)
[junit] 	at java.base/java.util.concurrent.FutureTask.run(FutureTask.java:264)
[junit] 	at java.base/java.lang.Thread.run(Thread.java:840)
"
1288,mutants/mp/342/123/00000020/ByteVector.java,2ad5cc8c621635870a90045b6d649818,mutants/mp/342/123/00000020/ByteVector.class,0,342,100,1,1,ASSUMED_NO,1240,0,2026-02-03 12:37:06,0,122,"Buildfile: /srv/codedefenders-class-2026/build.xml

test-mutant:
[junit] Running TestByteVector
[junit] Testsuite: TestByteVector
[junit] Tests run: 1, Failures: 0, Errors: 1, Skipped: 0, Time elapsed: 0.024 sec
[junit] Tests run: 1, Failures: 0, Errors: 1, Skipped: 0, Time elapsed: 0.024 sec
[junit]
[junit] Testcase: test took 0.01 sec
[junit] 	Caused an ERROR
[junit] Index 1 out of bounds for length 1
[junit] java.lang.ArrayIndexOutOfBoundsException: Index 1 out of bounds for length 1
[junit] 	at ByteVector.putInt(ByteVector.java:127)
[junit] 	at TestByteVector.test(TestByteVector.java:11)
[junit] 	at java.base/jdk.internal.reflect.NativeMethodAccessorImpl.invoke0(Native Method)
[junit] 	at java.base/jdk.internal.reflect.NativeMethodAccessorImpl.invoke(NativeMethodAccessorImpl.java:77)
[junit] 	at java.base/jdk.internal.reflect.DelegatingMethodAccessorImpl.invoke(DelegatingMethodAccessorImpl.java:43)
[junit] 	at java.base/java.util.concurrent.FutureTask.run(FutureTask.java:264)
[junit] 	at java.base/java.lang.Thread.run(Thread.java:840)
[junit]
[junit] Test TestByteVector FAILED

BUILD SUCCESSFUL
Total time: 1 second
  "
1289,mutants/mp/345/5/00000020/ByteVector.java,c0c8f423ff43f14d06be94883ca24c6a,mutants/mp/345/5/00000020/ByteVector.class,1,345,100,1,,ASSUMED_NO,1251,0,2026-02-03 12:37:10,3,"45,46,47",
1290,mutants/mp/338/5/00000020/ByteVector.java,c7523d5a24e76d6e2f6ce80c11e2a54b,mutants/mp/338/5/00000020/ByteVector.class,0,338,100,1,1,ASSUMED_NO,1247,0,2026-02-03 12:37:30,4,"185,191,193,194,195,197,208,210,214,215,216","[junit] Testcase: test took 0.008 sec
[junit] expected:<4> but was:<5>
[junit] junit.framework.AssertionFailedError: expected:<4> but was:<5>
[junit] 	at TestByteVector.test(TestByteVector.java:14)
[junit] 	at java.base/jdk.internal.reflect.NativeMethodAccessorImpl.invoke0(Native Method)
[junit] 	at java.base/jdk.internal.reflect.NativeMethodAccessorImpl.invoke(NativeMethodAccessorImpl.java:77)
[junit] 	at java.base/jdk.internal.reflect.DelegatingMethodAccessorImpl.invoke(DelegatingMethodAccessorImpl.java:43)
[junit] 	at java.base/java.util.concurrent.FutureTask.run(FutureTask.java:264)
[junit] 	at java.base/java.lang.Thread.run(Thread.java:840)
"
1291,mutants/mp/344/5/00000014/CharRange.java,2c76636126839db8124ae03a2871da99,mutants/mp/344/5/00000014/CharRange.class,0,344,101,1,1,ASSUMED_NO,1250,0,2026-02-03 12:37:39,2,181,"[junit] Testcase: test took 0.016 sec
[junit] null
[junit] junit.framework.AssertionFailedError
[junit] 	at TestCharRange.test(TestCharRange.java:13)
[junit] 	at java.base/jdk.internal.reflect.NativeMethodAccessorImpl.invoke0(Native Method)
[junit] 	at java.base/jdk.internal.reflect.NativeMethodAccessorImpl.invoke(NativeMethodAccessorImpl.java:77)
[junit] 	at java.base/jdk.internal.reflect.DelegatingMethodAccessorImpl.invoke(DelegatingMethodAccessorImpl.java:43)
[junit] 	at java.base/java.util.concurrent.FutureTask.run(FutureTask.java:264)
[junit] 	at java.base/java.lang.Thread.run(Thread.java:840)
"
1292,mutants/mp/345/5/00000021/ByteVector.java,de95e7e4647dc5f6f5d3ce79a90a9c97,mutants/mp/345/5/00000021/ByteVector.class,1,345,100,1,,ASSUMED_NO,1251,0,2026-02-03 12:37:45,1,"185,191,193,208,210,215",
1293,mutants/mp/338/5/00000021/ByteVector.java,dfe00b37349ef7def2b79ee58f21dc9f,mutants/mp/338/5/00000021/ByteVector.class,0,338,100,1,1,ASSUMED_NO,1247,0,2026-02-03 12:38:02,1,"182,185,191,193,200,208,210","[junit] Testcase: test took 0.011 sec
[junit] expected:<2> but was:<1>
[junit] junit.framework.AssertionFailedError: expected:<2> but was:<1>
[junit] 	at TestByteVector.test(TestByteVector.java:14)
[junit] 	at java.base/jdk.internal.reflect.NativeMethodAccessorImpl.invoke0(Native Method)
[junit] 	at java.base/jdk.internal.reflect.NativeMethodAccessorImpl.invoke(NativeMethodAccessorImpl.java:77)
[junit] 	at java.base/jdk.internal.reflect.DelegatingMethodAccessorImpl.invoke(DelegatingMethodAccessorImpl.java:43)
[junit] 	at java.base/java.util.concurrent.FutureTask.run(FutureTask.java:264)
[junit] 	at java.base/java.lang.Thread.run(Thread.java:840)
"
1294,mutants/mp/344/5/00000015/CharRange.java,83ea98457c9eb459c3dde208df821393,mutants/mp/344/5/00000015/CharRange.class,0,344,101,1,1,ASSUMED_NO,1250,0,2026-02-03 12:38:10,2,181,"[junit] Testcase: test took 0.015 sec
[junit] null
[junit] junit.framework.AssertionFailedError
[junit] 	at TestCharRange.test(TestCharRange.java:13)
[junit] 	at java.base/jdk.internal.reflect.NativeMethodAccessorImpl.invoke0(Native Method)
[junit] 	at java.base/jdk.internal.reflect.NativeMethodAccessorImpl.invoke(NativeMethodAccessorImpl.java:77)
[junit] 	at java.base/jdk.internal.reflect.DelegatingMethodAccessorImpl.invoke(DelegatingMethodAccessorImpl.java:43)
[junit] 	at java.base/java.util.concurrent.FutureTask.run(FutureTask.java:264)
[junit] 	at java.base/java.lang.Thread.run(Thread.java:840)
"
1295,mutants/mp/346/125/00000027/CharRange.java,d3508e478b7a2b3d587303aa505d21c5,mutants/mp/346/125/00000027/CharRange.class,0,346,101,1,1,ASSUMED_NO,1243,0,2026-02-03 12:38:15,0,155,"[junit] Testcase: test took 0.01 sec
[junit] null
[junit] junit.framework.AssertionFailedError
[junit] 	at TestCharRange.test(TestCharRange.java:12)
[junit] 	at java.base/jdk.internal.reflect.NativeMethodAccessorImpl.invoke0(Native Method)
[junit] 	at java.base/jdk.internal.reflect.NativeMethodAccessorImpl.invoke(NativeMethodAccessorImpl.java:77)
[junit] 	at java.base/jdk.internal.reflect.DelegatingMethodAccessorImpl.invoke(DelegatingMethodAccessorImpl.java:43)
[junit] 	at java.base/java.util.concurrent.FutureTask.run(FutureTask.java:264)
[junit] 	at java.base/java.lang.Thread.run(Thread.java:840)
"
1296,mutants/mp/342/123/00000021/ByteVector.java,0bd926812a8b7fae985b47a93d5b4562,mutants/mp/342/123/00000021/ByteVector.class,0,342,100,1,1,ASSUMED_NO,1240,0,2026-02-03 12:38:24,0,126,"[junit] Testcase: test took 0.01 sec
[junit] arrays first differed at element [3]; expected:<4> but was:<8>
[junit] junit.framework.AssertionFailedError: arrays first differed at element [3]; expected:<4> but was:<8>
[junit] 	at TestByteVector.test(TestByteVector.java:13)
[junit] 	at java.base/jdk.internal.reflect.NativeMethodAccessorImpl.invoke0(Native Method)
[junit] 	at java.base/jdk.internal.reflect.NativeMethodAccessorImpl.invoke(NativeMethodAccessorImpl.java:77)
[junit] 	at java.base/jdk.internal.reflect.DelegatingMethodAccessorImpl.invoke(DelegatingMethodAccessorImpl.java:43)
[junit] 	at java.base/java.util.concurrent.FutureTask.run(FutureTask.java:264)
[junit] 	at java.base/java.lang.Thread.run(Thread.java:840)
[junit] Caused by: java.lang.AssertionError: expected:<4> but was:<8>
"
1297,mutants/mp/343/119/00000027/ByteVector.java,3070b8549f1eab98d988bbbb89b1993c,mutants/mp/343/119/00000027/ByteVector.class,1,343,100,1,,ASSUMED_NO,1246,0,2026-02-03 12:38:29,1,185,
1298,mutants/mp/339/121/00000001/ByteVector.java,148fa7116c06934d101f8e11fdbc65e0,mutants/mp/339/121/00000001/ByteVector.class,0,339,100,1,1,DECLARED_YES,1237,0,2026-02-03 12:38:31,0,44,
1299,mutants/mp/345/5/00000022/ByteVector.java,296eb5f709cd03bb5bf7c77e2c33767c,mutants/mp/345/5/00000022/ByteVector.class,1,345,100,1,,ASSUMED_NO,1251,0,2026-02-03 12:38:31,1,"181,182,185,191,193,199,200,208,210,211,212,215",
1300,mutants/mp/346/125/00000028/CharRange.java,90781ad26cf6443aefaaf730bc67003c,,0,346,101,1,,ASSUMED_NO,1243,0,2026-02-03 12:38:36,0,9,
1301,mutants/mp/344/5/00000016/CharRange.java,04049d5c654f6dc946eb8d40d577d701,mutants/mp/344/5/00000016/CharRange.class,0,344,101,1,1,ASSUMED_YES,1250,0,2026-02-03 12:38:39,0,79,
1302,mutants/mp/340/115/00000031/CharRange.java,d3c18f1deb34e34efc9a689b015544e8,mutants/mp/340/115/00000031/CharRange.class,1,340,101,1,,ASSUMED_NO,1245,0,2026-02-03 12:38:43,1,191,
1303,mutants/mp/343/119/00000028/ByteVector.java,586f4a887c06f22b727f2c1acd692c6c,mutants/mp/343/119/00000028/ByteVector.class,1,343,100,1,,ASSUMED_NO,1246,0,2026-02-03 12:38:59,1,191,
1304,mutants/mp/346/125/00000029/CharRange.java,bd7610f5263b984ca33c55a2a6f739aa,mutants/mp/346/125/00000029/CharRange.class,0,346,101,1,1,ASSUMED_NO,1243,0,2026-02-03 12:39:00,0,"40,41","[junit] Testcase: test took 0.012 sec
[junit] expected:<^[a-z]> but was:<^[z-a]>
[junit] junit.framework.AssertionFailedError: expected:<^[a-z]> but was:<^[z-a]>
[junit] 	at TestCharRange.test(TestCharRange.java:17)
[junit] 	at java.base/jdk.internal.reflect.NativeMethodAccessorImpl.invoke0(Native Method)
[junit] 	at java.base/jdk.internal.reflect.NativeMethodAccessorImpl.invoke(NativeMethodAccessorImpl.java:77)
[junit] 	at java.base/jdk.internal.reflect.DelegatingMethodAccessorImpl.invoke(DelegatingMethodAccessorImpl.java:43)
[junit] 	at java.base/java.util.concurrent.FutureTask.run(FutureTask.java:264)
[junit] 	at java.base/java.lang.Thread.run(Thread.java:840)
"
1305,mutants/mp/341/117/00000020/CharRange.java,cecd4a7b3706a59ac7c1481ef79ce030,,0,341,101,1,,ASSUMED_NO,1244,0,2026-02-03 12:39:04,0,149,
1306,mutants/mp/339/121/00000002/ByteVector.java,77a403df0ce2f0c3dda9d5cfabf8b183,mutants/mp/339/121/00000002/ByteVector.class,0,339,100,1,1,DECLARED_YES,1237,0,2026-02-03 12:39:07,0,49,
1307,mutants/mp/345/5/00000023/ByteVector.java,3bbaf1e689a06c05adb7a2d918318627,mutants/mp/345/5/00000023/ByteVector.class,1,345,100,1,,ASSUMED_NO,1251,0,2026-02-03 12:39:15,1,"185,191,193,199,200,208,210",
1308,mutants/mp/346/125/00000030/CharRange.java,13c8cc2b1bb3abf1ccf62bd4c453e807,mutants/mp/346/125/00000030/CharRange.class,0,346,101,1,1,ASSUMED_NO,1243,0,2026-02-03 12:39:16,0,54,"[junit] Testcase: test took 0.011 sec
[junit] expected:<[]a> but was:<[^]a>
[junit] junit.framework.AssertionFailedError: expected:<[]a> but was:<[^]a>
[junit] 	at TestCharRange.test(TestCharRange.java:10)
[junit] 	at java.base/jdk.internal.reflect.NativeMethodAccessorImpl.invoke0(Native Method)
[junit] 	at java.base/jdk.internal.reflect.NativeMethodAccessorImpl.invoke(NativeMethodAccessorImpl.java:77)
[junit] 	at java.base/jdk.internal.reflect.DelegatingMethodAccessorImpl.invoke(DelegatingMethodAccessorImpl.java:43)
[junit] 	at java.base/java.util.concurrent.FutureTask.run(FutureTask.java:264)
[junit] 	at java.base/java.lang.Thread.run(Thread.java:840)
"
1309,mutants/mp/340/115/00000032/CharRange.java,565d39364fbd6d809b57a654eace2f89,mutants/mp/340/115/00000032/CharRange.class,0,340,101,1,1,ASSUMED_NO,1245,0,2026-02-03 12:39:18,3,34,"[junit] Testcase: test took 0.011 sec
[junit] expected:<97> but was:<100>
[junit] junit.framework.AssertionFailedError: expected:<97> but was:<100>
[junit] 	at TestCharRange.test(TestCharRange.java:13)
[junit] 	at java.base/jdk.internal.reflect.NativeMethodAccessorImpl.invoke0(Native Method)
[junit] 	at java.base/jdk.internal.reflect.NativeMethodAccessorImpl.invoke(NativeMethodAccessorImpl.java:77)
[junit] 	at java.base/jdk.internal.reflect.DelegatingMethodAccessorImpl.invoke(DelegatingMethodAccessorImpl.java:43)
[junit] 	at java.base/java.util.concurrent.FutureTask.run(FutureTask.java:264)
[junit] 	at java.base/java.lang.Thread.run(Thread.java:840)
"
1310,mutants/mp/338/5/00000022/ByteVector.java,43b5d876e356bf5643dc21be1178e361,mutants/mp/338/5/00000022/ByteVector.class,0,338,100,1,1,ASSUMED_NO,1247,0,2026-02-03 12:39:18,2,"185,186,191,193,208,209,210","[junit] Testcase: test took 0.011 sec
[junit] expected:<97> but was:<-31>
[junit] junit.framework.AssertionFailedError: expected:<97> but was:<-31>
[junit] 	at TestByteVector.test(TestByteVector.java:13)
[junit] 	at java.base/jdk.internal.reflect.NativeMethodAccessorImpl.invoke0(Native Method)
[junit] 	at java.base/jdk.internal.reflect.NativeMethodAccessorImpl.invoke(NativeMethodAccessorImpl.java:77)
[junit] 	at java.base/jdk.internal.reflect.DelegatingMethodAccessorImpl.invoke(DelegatingMethodAccessorImpl.java:43)
[junit] 	at java.base/java.util.concurrent.FutureTask.run(FutureTask.java:264)
[junit] 	at java.base/java.lang.Thread.run(Thread.java:840)
"
1311,mutants/mp/343/119/00000029/ByteVector.java,b79b83bfe3bf8243b1bbb4e85b04c48e,mutants/mp/343/119/00000029/ByteVector.class,1,343,100,1,,ASSUMED_NO,1246,0,2026-02-03 12:39:21,1,193,
1312,mutants/mp/341/117/00000021/CharRange.java,8f8dae7209d61aaa9beff3b597e3ace5,mutants/mp/341/117/00000021/CharRange.class,0,341,101,1,1,ASSUMED_NO,1244,0,2026-02-03 12:39:41,1,149,"[junit] Testcase: test took 0.008 sec
[junit] expected java.lang.IllegalArgumentException to be thrown, but nothing was thrown
[junit] junit.framework.AssertionFailedError: expected java.lang.IllegalArgumentException to be thrown, but nothing was thrown
[junit] 	at TestCharRange.test(TestCharRange.java:11)
[junit] 	at java.base/jdk.internal.reflect.NativeMethodAccessorImpl.invoke0(Native Method)
[junit] 	at java.base/jdk.internal.reflect.NativeMethodAccessorImpl.invoke(NativeMethodAccessorImpl.java:77)
[junit] 	at java.base/jdk.internal.reflect.DelegatingMethodAccessorImpl.invoke(DelegatingMethodAccessorImpl.java:43)
[junit] 	at java.base/java.util.concurrent.FutureTask.run(FutureTask.java:264)
[junit] 	at java.base/java.lang.Thread.run(Thread.java:840)
"
1313,mutants/mp/343/119/00000030/ByteVector.java,7bd5c925d8dbfe7fb977f961ef51703b,mutants/mp/343/119/00000030/ByteVector.class,1,343,100,1,,ASSUMED_NO,1246,0,2026-02-03 12:39:45,1,215,
1314,mutants/mp/346/125/00000031/CharRange.java,1b2b6e5ef99afce4d5d866acc5a3d139,mutants/mp/346/125/00000031/CharRange.class,0,346,101,1,1,ASSUMED_NO,1243,0,2026-02-03 12:39:47,0,112,"[junit] Testcase: test took 0.008 sec
[junit] expected:<101> but was:<97>
[junit] junit.framework.AssertionFailedError: expected:<101> but was:<97>
[junit] 	at TestCharRange.test(TestCharRange.java:12)
[junit] 	at java.base/jdk.internal.reflect.NativeMethodAccessorImpl.invoke0(Native Method)
[junit] 	at java.base/jdk.internal.reflect.NativeMethodAccessorImpl.invoke(NativeMethodAccessorImpl.java:77)
[junit] 	at java.base/jdk.internal.reflect.DelegatingMethodAccessorImpl.invoke(DelegatingMethodAccessorImpl.java:43)
[junit] 	at java.base/java.util.concurrent.FutureTask.run(FutureTask.java:264)
[junit] 	at java.base/java.lang.Thread.run(Thread.java:840)
"
1315,mutants/mp/340/115/00000033/CharRange.java,368aca274e8ab6c4f93402ee908aae86,mutants/mp/340/115/00000033/CharRange.class,0,340,101,1,1,ASSUMED_NO,1245,0,2026-02-03 12:39:54,1,112,"[junit] Testcase: test took 0.007 sec
[junit] expected:<100> but was:<57>
[junit] junit.framework.AssertionFailedError: expected:<100> but was:<57>
[junit] 	at TestCharRange.test(TestCharRange.java:13)
[junit] 	at java.base/jdk.internal.reflect.NativeMethodAccessorImpl.invoke0(Native Method)
[junit] 	at java.base/jdk.internal.reflect.NativeMethodAccessorImpl.invoke(NativeMethodAccessorImpl.java:77)
[junit] 	at java.base/jdk.internal.reflect.DelegatingMethodAccessorImpl.invoke(DelegatingMethodAccessorImpl.java:43)
[junit] 	at java.base/java.util.concurrent.FutureTask.run(FutureTask.java:264)
[junit] 	at java.base/java.lang.Thread.run(Thread.java:840)
"
1316,mutants/mp/344/5/00000017/CharRange.java,9bf6d72060ff9e3e1daa60469c39fe8f,mutants/mp/344/5/00000017/CharRange.class,0,344,101,1,1,ASSUMED_NO,1250,0,2026-02-03 12:39:55,2,181,"[junit] Testcase: test took 0.012 sec
[junit] null
[junit] junit.framework.AssertionFailedError
[junit] 	at TestCharRange.test(TestCharRange.java:13)
[junit] 	at java.base/jdk.internal.reflect.NativeMethodAccessorImpl.invoke0(Native Method)
[junit] 	at java.base/jdk.internal.reflect.NativeMethodAccessorImpl.invoke(NativeMethodAccessorImpl.java:77)
[junit] 	at java.base/jdk.internal.reflect.DelegatingMethodAccessorImpl.invoke(DelegatingMethodAccessorImpl.java:43)
[junit] 	at java.base/java.util.concurrent.FutureTask.run(FutureTask.java:264)
[junit] 	at java.base/java.lang.Thread.run(Thread.java:840)
"
1317,mutants/mp/345/5/00000024/ByteVector.java,2bd9737f6c58cefd981d9c59349f2205,mutants/mp/345/5/00000024/ByteVector.class,1,345,100,1,,ASSUMED_NO,1251,0,2026-02-03 12:39:55,3,49,
1318,mutants/mp/343/119/00000031/ByteVector.java,7e2dc1c3ce54b45eff9252697717f0c5,mutants/mp/343/119/00000031/ByteVector.class,1,343,100,1,,ASSUMED_NO,1246,0,2026-02-03 12:40:00,1,143,
1319,mutants/mp/338/5/00000023/ByteVector.java,b6103e75cc0e23155a7c8bd7e9ccf5a0,mutants/mp/338/5/00000023/ByteVector.class,0,338,100,1,1,ASSUMED_NO,1247,0,2026-02-03 12:40:02,2,"185,186,191,193,208,209,210","[junit] Testcase: test took 0.01 sec
[junit] expected:<97> but was:<96>
[junit] junit.framework.AssertionFailedError: expected:<97> but was:<96>
[junit] 	at TestByteVector.test(TestByteVector.java:13)
[junit] 	at java.base/jdk.internal.reflect.NativeMethodAccessorImpl.invoke0(Native Method)
[junit] 	at java.base/jdk.internal.reflect.NativeMethodAccessorImpl.invoke(NativeMethodAccessorImpl.java:77)
[junit] 	at java.base/jdk.internal.reflect.DelegatingMethodAccessorImpl.invoke(DelegatingMethodAccessorImpl.java:43)
[junit] 	at java.base/java.util.concurrent.FutureTask.run(FutureTask.java:264)
[junit] 	at java.base/java.lang.Thread.run(Thread.java:840)
"
1320,mutants/mp/341/117/00000022/CharRange.java,e476808d9f73b21bc4e490dbe5572605,mutants/mp/341/117/00000022/CharRange.class,0,341,101,1,1,ASSUMED_YES,1244,0,2026-02-03 12:40:09,0,202,
1321,mutants/mp/340/115/00000034/CharRange.java,9a69e081fde98bcf742679c8046c6232,mutants/mp/340/115/00000034/CharRange.class,1,340,101,1,,ASSUMED_NO,1245,0,2026-02-03 12:40:13,2,177,
1322,mutants/mp/346/125/00000032/CharRange.java,5a1b8d75b978ac8871f878dbdf7106c6,mutants/mp/346/125/00000032/CharRange.class,0,346,101,1,1,ASSUMED_NO,1243,0,2026-02-03 12:40:15,0,136,"[junit] Testcase: test took 0.01 sec
[junit] null
[junit] junit.framework.AssertionFailedError
[junit] 	at TestCharRange.test(TestCharRange.java:12)
[junit] 	at java.base/jdk.internal.reflect.NativeMethodAccessorImpl.invoke0(Native Method)
[junit] 	at java.base/jdk.internal.reflect.NativeMethodAccessorImpl.invoke(NativeMethodAccessorImpl.java:77)
[junit] 	at java.base/jdk.internal.reflect.DelegatingMethodAccessorImpl.invoke(DelegatingMethodAccessorImpl.java:43)
[junit] 	at java.base/java.util.concurrent.FutureTask.run(FutureTask.java:264)
[junit] 	at java.base/java.lang.Thread.run(Thread.java:840)
"
1323,mutants/mp/340/115/00000035/CharRange.java,27da8c3e3ee80e38e0f88c9ef57b079d,mutants/mp/340/115/00000035/CharRange.class,0,340,101,1,1,ASSUMED_NO,1245,0,2026-02-03 12:40:22,2,160,"[junit] Testcase: test took 0.008 sec
[junit] null
[junit] junit.framework.AssertionFailedError
[junit] 	at TestCharRange.test(TestCharRange.java:16)
[junit] 	at java.base/jdk.internal.reflect.NativeMethodAccessorImpl.invoke0(Native Method)
[junit] 	at java.base/jdk.internal.reflect.NativeMethodAccessorImpl.invoke(NativeMethodAccessorImpl.java:77)
[junit] 	at java.base/jdk.internal.reflect.DelegatingMethodAccessorImpl.invoke(DelegatingMethodAccessorImpl.java:43)
[junit] 	at java.base/java.util.concurrent.FutureTask.run(FutureTask.java:264)
[junit] 	at java.base/java.lang.Thread.run(Thread.java:840)
"
1324,mutants/mp/339/121/00000003/ByteVector.java,873004ffe0753569b690afc124abbe13,mutants/mp/339/121/00000003/ByteVector.class,0,339,100,1,1,ASSUMED_NO,1237,0,2026-02-03 12:40:22,0,"106,108","[junit] Testcase: test took 0.008 sec
[junit] expected:<127> but was:<18>
[junit] junit.framework.AssertionFailedError: expected:<127> but was:<18>
[junit] 	at TestByteVector.test(TestByteVector.java:12)
[junit] 	at java.base/jdk.internal.reflect.NativeMethodAccessorImpl.invoke0(Native Method)
[junit] 	at java.base/jdk.internal.reflect.NativeMethodAccessorImpl.invoke(NativeMethodAccessorImpl.java:77)
[junit] 	at java.base/jdk.internal.reflect.DelegatingMethodAccessorImpl.invoke(DelegatingMethodAccessorImpl.java:43)
[junit] 	at java.base/java.util.concurrent.FutureTask.run(FutureTask.java:264)
[junit] 	at java.base/java.lang.Thread.run(Thread.java:840)
"
1325,mutants/mp/346/125/00000033/CharRange.java,c6d3b0d6373b21d2725924962c628315,mutants/mp/346/125/00000033/CharRange.class,0,346,101,1,1,ASSUMED_NO,1243,0,2026-02-03 12:40:29,0,103,"[junit] Testcase: test took 0.008 sec
[junit] expected:<120> but was:<122>
[junit] junit.framework.AssertionFailedError: expected:<120> but was:<122>
[junit] 	at TestCharRange.test(TestCharRange.java:11)
[junit] 	at java.base/jdk.internal.reflect.NativeMethodAccessorImpl.invoke0(Native Method)
[junit] 	at java.base/jdk.internal.reflect.NativeMethodAccessorImpl.invoke(NativeMethodAccessorImpl.java:77)
[junit] 	at java.base/jdk.internal.reflect.DelegatingMethodAccessorImpl.invoke(DelegatingMethodAccessorImpl.java:43)
[junit] 	at java.base/java.util.concurrent.FutureTask.run(FutureTask.java:264)
[junit] 	at java.base/java.lang.Thread.run(Thread.java:840)
"
1326,mutants/mp/345/5/00000025/ByteVector.java,368c5f001c8ac48666a896f865a85b93,mutants/mp/345/5/00000025/ByteVector.class,1,345,100,1,,ASSUMED_NO,1251,0,2026-02-03 12:40:30,1,"185,191,193,208,210,222",
1327,mutants/mp/340/115/00000036/CharRange.java,fc73f5259943b3f6c058fbe0f87edcf1,mutants/mp/340/115/00000036/CharRange.class,1,340,101,1,,ASSUMED_NO,1245,0,2026-02-03 12:40:36,1,158,
1328,mutants/mp/346/125/00000034/CharRange.java,e0f3b0393b868bd1a0559a714aa7d285,mutants/mp/346/125/00000034/CharRange.class,0,346,101,1,1,ASSUMED_NO,1243,0,2026-02-03 12:40:42,0,124,"[junit] Testcase: test took 0.011 sec
[junit] expected:<[^]a-e> but was:<[]a-e>
[junit] junit.framework.AssertionFailedError: expected:<[^]a-e> but was:<[]a-e>
[junit] 	at TestCharRange.test(TestCharRange.java:11)
[junit] 	at java.base/jdk.internal.reflect.NativeMethodAccessorImpl.invoke0(Native Method)
[junit] 	at java.base/jdk.internal.reflect.NativeMethodAccessorImpl.invoke(NativeMethodAccessorImpl.java:77)
[junit] 	at java.base/jdk.internal.reflect.DelegatingMethodAccessorImpl.invoke(DelegatingMethodAccessorImpl.java:43)
[junit] 	at java.base/java.util.concurrent.FutureTask.run(FutureTask.java:264)
[junit] 	at java.base/java.lang.Thread.run(Thread.java:840)
"
1329,mutants/mp/343/119/00000032/ByteVector.java,1ef50f40ec5ea9ba202c6ca096a7355c,mutants/mp/343/119/00000032/ByteVector.class,1,343,100,1,,ASSUMED_NO,1246,0,2026-02-03 12:40:46,1,238,
1330,mutants/mp/338/5/00000024/ByteVector.java,eabbd45715373da962218e8959dc2563,mutants/mp/338/5/00000024/ByteVector.class,0,338,100,1,1,ASSUMED_NO,1247,0,2026-02-03 12:40:48,1,"182,185,191,193,208,210","[junit] Testcase: test took 0.008 sec
[junit] expected:<2> but was:<1>
[junit] junit.framework.AssertionFailedError: expected:<2> but was:<1>
[junit] 	at TestByteVector.test(TestByteVector.java:14)
[junit] 	at java.base/jdk.internal.reflect.NativeMethodAccessorImpl.invoke0(Native Method)
[junit] 	at java.base/jdk.internal.reflect.NativeMethodAccessorImpl.invoke(NativeMethodAccessorImpl.java:77)
[junit] 	at java.base/jdk.internal.reflect.DelegatingMethodAccessorImpl.invoke(DelegatingMethodAccessorImpl.java:43)
[junit] 	at java.base/java.util.concurrent.FutureTask.run(FutureTask.java:264)
[junit] 	at java.base/java.lang.Thread.run(Thread.java:840)
"
1331,mutants/mp/342/123/00000022/ByteVector.java,81f7a61948ab59cb5b78af7a41e9b663,mutants/mp/342/123/00000022/ByteVector.class,1,342,100,1,,ASSUMED_NO,1240,0,2026-02-03 12:40:50,9,172,
1332,mutants/mp/346/125/00000035/CharRange.java,9e898e1d9bfe9a3932dd1bb09e4ad3d9,mutants/mp/346/125/00000035/CharRange.class,0,346,101,1,1,ASSUMED_NO,1243,0,2026-02-03 12:40:56,0,124,"[junit] Testcase: test took 0.009 sec
[junit] null
[junit] junit.framework.AssertionFailedError
[junit] 	at TestCharRange.test(TestCharRange.java:11)
[junit] 	at java.base/jdk.internal.reflect.NativeMethodAccessorImpl.invoke0(Native Method)
[junit] 	at java.base/jdk.internal.reflect.NativeMethodAccessorImpl.invoke(NativeMethodAccessorImpl.java:77)
[junit] 	at java.base/jdk.internal.reflect.DelegatingMethodAccessorImpl.invoke(DelegatingMethodAccessorImpl.java:43)
[junit] 	at java.base/java.util.concurrent.FutureTask.run(FutureTask.java:264)
[junit] 	at java.base/java.lang.Thread.run(Thread.java:840)
"
1333,mutants/mp/339/121/00000004/ByteVector.java,b7c96816a5bd3794eb756c918399c5c1,mutants/mp/339/121/00000004/ByteVector.class,0,339,100,1,1,ASSUMED_NO,1237,0,2026-02-03 12:40:59,0,"122,125","Buildfile: /srv/codedefenders-class-2026/build.xml

test-mutant:
[junit] Running TestByteVector
[junit] Testsuite: TestByteVector
[junit] Tests run: 1, Failures: 0, Errors: 1, Skipped: 0, Time elapsed: 0.02 sec
[junit] Tests run: 1, Failures: 0, Errors: 1, Skipped: 0, Time elapsed: 0.02 sec
[junit]
[junit] Testcase: test took 0.008 sec
[junit] 	Caused an ERROR
[junit] Index 3 out of bounds for length 3
[junit] java.lang.ArrayIndexOutOfBoundsException: Index 3 out of bounds for length 3
[junit] 	at ByteVector.putInt(ByteVector.java:129)
[junit] 	at TestByteVector.test(TestByteVector.java:11)
[junit] 	at java.base/jdk.internal.reflect.NativeMethodAccessorImpl.invoke0(Native Method)
[junit] 	at java.base/jdk.internal.reflect.NativeMethodAccessorImpl.invoke(NativeMethodAccessorImpl.java:77)
[junit] 	at java.base/jdk.internal.reflect.DelegatingMethodAccessorImpl.invoke(DelegatingMethodAccessorImpl.java:43)
[junit] 	at java.base/java.util.concurrent.FutureTask.run(FutureTask.java:264)
[junit] 	at java.base/java.lang.Thread.run(Thread.java:840)
[junit]
[junit] Test TestByteVector FAILED

BUILD SUCCESSFUL
Total time: 1 second
  "
1334,mutants/mp/341/117/00000023/CharRange.java,3d9251456c9278849c45fccb643d8333,mutants/mp/341/117/00000023/CharRange.class,0,341,101,1,1,ASSUMED_NO,1244,0,2026-02-03 12:41:00,1,35,"[junit] Testcase: test took 0.006 sec
[junit] expected:<a> but was:<a-z>
[junit] junit.framework.AssertionFailedError: expected:<a> but was:<a-z>
[junit] 	at TestCharRange.test(TestCharRange.java:12)
[junit] 	at java.base/jdk.internal.reflect.NativeMethodAccessorImpl.invoke0(Native Method)
[junit] 	at java.base/jdk.internal.reflect.NativeMethodAccessorImpl.invoke(NativeMethodAccessorImpl.java:77)
[junit] 	at java.base/jdk.internal.reflect.DelegatingMethodAccessorImpl.invoke(DelegatingMethodAccessorImpl.java:43)
[junit] 	at java.base/java.util.concurrent.FutureTask.run(FutureTask.java:264)
[junit] 	at java.base/java.lang.Thread.run(Thread.java:840)
"
1335,mutants/mp/345/5/00000026/ByteVector.java,91a91f07e2b65f890d15a9a73107557a,mutants/mp/345/5/00000026/ByteVector.class,1,345,100,1,,ASSUMED_NO,1251,0,2026-02-03 12:41:01,1,"185,191,193,208,210,223",
1336,mutants/mp/343/119/00000033/ByteVector.java,2bceeddb40fb148c301741d00532226a,mutants/mp/343/119/00000033/ByteVector.class,1,343,100,1,,ASSUMED_NO,1246,0,2026-02-03 12:41:02,1,238,
1337,mutants/mp/344/5/00000018/CharRange.java,3ec4473b173e0c7b9b0427871309285f,mutants/mp/344/5/00000018/CharRange.class,1,344,101,1,,ASSUMED_NO,1250,0,2026-02-03 12:41:09,5,181,
1338,mutants/mp/338/5/00000025/ByteVector.java,6756f7ae58e8e6fed490d69db226da60,mutants/mp/338/5/00000025/ByteVector.class,1,338,100,1,,ASSUMED_NO,1247,0,2026-02-03 12:41:14,5,"185,191,193,200,208,210",
1339,mutants/mp/343/119/00000034/ByteVector.java,359a911952a7057510bc9c2220e3aa08,mutants/mp/343/119/00000034/ByteVector.class,1,343,100,1,,ASSUMED_NO,1246,0,2026-02-03 12:41:17,1,209,
1340,mutants/mp/346/125/00000036/CharRange.java,527b708255a73a59849c5914311a97e3,mutants/mp/346/125/00000036/CharRange.class,0,346,101,1,1,DECLARED_YES,1243,0,2026-02-03 12:41:27,0,92,
1341,mutants/mp/345/5/00000027/ByteVector.java,b0a3f830ecd9c959c051116ea0aea281,mutants/mp/345/5/00000027/ByteVector.class,1,345,100,1,,ASSUMED_NO,1251,0,2026-02-03 12:41:29,1,"182,185,186,191,193,208,209,210",
1342,mutants/mp/342/123/00000023/ByteVector.java,bd011dd2fc981e8800930d60a586998d,mutants/mp/342/123/00000023/ByteVector.class,0,342,100,1,1,ASSUMED_NO,1240,0,2026-02-03 12:41:39,0,183,"[junit] Testcase: test took 0.008 sec
[junit] expected:<9> but was:<8>
[junit] junit.framework.AssertionFailedError: expected:<9> but was:<8>
[junit] 	at TestByteVector.test(TestByteVector.java:23)
[junit] 	at java.base/jdk.internal.reflect.NativeMethodAccessorImpl.invoke0(Native Method)
[junit] 	at java.base/jdk.internal.reflect.NativeMethodAccessorImpl.invoke(NativeMethodAccessorImpl.java:77)
[junit] 	at java.base/jdk.internal.reflect.DelegatingMethodAccessorImpl.invoke(DelegatingMethodAccessorImpl.java:43)
[junit] 	at java.base/java.util.concurrent.FutureTask.run(FutureTask.java:264)
[junit] 	at java.base/java.lang.Thread.run(Thread.java:840)
"
1343,mutants/mp/339/121/00000005/ByteVector.java,4b6f258515c515390fbf46df1df13ce2,mutants/mp/339/121/00000005/ByteVector.class,0,339,100,1,1,ASSUMED_NO,1237,0,2026-02-03 12:41:45,1,209,"[junit] Testcase: test took 0.01 sec
[junit] expected:<11> but was:<10>
[junit] junit.framework.AssertionFailedError: expected:<11> but was:<10>
[junit] 	at TestByteVector.test(TestByteVector.java:22)
[junit] 	at java.base/jdk.internal.reflect.NativeMethodAccessorImpl.invoke0(Native Method)
[junit] 	at java.base/jdk.internal.reflect.NativeMethodAccessorImpl.invoke(NativeMethodAccessorImpl.java:77)
[junit] 	at java.base/jdk.internal.reflect.DelegatingMethodAccessorImpl.invoke(DelegatingMethodAccessorImpl.java:43)
[junit] 	at java.base/java.util.concurrent.FutureTask.run(FutureTask.java:264)
[junit] 	at java.base/java.lang.Thread.run(Thread.java:840)
"
1344,mutants/mp/338/5/00000026/ByteVector.java,33d1149def35ec73a0484c656f5896b7,mutants/mp/338/5/00000026/ByteVector.class,0,338,100,1,1,ASSUMED_NO,1247,0,2026-02-03 12:41:47,1,"181,182,185,191,193,199,208,210","[junit] Testcase: test took 0.009 sec
[junit] expected:<2> but was:<3>
[junit] junit.framework.AssertionFailedError: expected:<2> but was:<3>
[junit] 	at TestByteVector.test(TestByteVector.java:14)
[junit] 	at java.base/jdk.internal.reflect.NativeMethodAccessorImpl.invoke0(Native Method)
[junit] 	at java.base/jdk.internal.reflect.NativeMethodAccessorImpl.invoke(NativeMethodAccessorImpl.java:77)
[junit] 	at java.base/jdk.internal.reflect.DelegatingMethodAccessorImpl.invoke(DelegatingMethodAccessorImpl.java:43)
[junit] 	at java.base/java.util.concurrent.FutureTask.run(FutureTask.java:264)
[junit] 	at java.base/java.lang.Thread.run(Thread.java:840)
"
1345,mutants/mp/345/5/00000028/ByteVector.java,b77ce16d33ea11a95ec013885ec3639a,mutants/mp/345/5/00000028/ByteVector.class,1,345,100,1,,ASSUMED_NO,1251,0,2026-02-03 12:41:55,1,46,
1346,mutants/mp/339/121/00000006/ByteVector.java,3abe0f27bd8071ca06e6244304b926f6,mutants/mp/339/121/00000006/ByteVector.class,0,339,100,1,1,ASSUMED_NO,1237,0,2026-02-03 12:41:59,1,192,"[junit] Testcase: test took 0.01 sec
[junit] arrays first differed at element [1]; expected:<9> but was:<10>
[junit] junit.framework.AssertionFailedError: arrays first differed at element [1]; expected:<9> but was:<10>
[junit] 	at TestByteVector.test(TestByteVector.java:23)
[junit] 	at java.base/jdk.internal.reflect.NativeMethodAccessorImpl.invoke0(Native Method)
[junit] 	at java.base/jdk.internal.reflect.NativeMethodAccessorImpl.invoke(NativeMethodAccessorImpl.java:77)
[junit] 	at java.base/jdk.internal.reflect.DelegatingMethodAccessorImpl.invoke(DelegatingMethodAccessorImpl.java:43)
[junit] 	at java.base/java.util.concurrent.FutureTask.run(FutureTask.java:264)
[junit] 	at java.base/java.lang.Thread.run(Thread.java:840)
[junit] Caused by: java.lang.AssertionError: expected:<9> but was:<10>
"
1347,mutants/mp/343/119/00000035/ByteVector.java,4c28dacb1e0f1cafed8f13ff968fdd1c,mutants/mp/343/119/00000035/ByteVector.class,1,343,100,1,,ASSUMED_NO,1246,0,2026-02-03 12:42:01,1,242,
1348,mutants/mp/341/117/00000024/CharRange.java,1b2b6e5ef99afce4d5d866acc5a3d139,mutants/mp/341/117/00000024/CharRange.class,0,341,101,1,1,ASSUMED_NO,1244,0,2026-02-03 12:42:07,0,112,"[junit] Testcase: test took 0.007 sec
[junit] expected:<122> but was:<97>
[junit] junit.framework.AssertionFailedError: expected:<122> but was:<97>
[junit] 	at TestCharRange.test(TestCharRange.java:12)
[junit] 	at java.base/jdk.internal.reflect.NativeMethodAccessorImpl.invoke0(Native Method)
[junit] 	at java.base/jdk.internal.reflect.NativeMethodAccessorImpl.invoke(NativeMethodAccessorImpl.java:77)
[junit] 	at java.base/jdk.internal.reflect.DelegatingMethodAccessorImpl.invoke(DelegatingMethodAccessorImpl.java:43)
[junit] 	at java.base/java.util.concurrent.FutureTask.run(FutureTask.java:264)
[junit] 	at java.base/java.lang.Thread.run(Thread.java:840)
"
1349,mutants/mp/338/5/00000027/ByteVector.java,46853a698e9f9d79b888b89cea9a228c,mutants/mp/338/5/00000027/ByteVector.class,1,338,100,1,,ASSUMED_NO,1247,0,2026-02-03 12:42:19,5,"185,191,193,208,210,222",
1350,mutants/mp/339/121/00000007/ByteVector.java,fa6b9829f9d53161cf2d252a1ab150e2,mutants/mp/339/121/00000007/ByteVector.class,0,339,100,1,1,ASSUMED_NO,1237,0,2026-02-03 12:42:19,1,64,"Buildfile: /srv/codedefenders-class-2026/build.xml

test-mutant:
[junit] Running TestByteVector
[junit] Testsuite: TestByteVector
[junit] Tests run: 1, Failures: 0, Errors: 1, Skipped: 0, Time elapsed: 0.02 sec
[junit] Tests run: 1, Failures: 0, Errors: 1, Skipped: 0, Time elapsed: 0.02 sec
[junit]
[junit] Testcase: test took 0.008 sec
[junit] 	Caused an ERROR
[junit] Index 1 out of bounds for length 1
[junit] java.lang.ArrayIndexOutOfBoundsException: Index 1 out of bounds for length 1
[junit] 	at ByteVector.put11(ByteVector.java:67)
[junit] 	at TestByteVector.test(TestByteVector.java:12)
[junit] 	at java.base/jdk.internal.reflect.NativeMethodAccessorImpl.invoke0(Native Method)
[junit] 	at java.base/jdk.internal.reflect.NativeMethodAccessorImpl.invoke(NativeMethodAccessorImpl.java:77)
[junit] 	at java.base/jdk.internal.reflect.DelegatingMethodAccessorImpl.invoke(DelegatingMethodAccessorImpl.java:43)
[junit] 	at java.base/java.util.concurrent.FutureTask.run(FutureTask.java:264)
[junit] 	at java.base/java.lang.Thread.run(Thread.java:840)
[junit]
[junit] Test TestByteVector FAILED

BUILD SUCCESSFUL
Total time: 0 seconds
  "
1351,mutants/mp/343/119/00000036/ByteVector.java,b190ed8811a9625819f3a6af85801c0c,mutants/mp/343/119/00000036/ByteVector.class,1,343,100,1,,ASSUMED_NO,1246,0,2026-02-03 12:42:21,1,244,
1352,mutants/mp/344/5/00000019/CharRange.java,ef9a40754720a9920744bb06d98a40c2,mutants/mp/344/5/00000019/CharRange.class,0,344,101,1,1,ASSUMED_NO,1250,0,2026-02-03 12:42:25,1,181,"[junit] Testcase: test took 0.012 sec
[junit] null
[junit] junit.framework.AssertionFailedError
[junit] 	at TestCharRange.test(TestCharRange.java:13)
[junit] 	at java.base/jdk.internal.reflect.NativeMethodAccessorImpl.invoke0(Native Method)
[junit] 	at java.base/jdk.internal.reflect.NativeMethodAccessorImpl.invoke(NativeMethodAccessorImpl.java:77)
[junit] 	at java.base/jdk.internal.reflect.DelegatingMethodAccessorImpl.invoke(DelegatingMethodAccessorImpl.java:43)
[junit] 	at java.base/java.util.concurrent.FutureTask.run(FutureTask.java:264)
[junit] 	at java.base/java.lang.Thread.run(Thread.java:840)
"
1353,mutants/mp/341/117/00000025/CharRange.java,fe4b61d2276a34b2a2559d2e6cdec9a7,mutants/mp/341/117/00000025/CharRange.class,0,341,101,1,1,ASSUMED_NO,1244,0,2026-02-03 12:42:41,1,175,"[junit] Testcase: test took 0.059 sec
[junit] null
[junit] junit.framework.AssertionFailedError
[junit] 	at TestCharRange.test(TestCharRange.java:11)
[junit] 	at java.base/jdk.internal.reflect.NativeMethodAccessorImpl.invoke0(Native Method)
[junit] 	at java.base/jdk.internal.reflect.NativeMethodAccessorImpl.invoke(NativeMethodAccessorImpl.java:77)
[junit] 	at java.base/jdk.internal.reflect.DelegatingMethodAccessorImpl.invoke(DelegatingMethodAccessorImpl.java:43)
[junit] 	at java.base/java.util.concurrent.FutureTask.run(FutureTask.java:264)
[junit] 	at java.base/java.lang.Thread.run(Thread.java:840)
"
1354,mutants/mp/345/5/00000029/ByteVector.java,a53cd9833a192f3fe5082ad6392f549f,mutants/mp/345/5/00000029/ByteVector.class,1,345,100,1,,ASSUMED_NO,1251,0,2026-02-03 12:42:43,1,"181,182,185,191,193,208,210",
1355,mutants/mp/343/119/00000037/ByteVector.java,f17eb58a2aa1d0fa0bab171733e2b3e2,mutants/mp/343/119/00000037/ByteVector.class,1,343,100,1,,ASSUMED_NO,1246,0,2026-02-03 12:42:44,3,258,
1356,mutants/mp/338/5/00000028/ByteVector.java,8a7f92a5a6791feb3c33edde651ca92d,mutants/mp/338/5/00000028/ByteVector.class,1,338,100,1,,ASSUMED_NO,1247,0,2026-02-03 12:42:47,5,"182,185,191,193,200,208,210",
1357,mutants/mp/345/5/00000030/ByteVector.java,1b27d98d35dec3418c68adec10a94dd8,mutants/mp/345/5/00000030/ByteVector.class,1,345,100,1,,ASSUMED_NO,1251,0,2026-02-03 12:43:09,3,"45,46,47",
1358,mutants/mp/346/125/00000037/CharRange.java,509350cf7195a717c6388fc42b60e67d,mutants/mp/346/125/00000037/CharRange.class,0,346,101,1,1,ASSUMED_NO,1243,0,2026-02-03 12:43:14,0,201,"[junit] Testcase: test took 0.012 sec
[junit] expected:<^a-z> but was:<null>
[junit] junit.framework.AssertionFailedError: expected:<^a-z> but was:<null>
[junit] 	at TestCharRange.test(TestCharRange.java:11)
[junit] 	at java.base/jdk.internal.reflect.NativeMethodAccessorImpl.invoke0(Native Method)
[junit] 	at java.base/jdk.internal.reflect.NativeMethodAccessorImpl.invoke(NativeMethodAccessorImpl.java:77)
[junit] 	at java.base/jdk.internal.reflect.DelegatingMethodAccessorImpl.invoke(DelegatingMethodAccessorImpl.java:43)
[junit] 	at java.base/java.util.concurrent.FutureTask.run(FutureTask.java:264)
[junit] 	at java.base/java.lang.Thread.run(Thread.java:840)
"
1359,mutants/mp/338/5/00000029/ByteVector.java,368c5f001c8ac48666a896f865a85b93,mutants/mp/338/5/00000029/ByteVector.class,0,338,100,1,1,ASSUMED_NO,1247,0,2026-02-03 12:43:18,3,"185,191,193,208,210,222","[junit] Testcase: test took 0.012 sec
[junit] expected:<4> but was:<5>
[junit] junit.framework.AssertionFailedError: expected:<4> but was:<5>
[junit] 	at TestByteVector.test(TestByteVector.java:13)
[junit] 	at java.base/jdk.internal.reflect.NativeMethodAccessorImpl.invoke0(Native Method)
[junit] 	at java.base/jdk.internal.reflect.NativeMethodAccessorImpl.invoke(NativeMethodAccessorImpl.java:77)
[junit] 	at java.base/jdk.internal.reflect.DelegatingMethodAccessorImpl.invoke(DelegatingMethodAccessorImpl.java:43)
[junit] 	at java.base/java.util.concurrent.FutureTask.run(FutureTask.java:264)
[junit] 	at java.base/java.lang.Thread.run(Thread.java:840)
"
1360,mutants/mp/344/5/00000020/CharRange.java,03943e222415687ac63d4d656220a626,,0,344,101,1,,ASSUMED_NO,1250,0,2026-02-03 12:43:24,0,181,
1361,mutants/mp/339/121/00000008/ByteVector.java,d8a99033a2c60285e57296dccf217afa,mutants/mp/339/121/00000008/ByteVector.class,0,339,100,1,1,ASSUMED_NO,1237,0,2026-02-03 12:43:31,0,46,"Buildfile: /srv/codedefenders-class-2026/build.xml

test-mutant:
[junit] Running TestByteVector
[junit] Testsuite: TestByteVector
[junit] Tests run: 1, Failures: 0, Errors: 1, Skipped: 0, Time elapsed: 0.034 sec
[junit] Tests run: 1, Failures: 0, Errors: 1, Skipped: 0, Time elapsed: 0.034 sec
[junit]
[junit] Testcase: test took 0.01 sec
[junit] 	Caused an ERROR
[junit] Index 1 out of bounds for length 1
[junit] java.lang.ArrayIndexOutOfBoundsException: Index 1 out of bounds for length 1
[junit] 	at ByteVector.putByte(ByteVector.java:47)
[junit] 	at TestByteVector.test(TestByteVector.java:13)
[junit] 	at java.base/jdk.internal.reflect.NativeMethodAccessorImpl.invoke0(Native Method)
[junit] 	at java.base/jdk.internal.reflect.NativeMethodAccessorImpl.invoke(NativeMethodAccessorImpl.java:77)
[junit] 	at java.base/jdk.internal.reflect.DelegatingMethodAccessorImpl.invoke(DelegatingMethodAccessorImpl.java:43)
[junit] 	at java.base/java.util.concurrent.FutureTask.run(FutureTask.java:264)
[junit] 	at java.base/java.lang.Thread.run(Thread.java:840)
[junit]
[junit] Test TestByteVector FAILED

BUILD SUCCESSFUL
Total time: 1 second
  "
1362,mutants/mp/343/119/00000038/ByteVector.java,dc323efae3c1f7dc3fbd147844f3b3a6,mutants/mp/343/119/00000038/ByteVector.class,1,343,100,1,,ASSUMED_NO,1246,0,2026-02-03 12:43:37,1,238,
1363,mutants/mp/344/5/00000021/CharRange.java,7b7716f3fadf9d9f24fd9419b703a9c2,mutants/mp/344/5/00000021/CharRange.class,0,344,101,1,1,ASSUMED_NO,1250,0,2026-02-03 12:43:40,1,181,"[junit] Testcase: test took 0.011 sec
[junit] null
[junit] junit.framework.AssertionFailedError
[junit] 	at TestCharRange.test(TestCharRange.java:13)
[junit] 	at java.base/jdk.internal.reflect.NativeMethodAccessorImpl.invoke0(Native Method)
[junit] 	at java.base/jdk.internal.reflect.NativeMethodAccessorImpl.invoke(NativeMethodAccessorImpl.java:77)
[junit] 	at java.base/jdk.internal.reflect.DelegatingMethodAccessorImpl.invoke(DelegatingMethodAccessorImpl.java:43)
[junit] 	at java.base/java.util.concurrent.FutureTask.run(FutureTask.java:264)
[junit] 	at java.base/java.lang.Thread.run(Thread.java:840)
"
1364,mutants/mp/345/5/00000031/ByteVector.java,aad038f23e20d24aa1b2d82c62011b3b,mutants/mp/345/5/00000031/ByteVector.class,1,345,100,1,,ASSUMED_NO,1251,0,2026-02-03 12:43:40,3,"46,48",
1365,mutants/mp/346/125/00000038/CharRange.java,80dd390e148985e6008a665b0bff5559,,0,346,101,1,,ASSUMED_NO,1243,0,2026-02-03 12:43:44,0,155,
1366,mutants/mp/338/5/00000030/ByteVector.java,dd33dd5049412d8dec536afa11b5c099,mutants/mp/338/5/00000030/ByteVector.class,0,338,100,1,1,ASSUMED_NO,1247,0,2026-02-03 12:43:45,4,"185,191,193,199,208,210,219","[junit] Testcase: test took 0.014 sec
[junit] expected:<4> but was:<5>
[junit] junit.framework.AssertionFailedError: expected:<4> but was:<5>
[junit] 	at TestByteVector.test(TestByteVector.java:14)
[junit] 	at java.base/jdk.internal.reflect.NativeMethodAccessorImpl.invoke0(Native Method)
[junit] 	at java.base/jdk.internal.reflect.NativeMethodAccessorImpl.invoke(NativeMethodAccessorImpl.java:77)
[junit] 	at java.base/jdk.internal.reflect.DelegatingMethodAccessorImpl.invoke(DelegatingMethodAccessorImpl.java:43)
[junit] 	at java.base/java.util.concurrent.FutureTask.run(FutureTask.java:264)
[junit] 	at java.base/java.lang.Thread.run(Thread.java:840)
"
1367,mutants/mp/339/121/00000009/ByteVector.java,efc2b9a08369689d99ceed45a18be2cc,mutants/mp/339/121/00000009/ByteVector.class,1,339,100,1,,ASSUMED_NO,1237,0,2026-02-03 12:43:46,3,64,
1368,mutants/mp/339/121/00000010/ByteVector.java,437504d0beb8f36ae07a56d56adf3b77,mutants/mp/339/121/00000010/ByteVector.class,0,339,100,1,1,ASSUMED_NO,1237,0,2026-02-03 12:43:54,1,83,"Buildfile: /srv/codedefenders-class-2026/build.xml

test-mutant:
[junit] Running TestByteVector
[junit] Testsuite: TestByteVector
[junit] Tests run: 1, Failures: 0, Errors: 1, Skipped: 0, Time elapsed: 0.034 sec
[junit] Tests run: 1, Failures: 0, Errors: 1, Skipped: 0, Time elapsed: 0.034 sec
[junit]
[junit] Testcase: test took 0.013 sec
[junit] 	Caused an ERROR
[junit] Index 2 out of bounds for length 2
[junit] java.lang.ArrayIndexOutOfBoundsException: Index 2 out of bounds for length 2
[junit] 	at ByteVector.putShort(ByteVector.java:86)
[junit] 	at TestByteVector.test(TestByteVector.java:12)
[junit] 	at java.base/jdk.internal.reflect.NativeMethodAccessorImpl.invoke0(Native Method)
[junit] 	at java.base/jdk.internal.reflect.NativeMethodAccessorImpl.invoke(NativeMethodAccessorImpl.java:77)
[junit] 	at java.base/jdk.internal.reflect.DelegatingMethodAccessorImpl.invoke(DelegatingMethodAccessorImpl.java:43)
[junit] 	at java.base/java.util.concurrent.FutureTask.run(FutureTask.java:264)
[junit] 	at java.base/java.lang.Thread.run(Thread.java:840)
[junit]
[junit] Test TestByteVector FAILED

BUILD SUCCESSFUL
Total time: 1 second
  "
1369,mutants/mp/346/125/00000039/CharRange.java,dd779b177fc4bc1843bef782c1476404,,0,346,101,1,,ASSUMED_NO,1243,0,2026-02-03 12:44:02,0,16,
1370,mutants/mp/344/5/00000022/CharRange.java,25d6e31b99db8d025d7a0fe38dfa82b9,mutants/mp/344/5/00000022/CharRange.class,0,344,101,1,1,ASSUMED_NO,1250,0,2026-02-03 12:44:09,1,"175,178,181","[junit] Testcase: test took 0.009 sec
[junit] null
[junit] junit.framework.AssertionFailedError
[junit] 	at TestCharRange.test(TestCharRange.java:13)
[junit] 	at java.base/jdk.internal.reflect.NativeMethodAccessorImpl.invoke0(Native Method)
[junit] 	at java.base/jdk.internal.reflect.NativeMethodAccessorImpl.invoke(NativeMethodAccessorImpl.java:77)
[junit] 	at java.base/jdk.internal.reflect.DelegatingMethodAccessorImpl.invoke(DelegatingMethodAccessorImpl.java:43)
[junit] 	at java.base/java.util.concurrent.FutureTask.run(FutureTask.java:264)
[junit] 	at java.base/java.lang.Thread.run(Thread.java:840)
"
1371,mutants/mp/345/5/00000032/ByteVector.java,1df5f96bb90b442b50b78323b9c1a0c1,,0,345,100,1,,ASSUMED_NO,1251,0,2026-02-03 12:44:10,0,"45,46,47,48",
1372,mutants/mp/346/125/00000040/CharRange.java,1f51055013f9e012a14a528f0baa5d10,mutants/mp/346/125/00000040/CharRange.class,0,346,101,1,1,DECLARED_YES,1243,0,2026-02-03 12:44:13,0,16,
1373,mutants/mp/338/5/00000031/ByteVector.java,ecaa34c9ce598e92ddfd069842b8eb1b,mutants/mp/338/5/00000031/ByteVector.class,1,338,100,1,,ASSUMED_NO,1247,0,2026-02-03 12:44:15,5,"185,186,191,193,208,209,210",
1374,mutants/mp/339/121/00000011/ByteVector.java,e5a31a8d7fed2c78d76a1c30ea52e55b,,0,339,100,1,,ASSUMED_NO,1237,0,2026-02-03 12:44:18,0,46,
1375,mutants/mp/345/5/00000033/ByteVector.java,fc8b0134ec286212649fb4a3b4317f0a,mutants/mp/345/5/00000033/ByteVector.class,1,345,100,1,,ASSUMED_NO,1251,0,2026-02-03 12:44:25,3,48,
1376,mutants/mp/339/121/00000012/ByteVector.java,20a058c2c1de94fd3f9e7f68259ee092,mutants/mp/339/121/00000012/ByteVector.class,0,339,100,1,1,ASSUMED_NO,1237,0,2026-02-03 12:44:39,0,46,"[junit] Testcase: test took 0.017 sec
[junit] array lengths differed, expected.length=2 actual.length=1; arrays first differed at element [1]; expected:<-51> but was:<end of array>
[junit] junit.framework.AssertionFailedError: array lengths differed, expected.length=2 actual.length=1; arrays first differed at element [1]; expected:<-51> but was:<end of array>
[junit] 	at TestByteVector.test(TestByteVector.java:21)
[junit] 	at java.base/jdk.internal.reflect.NativeMethodAccessorImpl.invoke0(Native Method)
[junit] 	at java.base/jdk.internal.reflect.NativeMethodAccessorImpl.invoke(NativeMethodAccessorImpl.java:77)
[junit] 	at java.base/jdk.internal.reflect.DelegatingMethodAccessorImpl.invoke(DelegatingMethodAccessorImpl.java:43)
[junit] 	at java.base/java.util.concurrent.FutureTask.run(FutureTask.java:264)
[junit] 	at java.base/java.lang.Thread.run(Thread.java:840)
[junit] Caused by: java.lang.AssertionError: expected:<-51> but was:<end of array>
"
1377,mutants/mp/341/117/00000026/CharRange.java,58294520b56e219d149ed51291c5d9eb,mutants/mp/341/117/00000026/CharRange.class,0,341,101,1,1,ASSUMED_NO,1244,0,2026-02-03 12:44:47,0,152,"[junit] Testcase: test took 0.007 sec
[junit] null
[junit] junit.framework.AssertionFailedError
[junit] 	at TestCharRange.test(TestCharRange.java:12)
[junit] 	at java.base/jdk.internal.reflect.NativeMethodAccessorImpl.invoke0(Native Method)
[junit] 	at java.base/jdk.internal.reflect.NativeMethodAccessorImpl.invoke(NativeMethodAccessorImpl.java:77)
[junit] 	at java.base/jdk.internal.reflect.DelegatingMethodAccessorImpl.invoke(DelegatingMethodAccessorImpl.java:43)
[junit] 	at java.base/java.util.concurrent.FutureTask.run(FutureTask.java:264)
[junit] 	at java.base/java.lang.Thread.run(Thread.java:840)
"
1378,mutants/mp/343/119/00000039/ByteVector.java,4a6b57d32d6bf09b644b2b4adc7ffa58,mutants/mp/343/119/00000039/ByteVector.class,1,343,100,1,,ASSUMED_NO,1246,0,2026-02-03 12:44:51,1,201,
1379,mutants/mp/346/125/00000041/CharRange.java,b546becb153cb11d0fbdf0b0f7c0b114,mutants/mp/346/125/00000041/CharRange.class,0,346,101,1,1,DECLARED_YES,1243,0,2026-02-03 12:44:53,0,13,
1380,mutants/mp/345/5/00000034/ByteVector.java,a842081153608988910e0165f3182ff9,mutants/mp/345/5/00000034/ByteVector.class,1,345,100,1,,ASSUMED_NO,1251,0,2026-02-03 12:44:56,3,"45,47,48",
1381,mutants/mp/344/5/00000023/CharRange.java,584347c740b937f8e12b6d74aa95ca3a,mutants/mp/344/5/00000023/CharRange.class,0,344,101,1,1,ASSUMED_NO,1250,0,2026-02-03 12:44:57,1,"153,155,158,160","[junit] Testcase: test took 0.017 sec
[junit] null
[junit] junit.framework.AssertionFailedError
[junit] 	at TestCharRange.test(TestCharRange.java:13)
[junit] 	at java.base/jdk.internal.reflect.NativeMethodAccessorImpl.invoke0(Native Method)
[junit] 	at java.base/jdk.internal.reflect.NativeMethodAccessorImpl.invoke(NativeMethodAccessorImpl.java:77)
[junit] 	at java.base/jdk.internal.reflect.DelegatingMethodAccessorImpl.invoke(DelegatingMethodAccessorImpl.java:43)
[junit] 	at java.base/java.util.concurrent.FutureTask.run(FutureTask.java:264)
[junit] 	at java.base/java.lang.Thread.run(Thread.java:840)
"
1382,mutants/mp/339/121/00000013/ByteVector.java,8b89de727d1ea0893fcd825ebb187749,mutants/mp/339/121/00000013/ByteVector.class,1,339,100,1,,ASSUMED_NO,1237,0,2026-02-03 12:45:01,8,103,
1383,mutants/mp/338/5/00000032/ByteVector.java,0cee7cedc90de7568fba427db575a436,mutants/mp/338/5/00000032/ByteVector.class,1,338,100,1,,ASSUMED_NO,1247,0,2026-02-03 12:45:03,5,"185,191,193,194,195,197,208,210",
1384,mutants/mp/339/121/00000014/ByteVector.java,cf417fe16f663a5eef641da10ddec52b,mutants/mp/339/121/00000014/ByteVector.class,0,339,100,1,1,ASSUMED_NO,1237,0,2026-02-03 12:45:22,9,208,"[junit] Testcase: test took 0.011 sec
[junit] expected:<11> but was:<12>
[junit] junit.framework.AssertionFailedError: expected:<11> but was:<12>
[junit] 	at TestByteVector.test(TestByteVector.java:22)
[junit] 	at java.base/jdk.internal.reflect.NativeMethodAccessorImpl.invoke0(Native Method)
[junit] 	at java.base/jdk.internal.reflect.NativeMethodAccessorImpl.invoke(NativeMethodAccessorImpl.java:77)
[junit] 	at java.base/jdk.internal.reflect.DelegatingMethodAccessorImpl.invoke(DelegatingMethodAccessorImpl.java:43)
[junit] 	at java.base/java.util.concurrent.FutureTask.run(FutureTask.java:264)
[junit] 	at java.base/java.lang.Thread.run(Thread.java:840)
"
1385,mutants/mp/345/5/00000035/ByteVector.java,6c53677aaf5248a382135c4bbb014c08,mutants/mp/345/5/00000035/ByteVector.class,1,345,100,1,,ASSUMED_NO,1251,0,2026-02-03 12:45:25,3,"45,46,47",
1386,mutants/mp/339/121/00000015/ByteVector.java,e5fd46710ac1ec4b3c54dfacaec74a12,mutants/mp/339/121/00000015/ByteVector.class,0,339,100,1,1,ASSUMED_NO,1237,0,2026-02-03 12:45:41,9,191,"[junit] Testcase: test took 0.011 sec
[junit] arrays first differed at element [1]; expected:<9> but was:<10>
[junit] junit.framework.AssertionFailedError: arrays first differed at element [1]; expected:<9> but was:<10>
[junit] 	at TestByteVector.test(TestByteVector.java:23)
[junit] 	at java.base/jdk.internal.reflect.NativeMethodAccessorImpl.invoke0(Native Method)
[junit] 	at java.base/jdk.internal.reflect.NativeMethodAccessorImpl.invoke(NativeMethodAccessorImpl.java:77)
[junit] 	at java.base/jdk.internal.reflect.DelegatingMethodAccessorImpl.invoke(DelegatingMethodAccessorImpl.java:43)
[junit] 	at java.base/java.util.concurrent.FutureTask.run(FutureTask.java:264)
[junit] 	at java.base/java.lang.Thread.run(Thread.java:840)
[junit] Caused by: java.lang.AssertionError: expected:<9> but was:<10>
"
1387,mutants/mp/338/5/00000033/ByteVector.java,beac2b83bc3c06ffcf301db8d00ee442,mutants/mp/338/5/00000033/ByteVector.class,0,338,100,1,1,ASSUMED_NO,1247,0,2026-02-03 12:45:46,0,"185,186,191,193,208,210","[junit] Testcase: test took 0.009 sec
[junit] expected:<97> but was:<98>
[junit] junit.framework.AssertionFailedError: expected:<97> but was:<98>
[junit] 	at TestByteVector.test(TestByteVector.java:13)
[junit] 	at java.base/jdk.internal.reflect.NativeMethodAccessorImpl.invoke0(Native Method)
[junit] 	at java.base/jdk.internal.reflect.NativeMethodAccessorImpl.invoke(NativeMethodAccessorImpl.java:77)
[junit] 	at java.base/jdk.internal.reflect.DelegatingMethodAccessorImpl.invoke(DelegatingMethodAccessorImpl.java:43)
[junit] 	at java.base/java.util.concurrent.FutureTask.run(FutureTask.java:264)
[junit] 	at java.base/java.lang.Thread.run(Thread.java:840)
"
1388,mutants/mp/343/119/00000040/ByteVector.java,81f7a61948ab59cb5b78af7a41e9b663,mutants/mp/343/119/00000040/ByteVector.class,1,343,100,1,,ASSUMED_NO,1246,0,2026-02-03 12:45:48,1,172,
1389,mutants/mp/341/117/00000027/CharRange.java,01808fd452b2c9a6a094840646298e55,mutants/mp/341/117/00000027/CharRange.class,1,341,101,1,,ASSUMED_NO,1244,0,2026-02-03 12:45:50,2,152,
1390,mutants/mp/339/121/00000016/ByteVector.java,0b5875c036efa4fe8c8b2ace59fa11af,mutants/mp/339/121/00000016/ByteVector.class,0,339,100,1,1,ASSUMED_NO,1237,0,2026-02-03 12:45:53,9,210,"[junit] Testcase: test took 0.01 sec
[junit] expected:<11> but was:<13>
[junit] junit.framework.AssertionFailedError: expected:<11> but was:<13>
[junit] 	at TestByteVector.test(TestByteVector.java:22)
[junit] 	at java.base/jdk.internal.reflect.NativeMethodAccessorImpl.invoke0(Native Method)
[junit] 	at java.base/jdk.internal.reflect.NativeMethodAccessorImpl.invoke(NativeMethodAccessorImpl.java:77)
[junit] 	at java.base/jdk.internal.reflect.DelegatingMethodAccessorImpl.invoke(DelegatingMethodAccessorImpl.java:43)
[junit] 	at java.base/java.util.concurrent.FutureTask.run(FutureTask.java:264)
[junit] 	at java.base/java.lang.Thread.run(Thread.java:840)
"
1391,mutants/mp/344/5/00000024/CharRange.java,dca33106ec33a5d6197bcc16c53a5b04,mutants/mp/344/5/00000024/CharRange.class,0,344,101,1,1,ASSUMED_NO,1250,0,2026-02-03 12:45:55,1,181,"[junit] Testcase: test took 0.008 sec
[junit] null
[junit] junit.framework.AssertionFailedError
[junit] 	at TestCharRange.test(TestCharRange.java:13)
[junit] 	at java.base/jdk.internal.reflect.NativeMethodAccessorImpl.invoke0(Native Method)
[junit] 	at java.base/jdk.internal.reflect.NativeMethodAccessorImpl.invoke(NativeMethodAccessorImpl.java:77)
[junit] 	at java.base/jdk.internal.reflect.DelegatingMethodAccessorImpl.invoke(DelegatingMethodAccessorImpl.java:43)
[junit] 	at java.base/java.util.concurrent.FutureTask.run(FutureTask.java:264)
[junit] 	at java.base/java.lang.Thread.run(Thread.java:840)
"
1392,mutants/mp/346/125/00000042/CharRange.java,a11c8ae9b9aecb6e4ac90fb6e7752d51,mutants/mp/346/125/00000042/CharRange.class,0,346,101,1,1,DECLARED_YES,1243,0,2026-02-03 12:45:56,0,11,
1393,mutants/mp/345/5/00000036/ByteVector.java,f027869ace98cf92c58219663b17decf,mutants/mp/345/5/00000036/ByteVector.class,1,345,100,1,,ASSUMED_NO,1251,0,2026-02-03 12:46:02,1,"182,185,191,193,200,208,210",
1394,mutants/mp/339/121/00000017/ByteVector.java,291cf4c3c7a059972a92e7251f2720ce,mutants/mp/339/121/00000017/ByteVector.class,0,339,100,1,1,ASSUMED_NO,1237,0,2026-02-03 12:46:12,9,193,"[junit] Testcase: test took 0.012 sec
[junit] arrays first differed at element [1]; expected:<9> but was:<11>
[junit] junit.framework.AssertionFailedError: arrays first differed at element [1]; expected:<9> but was:<11>
[junit] 	at TestByteVector.test(TestByteVector.java:23)
[junit] 	at java.base/jdk.internal.reflect.NativeMethodAccessorImpl.invoke0(Native Method)
[junit] 	at java.base/jdk.internal.reflect.NativeMethodAccessorImpl.invoke(NativeMethodAccessorImpl.java:77)
[junit] 	at java.base/jdk.internal.reflect.DelegatingMethodAccessorImpl.invoke(DelegatingMethodAccessorImpl.java:43)
[junit] 	at java.base/java.util.concurrent.FutureTask.run(FutureTask.java:264)
[junit] 	at java.base/java.lang.Thread.run(Thread.java:840)
[junit] Caused by: java.lang.AssertionError: expected:<9> but was:<11>
"
1395,mutants/mp/346/125/00000043/CharRange.java,d52b6e3ba90baf1be5a72619078eb372,mutants/mp/346/125/00000043/CharRange.class,0,346,101,1,1,DECLARED_YES,1243,0,2026-02-03 12:46:21,0,9,
1396,mutants/mp/344/5/00000025/CharRange.java,299a02bad60204ba0cfa9c024e62c6f7,mutants/mp/344/5/00000025/CharRange.class,1,344,101,1,,ASSUMED_NO,1250,0,2026-02-03 12:46:27,5,181,
1397,mutants/mp/345/5/00000037/ByteVector.java,c4b106a4701def28838e436f47cb29ad,mutants/mp/345/5/00000037/ByteVector.class,1,345,100,1,,ASSUMED_NO,1251,0,2026-02-03 12:46:40,3,49,
1398,mutants/mp/339/121/00000018/ByteVector.java,a7d879e5998bee7d7d5de2036abe0d3c,mutants/mp/339/121/00000018/ByteVector.class,0,339,100,1,1,ASSUMED_NO,1237,0,2026-02-03 12:46:44,2,83,"Buildfile: /srv/codedefenders-class-2026/build.xml

test-mutant:
[junit] Running TestByteVector
[junit] Testsuite: TestByteVector
[junit] Tests run: 1, Failures: 0, Errors: 1, Skipped: 0, Time elapsed: 0.023 sec
[junit] Tests run: 1, Failures: 0, Errors: 1, Skipped: 0, Time elapsed: 0.023 sec
[junit]
[junit] Testcase: test took 0.011 sec
[junit] 	Caused an ERROR
[junit] Index 2 out of bounds for length 2
[junit] java.lang.ArrayIndexOutOfBoundsException: Index 2 out of bounds for length 2
[junit] 	at ByteVector.putShort(ByteVector.java:87)
[junit] 	at TestByteVector.test(TestByteVector.java:12)
[junit] 	at java.base/jdk.internal.reflect.NativeMethodAccessorImpl.invoke0(Native Method)
[junit] 	at java.base/jdk.internal.reflect.NativeMethodAccessorImpl.invoke(NativeMethodAccessorImpl.java:77)
[junit] 	at java.base/jdk.internal.reflect.DelegatingMethodAccessorImpl.invoke(DelegatingMethodAccessorImpl.java:43)
[junit] 	at java.base/java.util.concurrent.FutureTask.run(FutureTask.java:264)
[junit] 	at java.base/java.lang.Thread.run(Thread.java:840)
[junit]
[junit] Test TestByteVector FAILED

BUILD SUCCESSFUL
Total time: 0 seconds
  "
1399,mutants/mp/338/5/00000034/ByteVector.java,730a0617432c171ed7c32f290a4d056a,mutants/mp/338/5/00000034/ByteVector.class,1,338,100,1,,ASSUMED_NO,1247,0,2026-02-03 12:46:50,5,"185,191,193,208,210",
1400,mutants/mp/343/119/00000041/ByteVector.java,fda0957ec2782e581d17d87437e8d458,mutants/mp/343/119/00000041/ByteVector.class,1,343,100,1,,ASSUMED_NO,1246,0,2026-02-03 12:46:56,1,241,
1401,mutants/mp/339/121/00000019/ByteVector.java,8746f4d127dc9c1b31bfa827084d7cdb,mutants/mp/339/121/00000019/ByteVector.class,1,339,100,1,,ASSUMED_NO,1237,0,2026-02-03 12:47:00,8,103,
1402,mutants/mp/339/121/00000020/ByteVector.java,d9e522e254bce2cc852ab2e92d4ae340,mutants/mp/339/121/00000020/ByteVector.class,1,339,100,1,,ASSUMED_NO,1237,0,2026-02-03 12:47:12,8,103,
1403,mutants/mp/339/121/00000021/ByteVector.java,1fbdd4ca5131a6ee9d35367015cd537f,mutants/mp/339/121/00000021/ByteVector.class,0,339,100,1,1,ASSUMED_NO,1237,0,2026-02-03 12:47:23,2,123,"Buildfile: /srv/codedefenders-class-2026/build.xml

test-mutant:
[junit] Running TestByteVector
[junit] Testsuite: TestByteVector
[junit] Tests run: 1, Failures: 0, Errors: 1, Skipped: 0, Time elapsed: 0.021 sec
[junit] Tests run: 1, Failures: 0, Errors: 1, Skipped: 0, Time elapsed: 0.021 sec
[junit]
[junit] Testcase: test took 0.007 sec
[junit] 	Caused an ERROR
[junit] Index 3 out of bounds for length 3
[junit] java.lang.ArrayIndexOutOfBoundsException: Index 3 out of bounds for length 3
[junit] 	at ByteVector.putInt(ByteVector.java:129)
[junit] 	at TestByteVector.test(TestByteVector.java:11)
[junit] 	at java.base/jdk.internal.reflect.NativeMethodAccessorImpl.invoke0(Native Method)
[junit] 	at java.base/jdk.internal.reflect.NativeMethodAccessorImpl.invoke(NativeMethodAccessorImpl.java:77)
[junit] 	at java.base/jdk.internal.reflect.DelegatingMethodAccessorImpl.invoke(DelegatingMethodAccessorImpl.java:43)
[junit] 	at java.base/java.util.concurrent.FutureTask.run(FutureTask.java:264)
[junit] 	at java.base/java.lang.Thread.run(Thread.java:840)
[junit]
[junit] Test TestByteVector FAILED

BUILD SUCCESSFUL
Total time: 0 seconds
  "
1404,mutants/mp/345/5/00000038/ByteVector.java,9e0084bfc60ed2537cf287dd1195705c,mutants/mp/345/5/00000038/ByteVector.class,1,345,100,1,,ASSUMED_NO,1251,0,2026-02-03 12:47:25,3,48,
1405,mutants/mp/343/119/00000042/ByteVector.java,093930d02f4136643cd393850e0104bf,mutants/mp/343/119/00000042/ByteVector.class,1,343,100,1,,ASSUMED_NO,1246,0,2026-02-03 12:47:38,1,152,
1406,mutants/mp/339/121/00000022/ByteVector.java,c0708eb7b3b989f2ac24926d411523c3,mutants/mp/339/121/00000022/ByteVector.class,0,339,100,1,1,ASSUMED_NO,1237,0,2026-02-03 12:47:42,2,123,"Buildfile: /srv/codedefenders-class-2026/build.xml

test-mutant:
[junit] Running TestByteVector
[junit] Testsuite: TestByteVector
[junit] Tests run: 1, Failures: 0, Errors: 1, Skipped: 0, Time elapsed: 0.02 sec
[junit] Tests run: 1, Failures: 0, Errors: 1, Skipped: 0, Time elapsed: 0.02 sec
[junit]
[junit] Testcase: test took 0.008 sec
[junit] 	Caused an ERROR
[junit] Index 2 out of bounds for length 2
[junit] java.lang.ArrayIndexOutOfBoundsException: Index 2 out of bounds for length 2
[junit] 	at ByteVector.putInt(ByteVector.java:128)
[junit] 	at TestByteVector.test(TestByteVector.java:11)
[junit] 	at java.base/jdk.internal.reflect.NativeMethodAccessorImpl.invoke0(Native Method)
[junit] 	at java.base/jdk.internal.reflect.NativeMethodAccessorImpl.invoke(NativeMethodAccessorImpl.java:77)
[junit] 	at java.base/jdk.internal.reflect.DelegatingMethodAccessorImpl.invoke(DelegatingMethodAccessorImpl.java:43)
[junit] 	at java.base/java.util.concurrent.FutureTask.run(FutureTask.java:264)
[junit] 	at java.base/java.lang.Thread.run(Thread.java:840)
[junit]
[junit] Test TestByteVector FAILED

BUILD SUCCESSFUL
Total time: 0 seconds
  "
1407,mutants/mp/346/125/00000044/CharRange.java,7612e01154bcf99404b25f841baad2f5,,0,346,101,1,,ASSUMED_NO,1243,0,2026-02-03 12:47:42,0,"9,11",
1408,mutants/mp/344/5/00000026/CharRange.java,afa344650be5d4e98a4e79a5d0ac8d04,mutants/mp/344/5/00000026/CharRange.class,1,344,101,1,,ASSUMED_NO,1250,0,2026-02-03 12:47:51,5,181,
1409,mutants/mp/345/5/00000039/ByteVector.java,17f65bcae7a6d97ce71b76c347834596,mutants/mp/345/5/00000039/ByteVector.class,1,345,100,1,,ASSUMED_NO,1251,0,2026-02-03 12:47:55,3,48,
1410,mutants/mp/338/5/00000035/ByteVector.java,99d36c607c9c963e9fbec4377172b7f7,mutants/mp/338/5/00000035/ByteVector.class,1,338,100,1,,ASSUMED_NO,1247,0,2026-02-03 12:48:02,5,"185,191,193,208,210,213",
1411,mutants/mp/346/125/00000045/CharRange.java,b0af4d5d736f571f917a522617c59532,,0,346,101,1,,ASSUMED_NO,1243,0,2026-02-03 12:48:07,0,36,
1412,mutants/mp/339/121/00000023/ByteVector.java,480d4bf7687bd9b92d937c829e7dc0c8,,0,339,100,1,,ASSUMED_NO,1237,0,2026-02-03 12:48:11,0,219,
1413,mutants/mp/341/117/00000028/CharRange.java,b61668e0bb15e4ef92ad86d6cefbb96f,mutants/mp/341/117/00000028/CharRange.class,1,341,101,1,,ASSUMED_NO,1244,0,2026-02-03 12:48:20,2,155,
1414,mutants/mp/344/5/00000027/CharRange.java,19d43f1ba6d852eba98d8d04d85bf711,mutants/mp/344/5/00000027/CharRange.class,1,344,101,1,,ASSUMED_NO,1250,0,2026-02-03 12:48:24,3,"153,155,158,160",
1415,mutants/mp/346/125/00000046/CharRange.java,9ad74979153ccb1f1b02693d0e19f958,mutants/mp/346/125/00000046/CharRange.class,0,346,101,1,1,ASSUMED_NO,1243,0,2026-02-03 12:48:28,0,"35,36","[junit] Testcase: test took 0.014 sec
[junit] expected:<[a-z]> but was:<[z-a]>
[junit] junit.framework.AssertionFailedError: expected:<[a-z]> but was:<[z-a]>
[junit] 	at TestCharRange.test(TestCharRange.java:11)
[junit] 	at java.base/jdk.internal.reflect.NativeMethodAccessorImpl.invoke0(Native Method)
[junit] 	at java.base/jdk.internal.reflect.NativeMethodAccessorImpl.invoke(NativeMethodAccessorImpl.java:77)
[junit] 	at java.base/jdk.internal.reflect.DelegatingMethodAccessorImpl.invoke(DelegatingMethodAccessorImpl.java:43)
[junit] 	at java.base/java.util.concurrent.FutureTask.run(FutureTask.java:264)
[junit] 	at java.base/java.lang.Thread.run(Thread.java:840)
"
1416,mutants/mp/338/5/00000036/ByteVector.java,89faf7442c1d4def9c5c4f3d87781de2,mutants/mp/338/5/00000036/ByteVector.class,0,338,100,1,1,ASSUMED_NO,1247,0,2026-02-03 12:48:35,0,"185,191,193,208,210,223","[junit] Testcase: test took 0.009 sec
[junit] expected:<97> but was:<99>
[junit] junit.framework.AssertionFailedError: expected:<97> but was:<99>
[junit] 	at TestByteVector.test(TestByteVector.java:14)
[junit] 	at java.base/jdk.internal.reflect.NativeMethodAccessorImpl.invoke0(Native Method)
[junit] 	at java.base/jdk.internal.reflect.NativeMethodAccessorImpl.invoke(NativeMethodAccessorImpl.java:77)
[junit] 	at java.base/jdk.internal.reflect.DelegatingMethodAccessorImpl.invoke(DelegatingMethodAccessorImpl.java:43)
[junit] 	at java.base/java.util.concurrent.FutureTask.run(FutureTask.java:264)
[junit] 	at java.base/java.lang.Thread.run(Thread.java:840)
"
1417,mutants/mp/343/119/00000043/ByteVector.java,8eb8ddc3a934667a36f5b710de313d07,mutants/mp/343/119/00000043/ByteVector.class,1,343,100,1,,ASSUMED_NO,1246,0,2026-02-03 12:48:38,1,222,
1418,mutants/mp/345/5/00000040/ByteVector.java,3bc295291f25a7d2af9eb56e3407c387,mutants/mp/345/5/00000040/ByteVector.class,1,345,100,1,,ASSUMED_NO,1251,0,2026-02-03 12:48:41,3,48,
1419,mutants/mp/346/125/00000047/CharRange.java,b69340bc863d01794db8564b58f701ce,mutants/mp/346/125/00000047/CharRange.class,0,346,101,1,1,ASSUMED_NO,1243,0,2026-02-03 12:48:53,0,53,"Buildfile: /srv/codedefenders-class-2026/build.xml

test-mutant:
[junit] Running TestCharRange
[junit] Testsuite: TestCharRange
[junit] Tests run: 1, Failures: 0, Errors: 1, Skipped: 0, Time elapsed: 0.02 sec
[junit] Tests run: 1, Failures: 0, Errors: 1, Skipped: 0, Time elapsed: 0.02 sec
[junit]
[junit] Testcase: test took 0.007 sec
[junit] 	Caused an ERROR
[junit] class TestCharRange tried to access private method 'CharRange CharRange.is(char)' (TestCharRange and CharRange are in unnamed module of loader 'app')
[junit] java.lang.IllegalAccessError: class TestCharRange tried to access private method 'CharRange CharRange.is(char)' (TestCharRange and CharRange are in unnamed module of loader 'app')
[junit] 	at TestCharRange.test(TestCharRange.java:10)
[junit] 	at java.base/jdk.internal.reflect.NativeMethodAccessorImpl.invoke0(Native Method)
[junit] 	at java.base/jdk.internal.reflect.NativeMethodAccessorImpl.invoke(NativeMethodAccessorImpl.java:77)
[junit] 	at java.base/jdk.internal.reflect.DelegatingMethodAccessorImpl.invoke(DelegatingMethodAccessorImpl.java:43)
[junit] 	at java.base/java.util.concurrent.FutureTask.run(FutureTask.java:264)
[junit] 	at java.base/java.lang.Thread.run(Thread.java:840)
[junit]
[junit] Test TestCharRange FAILED

BUILD SUCCESSFUL
Total time: 1 second
  "
1420,mutants/mp/339/121/00000024/ByteVector.java,40b31de38f0a0f3c5ae2faae9c9543e0,mutants/mp/339/121/00000024/ByteVector.class,0,339,100,1,1,ASSUMED_NO,1237,0,2026-02-03 12:48:57,0,23,"[junit] Testcase: test took 0.011 sec
[junit] expected:<0> but was:<1>
[junit] junit.framework.AssertionFailedError: expected:<0> but was:<1>
[junit] 	at TestByteVector.test(TestByteVector.java:12)
[junit] 	at java.base/jdk.internal.reflect.NativeMethodAccessorImpl.invoke0(Native Method)
[junit] 	at java.base/jdk.internal.reflect.NativeMethodAccessorImpl.invoke(NativeMethodAccessorImpl.java:77)
[junit] 	at java.base/jdk.internal.reflect.DelegatingMethodAccessorImpl.invoke(DelegatingMethodAccessorImpl.java:43)
[junit] 	at java.base/java.util.concurrent.FutureTask.run(FutureTask.java:264)
[junit] 	at java.base/java.lang.Thread.run(Thread.java:840)
"
1421,mutants/mp/338/5/00000037/ByteVector.java,a64df406b5a1d3de85b21880807435d5,mutants/mp/338/5/00000037/ByteVector.class,0,338,100,1,1,ASSUMED_NO,1247,0,2026-02-03 12:49:03,4,"185,191,193,208,210,222","[junit] Testcase: test took 0.017 sec
[junit] expected:<4> but was:<3>
[junit] junit.framework.AssertionFailedError: expected:<4> but was:<3>
[junit] 	at TestByteVector.test(TestByteVector.java:14)
[junit] 	at java.base/jdk.internal.reflect.NativeMethodAccessorImpl.invoke0(Native Method)
[junit] 	at java.base/jdk.internal.reflect.NativeMethodAccessorImpl.invoke(NativeMethodAccessorImpl.java:77)
[junit] 	at java.base/jdk.internal.reflect.DelegatingMethodAccessorImpl.invoke(DelegatingMethodAccessorImpl.java:43)
[junit] 	at java.base/java.util.concurrent.FutureTask.run(FutureTask.java:264)
[junit] 	at java.base/java.lang.Thread.run(Thread.java:840)
"
1422,mutants/mp/341/117/00000029/CharRange.java,5723c1c128928fdabd542865588338b8,mutants/mp/341/117/00000029/CharRange.class,0,341,101,1,1,ASSUMED_NO,1244,0,2026-02-03 12:49:04,0,181,"[junit] Testcase: test took 0.007 sec
[junit] expected: CharRange<a-z> but was: CharRange<a-z>
[junit] junit.framework.AssertionFailedError: expected: CharRange<a-z> but was: CharRange<a-z>
[junit] 	at TestCharRange.test(TestCharRange.java:12)
[junit] 	at java.base/jdk.internal.reflect.NativeMethodAccessorImpl.invoke0(Native Method)
[junit] 	at java.base/jdk.internal.reflect.NativeMethodAccessorImpl.invoke(NativeMethodAccessorImpl.java:77)
[junit] 	at java.base/jdk.internal.reflect.DelegatingMethodAccessorImpl.invoke(DelegatingMethodAccessorImpl.java:43)
[junit] 	at java.base/java.util.concurrent.FutureTask.run(FutureTask.java:264)
[junit] 	at java.base/java.lang.Thread.run(Thread.java:840)
"
1423,mutants/mp/346/125/00000048/CharRange.java,14013371312bb7df1f2b3a226795aae4,mutants/mp/346/125/00000048/CharRange.class,0,346,101,1,1,ASSUMED_NO,1243,0,2026-02-03 12:49:07,0,53,"Buildfile: /srv/codedefenders-class-2026/build.xml

test-mutant:
[junit] Running TestCharRange
[junit] Testsuite: TestCharRange
[junit] Tests run: 1, Failures: 0, Errors: 1, Skipped: 0, Time elapsed: 0.021 sec
[junit] Tests run: 1, Failures: 0, Errors: 1, Skipped: 0, Time elapsed: 0.021 sec
[junit]
[junit] Testcase: test took 0.008 sec
[junit] 	Caused an ERROR
[junit] class TestCharRange tried to access private method 'CharRange CharRange.is(char)' (TestCharRange and CharRange are in unnamed module of loader 'app')
[junit] java.lang.IllegalAccessError: class TestCharRange tried to access private method 'CharRange CharRange.is(char)' (TestCharRange and CharRange are in unnamed module of loader 'app')
[junit] 	at TestCharRange.test(TestCharRange.java:10)
[junit] 	at java.base/jdk.internal.reflect.NativeMethodAccessorImpl.invoke0(Native Method)
[junit] 	at java.base/jdk.internal.reflect.NativeMethodAccessorImpl.invoke(NativeMethodAccessorImpl.java:77)
[junit] 	at java.base/jdk.internal.reflect.DelegatingMethodAccessorImpl.invoke(DelegatingMethodAccessorImpl.java:43)
[junit] 	at java.base/java.util.concurrent.FutureTask.run(FutureTask.java:264)
[junit] 	at java.base/java.lang.Thread.run(Thread.java:840)
[junit]
[junit] Test TestCharRange FAILED

BUILD SUCCESSFUL
Total time: 1 second
  "
1424,mutants/mp/345/5/00000041/ByteVector.java,05a3f113e26904a79e718505a4566b89,mutants/mp/345/5/00000041/ByteVector.class,1,345,100,1,,ASSUMED_NO,1251,0,2026-02-03 12:49:40,1,46,
1425,mutants/mp/346/125/00000049/CharRange.java,d0cc35a3e25b3aba0c1a54ef700fffbb,mutants/mp/346/125/00000049/CharRange.class,0,346,101,1,1,ASSUMED_NO,1243,0,2026-02-03 12:49:42,0,"65,66","Buildfile: /srv/codedefenders-class-2026/build.xml

test-mutant:
[junit] Running TestCharRange
[junit] Testsuite: TestCharRange
[junit] Tests run: 1, Failures: 0, Errors: 1, Skipped: 0, Time elapsed: 0.023 sec
[junit] Tests run: 1, Failures: 0, Errors: 1, Skipped: 0, Time elapsed: 0.023 sec
[junit]
[junit] Testcase: test took 0.009 sec
[junit] 	Caused an ERROR
[junit] class TestCharRange tried to access private method 'CharRange CharRange.isNot(char)' (TestCharRange and CharRange are in unnamed module of loader 'app')
[junit] java.lang.IllegalAccessError: class TestCharRange tried to access private method 'CharRange CharRange.isNot(char)' (TestCharRange and CharRange are in unnamed module of loader 'app')
[junit] 	at TestCharRange.test(TestCharRange.java:10)
[junit] 	at java.base/jdk.internal.reflect.NativeMethodAccessorImpl.invoke0(Native Method)
[junit] 	at java.base/jdk.internal.reflect.NativeMethodAccessorImpl.invoke(NativeMethodAccessorImpl.java:77)
[junit] 	at java.base/jdk.internal.reflect.DelegatingMethodAccessorImpl.invoke(DelegatingMethodAccessorImpl.java:43)
[junit] 	at java.base/java.util.concurrent.FutureTask.run(FutureTask.java:264)
[junit] 	at java.base/java.lang.Thread.run(Thread.java:840)
[junit]
[junit] Test TestCharRange FAILED

BUILD SUCCESSFUL
Total time: 0 seconds
  "
1426,mutants/mp/339/121/00000025/ByteVector.java,2a15b2f14b3796fe245bd499af1c4b41,mutants/mp/339/121/00000025/ByteVector.class,0,339,100,1,1,ASSUMED_NO,1237,0,2026-02-03 12:49:51,0,239,"Buildfile: /srv/codedefenders-class-2026/build.xml

test-mutant:
[junit] Running TestByteVector
[junit] Testsuite: TestByteVector
[junit] Tests run: 1, Failures: 0, Errors: 1, Skipped: 0, Time elapsed: 0.02 sec
[junit] Tests run: 1, Failures: 0, Errors: 1, Skipped: 0, Time elapsed: 0.02 sec
[junit]
[junit] Testcase: test took 0.007 sec
[junit] 	Caused an ERROR
[junit] arraycopy: last destination index 5 out of bounds for byte[4]
[junit] java.lang.ArrayIndexOutOfBoundsException: arraycopy: last destination index 5 out of bounds for byte[4]
[junit] 	at java.base/java.lang.System.arraycopy(Native Method)
[junit] 	at ByteVector.putByteArray(ByteVector.java:242)
[junit] 	at TestByteVector.test(TestByteVector.java:12)
[junit] 	at java.base/jdk.internal.reflect.NativeMethodAccessorImpl.invoke0(Native Method)
[junit] 	at java.base/jdk.internal.reflect.NativeMethodAccessorImpl.invoke(NativeMethodAccessorImpl.java:77)
[junit] 	at java.base/jdk.internal.reflect.DelegatingMethodAccessorImpl.invoke(DelegatingMethodAccessorImpl.java:43)
[junit] 	at java.base/java.util.concurrent.FutureTask.run(FutureTask.java:264)
[junit] 	at java.base/java.lang.Thread.run(Thread.java:840)
[junit]
[junit] Test TestByteVector FAILED

BUILD SUCCESSFUL
Total time: 0 seconds
  "
1427,mutants/mp/346/125/00000050/CharRange.java,d878cd31537f4546fd70343fdb24f5df,mutants/mp/346/125/00000050/CharRange.class,0,346,101,1,1,ASSUMED_NO,1243,0,2026-02-03 12:50:01,6,66,"[junit] Testcase: test took 0.008 sec
[junit] null
[junit] junit.framework.AssertionFailedError
[junit] 	at TestCharRange.test(TestCharRange.java:12)
[junit] 	at java.base/jdk.internal.reflect.NativeMethodAccessorImpl.invoke0(Native Method)
[junit] 	at java.base/jdk.internal.reflect.NativeMethodAccessorImpl.invoke(NativeMethodAccessorImpl.java:77)
[junit] 	at java.base/jdk.internal.reflect.DelegatingMethodAccessorImpl.invoke(DelegatingMethodAccessorImpl.java:43)
[junit] 	at java.base/java.util.concurrent.FutureTask.run(FutureTask.java:264)
[junit] 	at java.base/java.lang.Thread.run(Thread.java:840)
"
1428,mutants/mp/343/119/00000044/ByteVector.java,08aa0dea561217a35754428d7848f9cd,mutants/mp/343/119/00000044/ByteVector.class,1,343,100,1,,ASSUMED_NO,1246,0,2026-02-03 12:50:14,1,203,
1429,mutants/mp/341/117/00000030/CharRange.java,53003a5d8ae6c14a6d2fa75cf4ded8ad,,0,341,101,1,,ASSUMED_NO,1244,0,2026-02-03 12:50:20,0,180,
1430,mutants/mp/346/125/00000051/CharRange.java,da01001ca68f9fc98391a673f55d238c,,0,346,101,1,,ASSUMED_NO,1243,0,2026-02-03 12:50:26,0,66,
1431,mutants/mp/345/5/00000042/ByteVector.java,f367666b834e7028e1d7775b30aa186a,mutants/mp/345/5/00000042/ByteVector.class,1,345,100,1,,ASSUMED_NO,1251,0,2026-02-03 12:50:31,1,"185,191,193,208,210,211",
1432,mutants/mp/343/119/00000045/ByteVector.java,9e454cfa9604cc34b2d0c585580849ec,mutants/mp/343/119/00000045/ByteVector.class,1,343,100,1,,ASSUMED_NO,1246,0,2026-02-03 12:50:33,1,150,
1433,mutants/mp/338/5/00000038/ByteVector.java,aad5d2ef3a26e8914dda131616e98cb3,mutants/mp/338/5/00000038/ByteVector.class,1,338,100,1,,ASSUMED_NO,1247,0,2026-02-03 12:50:34,5,"185,191,193,208,210,223",
1434,mutants/mp/339/121/00000026/ByteVector.java,168e8cdf22c376fcbe3ea27d081136e9,mutants/mp/339/121/00000026/ByteVector.class,0,339,100,1,1,ASSUMED_NO,1237,0,2026-02-03 12:50:38,1,209,"Buildfile: /srv/codedefenders-class-2026/build.xml

test-mutant:
[junit] Running TestByteVector
[junit] Testsuite: TestByteVector
[junit] Tests run: 1, Failures: 0, Errors: 1, Skipped: 0, Time elapsed: 0.02 sec
[junit] Tests run: 1, Failures: 0, Errors: 1, Skipped: 0, Time elapsed: 0.02 sec
[junit]
[junit] Testcase: test took 0.007 sec
[junit] 	Caused an ERROR
[junit] Index 110 out of bounds for length 14
[junit] java.lang.ArrayIndexOutOfBoundsException: Index 110 out of bounds for length 14
[junit] 	at ByteVector.putUTF8(ByteVector.java:209)
[junit] 	at TestByteVector.test(TestByteVector.java:11)
[junit] 	at java.base/jdk.internal.reflect.NativeMethodAccessorImpl.invoke0(Native Method)
[junit] 	at java.base/jdk.internal.reflect.NativeMethodAccessorImpl.invoke(NativeMethodAccessorImpl.java:77)
[junit] 	at java.base/jdk.internal.reflect.DelegatingMethodAccessorImpl.invoke(DelegatingMethodAccessorImpl.java:43)
[junit] 	at java.base/java.util.concurrent.FutureTask.run(FutureTask.java:264)
[junit] 	at java.base/java.lang.Thread.run(Thread.java:840)
[junit]
[junit] Test TestByteVector FAILED

BUILD SUCCESSFUL
Total time: 1 second
  "
1435,mutants/mp/344/5/00000028/CharRange.java,0182feee0fd96baeac6fdc14a1bdfd0c,mutants/mp/344/5/00000028/CharRange.class,1,344,101,1,,ASSUMED_NO,1250,0,2026-02-03 12:50:39,5,181,
1436,mutants/mp/346/125/00000052/CharRange.java,1dd582b20b2f46835edba36cf193a809,mutants/mp/346/125/00000052/CharRange.class,0,346,101,1,1,ASSUMED_NO,1243,0,2026-02-03 12:50:44,0,54,"[junit] Testcase: test took 0.008 sec
[junit] null
[junit] junit.framework.AssertionFailedError
[junit] 	at TestCharRange.test(TestCharRange.java:11)
[junit] 	at java.base/jdk.internal.reflect.NativeMethodAccessorImpl.invoke0(Native Method)
[junit] 	at java.base/jdk.internal.reflect.NativeMethodAccessorImpl.invoke(NativeMethodAccessorImpl.java:77)
[junit] 	at java.base/jdk.internal.reflect.DelegatingMethodAccessorImpl.invoke(DelegatingMethodAccessorImpl.java:43)
[junit] 	at java.base/java.util.concurrent.FutureTask.run(FutureTask.java:264)
[junit] 	at java.base/java.lang.Thread.run(Thread.java:840)
"
1437,mutants/mp/345/5/00000043/ByteVector.java,6fd89df1f4b80faff7e491d8a3c2b244,mutants/mp/345/5/00000043/ByteVector.class,1,345,100,1,,ASSUMED_NO,1251,0,2026-02-03 12:50:56,3,"46,48",
1438,mutants/mp/346/125/00000053/CharRange.java,612d56352f5be3bce41dafdaebb3d9f9,mutants/mp/346/125/00000053/CharRange.class,0,346,101,1,1,ASSUMED_NO,1243,0,2026-02-03 12:51:02,0,92,"[junit] Testcase: test took 0.008 sec
[junit] null
[junit] junit.framework.AssertionFailedError
[junit] 	at TestCharRange.test(TestCharRange.java:12)
[junit] 	at java.base/jdk.internal.reflect.NativeMethodAccessorImpl.invoke0(Native Method)
[junit] 	at java.base/jdk.internal.reflect.NativeMethodAccessorImpl.invoke(NativeMethodAccessorImpl.java:77)
[junit] 	at java.base/jdk.internal.reflect.DelegatingMethodAccessorImpl.invoke(DelegatingMethodAccessorImpl.java:43)
[junit] 	at java.base/java.util.concurrent.FutureTask.run(FutureTask.java:264)
[junit] 	at java.base/java.lang.Thread.run(Thread.java:840)
"
1439,mutants/mp/344/5/00000029/CharRange.java,74e6e2e67d623262251f20780cf5d781,mutants/mp/344/5/00000029/CharRange.class,1,344,101,1,,ASSUMED_NO,1250,0,2026-02-03 12:51:10,1,191,
1440,mutants/mp/339/121/00000027/ByteVector.java,4a8f1ea198190e1c5247890ae79a31ed,mutants/mp/339/121/00000027/ByteVector.class,0,339,100,1,1,ASSUMED_NO,1237,0,2026-02-03 12:51:23,0,257,"Buildfile: /srv/codedefenders-class-2026/build.xml

test-mutant:
[junit] Running TestByteVector
[junit] Testsuite: TestByteVector
[junit] Tests run: 1, Failures: 0, Errors: 1, Skipped: 0, Time elapsed: 0.042 sec
[junit] Tests run: 1, Failures: 0, Errors: 1, Skipped: 0, Time elapsed: 0.042 sec
[junit]
[junit] Testcase: test took 0.02 sec
[junit] 	Caused an ERROR
[junit] Index 2 out of bounds for length 2
[junit] java.lang.ArrayIndexOutOfBoundsException: Index 2 out of bounds for length 2
[junit] 	at ByteVector.putInt(ByteVector.java:128)
[junit] 	at TestByteVector.test(TestByteVector.java:11)
[junit] 	at java.base/jdk.internal.reflect.NativeMethodAccessorImpl.invoke0(Native Method)
[junit] 	at java.base/jdk.internal.reflect.NativeMethodAccessorImpl.invoke(NativeMethodAccessorImpl.java:77)
[junit] 	at java.base/jdk.internal.reflect.DelegatingMethodAccessorImpl.invoke(DelegatingMethodAccessorImpl.java:43)
[junit] 	at java.base/java.util.concurrent.FutureTask.run(FutureTask.java:264)
[junit] 	at java.base/java.lang.Thread.run(Thread.java:840)
[junit]
[junit] Test TestByteVector FAILED

BUILD SUCCESSFUL
Total time: 1 second
  "
1441,mutants/mp/346/125/00000054/CharRange.java,139b35388c9d150066951a84a0bca0fb,,0,346,101,1,,ASSUMED_NO,1243,0,2026-02-03 12:51:25,0,213,
1442,mutants/mp/339/121/00000028/ByteVector.java,149f1c7b7e7a1ba0526162695b2e12ab,mutants/mp/339/121/00000028/ByteVector.class,0,339,100,1,1,DECLARED_YES,1237,0,2026-02-03 12:51:38,0,257,
1443,mutants/mp/344/5/00000030/CharRange.java,054cce5139c433796f13a6168a83c585,mutants/mp/344/5/00000030/CharRange.class,1,344,101,1,,ASSUMED_NO,1250,0,2026-02-03 12:51:40,1,191,
1444,mutants/mp/346/125/00000055/CharRange.java,89af22998aa968855d5f5a7f02aad2e4,mutants/mp/346/125/00000055/CharRange.class,0,346,101,1,1,ASSUMED_NO,1243,0,2026-02-03 12:51:48,0,213,"[junit] Testcase: test took 0.02 sec
[junit] expected:<[^a-e]> but was:<[iToString]>
[junit] junit.framework.AssertionFailedError: expected:<[^a-e]> but was:<[iToString]>
[junit] 	at TestCharRange.test(TestCharRange.java:12)
[junit] 	at java.base/jdk.internal.reflect.NativeMethodAccessorImpl.invoke0(Native Method)
[junit] 	at java.base/jdk.internal.reflect.NativeMethodAccessorImpl.invoke(NativeMethodAccessorImpl.java:77)
[junit] 	at java.base/jdk.internal.reflect.DelegatingMethodAccessorImpl.invoke(DelegatingMethodAccessorImpl.java:43)
[junit] 	at java.base/java.util.concurrent.FutureTask.run(FutureTask.java:264)
[junit] 	at java.base/java.lang.Thread.run(Thread.java:840)
"
1445,mutants/mp/345/5/00000044/ByteVector.java,467cc7b8d2a2ac97ade56caec1c417e4,mutants/mp/345/5/00000044/ByteVector.class,1,345,100,1,,ASSUMED_NO,1251,0,2026-02-03 12:51:59,1,"185,191,193,208,210,223",
1446,mutants/mp/338/5/00000039/ByteVector.java,c3968838105ff1952a4e7ec0459a77a8,mutants/mp/338/5/00000039/ByteVector.class,1,338,100,1,,ASSUMED_NO,1247,0,2026-02-03 12:52:18,5,"185,186,191,193,208,209,210",
1447,mutants/mp/343/119/00000046/ByteVector.java,5fdbf7f1edf9cd4fd9bb87bf8ddba2e7,mutants/mp/343/119/00000046/ByteVector.class,1,343,100,1,,ASSUMED_NO,1246,0,2026-02-03 12:52:22,1,241,
1448,mutants/mp/344/5/00000031/CharRange.java,ce551c5b5474a3b9506f38fb0ae31d47,mutants/mp/344/5/00000031/CharRange.class,1,344,101,1,,ASSUMED_NO,1250,0,2026-02-03 12:52:24,1,191,
1449,mutants/mp/345/5/00000045/ByteVector.java,610cd8bd3422199f178b73e804399ae4,mutants/mp/345/5/00000045/ByteVector.class,1,345,100,1,,ASSUMED_NO,1251,0,2026-02-03 12:52:26,3,"45,46,48",
1450,mutants/mp/340/115/00000037/CharRange.java,bc6a3b69feec700e74142475f97d999b,,0,340,101,1,,ASSUMED_NO,1245,0,2026-02-03 12:52:32,0,155,
1451,mutants/mp/338/5/00000040/ByteVector.java,d749924bc957a7107831522d0ac1d4ca,mutants/mp/338/5/00000040/ByteVector.class,1,338,100,1,,ASSUMED_NO,1247,0,2026-02-03 12:52:45,5,"185,191,193,208,210,223",
1452,mutants/mp/340/115/00000038/CharRange.java,ba381827471c0aab34b7af2aaa6aed3e,mutants/mp/340/115/00000038/CharRange.class,1,340,101,1,,ASSUMED_NO,1245,0,2026-02-03 12:52:46,1,206,
1453,mutants/mp/345/5/00000046/ByteVector.java,7d1e5c5bcef5b2e55fac83c91b447cc6,mutants/mp/345/5/00000046/ByteVector.class,1,345,100,1,,ASSUMED_NO,1251,0,2026-02-03 12:53:01,1,"185,191,193,208,210",
1454,mutants/mp/340/115/00000039/CharRange.java,7ac98a13cb8355b9edb1ffefefe4ccc2,mutants/mp/340/115/00000039/CharRange.class,1,340,101,1,,ASSUMED_NO,1245,0,2026-02-03 12:53:06,4,155,
1455,mutants/mp/343/119/00000047/ByteVector.java,46745c9f6bec639aafe2b5a8c2388a8d,mutants/mp/343/119/00000047/ByteVector.class,1,343,100,1,,ASSUMED_NO,1246,0,2026-02-03 12:53:08,1,215,
1456,mutants/mp/344/5/00000032/CharRange.java,acd495eab4b2869125b8b12300dc5cda,mutants/mp/344/5/00000032/CharRange.class,1,344,101,1,,ASSUMED_NO,1250,0,2026-02-03 12:53:09,1,191,
1457,mutants/mp/338/5/00000041/ByteVector.java,bd5a86d1086bf3b4c2931157f9b29625,mutants/mp/338/5/00000041/ByteVector.class,1,338,100,1,,ASSUMED_NO,1247,0,2026-02-03 12:53:18,5,"182,185,191,193,208,210",
1458,mutants/mp/343/119/00000048/ByteVector.java,7ae48af174daf0dd2ee6aa8cecea8784,mutants/mp/343/119/00000048/ByteVector.class,1,343,100,1,,ASSUMED_NO,1246,0,2026-02-03 12:53:20,5,126,
1459,mutants/mp/340/115/00000040/CharRange.java,bb4efbaf067464c43e131b84db9b139b,,0,340,101,1,,ASSUMED_NO,1245,0,2026-02-03 12:53:27,0,66,
1460,mutants/mp/346/125/00000056/CharRange.java,17f0a7fe5144ab75df5ac9bad895a449,mutants/mp/346/125/00000056/CharRange.class,0,346,101,1,1,ASSUMED_NO,1243,0,2026-02-03 12:53:31,0,136,"[junit] Testcase: test took 0.01 sec
[junit] null
[junit] junit.framework.AssertionFailedError
[junit] 	at TestCharRange.test(TestCharRange.java:12)
[junit] 	at java.base/jdk.internal.reflect.NativeMethodAccessorImpl.invoke0(Native Method)
[junit] 	at java.base/jdk.internal.reflect.NativeMethodAccessorImpl.invoke(NativeMethodAccessorImpl.java:77)
[junit] 	at java.base/jdk.internal.reflect.DelegatingMethodAccessorImpl.invoke(DelegatingMethodAccessorImpl.java:43)
[junit] 	at java.base/java.util.concurrent.FutureTask.run(FutureTask.java:264)
[junit] 	at java.base/java.lang.Thread.run(Thread.java:840)
"
1461,mutants/mp/338/5/00000042/ByteVector.java,d0193ebf90692e2e0bd8f69092311a51,mutants/mp/338/5/00000042/ByteVector.class,1,338,100,1,,ASSUMED_NO,1247,0,2026-02-03 12:53:47,5,"185,191,193,208,210,216",
1462,mutants/mp/346/125/00000057/CharRange.java,af056343db67690e59f1f31cda4b1f85,,0,346,101,1,,ASSUMED_NO,1243,0,2026-02-03 12:53:49,0,13,
1463,mutants/mp/344/5/00000033/CharRange.java,4d6f53d53a4b39c5292422b943e94ab4,mutants/mp/344/5/00000033/CharRange.class,1,344,101,1,,ASSUMED_NO,1250,0,2026-02-03 12:53:55,1,191,
1464,mutants/mp/345/5/00000047/ByteVector.java,8b1cb1ddd79106eb63497b70c9ec8e08,mutants/mp/345/5/00000047/ByteVector.class,1,345,100,1,,ASSUMED_NO,1251,0,2026-02-03 12:53:55,3,49,
1465,mutants/mp/339/121/00000029/ByteVector.java,29cd64daea494e8a1579e5fa2825b520,mutants/mp/339/121/00000029/ByteVector.class,0,339,100,1,1,ASSUMED_NO,1237,0,2026-02-03 12:54:09,0,"63,66","Buildfile: /srv/codedefenders-class-2026/build.xml

test-mutant:
[junit] Running TestByteVector
[junit] Testsuite: TestByteVector
[junit] Tests run: 1, Failures: 0, Errors: 1, Skipped: 0, Time elapsed: 0.019 sec
[junit] Tests run: 1, Failures: 0, Errors: 1, Skipped: 0, Time elapsed: 0.019 sec
[junit]
[junit] Testcase: test took 0.009 sec
[junit] 	Caused an ERROR
[junit] Index 1 out of bounds for length 1
[junit] java.lang.ArrayIndexOutOfBoundsException: Index 1 out of bounds for length 1
[junit] 	at ByteVector.put11(ByteVector.java:68)
[junit] 	at TestByteVector.test(TestByteVector.java:12)
[junit] 	at java.base/jdk.internal.reflect.NativeMethodAccessorImpl.invoke0(Native Method)
[junit] 	at java.base/jdk.internal.reflect.NativeMethodAccessorImpl.invoke(NativeMethodAccessorImpl.java:77)
[junit] 	at java.base/jdk.internal.reflect.DelegatingMethodAccessorImpl.invoke(DelegatingMethodAccessorImpl.java:43)
[junit] 	at java.base/java.util.concurrent.FutureTask.run(FutureTask.java:264)
[junit] 	at java.base/java.lang.Thread.run(Thread.java:840)
[junit]
[junit] Test TestByteVector FAILED

BUILD SUCCESSFUL
Total time: 0 seconds
  "
1466,mutants/mp/343/119/00000049/ByteVector.java,a414e4f65f1fb47c10f97fcf9024cabf,mutants/mp/343/119/00000049/ByteVector.class,1,343,100,1,,ASSUMED_NO,1246,0,2026-02-03 12:54:21,1,155,
1467,mutants/mp/344/5/00000034/CharRange.java,466b3201a11e077bf3a8ce7f08e44aa5,mutants/mp/344/5/00000034/CharRange.class,1,344,101,1,,ASSUMED_NO,1250,0,2026-02-03 12:54:24,1,191,
1468,mutants/mp/345/5/00000048/ByteVector.java,7bc59c1dd49f8ea9f745e3557109ce2a,mutants/mp/345/5/00000048/ByteVector.class,1,345,100,1,,ASSUMED_NO,1251,0,2026-02-03 12:54:26,3,"46,48",
1469,mutants/mp/341/117/00000031/CharRange.java,6c1ebf0c7a8c7f5eaa52ac4c0e628c20,mutants/mp/341/117/00000031/CharRange.class,0,341,101,1,1,ASSUMED_NO,1244,0,2026-02-03 12:54:27,0,136,"[junit] Testcase: test took 0.01 sec
[junit] null
[junit] junit.framework.AssertionFailedError
[junit] 	at TestCharRange.test(TestCharRange.java:11)
[junit] 	at java.base/jdk.internal.reflect.NativeMethodAccessorImpl.invoke0(Native Method)
[junit] 	at java.base/jdk.internal.reflect.NativeMethodAccessorImpl.invoke(NativeMethodAccessorImpl.java:77)
[junit] 	at java.base/jdk.internal.reflect.DelegatingMethodAccessorImpl.invoke(DelegatingMethodAccessorImpl.java:43)
[junit] 	at java.base/java.util.concurrent.FutureTask.run(FutureTask.java:264)
[junit] 	at java.base/java.lang.Thread.run(Thread.java:840)
"
1470,mutants/mp/346/125/00000058/CharRange.java,9f37e125cdea5e0b0d1bb03871f65e59,,0,346,101,1,,ASSUMED_NO,1243,0,2026-02-03 12:54:28,0,200,
1471,mutants/mp/338/5/00000043/ByteVector.java,f3764605cf597d9ec7ed7dd4742f6f45,mutants/mp/338/5/00000043/ByteVector.class,0,338,100,1,1,ASSUMED_NO,1247,0,2026-02-03 12:54:33,4,"185,191,193,208,210,219","[junit] Testcase: test took 0.012 sec
[junit] expected:<4> but was:<0>
[junit] junit.framework.AssertionFailedError: expected:<4> but was:<0>
[junit] 	at TestByteVector.test(TestByteVector.java:14)
[junit] 	at java.base/jdk.internal.reflect.NativeMethodAccessorImpl.invoke0(Native Method)
[junit] 	at java.base/jdk.internal.reflect.NativeMethodAccessorImpl.invoke(NativeMethodAccessorImpl.java:77)
[junit] 	at java.base/jdk.internal.reflect.DelegatingMethodAccessorImpl.invoke(DelegatingMethodAccessorImpl.java:43)
[junit] 	at java.base/java.util.concurrent.FutureTask.run(FutureTask.java:264)
[junit] 	at java.base/java.lang.Thread.run(Thread.java:840)
"
1472,mutants/mp/344/5/00000035/CharRange.java,f4048c674fa05a44ddfbd221daa13a68,mutants/mp/344/5/00000035/CharRange.class,1,344,101,1,,ASSUMED_NO,1250,0,2026-02-03 12:54:54,1,191,
1473,mutants/mp/341/117/00000032/CharRange.java,861cb2e86807efdc21428815f4121a09,mutants/mp/341/117/00000032/CharRange.class,1,341,101,1,,ASSUMED_NO,1244,0,2026-02-03 12:54:57,1,153,
1474,mutants/mp/346/125/00000059/CharRange.java,64e561c80ae2daa8b259fa324fe4d685,mutants/mp/346/125/00000059/CharRange.class,0,346,101,1,1,ASSUMED_NO,1243,0,2026-02-03 12:55:00,0,103,"[junit] Testcase: test took 0.009 sec
[junit] expected:<120> but was:<103>
[junit] junit.framework.AssertionFailedError: expected:<120> but was:<103>
[junit] 	at TestCharRange.test(TestCharRange.java:11)
[junit] 	at java.base/jdk.internal.reflect.NativeMethodAccessorImpl.invoke0(Native Method)
[junit] 	at java.base/jdk.internal.reflect.NativeMethodAccessorImpl.invoke(NativeMethodAccessorImpl.java:77)
[junit] 	at java.base/jdk.internal.reflect.DelegatingMethodAccessorImpl.invoke(DelegatingMethodAccessorImpl.java:43)
[junit] 	at java.base/java.util.concurrent.FutureTask.run(FutureTask.java:264)
[junit] 	at java.base/java.lang.Thread.run(Thread.java:840)
"
1475,mutants/mp/345/5/00000049/ByteVector.java,90dc4aa0d5586ff7bb49c102a9f81ebb,mutants/mp/345/5/00000049/ByteVector.class,1,345,100,1,,ASSUMED_NO,1251,0,2026-02-03 12:55:02,1,"182,185,186,191,193,200,208,209,210,212,216",
1476,mutants/mp/338/5/00000044/ByteVector.java,3e5416ab2d27f68263b4bf66d73a89d2,mutants/mp/338/5/00000044/ByteVector.class,1,338,100,1,,ASSUMED_NO,1247,0,2026-02-03 12:55:03,5,"185,191,193,194,208,210,211,212",
1477,mutants/mp/343/119/00000050/ByteVector.java,725c27af8d12bdb80dbe47005cf4272c,,0,343,100,1,,ASSUMED_NO,1246,0,2026-02-03 12:55:04,0,16,
1478,mutants/mp/346/125/00000060/CharRange.java,d0d2538eecfd4e158c4ff25416012b6f,mutants/mp/346/125/00000060/CharRange.class,0,346,101,1,1,ASSUMED_NO,1243,0,2026-02-03 12:55:17,0,112,"[junit] Testcase: test took 0.009 sec
[junit] expected:<97> but was:<220>
[junit] junit.framework.AssertionFailedError: expected:<97> but was:<220>
[junit] 	at TestCharRange.test(TestCharRange.java:12)
[junit] 	at java.base/jdk.internal.reflect.NativeMethodAccessorImpl.invoke0(Native Method)
[junit] 	at java.base/jdk.internal.reflect.NativeMethodAccessorImpl.invoke(NativeMethodAccessorImpl.java:77)
[junit] 	at java.base/jdk.internal.reflect.DelegatingMethodAccessorImpl.invoke(DelegatingMethodAccessorImpl.java:43)
[junit] 	at java.base/java.util.concurrent.FutureTask.run(FutureTask.java:264)
[junit] 	at java.base/java.lang.Thread.run(Thread.java:840)
"
1479,mutants/mp/344/5/00000036/CharRange.java,86455958d1709ad340113637cc928141,mutants/mp/344/5/00000036/CharRange.class,1,344,101,1,,ASSUMED_NO,1250,0,2026-02-03 12:55:25,1,191,
1480,mutants/mp/343/119/00000051/ByteVector.java,01fe1d10ed22930beee2384849856277,mutants/mp/343/119/00000051/ByteVector.class,1,343,100,1,,ASSUMED_NO,1246,0,2026-02-03 12:55:25,1,83,
1481,mutants/mp/338/5/00000045/ByteVector.java,afe77ca0ad39c3b6dc832e164d793c75,mutants/mp/338/5/00000045/ByteVector.class,0,338,100,1,1,ASSUMED_NO,1247,0,2026-02-03 12:55:33,4,"185,191,193,208,210,219","[junit] Testcase: test took 0.013 sec
[junit] expected:<4> but was:<5>
[junit] junit.framework.AssertionFailedError: expected:<4> but was:<5>
[junit] 	at TestByteVector.test(TestByteVector.java:14)
[junit] 	at java.base/jdk.internal.reflect.NativeMethodAccessorImpl.invoke0(Native Method)
[junit] 	at java.base/jdk.internal.reflect.NativeMethodAccessorImpl.invoke(NativeMethodAccessorImpl.java:77)
[junit] 	at java.base/jdk.internal.reflect.DelegatingMethodAccessorImpl.invoke(DelegatingMethodAccessorImpl.java:43)
[junit] 	at java.base/java.util.concurrent.FutureTask.run(FutureTask.java:264)
[junit] 	at java.base/java.lang.Thread.run(Thread.java:840)
"
1482,mutants/mp/345/5/00000050/ByteVector.java,46172795f5694a0019d0665dc563756e,mutants/mp/345/5/00000050/ByteVector.class,1,345,100,1,,ASSUMED_NO,1251,0,2026-02-03 12:55:45,1,"181,185,191,193,199,208,210",
1483,mutants/mp/346/125/00000061/CharRange.java,798ec1f48de9902f81c403e221efd87c,mutants/mp/346/125/00000061/CharRange.class,0,346,101,1,1,ASSUMED_NO,1243,0,2026-02-03 12:55:48,0,136,"[junit] Testcase: test took 0.011 sec
[junit] null
[junit] junit.framework.AssertionFailedError
[junit] 	at TestCharRange.test(TestCharRange.java:11)
[junit] 	at java.base/jdk.internal.reflect.NativeMethodAccessorImpl.invoke0(Native Method)
[junit] 	at java.base/jdk.internal.reflect.NativeMethodAccessorImpl.invoke(NativeMethodAccessorImpl.java:77)
[junit] 	at java.base/jdk.internal.reflect.DelegatingMethodAccessorImpl.invoke(DelegatingMethodAccessorImpl.java:43)
[junit] 	at java.base/java.util.concurrent.FutureTask.run(FutureTask.java:264)
[junit] 	at java.base/java.lang.Thread.run(Thread.java:840)
"
1484,mutants/mp/343/119/00000052/ByteVector.java,0f7b99efd738903135cc883ae2e15e8a,mutants/mp/343/119/00000052/ByteVector.class,1,343,100,1,,ASSUMED_NO,1246,0,2026-02-03 12:55:52,1,216,
1485,mutants/mp/339/121/00000030/ByteVector.java,83f4198a149a8c318c29fa0f9d9b7684,mutants/mp/339/121/00000030/ByteVector.class,1,339,100,1,,ASSUMED_NO,1237,0,2026-02-03 12:55:55,3,64,
1486,mutants/mp/345/5/00000051/ByteVector.java,b15f4056dc040875f2592a996842532c,mutants/mp/345/5/00000051/ByteVector.class,1,345,100,1,,ASSUMED_NO,1251,0,2026-02-03 12:56:16,1,"185,191,193,208,210,223",
1487,mutants/mp/346/125/00000062/CharRange.java,dc5b16d361ec05862d77ea93b9cbe59a,,0,346,101,1,,ASSUMED_NO,1243,0,2026-02-03 12:56:18,0,190,
1488,mutants/mp/339/121/00000031/ByteVector.java,81f7a61948ab59cb5b78af7a41e9b663,mutants/mp/339/121/00000031/ByteVector.class,1,339,100,1,,ASSUMED_NO,1237,0,2026-02-03 12:56:20,4,172,
1489,mutants/mp/338/5/00000046/ByteVector.java,417019d4a9112ca325b261841c10a90d,mutants/mp/338/5/00000046/ByteVector.class,1,338,100,1,,ASSUMED_NO,1247,0,2026-02-03 12:56:36,5,"185,191,193,208,210,211,212,213,215,216",
1490,mutants/mp/348/5/00000001/CharRange.java,039d88778eb6ca5c230423dedc016524,mutants/mp/348/5/00000001/CharRange.class,0,348,101,1,1,ASSUMED_NO,1294,0,2026-02-03 13:03:12,1,"153,155,158,160","[junit] Testcase: test took 0.012 sec
[junit] null
[junit] junit.framework.AssertionFailedError
[junit] 	at TestCharRange.test(TestCharRange.java:11)
[junit] 	at java.base/jdk.internal.reflect.NativeMethodAccessorImpl.invoke0(Native Method)
[junit] 	at java.base/jdk.internal.reflect.NativeMethodAccessorImpl.invoke(NativeMethodAccessorImpl.java:77)
[junit] 	at java.base/jdk.internal.reflect.DelegatingMethodAccessorImpl.invoke(DelegatingMethodAccessorImpl.java:43)
[junit] 	at java.base/java.util.concurrent.FutureTask.run(FutureTask.java:264)
[junit] 	at java.base/java.lang.Thread.run(Thread.java:840)
"
1491,mutants/mp/353/5/00000001/ByteVector.java,8a7f92a5a6791feb3c33edde651ca92d,mutants/mp/353/5/00000001/ByteVector.class,1,353,100,1,,ASSUMED_NO,1297,0,2026-02-03 13:03:14,13,"182,185,191,193,200,208,210",
1492,mutants/mp/354/119/00000001/CharRange.java,ec1fc0f4bad47c9dd2fa642c9e4b73e2,mutants/mp/354/119/00000001/CharRange.class,0,354,101,1,1,ASSUMED_NO,1284,0,2026-02-03 13:03:18,5,34,"[junit] Testcase: test took 0.008 sec
[junit] expected:<97> but was:<101>
[junit] junit.framework.AssertionFailedError: expected:<97> but was:<101>
[junit] 	at TestCharRange.test(TestCharRange.java:11)
[junit] 	at java.base/jdk.internal.reflect.NativeMethodAccessorImpl.invoke0(Native Method)
[junit] 	at java.base/jdk.internal.reflect.NativeMethodAccessorImpl.invoke(NativeMethodAccessorImpl.java:77)
[junit] 	at java.base/jdk.internal.reflect.DelegatingMethodAccessorImpl.invoke(DelegatingMethodAccessorImpl.java:43)
[junit] 	at java.base/java.util.concurrent.FutureTask.run(FutureTask.java:264)
[junit] 	at java.base/java.lang.Thread.run(Thread.java:840)
"
1493,mutants/mp/351/115/00000001/ByteVector.java,f53c310a9cf000572b9944bee4d75a67,mutants/mp/351/115/00000001/ByteVector.class,0,351,100,1,1,ASSUMED_NO,1287,0,2026-02-03 13:03:22,1,23,"[junit] Testcase: test took 0.008 sec
[junit] expected:<64> but was:<32>
[junit] junit.framework.AssertionFailedError: expected:<64> but was:<32>
[junit] 	at TestByteVector.test(TestByteVector.java:11)
[junit] 	at java.base/jdk.internal.reflect.NativeMethodAccessorImpl.invoke0(Native Method)
[junit] 	at java.base/jdk.internal.reflect.NativeMethodAccessorImpl.invoke(NativeMethodAccessorImpl.java:77)
[junit] 	at java.base/jdk.internal.reflect.DelegatingMethodAccessorImpl.invoke(DelegatingMethodAccessorImpl.java:43)
[junit] 	at java.base/java.util.concurrent.FutureTask.run(FutureTask.java:264)
[junit] 	at java.base/java.lang.Thread.run(Thread.java:840)
"
1494,mutants/mp/352/123/00000001/CharRange.java,e2e06ac1ca748990d2c43ac00472d4cb,mutants/mp/352/123/00000001/CharRange.class,1,352,101,1,,ASSUMED_NO,1290,0,2026-02-03 13:03:22,4,34,
1495,mutants/mp/350/125/00000001/ByteVector.java,13f2dc5b76bfdf3e1ad1470983438302,mutants/mp/350/125/00000001/ByteVector.class,0,350,100,1,1,ASSUMED_NO,1292,0,2026-02-03 13:03:27,1,22,"Buildfile: /srv/codedefenders-class-2026/build.xml

test-mutant:
[junit] Running TestByteVector
[junit] Testsuite: TestByteVector
[junit] Tests run: 1, Failures: 0, Errors: 1, Skipped: 0, Time elapsed: 0.021 sec
[junit] Tests run: 1, Failures: 0, Errors: 1, Skipped: 0, Time elapsed: 0.021 sec
[junit]
[junit] Testcase: test took 0.009 sec
[junit] 	Caused an ERROR
[junit] class TestByteVector tried to access private method 'void ByteVector.<init>()' (TestByteVector and ByteVector are in unnamed module of loader 'app')
[junit] java.lang.IllegalAccessError: class TestByteVector tried to access private method 'void ByteVector.<init>()' (TestByteVector and ByteVector are in unnamed module of loader 'app')
[junit] 	at TestByteVector.test(TestByteVector.java:10)
[junit] 	at java.base/jdk.internal.reflect.NativeMethodAccessorImpl.invoke0(Native Method)
[junit] 	at java.base/jdk.internal.reflect.NativeMethodAccessorImpl.invoke(NativeMethodAccessorImpl.java:77)
[junit] 	at java.base/jdk.internal.reflect.DelegatingMethodAccessorImpl.invoke(DelegatingMethodAccessorImpl.java:43)
[junit] 	at java.base/java.util.concurrent.FutureTask.run(FutureTask.java:264)
[junit] 	at java.base/java.lang.Thread.run(Thread.java:840)
[junit]
[junit] Test TestByteVector FAILED

BUILD SUCCESSFUL
Total time: 1 second
  "
1496,mutants/mp/347/117/00000001/ByteVector.java,1a2ed56489a45064d81f8daf126eefb9,mutants/mp/347/117/00000001/ByteVector.class,0,347,100,1,1,ASSUMED_NO,1281,0,2026-02-03 13:03:30,5,45,"[junit] Testcase: test took 0.011 sec
[junit] expected:<2> but was:<4>
[junit] junit.framework.AssertionFailedError: expected:<2> but was:<4>
[junit] 	at TestByteVector.test(TestByteVector.java:13)
[junit] 	at java.base/jdk.internal.reflect.NativeMethodAccessorImpl.invoke0(Native Method)
[junit] 	at java.base/jdk.internal.reflect.NativeMethodAccessorImpl.invoke(NativeMethodAccessorImpl.java:77)
[junit] 	at java.base/jdk.internal.reflect.DelegatingMethodAccessorImpl.invoke(DelegatingMethodAccessorImpl.java:43)
[junit] 	at java.base/java.util.concurrent.FutureTask.run(FutureTask.java:264)
[junit] 	at java.base/java.lang.Thread.run(Thread.java:840)
"
1497,mutants/mp/355/5/00000001/ByteVector.java,fd343b6889fda9339104e420ce5819db,mutants/mp/355/5/00000001/ByteVector.class,1,355,100,1,,ASSUMED_NO,1295,0,2026-02-03 13:03:32,2,"181,185,191,193,194,199,208,210,211,212,215",
1498,mutants/mp/351/115/00000002/ByteVector.java,f64d0e6381083f3b76485e4a41e4907a,mutants/mp/351/115/00000002/ByteVector.class,0,351,100,1,1,ASSUMED_NO,1287,0,2026-02-03 13:03:33,1,33,"[junit] Testcase: test took 0.007 sec
[junit] expected:<3> but was:<4>
[junit] junit.framework.AssertionFailedError: expected:<3> but was:<4>
[junit] 	at TestByteVector.test(TestByteVector.java:11)
[junit] 	at java.base/jdk.internal.reflect.NativeMethodAccessorImpl.invoke0(Native Method)
[junit] 	at java.base/jdk.internal.reflect.NativeMethodAccessorImpl.invoke(NativeMethodAccessorImpl.java:77)
[junit] 	at java.base/jdk.internal.reflect.DelegatingMethodAccessorImpl.invoke(DelegatingMethodAccessorImpl.java:43)
[junit] 	at java.base/java.util.concurrent.FutureTask.run(FutureTask.java:264)
[junit] 	at java.base/java.lang.Thread.run(Thread.java:840)
"
1499,mutants/mp/350/125/00000002/ByteVector.java,f53c310a9cf000572b9944bee4d75a67,mutants/mp/350/125/00000002/ByteVector.class,0,350,100,1,1,ASSUMED_NO,1292,0,2026-02-03 13:03:42,2,23,"[junit] Testcase: test took 0.011 sec
[junit] expected:<64> but was:<32>
[junit] junit.framework.AssertionFailedError: expected:<64> but was:<32>
[junit] 	at TestByteVector.test(TestByteVector.java:11)
[junit] 	at java.base/jdk.internal.reflect.NativeMethodAccessorImpl.invoke0(Native Method)
[junit] 	at java.base/jdk.internal.reflect.NativeMethodAccessorImpl.invoke(NativeMethodAccessorImpl.java:77)
[junit] 	at java.base/jdk.internal.reflect.DelegatingMethodAccessorImpl.invoke(DelegatingMethodAccessorImpl.java:43)
[junit] 	at java.base/java.util.concurrent.FutureTask.run(FutureTask.java:264)
[junit] 	at java.base/java.lang.Thread.run(Thread.java:840)
"
1500,mutants/mp/348/5/00000002/CharRange.java,261fd7d074b8fd539b19276a2df435db,mutants/mp/348/5/00000002/CharRange.class,0,348,101,1,1,ASSUMED_NO,1294,0,2026-02-03 13:03:42,1,"153,155,158,160","[junit] Testcase: test took 0.008 sec
[junit] null
[junit] junit.framework.AssertionFailedError
[junit] 	at TestCharRange.test(TestCharRange.java:11)
[junit] 	at java.base/jdk.internal.reflect.NativeMethodAccessorImpl.invoke0(Native Method)
[junit] 	at java.base/jdk.internal.reflect.NativeMethodAccessorImpl.invoke(NativeMethodAccessorImpl.java:77)
[junit] 	at java.base/jdk.internal.reflect.DelegatingMethodAccessorImpl.invoke(DelegatingMethodAccessorImpl.java:43)
[junit] 	at java.base/java.util.concurrent.FutureTask.run(FutureTask.java:264)
[junit] 	at java.base/java.lang.Thread.run(Thread.java:840)
"
1501,mutants/mp/352/123/00000002/CharRange.java,094454c2a04520e8b1487256c1ce361b,mutants/mp/352/123/00000002/CharRange.class,0,352,101,1,1,ASSUMED_NO,1290,0,2026-02-03 13:03:42,3,34,"[junit] Testcase: test took 0.009 sec
[junit] The end character should be 'z' expected:<122> but was:<97>
[junit] junit.framework.AssertionFailedError: The end character should be 'z' expected:<122> but was:<97>
[junit] 	at TestCharRange.test(TestCharRange.java:13)
[junit] 	at java.base/jdk.internal.reflect.NativeMethodAccessorImpl.invoke0(Native Method)
[junit] 	at java.base/jdk.internal.reflect.NativeMethodAccessorImpl.invoke(NativeMethodAccessorImpl.java:77)
[junit] 	at java.base/jdk.internal.reflect.DelegatingMethodAccessorImpl.invoke(DelegatingMethodAccessorImpl.java:43)
[junit] 	at java.base/java.util.concurrent.FutureTask.run(FutureTask.java:264)
[junit] 	at java.base/java.lang.Thread.run(Thread.java:840)
"
1502,mutants/mp/351/115/00000003/ByteVector.java,305cc7bc5ae07a193bdbe591cb55f774,mutants/mp/351/115/00000003/ByteVector.class,1,351,100,1,,ASSUMED_NO,1287,0,2026-02-03 13:03:43,3,45,
1503,mutants/mp/354/119/00000002/CharRange.java,037c0026ea48343dca5c9f0f71ca07ba,mutants/mp/354/119/00000002/CharRange.class,0,354,101,1,1,ASSUMED_NO,1284,0,2026-02-03 13:03:46,1,37,"[junit] Testcase: test took 0.01 sec
[junit] expected:<101> but was:<97>
[junit] junit.framework.AssertionFailedError: expected:<101> but was:<97>
[junit] 	at TestCharRange.test(TestCharRange.java:12)
[junit] 	at java.base/jdk.internal.reflect.NativeMethodAccessorImpl.invoke0(Native Method)
[junit] 	at java.base/jdk.internal.reflect.NativeMethodAccessorImpl.invoke(NativeMethodAccessorImpl.java:77)
[junit] 	at java.base/jdk.internal.reflect.DelegatingMethodAccessorImpl.invoke(DelegatingMethodAccessorImpl.java:43)
[junit] 	at java.base/java.util.concurrent.FutureTask.run(FutureTask.java:264)
[junit] 	at java.base/java.lang.Thread.run(Thread.java:840)
"
1504,mutants/mp/347/117/00000002/ByteVector.java,a9b1421b3985bc9346de0f3aea457df8,mutants/mp/347/117/00000002/ByteVector.class,0,347,100,1,1,ASSUMED_NO,1281,0,2026-02-03 13:03:48,0,33,"[junit] Testcase: test took 0.008 sec
[junit] expected:<3> but was:<1>
[junit] junit.framework.AssertionFailedError: expected:<3> but was:<1>
[junit] 	at TestByteVector.test(TestByteVector.java:12)
[junit] 	at java.base/jdk.internal.reflect.NativeMethodAccessorImpl.invoke0(Native Method)
[junit] 	at java.base/jdk.internal.reflect.NativeMethodAccessorImpl.invoke(NativeMethodAccessorImpl.java:77)
[junit] 	at java.base/jdk.internal.reflect.DelegatingMethodAccessorImpl.invoke(DelegatingMethodAccessorImpl.java:43)
[junit] 	at java.base/java.util.concurrent.FutureTask.run(FutureTask.java:264)
[junit] 	at java.base/java.lang.Thread.run(Thread.java:840)
"
1505,mutants/mp/352/123/00000003/CharRange.java,13c8cc2b1bb3abf1ccf62bd4c453e807,mutants/mp/352/123/00000003/CharRange.class,0,352,101,1,1,ASSUMED_NO,1290,0,2026-02-03 13:03:53,1,54,"[junit] Testcase: test took 0.009 sec
[junit] Expected isNegated to be false expected:<false> but was:<true>
[junit] junit.framework.AssertionFailedError: Expected isNegated to be false expected:<false> but was:<true>
[junit] 	at TestCharRange.test(TestCharRange.java:13)
[junit] 	at java.base/jdk.internal.reflect.NativeMethodAccessorImpl.invoke0(Native Method)
[junit] 	at java.base/jdk.internal.reflect.NativeMethodAccessorImpl.invoke(NativeMethodAccessorImpl.java:77)
[junit] 	at java.base/jdk.internal.reflect.DelegatingMethodAccessorImpl.invoke(DelegatingMethodAccessorImpl.java:43)
[junit] 	at java.base/java.util.concurrent.FutureTask.run(FutureTask.java:264)
[junit] 	at java.base/java.lang.Thread.run(Thread.java:840)
"
1506,mutants/mp/350/125/00000003/ByteVector.java,f89dd7d461a8cd375040983c59f17cb2,mutants/mp/350/125/00000003/ByteVector.class,0,350,100,1,1,ASSUMED_NO,1292,0,2026-02-03 13:03:54,1,32,"Buildfile: /srv/codedefenders-class-2026/build.xml

test-mutant:
[junit] Running TestByteVector
[junit] Testsuite: TestByteVector
[junit] Tests run: 1, Failures: 0, Errors: 1, Skipped: 0, Time elapsed: 0.022 sec
[junit] Tests run: 1, Failures: 0, Errors: 1, Skipped: 0, Time elapsed: 0.022 sec
[junit]
[junit] Testcase: test took 0.007 sec
[junit] 	Caused an ERROR
[junit] class TestByteVector tried to access private method 'void ByteVector.<init>(int)' (TestByteVector and ByteVector are in unnamed module of loader 'app')
[junit] java.lang.IllegalAccessError: class TestByteVector tried to access private method 'void ByteVector.<init>(int)' (TestByteVector and ByteVector are in unnamed module of loader 'app')
[junit] 	at TestByteVector.test(TestByteVector.java:10)
[junit] 	at java.base/jdk.internal.reflect.NativeMethodAccessorImpl.invoke0(Native Method)
[junit] 	at java.base/jdk.internal.reflect.NativeMethodAccessorImpl.invoke(NativeMethodAccessorImpl.java:77)
[junit] 	at java.base/jdk.internal.reflect.DelegatingMethodAccessorImpl.invoke(DelegatingMethodAccessorImpl.java:43)
[junit] 	at java.base/java.util.concurrent.FutureTask.run(FutureTask.java:264)
[junit] 	at java.base/java.lang.Thread.run(Thread.java:840)
[junit]
[junit] Test TestByteVector FAILED

BUILD SUCCESSFUL
Total time: 0 seconds
  "
1507,mutants/mp/353/5/00000002/ByteVector.java,f42be67f11ee4cf605ea2fd4deeaa15b,mutants/mp/353/5/00000002/ByteVector.class,0,353,100,1,1,ASSUMED_NO,1297,0,2026-02-03 13:04:00,8,"181,185,191,193,199,208,210,211,212,215,222","[junit] Testcase: test took 0.013 sec
[junit] expected:<34> but was:<35>
[junit] junit.framework.AssertionFailedError: expected:<34> but was:<35>
[junit] 	at TestByteVector.test(TestByteVector.java:12)
[junit] 	at java.base/jdk.internal.reflect.NativeMethodAccessorImpl.invoke0(Native Method)
[junit] 	at java.base/jdk.internal.reflect.NativeMethodAccessorImpl.invoke(NativeMethodAccessorImpl.java:77)
[junit] 	at java.base/jdk.internal.reflect.DelegatingMethodAccessorImpl.invoke(DelegatingMethodAccessorImpl.java:43)
[junit] 	at java.base/java.util.concurrent.FutureTask.run(FutureTask.java:264)
[junit] 	at java.base/java.lang.Thread.run(Thread.java:840)
"
1508,mutants/mp/355/5/00000002/ByteVector.java,69128fff792102d1915fdffd5ab8b435,mutants/mp/355/5/00000002/ByteVector.class,1,355,100,1,,ASSUMED_NO,1295,0,2026-02-03 13:04:02,2,"185,191,193,208,210,222",
1509,mutants/mp/350/125/00000004/ByteVector.java,ef0a1519c85c04bf891f1ca11966e92a,mutants/mp/350/125/00000004/ByteVector.class,0,350,100,1,1,ASSUMED_NO,1292,0,2026-02-03 13:04:03,1,33,"[junit] Testcase: test took 0.009 sec
[junit] expected:<4> but was:<64>
[junit] junit.framework.AssertionFailedError: expected:<4> but was:<64>
[junit] 	at TestByteVector.test(TestByteVector.java:13)
[junit] 	at java.base/jdk.internal.reflect.NativeMethodAccessorImpl.invoke0(Native Method)
[junit] 	at java.base/jdk.internal.reflect.NativeMethodAccessorImpl.invoke(NativeMethodAccessorImpl.java:77)
[junit] 	at java.base/jdk.internal.reflect.DelegatingMethodAccessorImpl.invoke(DelegatingMethodAccessorImpl.java:43)
[junit] 	at java.base/java.util.concurrent.FutureTask.run(FutureTask.java:264)
[junit] 	at java.base/java.lang.Thread.run(Thread.java:840)
"
1510,mutants/mp/351/115/00000004/ByteVector.java,186650f7a58e06dd8e93e0c18cb2df42,mutants/mp/351/115/00000004/ByteVector.class,0,351,100,1,1,ASSUMED_NO,1287,0,2026-02-03 13:04:08,1,"67,69","[junit] Testcase: test took 0.02 sec
[junit] arrays first differed at element [0]; expected:<18> but was:<-2>
[junit] junit.framework.AssertionFailedError: arrays first differed at element [0]; expected:<18> but was:<-2>
[junit] 	at TestByteVector.test(TestByteVector.java:12)
[junit] 	at java.base/jdk.internal.reflect.NativeMethodAccessorImpl.invoke0(Native Method)
[junit] 	at java.base/jdk.internal.reflect.NativeMethodAccessorImpl.invoke(NativeMethodAccessorImpl.java:77)
[junit] 	at java.base/jdk.internal.reflect.DelegatingMethodAccessorImpl.invoke(DelegatingMethodAccessorImpl.java:43)
[junit] 	at java.base/java.util.concurrent.FutureTask.run(FutureTask.java:264)
[junit] 	at java.base/java.lang.Thread.run(Thread.java:840)
[junit] Caused by: java.lang.AssertionError: expected:<18> but was:<-2>
"
1511,mutants/mp/348/5/00000003/CharRange.java,9d069d2112e7a2ebae0a2d1620d1091c,mutants/mp/348/5/00000003/CharRange.class,0,348,101,1,1,ASSUMED_NO,1294,0,2026-02-03 13:04:12,1,"153,155,158,160","[junit] Testcase: test took 0.014 sec
[junit] null
[junit] junit.framework.AssertionFailedError
[junit] 	at TestCharRange.test(TestCharRange.java:11)
[junit] 	at java.base/jdk.internal.reflect.NativeMethodAccessorImpl.invoke0(Native Method)
[junit] 	at java.base/jdk.internal.reflect.NativeMethodAccessorImpl.invoke(NativeMethodAccessorImpl.java:77)
[junit] 	at java.base/jdk.internal.reflect.DelegatingMethodAccessorImpl.invoke(DelegatingMethodAccessorImpl.java:43)
[junit] 	at java.base/java.util.concurrent.FutureTask.run(FutureTask.java:264)
[junit] 	at java.base/java.lang.Thread.run(Thread.java:840)
"
1512,mutants/mp/354/119/00000003/CharRange.java,cd75cecc84be2728d4fd94061ce3f724,mutants/mp/354/119/00000003/CharRange.class,0,354,101,1,1,ASSUMED_NO,1284,0,2026-02-03 13:04:19,0,66,"[junit] Testcase: test took 0.008 sec
[junit] null
[junit] junit.framework.AssertionFailedError
[junit] 	at TestCharRange.test(TestCharRange.java:11)
[junit] 	at java.base/jdk.internal.reflect.NativeMethodAccessorImpl.invoke0(Native Method)
[junit] 	at java.base/jdk.internal.reflect.NativeMethodAccessorImpl.invoke(NativeMethodAccessorImpl.java:77)
[junit] 	at java.base/jdk.internal.reflect.DelegatingMethodAccessorImpl.invoke(DelegatingMethodAccessorImpl.java:43)
[junit] 	at java.base/java.util.concurrent.FutureTask.run(FutureTask.java:264)
[junit] 	at java.base/java.lang.Thread.run(Thread.java:840)
"
1513,mutants/mp/350/125/00000005/ByteVector.java,509bb0a0b5c3d2f46ef0aeda7f52bd61,,0,350,100,1,,ASSUMED_NO,1292,0,2026-02-03 13:04:23,0,"32,33",
1514,mutants/mp/351/115/00000005/ByteVector.java,0e43ec44c0898b9c5f5c543fd8d751ce,,0,351,100,1,,ASSUMED_NO,1287,0,2026-02-03 13:04:25,0,86,
1515,mutants/mp/347/117/00000003/ByteVector.java,52a1cc7dc1bcf320ea466d5e57d73e01,mutants/mp/347/117/00000003/ByteVector.class,0,347,100,1,1,ASSUMED_NO,1281,0,2026-02-03 13:04:29,0,23,"[junit] Testcase: test took 0.008 sec
[junit] expected:<64> but was:<128>
[junit] junit.framework.AssertionFailedError: expected:<64> but was:<128>
[junit] 	at TestByteVector.test(TestByteVector.java:12)
[junit] 	at java.base/jdk.internal.reflect.NativeMethodAccessorImpl.invoke0(Native Method)
[junit] 	at java.base/jdk.internal.reflect.NativeMethodAccessorImpl.invoke(NativeMethodAccessorImpl.java:77)
[junit] 	at java.base/jdk.internal.reflect.DelegatingMethodAccessorImpl.invoke(DelegatingMethodAccessorImpl.java:43)
[junit] 	at java.base/java.util.concurrent.FutureTask.run(FutureTask.java:264)
[junit] 	at java.base/java.lang.Thread.run(Thread.java:840)
"
1516,mutants/mp/355/5/00000003/ByteVector.java,63dfe088e2056f07a38cda4bf45a208b,mutants/mp/355/5/00000003/ByteVector.class,1,355,100,1,,ASSUMED_NO,1295,0,2026-02-03 13:04:32,2,"185,191,193,208,210,219",
1517,mutants/mp/350/125/00000006/ByteVector.java,725c27af8d12bdb80dbe47005cf4272c,,0,350,100,1,,ASSUMED_NO,1292,0,2026-02-03 13:04:34,0,16,
1518,mutants/mp/351/115/00000006/ByteVector.java,99a428e18d286fc8cfb5954bc20dee19,mutants/mp/351/115/00000006/ByteVector.class,0,351,100,1,1,ASSUMED_NO,1287,0,2026-02-03 13:04:36,1,129,"[junit] Testcase: test took 0.009 sec
[junit] expected:<4> but was:<2>
[junit] junit.framework.AssertionFailedError: expected:<4> but was:<2>
[junit] 	at TestByteVector.test(TestByteVector.java:14)
[junit] 	at java.base/jdk.internal.reflect.NativeMethodAccessorImpl.invoke0(Native Method)
[junit] 	at java.base/jdk.internal.reflect.NativeMethodAccessorImpl.invoke(NativeMethodAccessorImpl.java:77)
[junit] 	at java.base/jdk.internal.reflect.DelegatingMethodAccessorImpl.invoke(DelegatingMethodAccessorImpl.java:43)
[junit] 	at java.base/java.util.concurrent.FutureTask.run(FutureTask.java:264)
[junit] 	at java.base/java.lang.Thread.run(Thread.java:840)
"
1519,mutants/mp/350/125/00000007/ByteVector.java,c7d116fc7f65fb41ff1621054b13ef9a,mutants/mp/350/125/00000007/ByteVector.class,0,350,100,1,1,ASSUMED_NO,1292,0,2026-02-03 13:04:42,1,82,"Buildfile: /srv/codedefenders-class-2026/build.xml

test-mutant:
[junit] Running TestByteVector
[junit] Testsuite: TestByteVector
[junit] Tests run: 1, Failures: 0, Errors: 1, Skipped: 0, Time elapsed: 0.027 sec
[junit] Tests run: 1, Failures: 0, Errors: 1, Skipped: 0, Time elapsed: 0.027 sec
[junit]
[junit] Testcase: test took 0.011 sec
[junit] 	Caused an ERROR
[junit] Index 1 out of bounds for length 1
[junit] java.lang.ArrayIndexOutOfBoundsException: Index 1 out of bounds for length 1
[junit] 	at ByteVector.putShort(ByteVector.java:87)
[junit] 	at TestByteVector.test(TestByteVector.java:11)
[junit] 	at java.base/jdk.internal.reflect.NativeMethodAccessorImpl.invoke0(Native Method)
[junit] 	at java.base/jdk.internal.reflect.NativeMethodAccessorImpl.invoke(NativeMethodAccessorImpl.java:77)
[junit] 	at java.base/jdk.internal.reflect.DelegatingMethodAccessorImpl.invoke(DelegatingMethodAccessorImpl.java:43)
[junit] 	at java.base/java.util.concurrent.FutureTask.run(FutureTask.java:264)
[junit] 	at java.base/java.lang.Thread.run(Thread.java:840)
[junit]
[junit] Test TestByteVector FAILED

BUILD SUCCESSFUL
Total time: 1 second
  "
1520,mutants/mp/347/117/00000004/ByteVector.java,fd10d46f086a6501bb4803cd61de12be,mutants/mp/347/117/00000004/ByteVector.class,0,347,100,1,1,ASSUMED_NO,1281,0,2026-02-03 13:04:43,1,67,"Buildfile: /srv/codedefenders-class-2026/build.xml

test-mutant:
[junit] Running TestByteVector
[junit] Testsuite: TestByteVector
[junit] Tests run: 1, Failures: 0, Errors: 1, Skipped: 0, Time elapsed: 0.032 sec
[junit] Tests run: 1, Failures: 0, Errors: 1, Skipped: 0, Time elapsed: 0.032 sec
[junit]
[junit] Testcase: test took 0.012 sec
[junit] 	Caused an ERROR
[junit] Index -1 out of bounds for length 2
[junit] java.lang.ArrayIndexOutOfBoundsException: Index -1 out of bounds for length 2
[junit] 	at ByteVector.put11(ByteVector.java:68)
[junit] 	at TestByteVector.test(TestByteVector.java:11)
[junit] 	at java.base/jdk.internal.reflect.NativeMethodAccessorImpl.invoke0(Native Method)
[junit] 	at java.base/jdk.internal.reflect.NativeMethodAccessorImpl.invoke(NativeMethodAccessorImpl.java:77)
[junit] 	at java.base/jdk.internal.reflect.DelegatingMethodAccessorImpl.invoke(DelegatingMethodAccessorImpl.java:43)
[junit] 	at java.base/java.util.concurrent.FutureTask.run(FutureTask.java:264)
[junit] 	at java.base/java.lang.Thread.run(Thread.java:840)
[junit]
[junit] Test TestByteVector FAILED

BUILD SUCCESSFUL
Total time: 1 second
  "
1521,mutants/mp/351/115/00000007/ByteVector.java,4ecfe88ee249fc9c51cf7889827403a9,,0,351,100,1,,ASSUMED_NO,1287,0,2026-02-03 13:04:46,0,109,
1522,mutants/mp/353/5/00000003/ByteVector.java,42604adadbe8ab819e86c1ec9ed927b7,mutants/mp/353/5/00000003/ByteVector.class,1,353,100,1,,ASSUMED_NO,1297,0,2026-02-03 13:04:47,11,"185,191,193,199,200,208,210",
1523,mutants/mp/350/125/00000008/ByteVector.java,8fc3db760dea1bc79f9e8d23cfd8c892,mutants/mp/350/125/00000008/ByteVector.class,0,350,100,1,1,ASSUMED_NO,1292,0,2026-02-03 13:04:49,1,63,"Buildfile: /srv/codedefenders-class-2026/build.xml

test-mutant:
[junit] Running TestByteVector
[junit] Testsuite: TestByteVector
[junit] Tests run: 1, Failures: 0, Errors: 1, Skipped: 0, Time elapsed: 0.047 sec
[junit] Tests run: 1, Failures: 0, Errors: 1, Skipped: 0, Time elapsed: 0.047 sec
[junit]
[junit] Testcase: test took 0.026 sec
[junit] 	Caused an ERROR
[junit] Index 1 out of bounds for length 1
[junit] java.lang.ArrayIndexOutOfBoundsException: Index 1 out of bounds for length 1
[junit] 	at ByteVector.put11(ByteVector.java:68)
[junit] 	at TestByteVector.test(TestByteVector.java:11)
[junit] 	at java.base/jdk.internal.reflect.NativeMethodAccessorImpl.invoke0(Native Method)
[junit] 	at java.base/jdk.internal.reflect.NativeMethodAccessorImpl.invoke(NativeMethodAccessorImpl.java:77)
[junit] 	at java.base/jdk.internal.reflect.DelegatingMethodAccessorImpl.invoke(DelegatingMethodAccessorImpl.java:43)
[junit] 	at java.base/java.util.concurrent.FutureTask.run(FutureTask.java:264)
[junit] 	at java.base/java.lang.Thread.run(Thread.java:840)
[junit]
[junit] Test TestByteVector FAILED

BUILD SUCCESSFUL
Total time: 1 second
  "
1524,mutants/mp/351/115/00000008/ByteVector.java,ea8b1ab418b8ea73d0b03059a9ac57db,mutants/mp/351/115/00000008/ByteVector.class,0,351,100,1,1,ASSUMED_NO,1287,0,2026-02-03 13:04:54,1,109,"[junit] Testcase: test took 0.015 sec
[junit] expected:<3> but was:<0>
[junit] junit.framework.AssertionFailedError: expected:<3> but was:<0>
[junit] 	at TestByteVector.test(TestByteVector.java:15)
[junit] 	at java.base/jdk.internal.reflect.NativeMethodAccessorImpl.invoke0(Native Method)
[junit] 	at java.base/jdk.internal.reflect.NativeMethodAccessorImpl.invoke(NativeMethodAccessorImpl.java:77)
[junit] 	at java.base/jdk.internal.reflect.DelegatingMethodAccessorImpl.invoke(DelegatingMethodAccessorImpl.java:43)
[junit] 	at java.base/java.util.concurrent.FutureTask.run(FutureTask.java:264)
[junit] 	at java.base/java.lang.Thread.run(Thread.java:840)
"
1525,mutants/mp/350/125/00000009/ByteVector.java,ff05f228b7f003a4b25fc65c0a41c68e,mutants/mp/350/125/00000009/ByteVector.class,0,350,100,1,1,ASSUMED_NO,1292,0,2026-02-03 13:04:56,1,45,"Buildfile: /srv/codedefenders-class-2026/build.xml

test-mutant:
[junit] Running TestByteVector
[junit] Testsuite: TestByteVector
[junit] Tests run: 1, Failures: 0, Errors: 1, Skipped: 0, Time elapsed: 0.023 sec
[junit] Tests run: 1, Failures: 0, Errors: 1, Skipped: 0, Time elapsed: 0.023 sec
[junit]
[junit] Testcase: test took 0.008 sec
[junit] 	Caused an ERROR
[junit] Index 1 out of bounds for length 1
[junit] java.lang.ArrayIndexOutOfBoundsException: Index 1 out of bounds for length 1
[junit] 	at ByteVector.putByte(ByteVector.java:48)
[junit] 	at TestByteVector.test(TestByteVector.java:13)
[junit] 	at java.base/jdk.internal.reflect.NativeMethodAccessorImpl.invoke0(Native Method)
[junit] 	at java.base/jdk.internal.reflect.NativeMethodAccessorImpl.invoke(NativeMethodAccessorImpl.java:77)
[junit] 	at java.base/jdk.internal.reflect.DelegatingMethodAccessorImpl.invoke(DelegatingMethodAccessorImpl.java:43)
[junit] 	at java.base/java.util.concurrent.FutureTask.run(FutureTask.java:264)
[junit] 	at java.base/java.lang.Thread.run(Thread.java:840)
[junit]
[junit] Test TestByteVector FAILED

BUILD SUCCESSFUL
Total time: 1 second
  "
1526,mutants/mp/348/5/00000004/CharRange.java,19d43f1ba6d852eba98d8d04d85bf711,mutants/mp/348/5/00000004/CharRange.class,0,348,101,1,1,ASSUMED_NO,1294,0,2026-02-03 13:04:57,5,"153,155,158,160","[junit] Testcase: test took 0.012 sec
[junit] null
[junit] junit.framework.AssertionFailedError
[junit] 	at TestCharRange.test(TestCharRange.java:11)
[junit] 	at java.base/jdk.internal.reflect.NativeMethodAccessorImpl.invoke0(Native Method)
[junit] 	at java.base/jdk.internal.reflect.NativeMethodAccessorImpl.invoke(NativeMethodAccessorImpl.java:77)
[junit] 	at java.base/jdk.internal.reflect.DelegatingMethodAccessorImpl.invoke(DelegatingMethodAccessorImpl.java:43)
[junit] 	at java.base/java.util.concurrent.FutureTask.run(FutureTask.java:264)
[junit] 	at java.base/java.lang.Thread.run(Thread.java:840)
"
1527,mutants/mp/347/117/00000005/ByteVector.java,60e292bec6351ecb08c48576c61c9a6d,mutants/mp/347/117/00000005/ByteVector.class,0,347,100,1,1,ASSUMED_NO,1281,0,2026-02-03 13:04:58,2,63,"Buildfile: /srv/codedefenders-class-2026/build.xml

test-mutant:
[junit] Running TestByteVector
[junit] Testsuite: TestByteVector
[junit] Tests run: 1, Failures: 0, Errors: 1, Skipped: 0, Time elapsed: 0.026 sec
[junit] Tests run: 1, Failures: 0, Errors: 1, Skipped: 0, Time elapsed: 0.026 sec
[junit]
[junit] Testcase: test took 0.009 sec
[junit] 	Caused an ERROR
[junit] Index 1 out of bounds for length 1
[junit] java.lang.ArrayIndexOutOfBoundsException: Index 1 out of bounds for length 1
[junit] 	at ByteVector.put11(ByteVector.java:68)
[junit] 	at TestByteVector.test(TestByteVector.java:11)
[junit] 	at java.base/jdk.internal.reflect.NativeMethodAccessorImpl.invoke0(Native Method)
[junit] 	at java.base/jdk.internal.reflect.NativeMethodAccessorImpl.invoke(NativeMethodAccessorImpl.java:77)
[junit] 	at java.base/jdk.internal.reflect.DelegatingMethodAccessorImpl.invoke(DelegatingMethodAccessorImpl.java:43)
[junit] 	at java.base/java.util.concurrent.FutureTask.run(FutureTask.java:264)
[junit] 	at java.base/java.lang.Thread.run(Thread.java:840)
[junit]
[junit] Test TestByteVector FAILED

BUILD SUCCESSFUL
Total time: 1 second
  "
1528,mutants/mp/355/5/00000004/ByteVector.java,c92f86925faaec9c867c16c7a0511f22,mutants/mp/355/5/00000004/ByteVector.class,1,355,100,1,,ASSUMED_NO,1295,0,2026-02-03 13:05:02,2,"185,191,193,194,195,197,208,210,211,212",
1529,mutants/mp/351/115/00000009/ByteVector.java,fb01026bd1ffe7e7f55896b18bdbc70e,mutants/mp/351/115/00000009/ByteVector.class,0,351,100,1,1,ASSUMED_NO,1287,0,2026-02-03 13:05:09,1,191,"[junit] Testcase: test took 0.015 sec
[junit] arrays first differed at element [1]; expected:<2> but was:<1>
[junit] junit.framework.AssertionFailedError: arrays first differed at element [1]; expected:<2> but was:<1>
[junit] 	at TestByteVector.test(TestByteVector.java:14)
[junit] 	at java.base/jdk.internal.reflect.NativeMethodAccessorImpl.invoke0(Native Method)
[junit] 	at java.base/jdk.internal.reflect.NativeMethodAccessorImpl.invoke(NativeMethodAccessorImpl.java:77)
[junit] 	at java.base/jdk.internal.reflect.DelegatingMethodAccessorImpl.invoke(DelegatingMethodAccessorImpl.java:43)
[junit] 	at java.base/java.util.concurrent.FutureTask.run(FutureTask.java:264)
[junit] 	at java.base/java.lang.Thread.run(Thread.java:840)
[junit] Caused by: java.lang.AssertionError: expected:<2> but was:<1>
"
1530,mutants/mp/354/119/00000004/CharRange.java,84b2a3940f08c56e1c1ddb1c34ee48a9,,0,354,101,1,,ASSUMED_NO,1284,0,2026-02-03 13:05:10,0,66,
1531,mutants/mp/350/125/00000010/ByteVector.java,861274df2e10b63780a743a27395fc91,mutants/mp/350/125/00000010/ByteVector.class,0,350,100,1,1,ASSUMED_NO,1292,0,2026-02-03 13:05:11,2,48,"[junit] Testcase: test took 0.009 sec
[junit] expected:<10> but was:<3>
[junit] junit.framework.AssertionFailedError: expected:<10> but was:<3>
[junit] 	at TestByteVector.test(TestByteVector.java:15)
[junit] 	at java.base/jdk.internal.reflect.NativeMethodAccessorImpl.invoke0(Native Method)
[junit] 	at java.base/jdk.internal.reflect.NativeMethodAccessorImpl.invoke(NativeMethodAccessorImpl.java:77)
[junit] 	at java.base/jdk.internal.reflect.DelegatingMethodAccessorImpl.invoke(DelegatingMethodAccessorImpl.java:43)
[junit] 	at java.base/java.util.concurrent.FutureTask.run(FutureTask.java:264)
[junit] 	at java.base/java.lang.Thread.run(Thread.java:840)
"
1532,mutants/mp/352/123/00000004/CharRange.java,a8abdab1866be727160a157b0c17a2df,mutants/mp/352/123/00000004/CharRange.class,0,352,101,1,1,ASSUMED_NO,1290,0,2026-02-03 13:05:12,1,124,"[junit] Testcase: test took 0.012 sec
[junit] Expected isNegated to be false expected:<false> but was:<true>
[junit] junit.framework.AssertionFailedError: Expected isNegated to be false expected:<false> but was:<true>
[junit] 	at TestCharRange.test(TestCharRange.java:13)
[junit] 	at java.base/jdk.internal.reflect.NativeMethodAccessorImpl.invoke0(Native Method)
[junit] 	at java.base/jdk.internal.reflect.NativeMethodAccessorImpl.invoke(NativeMethodAccessorImpl.java:77)
[junit] 	at java.base/jdk.internal.reflect.DelegatingMethodAccessorImpl.invoke(DelegatingMethodAccessorImpl.java:43)
[junit] 	at java.base/java.util.concurrent.FutureTask.run(FutureTask.java:264)
[junit] 	at java.base/java.lang.Thread.run(Thread.java:840)
"
1533,mutants/mp/353/5/00000004/ByteVector.java,c1e4d015520bc66911766babac1bb60d,mutants/mp/353/5/00000004/ByteVector.class,1,353,100,1,,ASSUMED_NO,1297,0,2026-02-03 13:05:15,13,"182,185,191,193,200,208,210",
1534,mutants/mp/347/117/00000006/ByteVector.java,efc2b9a08369689d99ceed45a18be2cc,mutants/mp/347/117/00000006/ByteVector.class,0,347,100,1,1,ASSUMED_NO,1281,0,2026-02-03 13:05:19,2,64,"Buildfile: /srv/codedefenders-class-2026/build.xml

test-mutant:
[junit] Running TestByteVector
[junit] Testsuite: TestByteVector
[junit] Tests run: 1, Failures: 0, Errors: 1, Skipped: 0, Time elapsed: 0.019 sec
[junit] Tests run: 1, Failures: 0, Errors: 1, Skipped: 0, Time elapsed: 0.019 sec
[junit]
[junit] Testcase: test took 0.008 sec
[junit] 	Caused an ERROR
[junit] Index 2 out of bounds for length 2
[junit] java.lang.ArrayIndexOutOfBoundsException: Index 2 out of bounds for length 2
[junit] 	at ByteVector.put11(ByteVector.java:68)
[junit] 	at TestByteVector.test(TestByteVector.java:12)
[junit] 	at java.base/jdk.internal.reflect.NativeMethodAccessorImpl.invoke0(Native Method)
[junit] 	at java.base/jdk.internal.reflect.NativeMethodAccessorImpl.invoke(NativeMethodAccessorImpl.java:77)
[junit] 	at java.base/jdk.internal.reflect.DelegatingMethodAccessorImpl.invoke(DelegatingMethodAccessorImpl.java:43)
[junit] 	at java.base/java.util.concurrent.FutureTask.run(FutureTask.java:264)
[junit] 	at java.base/java.lang.Thread.run(Thread.java:840)
[junit]
[junit] Test TestByteVector FAILED

BUILD SUCCESSFUL
Total time: 0 seconds
  "
1535,mutants/mp/350/125/00000011/ByteVector.java,fd10d46f086a6501bb4803cd61de12be,mutants/mp/350/125/00000011/ByteVector.class,0,350,100,1,1,ASSUMED_NO,1292,0,2026-02-03 13:05:21,1,67,"Buildfile: /srv/codedefenders-class-2026/build.xml

test-mutant:
[junit] Running TestByteVector
[junit] Testsuite: TestByteVector
[junit] Tests run: 1, Failures: 0, Errors: 1, Skipped: 0, Time elapsed: 0.023 sec
[junit] Tests run: 1, Failures: 0, Errors: 1, Skipped: 0, Time elapsed: 0.023 sec
[junit]
[junit] Testcase: test took 0.01 sec
[junit] 	Caused an ERROR
[junit] Index -1 out of bounds for length 2
[junit] java.lang.ArrayIndexOutOfBoundsException: Index -1 out of bounds for length 2
[junit] 	at ByteVector.put11(ByteVector.java:68)
[junit] 	at TestByteVector.test(TestByteVector.java:11)
[junit] 	at java.base/jdk.internal.reflect.NativeMethodAccessorImpl.invoke0(Native Method)
[junit] 	at java.base/jdk.internal.reflect.NativeMethodAccessorImpl.invoke(NativeMethodAccessorImpl.java:77)
[junit] 	at java.base/jdk.internal.reflect.DelegatingMethodAccessorImpl.invoke(DelegatingMethodAccessorImpl.java:43)
[junit] 	at java.base/java.util.concurrent.FutureTask.run(FutureTask.java:264)
[junit] 	at java.base/java.lang.Thread.run(Thread.java:840)
[junit]
[junit] Test TestByteVector FAILED

BUILD SUCCESSFUL
Total time: 1 second
  "
1536,mutants/mp/354/119/00000005/CharRange.java,b835afcae669e608fccce6e51cb8351d,mutants/mp/354/119/00000005/CharRange.class,0,354,101,1,1,ASSUMED_NO,1284,0,2026-02-03 13:05:21,0,66,"[junit] Testcase: test took 0.007 sec
[junit] null
[junit] junit.framework.AssertionFailedError
[junit] 	at TestCharRange.test(TestCharRange.java:12)
[junit] 	at java.base/jdk.internal.reflect.NativeMethodAccessorImpl.invoke0(Native Method)
[junit] 	at java.base/jdk.internal.reflect.NativeMethodAccessorImpl.invoke(NativeMethodAccessorImpl.java:77)
[junit] 	at java.base/jdk.internal.reflect.DelegatingMethodAccessorImpl.invoke(DelegatingMethodAccessorImpl.java:43)
[junit] 	at java.base/java.util.concurrent.FutureTask.run(FutureTask.java:264)
[junit] 	at java.base/java.lang.Thread.run(Thread.java:840)
"
1537,mutants/mp/348/5/00000005/CharRange.java,67c604353d22294e7a4d06f1408f29dd,mutants/mp/348/5/00000005/CharRange.class,0,348,101,1,1,ASSUMED_NO,1294,0,2026-02-03 13:05:27,1,"155,160","[junit] Testcase: test took 0.01 sec
[junit] null
[junit] junit.framework.AssertionFailedError
[junit] 	at TestCharRange.test(TestCharRange.java:11)
[junit] 	at java.base/jdk.internal.reflect.NativeMethodAccessorImpl.invoke0(Native Method)
[junit] 	at java.base/jdk.internal.reflect.NativeMethodAccessorImpl.invoke(NativeMethodAccessorImpl.java:77)
[junit] 	at java.base/jdk.internal.reflect.DelegatingMethodAccessorImpl.invoke(DelegatingMethodAccessorImpl.java:43)
[junit] 	at java.base/java.util.concurrent.FutureTask.run(FutureTask.java:264)
[junit] 	at java.base/java.lang.Thread.run(Thread.java:840)
"
1538,mutants/mp/351/115/00000010/ByteVector.java,636ca45853f3506fb91e5cac3c72feea,mutants/mp/351/115/00000010/ByteVector.class,1,351,100,1,,ASSUMED_NO,1287,0,2026-02-03 13:05:28,3,89,
1539,mutants/mp/350/125/00000012/ByteVector.java,cc6a1aa975f08f6437f31c73530a1285,mutants/mp/350/125/00000012/ByteVector.class,0,350,100,1,1,ASSUMED_NO,1292,0,2026-02-03 13:05:30,1,48,"Buildfile: /srv/codedefenders-class-2026/build.xml

test-mutant:
[junit] Running TestByteVector
[junit] Testsuite: TestByteVector
[junit] Tests run: 1, Failures: 0, Errors: 1, Skipped: 0, Time elapsed: 0.023 sec
[junit] Tests run: 1, Failures: 0, Errors: 1, Skipped: 0, Time elapsed: 0.023 sec
[junit]
[junit] Testcase: test took 0.01 sec
[junit] 	Caused an ERROR
[junit] Index 4 out of bounds for length 1
[junit] java.lang.ArrayIndexOutOfBoundsException: Index 4 out of bounds for length 1
[junit] 	at ByteVector.putByte(ByteVector.java:48)
[junit] 	at TestByteVector.test(TestByteVector.java:12)
[junit] 	at java.base/jdk.internal.reflect.NativeMethodAccessorImpl.invoke0(Native Method)
[junit] 	at java.base/jdk.internal.reflect.NativeMethodAccessorImpl.invoke(NativeMethodAccessorImpl.java:77)
[junit] 	at java.base/jdk.internal.reflect.DelegatingMethodAccessorImpl.invoke(DelegatingMethodAccessorImpl.java:43)
[junit] 	at java.base/java.util.concurrent.FutureTask.run(FutureTask.java:264)
[junit] 	at java.base/java.lang.Thread.run(Thread.java:840)
[junit]
[junit] Test TestByteVector FAILED

BUILD SUCCESSFUL
Total time: 1 second
  "
1540,mutants/mp/355/5/00000005/ByteVector.java,bc38e5e0b14d2569a486fc379710fae3,mutants/mp/355/5/00000005/ByteVector.class,0,355,100,1,1,ASSUMED_NO,1295,0,2026-02-03 13:05:31,1,"182,185,186,191,193,200,208,209,210,211,212,213,215,216","[junit] Testcase: test took 0.011 sec
[junit] arrays first differed at element [2]; expected:<97> but was:<96>
[junit] junit.framework.AssertionFailedError: arrays first differed at element [2]; expected:<97> but was:<96>
[junit] 	at TestByteVector.test(TestByteVector.java:13)
[junit] 	at java.base/jdk.internal.reflect.NativeMethodAccessorImpl.invoke0(Native Method)
[junit] 	at java.base/jdk.internal.reflect.NativeMethodAccessorImpl.invoke(NativeMethodAccessorImpl.java:77)
[junit] 	at java.base/jdk.internal.reflect.DelegatingMethodAccessorImpl.invoke(DelegatingMethodAccessorImpl.java:43)
[junit] 	at java.base/java.util.concurrent.FutureTask.run(FutureTask.java:264)
[junit] 	at java.base/java.lang.Thread.run(Thread.java:840)
[junit] Caused by: java.lang.AssertionError: expected:<97> but was:<96>
"
1541,mutants/mp/347/117/00000007/ByteVector.java,0a9e82ee5b06c6b9b541b54d1dfeded2,mutants/mp/347/117/00000007/ByteVector.class,0,347,100,1,1,ASSUMED_NO,1281,0,2026-02-03 13:05:40,0,68,"[junit] Testcase: test took 0.01 sec
[junit] arrays first differed at element [1]; expected:<-2> but was:<1>
[junit] junit.framework.AssertionFailedError: arrays first differed at element [1]; expected:<-2> but was:<1>
[junit] 	at TestByteVector.test(TestByteVector.java:13)
[junit] 	at java.base/jdk.internal.reflect.NativeMethodAccessorImpl.invoke0(Native Method)
[junit] 	at java.base/jdk.internal.reflect.NativeMethodAccessorImpl.invoke(NativeMethodAccessorImpl.java:77)
[junit] 	at java.base/jdk.internal.reflect.DelegatingMethodAccessorImpl.invoke(DelegatingMethodAccessorImpl.java:43)
[junit] 	at java.base/java.util.concurrent.FutureTask.run(FutureTask.java:264)
[junit] 	at java.base/java.lang.Thread.run(Thread.java:840)
[junit] Caused by: java.lang.AssertionError: expected:<-2> but was:<1>
"
1542,mutants/mp/354/119/00000006/CharRange.java,b3c9c327c1fa678f5e6330fbab3ec4b7,mutants/mp/354/119/00000006/CharRange.class,1,354,101,1,,ASSUMED_NO,1284,0,2026-02-03 13:05:43,8,202,
1543,mutants/mp/351/115/00000011/ByteVector.java,093d3434b269990663ecb85bae517456,mutants/mp/351/115/00000011/ByteVector.class,1,351,100,1,,ASSUMED_NO,1287,0,2026-02-03 13:05:43,1,144,
1544,mutants/mp/350/125/00000013/ByteVector.java,95d33b5409b2481f58e882c949baac26,mutants/mp/350/125/00000013/ByteVector.class,0,350,100,1,1,ASSUMED_NO,1292,0,2026-02-03 13:05:44,1,63,"Buildfile: /srv/codedefenders-class-2026/build.xml

test-mutant:
[junit] Running TestByteVector
[junit] Testsuite: TestByteVector
[junit] Tests run: 1, Failures: 0, Errors: 1, Skipped: 0, Time elapsed: 0.045 sec
[junit] Tests run: 1, Failures: 0, Errors: 1, Skipped: 0, Time elapsed: 0.045 sec
[junit]
[junit] Testcase: test took 0.019 sec
[junit] 	Caused an ERROR
[junit] Index 1 out of bounds for length 1
[junit] java.lang.ArrayIndexOutOfBoundsException: Index 1 out of bounds for length 1
[junit] 	at ByteVector.put11(ByteVector.java:68)
[junit] 	at TestByteVector.test(TestByteVector.java:11)
[junit] 	at java.base/jdk.internal.reflect.NativeMethodAccessorImpl.invoke0(Native Method)
[junit] 	at java.base/jdk.internal.reflect.NativeMethodAccessorImpl.invoke(NativeMethodAccessorImpl.java:77)
[junit] 	at java.base/jdk.internal.reflect.DelegatingMethodAccessorImpl.invoke(DelegatingMethodAccessorImpl.java:43)
[junit] 	at java.base/java.util.concurrent.FutureTask.run(FutureTask.java:264)
[junit] 	at java.base/java.lang.Thread.run(Thread.java:840)
[junit]
[junit] Test TestByteVector FAILED

BUILD SUCCESSFUL
Total time: 1 second
  "
1545,mutants/mp/353/5/00000005/ByteVector.java,f611c0179b31f0562132b7f51bad31ac,mutants/mp/353/5/00000005/ByteVector.class,1,353,100,1,,ASSUMED_NO,1297,0,2026-02-03 13:05:47,11,"185,186,191,193,208,209,210",
1546,mutants/mp/352/123/00000005/CharRange.java,5ad4e5ff6d65216341cee85a00f4f13d,mutants/mp/352/123/00000005/CharRange.class,1,352,101,1,,ASSUMED_NO,1290,0,2026-02-03 13:05:50,1,191,
1547,mutants/mp/350/125/00000014/ByteVector.java,4710707d0803fd90025978f11795c46a,mutants/mp/350/125/00000014/ByteVector.class,0,350,100,1,1,ASSUMED_NO,1292,0,2026-02-03 13:05:54,1,45,"[junit] Testcase: test took 0.013 sec
[junit] expected:<2> but was:<4>
[junit] junit.framework.AssertionFailedError: expected:<2> but was:<4>
[junit] 	at TestByteVector.test(TestByteVector.java:15)
[junit] 	at java.base/jdk.internal.reflect.NativeMethodAccessorImpl.invoke0(Native Method)
[junit] 	at java.base/jdk.internal.reflect.NativeMethodAccessorImpl.invoke(NativeMethodAccessorImpl.java:77)
[junit] 	at java.base/jdk.internal.reflect.DelegatingMethodAccessorImpl.invoke(DelegatingMethodAccessorImpl.java:43)
[junit] 	at java.base/java.util.concurrent.FutureTask.run(FutureTask.java:264)
[junit] 	at java.base/java.lang.Thread.run(Thread.java:840)
"
1548,mutants/mp/351/115/00000012/ByteVector.java,fda0957ec2782e581d17d87437e8d458,mutants/mp/351/115/00000012/ByteVector.class,1,351,100,1,,ASSUMED_NO,1287,0,2026-02-03 13:05:58,1,241,
1549,mutants/mp/354/119/00000007/CharRange.java,385b1de335a9700cb938d7f86b7bde35,mutants/mp/354/119/00000007/CharRange.class,0,354,101,1,1,ASSUMED_NO,1284,0,2026-02-03 13:06:02,3,203,"[junit] Testcase: test took 0.016 sec
[junit] expected:<[]x> but was:<[^]x>
[junit] junit.framework.AssertionFailedError: expected:<[]x> but was:<[^]x>
[junit] 	at TestCharRange.test(TestCharRange.java:13)
[junit] 	at java.base/jdk.internal.reflect.NativeMethodAccessorImpl.invoke0(Native Method)
[junit] 	at java.base/jdk.internal.reflect.NativeMethodAccessorImpl.invoke(NativeMethodAccessorImpl.java:77)
[junit] 	at java.base/jdk.internal.reflect.DelegatingMethodAccessorImpl.invoke(DelegatingMethodAccessorImpl.java:43)
[junit] 	at java.base/java.util.concurrent.FutureTask.run(FutureTask.java:264)
[junit] 	at java.base/java.lang.Thread.run(Thread.java:840)
"
1550,mutants/mp/355/5/00000006/ByteVector.java,8a7f92a5a6791feb3c33edde651ca92d,mutants/mp/355/5/00000006/ByteVector.class,1,355,100,1,,ASSUMED_NO,1295,0,2026-02-03 13:06:03,2,"182,185,191,193,200,208,210",
1551,mutants/mp/352/123/00000006/CharRange.java,3a29db0914fc0793a5e39f51a7085683,mutants/mp/352/123/00000006/CharRange.class,1,352,101,1,,ASSUMED_NO,1290,0,2026-02-03 13:06:03,1,177,
1552,mutants/mp/350/125/00000015/ByteVector.java,6b34de9d3e7f6e77d6671ca4023cf0de,mutants/mp/350/125/00000015/ByteVector.class,0,350,100,1,1,ASSUMED_NO,1292,0,2026-02-03 13:06:04,1,68,"Buildfile: /srv/codedefenders-class-2026/build.xml

test-mutant:
[junit] Running TestByteVector
[junit] Testsuite: TestByteVector
[junit] Tests run: 1, Failures: 0, Errors: 1, Skipped: 0, Time elapsed: 0.026 sec
[junit] Tests run: 1, Failures: 0, Errors: 1, Skipped: 0, Time elapsed: 0.026 sec
[junit]
[junit] Testcase: test took 0.009 sec
[junit] 	Caused an ERROR
[junit] Index 5 out of bounds for length 2
[junit] java.lang.ArrayIndexOutOfBoundsException: Index 5 out of bounds for length 2
[junit] 	at ByteVector.put11(ByteVector.java:68)
[junit] 	at TestByteVector.test(TestByteVector.java:11)
[junit] 	at java.base/jdk.internal.reflect.NativeMethodAccessorImpl.invoke0(Native Method)
[junit] 	at java.base/jdk.internal.reflect.NativeMethodAccessorImpl.invoke(NativeMethodAccessorImpl.java:77)
[junit] 	at java.base/jdk.internal.reflect.DelegatingMethodAccessorImpl.invoke(DelegatingMethodAccessorImpl.java:43)
[junit] 	at java.base/java.util.concurrent.FutureTask.run(FutureTask.java:264)
[junit] 	at java.base/java.lang.Thread.run(Thread.java:840)
[junit]
[junit] Test TestByteVector FAILED

BUILD SUCCESSFUL
Total time: 1 second
  "
1553,mutants/mp/351/115/00000013/ByteVector.java,aaae77bf4572c0250986697c8b2fc9c2,,0,351,100,1,,ASSUMED_NO,1287,0,2026-02-03 13:06:09,0,255,
1554,mutants/mp/348/5/00000006/CharRange.java,f9aed6700cc4abe02a1663648044792e,mutants/mp/348/5/00000006/CharRange.class,0,348,101,1,1,ASSUMED_NO,1294,0,2026-02-03 13:06:11,8,"153,155,160","[junit] Testcase: test took 0.017 sec
[junit] null
[junit] junit.framework.AssertionFailedError
[junit] 	at TestCharRange.test(TestCharRange.java:12)
[junit] 	at java.base/jdk.internal.reflect.NativeMethodAccessorImpl.invoke0(Native Method)
[junit] 	at java.base/jdk.internal.reflect.NativeMethodAccessorImpl.invoke(NativeMethodAccessorImpl.java:77)
[junit] 	at java.base/jdk.internal.reflect.DelegatingMethodAccessorImpl.invoke(DelegatingMethodAccessorImpl.java:43)
[junit] 	at java.base/java.util.concurrent.FutureTask.run(FutureTask.java:264)
[junit] 	at java.base/java.lang.Thread.run(Thread.java:840)
"
1555,mutants/mp/350/125/00000016/ByteVector.java,4273c524d7b43113fe1f0ee0c5a1ccd6,mutants/mp/350/125/00000016/ByteVector.class,0,350,100,1,1,ASSUMED_NO,1292,0,2026-02-03 13:06:11,1,68,"[junit] Testcase: test took 0.012 sec
[junit] expected:<10> but was:<3>
[junit] junit.framework.AssertionFailedError: expected:<10> but was:<3>
[junit] 	at TestByteVector.test(TestByteVector.java:13)
[junit] 	at java.base/jdk.internal.reflect.NativeMethodAccessorImpl.invoke0(Native Method)
[junit] 	at java.base/jdk.internal.reflect.NativeMethodAccessorImpl.invoke(NativeMethodAccessorImpl.java:77)
[junit] 	at java.base/jdk.internal.reflect.DelegatingMethodAccessorImpl.invoke(DelegatingMethodAccessorImpl.java:43)
[junit] 	at java.base/java.util.concurrent.FutureTask.run(FutureTask.java:264)
[junit] 	at java.base/java.lang.Thread.run(Thread.java:840)
"
1556,mutants/mp/352/123/00000007/CharRange.java,53eea5d20a5d6dfcb7c0e61f519a997a,mutants/mp/352/123/00000007/CharRange.class,1,352,101,1,,ASSUMED_NO,1290,0,2026-02-03 13:06:16,1,149,
1557,mutants/mp/353/5/00000006/ByteVector.java,5c6c038c981f3400f524bd20e432bc1e,mutants/mp/353/5/00000006/ByteVector.class,0,353,100,1,1,ASSUMED_NO,1297,0,2026-02-03 13:06:17,10,"185,191,193,208,210,222","[junit] Testcase: test took 0.009 sec
[junit] expected:<3> but was:<4>
[junit] junit.framework.AssertionFailedError: expected:<3> but was:<4>
[junit] 	at TestByteVector.test(TestByteVector.java:12)
[junit] 	at java.base/jdk.internal.reflect.NativeMethodAccessorImpl.invoke0(Native Method)
[junit] 	at java.base/jdk.internal.reflect.NativeMethodAccessorImpl.invoke(NativeMethodAccessorImpl.java:77)
[junit] 	at java.base/jdk.internal.reflect.DelegatingMethodAccessorImpl.invoke(DelegatingMethodAccessorImpl.java:43)
[junit] 	at java.base/java.util.concurrent.FutureTask.run(FutureTask.java:264)
[junit] 	at java.base/java.lang.Thread.run(Thread.java:840)
"
1558,mutants/mp/351/115/00000014/ByteVector.java,3097223f8f4280cdef33ca2c1e237f2b,mutants/mp/351/115/00000014/ByteVector.class,0,351,100,1,1,ASSUMED_NO,1287,0,2026-02-03 13:06:24,2,258,"Buildfile: /srv/codedefenders-class-2026/build.xml

test-mutant:
[junit] Running TestByteVector
[junit] Testsuite: TestByteVector
[junit] Tests run: 1, Failures: 0, Errors: 1, Skipped: 0, Time elapsed: 0.019 sec
[junit] Tests run: 1, Failures: 0, Errors: 1, Skipped: 0, Time elapsed: 0.019 sec
[junit]
[junit] Testcase: test took 0.007 sec
[junit] 	Caused an ERROR
[junit] arraycopy: length -1 is negative
[junit] java.lang.ArrayIndexOutOfBoundsException: arraycopy: length -1 is negative
[junit] 	at java.base/java.lang.System.arraycopy(Native Method)
[junit] 	at ByteVector.enlarge(ByteVector.java:258)
[junit] 	at ByteVector.put11(ByteVector.java:64)
[junit] 	at TestByteVector.test(TestByteVector.java:13)
[junit] 	at java.base/jdk.internal.reflect.NativeMethodAccessorImpl.invoke0(Native Method)
[junit] 	at java.base/jdk.internal.reflect.NativeMethodAccessorImpl.invoke(NativeMethodAccessorImpl.java:77)
[junit] 	at java.base/jdk.internal.reflect.DelegatingMethodAccessorImpl.invoke(DelegatingMethodAccessorImpl.java:43)
[junit] 	at java.base/java.util.concurrent.FutureTask.run(FutureTask.java:264)
[junit] 	at java.base/java.lang.Thread.run(Thread.java:840)
[junit]
[junit] Test TestByteVector FAILED

BUILD SUCCESSFUL
Total time: 0 seconds
  "
1559,mutants/mp/350/125/00000017/ByteVector.java,6047dd4ba2936a821502fda4cc80774d,mutants/mp/350/125/00000017/ByteVector.class,0,350,100,1,1,ASSUMED_NO,1292,0,2026-02-03 13:06:27,2,"82,83","[junit] Testcase: test took 0.008 sec
[junit] expected:<4> but was:<48>
[junit] junit.framework.AssertionFailedError: expected:<4> but was:<48>
[junit] 	at TestByteVector.test(TestByteVector.java:14)
[junit] 	at java.base/jdk.internal.reflect.NativeMethodAccessorImpl.invoke0(Native Method)
[junit] 	at java.base/jdk.internal.reflect.NativeMethodAccessorImpl.invoke(NativeMethodAccessorImpl.java:77)
[junit] 	at java.base/jdk.internal.reflect.DelegatingMethodAccessorImpl.invoke(DelegatingMethodAccessorImpl.java:43)
[junit] 	at java.base/java.util.concurrent.FutureTask.run(FutureTask.java:264)
[junit] 	at java.base/java.lang.Thread.run(Thread.java:840)
"
1560,mutants/mp/354/119/00000008/CharRange.java,509350cf7195a717c6388fc42b60e67d,mutants/mp/354/119/00000008/CharRange.class,0,354,101,1,1,ASSUMED_NO,1284,0,2026-02-03 13:06:33,0,201,"[junit] Testcase: test took 0.007 sec
[junit] expected:<^a> but was:<null>
[junit] junit.framework.AssertionFailedError: expected:<^a> but was:<null>
[junit] 	at TestCharRange.test(TestCharRange.java:12)
[junit] 	at java.base/jdk.internal.reflect.NativeMethodAccessorImpl.invoke0(Native Method)
[junit] 	at java.base/jdk.internal.reflect.NativeMethodAccessorImpl.invoke(NativeMethodAccessorImpl.java:77)
[junit] 	at java.base/jdk.internal.reflect.DelegatingMethodAccessorImpl.invoke(DelegatingMethodAccessorImpl.java:43)
[junit] 	at java.base/java.util.concurrent.FutureTask.run(FutureTask.java:264)
[junit] 	at java.base/java.lang.Thread.run(Thread.java:840)
"
1561,mutants/mp/352/123/00000008/CharRange.java,6de05ff4108667840a72d7545b25030a,mutants/mp/352/123/00000008/CharRange.class,1,352,101,1,,ASSUMED_NO,1290,0,2026-02-03 13:06:33,1,149,
1562,mutants/mp/348/5/00000007/CharRange.java,946dd990018c7e071ed35d8ec1a6b0ff,mutants/mp/348/5/00000007/CharRange.class,0,348,101,1,1,ASSUMED_NO,1294,0,2026-02-03 13:06:42,1,"153,155,158,160","[junit] Testcase: test took 0.012 sec
[junit] null
[junit] junit.framework.AssertionFailedError
[junit] 	at TestCharRange.test(TestCharRange.java:11)
[junit] 	at java.base/jdk.internal.reflect.NativeMethodAccessorImpl.invoke0(Native Method)
[junit] 	at java.base/jdk.internal.reflect.NativeMethodAccessorImpl.invoke(NativeMethodAccessorImpl.java:77)
[junit] 	at java.base/jdk.internal.reflect.DelegatingMethodAccessorImpl.invoke(DelegatingMethodAccessorImpl.java:43)
[junit] 	at java.base/java.util.concurrent.FutureTask.run(FutureTask.java:264)
[junit] 	at java.base/java.lang.Thread.run(Thread.java:840)
"
1563,mutants/mp/347/117/00000008/ByteVector.java,5f2c7eb4d165bf399d259a0564d03805,mutants/mp/347/117/00000008/ByteVector.class,0,347,100,1,1,ASSUMED_NO,1281,0,2026-02-03 13:06:44,1,"238,244","[junit] Testcase: test took 0.009 sec
[junit] expected:<2> but was:<-2>
[junit] junit.framework.AssertionFailedError: expected:<2> but was:<-2>
[junit] 	at TestByteVector.test(TestByteVector.java:13)
[junit] 	at java.base/jdk.internal.reflect.NativeMethodAccessorImpl.invoke0(Native Method)
[junit] 	at java.base/jdk.internal.reflect.NativeMethodAccessorImpl.invoke(NativeMethodAccessorImpl.java:77)
[junit] 	at java.base/jdk.internal.reflect.DelegatingMethodAccessorImpl.invoke(DelegatingMethodAccessorImpl.java:43)
[junit] 	at java.base/java.util.concurrent.FutureTask.run(FutureTask.java:264)
[junit] 	at java.base/java.lang.Thread.run(Thread.java:840)
"
1564,mutants/mp/350/125/00000018/ByteVector.java,103fe9704dcbb4d445c89dad1d5c51fb,mutants/mp/350/125/00000018/ByteVector.class,0,350,100,1,1,ASSUMED_NO,1292,0,2026-02-03 13:06:46,1,"255,256","Buildfile: /srv/codedefenders-class-2026/build.xml

test-mutant:
[junit] Running TestByteVector
[junit] Testsuite: TestByteVector
[junit] Tests run: 1, Failures: 0, Errors: 1, Skipped: 0, Time elapsed: 0.021 sec
[junit] Tests run: 1, Failures: 0, Errors: 1, Skipped: 0, Time elapsed: 0.021 sec
[junit]
[junit] Testcase: test took 0.008 sec
[junit] 	Caused an ERROR
[junit] Index 1 out of bounds for length 1
[junit] java.lang.ArrayIndexOutOfBoundsException: Index 1 out of bounds for length 1
[junit] 	at ByteVector.putByte(ByteVector.java:48)
[junit] 	at TestByteVector.test(TestByteVector.java:13)
[junit] 	at java.base/jdk.internal.reflect.NativeMethodAccessorImpl.invoke0(Native Method)
[junit] 	at java.base/jdk.internal.reflect.NativeMethodAccessorImpl.invoke(NativeMethodAccessorImpl.java:77)
[junit] 	at java.base/jdk.internal.reflect.DelegatingMethodAccessorImpl.invoke(DelegatingMethodAccessorImpl.java:43)
[junit] 	at java.base/java.util.concurrent.FutureTask.run(FutureTask.java:264)
[junit] 	at java.base/java.lang.Thread.run(Thread.java:840)
[junit]
[junit] Test TestByteVector FAILED

BUILD SUCCESSFUL
Total time: 1 second
  "
1565,mutants/mp/353/5/00000007/ByteVector.java,7d1e5c5bcef5b2e55fac83c91b447cc6,mutants/mp/353/5/00000007/ByteVector.class,1,353,100,1,,ASSUMED_NO,1297,0,2026-02-03 13:06:47,11,"185,191,193,208,210",
1566,mutants/mp/355/5/00000007/ByteVector.java,b46a0ec1040157e756f46c554dfd7113,mutants/mp/355/5/00000007/ByteVector.class,1,355,100,1,,ASSUMED_NO,1295,0,2026-02-03 13:06:47,2,"181,182,185,191,193,199,200,208,210,211,212,213,215,216",
1567,mutants/mp/354/119/00000009/CharRange.java,9e898e1d9bfe9a3932dd1bb09e4ad3d9,mutants/mp/354/119/00000009/CharRange.class,0,354,101,1,1,ASSUMED_NO,1284,0,2026-02-03 13:06:52,0,124,"[junit] Testcase: test took 0.009 sec
[junit] null
[junit] junit.framework.AssertionFailedError
[junit] 	at TestCharRange.test(TestCharRange.java:12)
[junit] 	at java.base/jdk.internal.reflect.NativeMethodAccessorImpl.invoke0(Native Method)
[junit] 	at java.base/jdk.internal.reflect.NativeMethodAccessorImpl.invoke(NativeMethodAccessorImpl.java:77)
[junit] 	at java.base/jdk.internal.reflect.DelegatingMethodAccessorImpl.invoke(DelegatingMethodAccessorImpl.java:43)
[junit] 	at java.base/java.util.concurrent.FutureTask.run(FutureTask.java:264)
[junit] 	at java.base/java.lang.Thread.run(Thread.java:840)
"
1568,mutants/mp/350/125/00000019/ByteVector.java,01fe46cfe9d17b8f79df495f25066aed,mutants/mp/350/125/00000019/ByteVector.class,1,350,100,1,,ASSUMED_NO,1292,0,2026-02-03 13:07:01,1,238,
1569,mutants/mp/347/117/00000009/ByteVector.java,fda0957ec2782e581d17d87437e8d458,mutants/mp/347/117/00000009/ByteVector.class,0,347,100,1,1,ASSUMED_NO,1281,0,2026-02-03 13:07:02,1,241,"[junit] Testcase: test took 0.013 sec
[junit] arrays first differed at element [0]; expected:<8> but was:<0>
[junit] junit.framework.AssertionFailedError: arrays first differed at element [0]; expected:<8> but was:<0>
[junit] 	at TestByteVector.test(TestByteVector.java:14)
[junit] 	at java.base/jdk.internal.reflect.NativeMethodAccessorImpl.invoke0(Native Method)
[junit] 	at java.base/jdk.internal.reflect.NativeMethodAccessorImpl.invoke(NativeMethodAccessorImpl.java:77)
[junit] 	at java.base/jdk.internal.reflect.DelegatingMethodAccessorImpl.invoke(DelegatingMethodAccessorImpl.java:43)
[junit] 	at java.base/java.util.concurrent.FutureTask.run(FutureTask.java:264)
[junit] 	at java.base/java.lang.Thread.run(Thread.java:840)
[junit] Caused by: java.lang.AssertionError: expected:<8> but was:<0>
"
1570,mutants/mp/352/123/00000009/CharRange.java,414d32c232c62c666d3021da8a2c3653,mutants/mp/352/123/00000009/CharRange.class,1,352,101,1,,ASSUMED_NO,1290,0,2026-02-03 13:07:04,1,153,
1571,mutants/mp/351/115/00000015/ByteVector.java,749408ba143546cfeef014c11b77d46a,mutants/mp/351/115/00000015/ByteVector.class,0,351,100,1,1,ASSUMED_NO,1287,0,2026-02-03 13:07:08,1,169,"Buildfile: /srv/codedefenders-class-2026/build.xml

test-mutant:
[junit] Running TestByteVector
[junit] Testsuite: TestByteVector
[junit] Tests run: 1, Failures: 0, Errors: 1, Skipped: 0, Time elapsed: 0.02 sec
[junit] Tests run: 1, Failures: 0, Errors: 1, Skipped: 0, Time elapsed: 0.02 sec
[junit]
[junit] Testcase: test took 0.007 sec
[junit] 	Caused an ERROR
[junit] String index out of range: 2
[junit] java.lang.StringIndexOutOfBoundsException: String index out of range: 2
[junit] 	at java.base/java.lang.StringLatin1.charAt(StringLatin1.java:48)
[junit] 	at java.base/java.lang.String.charAt(String.java:1517)
[junit] 	at ByteVector.putUTF8(ByteVector.java:184)
[junit] 	at TestByteVector.test(TestByteVector.java:11)
[junit] 	at java.base/jdk.internal.reflect.NativeMethodAccessorImpl.invoke0(Native Method)
[junit] 	at java.base/jdk.internal.reflect.NativeMethodAccessorImpl.invoke(NativeMethodAccessorImpl.java:77)
[junit] 	at java.base/jdk.internal.reflect.DelegatingMethodAccessorImpl.invoke(DelegatingMethodAccessorImpl.java:43)
[junit] 	at java.base/java.util.concurrent.FutureTask.run(FutureTask.java:264)
[junit] 	at java.base/java.lang.Thread.run(Thread.java:840)
[junit]
[junit] Test TestByteVector FAILED

BUILD SUCCESSFUL
Total time: 0 seconds
  "
1572,mutants/mp/353/5/00000008/ByteVector.java,287c44053176ad5207f546bafd9aec1d,mutants/mp/353/5/00000008/ByteVector.class,1,353,100,1,,ASSUMED_NO,1297,0,2026-02-03 13:07:15,11,"185,191,193,200,208,210",
1573,mutants/mp/351/115/00000016/ByteVector.java,d0e53c8371aaee928529a32b452f17e4,mutants/mp/351/115/00000016/ByteVector.class,1,351,100,1,,ASSUMED_NO,1287,0,2026-02-03 13:07:15,2,122,
1574,mutants/mp/347/117/00000010/ByteVector.java,79af3d3cbda44c16da32bc027d6b90b3,mutants/mp/347/117/00000010/ByteVector.class,1,347,100,1,,ASSUMED_NO,1281,0,2026-02-03 13:07:18,9,172,
1575,mutants/mp/352/123/00000010/CharRange.java,45cd15a6690c04d3ecec2bec5189a6cf,,0,352,101,1,,ASSUMED_NO,1290,0,2026-02-03 13:07:19,0,158,
1576,mutants/mp/350/125/00000020/ByteVector.java,1022757975b384a08b69b6bca0fae839,mutants/mp/350/125/00000020/ByteVector.class,0,350,100,1,1,ASSUMED_NO,1292,0,2026-02-03 13:07:20,1,48,"Buildfile: /srv/codedefenders-class-2026/build.xml

test-mutant:
[junit] Running TestByteVector
[junit] Testsuite: TestByteVector
[junit] Tests run: 1, Failures: 0, Errors: 1, Skipped: 0, Time elapsed: 0.025 sec
[junit] Tests run: 1, Failures: 0, Errors: 1, Skipped: 0, Time elapsed: 0.025 sec
[junit]
[junit] Testcase: test took 0.008 sec
[junit] 	Caused an ERROR
[junit] Index 6 out of bounds for length 1
[junit] java.lang.ArrayIndexOutOfBoundsException: Index 6 out of bounds for length 1
[junit] 	at ByteVector.putByte(ByteVector.java:48)
[junit] 	at TestByteVector.test(TestByteVector.java:12)
[junit] 	at java.base/jdk.internal.reflect.NativeMethodAccessorImpl.invoke0(Native Method)
[junit] 	at java.base/jdk.internal.reflect.NativeMethodAccessorImpl.invoke(NativeMethodAccessorImpl.java:77)
[junit] 	at java.base/jdk.internal.reflect.DelegatingMethodAccessorImpl.invoke(DelegatingMethodAccessorImpl.java:43)
[junit] 	at java.base/java.util.concurrent.FutureTask.run(FutureTask.java:264)
[junit] 	at java.base/java.lang.Thread.run(Thread.java:840)
[junit]
[junit] Test TestByteVector FAILED

BUILD SUCCESSFUL
Total time: 1 second
  "
1577,mutants/mp/354/119/00000010/CharRange.java,5daeb0997b4c62486f3e5e1748b7fd57,mutants/mp/354/119/00000010/CharRange.class,0,354,101,1,1,ASSUMED_NO,1284,0,2026-02-03 13:07:23,1,151,"[junit] Testcase: test took 0.008 sec
[junit] null
[junit] junit.framework.AssertionFailedError
[junit] 	at TestCharRange.test(TestCharRange.java:12)
[junit] 	at java.base/jdk.internal.reflect.NativeMethodAccessorImpl.invoke0(Native Method)
[junit] 	at java.base/jdk.internal.reflect.NativeMethodAccessorImpl.invoke(NativeMethodAccessorImpl.java:77)
[junit] 	at java.base/jdk.internal.reflect.DelegatingMethodAccessorImpl.invoke(DelegatingMethodAccessorImpl.java:43)
[junit] 	at java.base/java.util.concurrent.FutureTask.run(FutureTask.java:264)
[junit] 	at java.base/java.lang.Thread.run(Thread.java:840)
"
1578,mutants/mp/348/5/00000008/CharRange.java,45a8676be23e767e5cc3840548411c00,mutants/mp/348/5/00000008/CharRange.class,0,348,101,1,1,ASSUMED_NO,1294,0,2026-02-03 13:07:27,6,"153,155,158,160","[junit] Testcase: test took 0.01 sec
[junit] null
[junit] junit.framework.AssertionFailedError
[junit] 	at TestCharRange.test(TestCharRange.java:12)
[junit] 	at java.base/jdk.internal.reflect.NativeMethodAccessorImpl.invoke0(Native Method)
[junit] 	at java.base/jdk.internal.reflect.NativeMethodAccessorImpl.invoke(NativeMethodAccessorImpl.java:77)
[junit] 	at java.base/jdk.internal.reflect.DelegatingMethodAccessorImpl.invoke(DelegatingMethodAccessorImpl.java:43)
[junit] 	at java.base/java.util.concurrent.FutureTask.run(FutureTask.java:264)
[junit] 	at java.base/java.lang.Thread.run(Thread.java:840)
"
1579,mutants/mp/351/115/00000017/ByteVector.java,1279b3f5cf439a5c96c869fac1ef1943,mutants/mp/351/115/00000017/ByteVector.class,0,351,100,1,1,ASSUMED_NO,1287,0,2026-02-03 13:07:29,1,206,"[junit] Testcase: test took 0.013 sec
[junit] arrays first differed at element [2]; expected:<-62> but was:<0>
[junit] junit.framework.AssertionFailedError: arrays first differed at element [2]; expected:<-62> but was:<0>
[junit] 	at TestByteVector.test(TestByteVector.java:14)
[junit] 	at java.base/jdk.internal.reflect.NativeMethodAccessorImpl.invoke0(Native Method)
[junit] 	at java.base/jdk.internal.reflect.NativeMethodAccessorImpl.invoke(NativeMethodAccessorImpl.java:77)
[junit] 	at java.base/jdk.internal.reflect.DelegatingMethodAccessorImpl.invoke(DelegatingMethodAccessorImpl.java:43)
[junit] 	at java.base/java.util.concurrent.FutureTask.run(FutureTask.java:264)
[junit] 	at java.base/java.lang.Thread.run(Thread.java:840)
[junit] Caused by: java.lang.AssertionError: expected:<-62> but was:<0>
"
1580,mutants/mp/347/117/00000011/ByteVector.java,d0e53c8371aaee928529a32b452f17e4,mutants/mp/347/117/00000011/ByteVector.class,1,347,100,1,,ASSUMED_NO,1281,0,2026-02-03 13:07:31,7,122,
1581,mutants/mp/350/125/00000021/ByteVector.java,d9903b6282ac31e6e795003828f19a36,mutants/mp/350/125/00000021/ByteVector.class,0,350,100,1,1,ASSUMED_NO,1292,0,2026-02-03 13:07:31,1,"86,87","Buildfile: /srv/codedefenders-class-2026/build.xml

test-mutant:
[junit] Running TestByteVector
[junit] Testsuite: TestByteVector
[junit] Tests run: 1, Failures: 0, Errors: 1, Skipped: 0, Time elapsed: 0.021 sec
[junit] Tests run: 1, Failures: 0, Errors: 1, Skipped: 0, Time elapsed: 0.021 sec
[junit]
[junit] Testcase: test took 0.01 sec
[junit] 	Caused an ERROR
[junit] Index 8 out of bounds for length 2
[junit] java.lang.ArrayIndexOutOfBoundsException: Index 8 out of bounds for length 2
[junit] 	at ByteVector.putShort(ByteVector.java:86)
[junit] 	at TestByteVector.test(TestByteVector.java:11)
[junit] 	at java.base/jdk.internal.reflect.NativeMethodAccessorImpl.invoke0(Native Method)
[junit] 	at java.base/jdk.internal.reflect.NativeMethodAccessorImpl.invoke(NativeMethodAccessorImpl.java:77)
[junit] 	at java.base/jdk.internal.reflect.DelegatingMethodAccessorImpl.invoke(DelegatingMethodAccessorImpl.java:43)
[junit] 	at java.base/java.util.concurrent.FutureTask.run(FutureTask.java:264)
[junit] 	at java.base/java.lang.Thread.run(Thread.java:840)
[junit]
[junit] Test TestByteVector FAILED

BUILD SUCCESSFUL
Total time: 1 second
  "
1582,mutants/mp/354/119/00000011/CharRange.java,dacb2216d2dc42ee8add635d025b431e,mutants/mp/354/119/00000011/CharRange.class,1,354,101,1,,ASSUMED_NO,1284,0,2026-02-03 13:07:40,3,153,
1583,mutants/mp/350/125/00000022/ByteVector.java,46c2125c21da277e2f4c4ed8e23298ed,mutants/mp/350/125/00000022/ByteVector.class,0,350,100,1,1,ASSUMED_NO,1292,0,2026-02-03 13:07:44,1,86,"[junit] Testcase: test took 0.013 sec
[junit] expected:<0> but was:<1>
[junit] junit.framework.AssertionFailedError: expected:<0> but was:<1>
[junit] 	at TestByteVector.test(TestByteVector.java:14)
[junit] 	at java.base/jdk.internal.reflect.NativeMethodAccessorImpl.invoke0(Native Method)
[junit] 	at java.base/jdk.internal.reflect.NativeMethodAccessorImpl.invoke(NativeMethodAccessorImpl.java:77)
[junit] 	at java.base/jdk.internal.reflect.DelegatingMethodAccessorImpl.invoke(DelegatingMethodAccessorImpl.java:43)
[junit] 	at java.base/java.util.concurrent.FutureTask.run(FutureTask.java:264)
[junit] 	at java.base/java.lang.Thread.run(Thread.java:840)
"
1584,mutants/mp/351/115/00000018/ByteVector.java,40b7d4cad4eead7b0f9b3df4d8e65689,mutants/mp/351/115/00000018/ByteVector.class,1,351,100,1,,ASSUMED_NO,1287,0,2026-02-03 13:07:46,4,256,
1585,mutants/mp/355/5/00000008/ByteVector.java,2784db9324117516a0a9ee1fa1fe7f0f,mutants/mp/355/5/00000008/ByteVector.class,0,355,100,1,1,ASSUMED_NO,1295,0,2026-02-03 13:07:47,1,"185,186,191,193,208,209,210","[junit] Testcase: test took 0.02 sec
[junit] arrays first differed at element [2]; expected:<97> but was:<98>
[junit] junit.framework.AssertionFailedError: arrays first differed at element [2]; expected:<97> but was:<98>
[junit] 	at TestByteVector.test(TestByteVector.java:13)
[junit] 	at java.base/jdk.internal.reflect.NativeMethodAccessorImpl.invoke0(Native Method)
[junit] 	at java.base/jdk.internal.reflect.NativeMethodAccessorImpl.invoke(NativeMethodAccessorImpl.java:77)
[junit] 	at java.base/jdk.internal.reflect.DelegatingMethodAccessorImpl.invoke(DelegatingMethodAccessorImpl.java:43)
[junit] 	at java.base/java.util.concurrent.FutureTask.run(FutureTask.java:264)
[junit] 	at java.base/java.lang.Thread.run(Thread.java:840)
[junit] Caused by: java.lang.AssertionError: expected:<97> but was:<98>
"
1586,mutants/mp/353/5/00000009/ByteVector.java,7be87b1df1d9aacf8fd51c5b54f79f3a,mutants/mp/353/5/00000009/ByteVector.class,1,353,100,1,,ASSUMED_NO,1297,0,2026-02-03 13:07:48,11,"185,186,191,193,208,209,210",
1587,mutants/mp/352/123/00000011/CharRange.java,1796c87dbe2f4bb9ba787aa4f54e51bd,mutants/mp/352/123/00000011/CharRange.class,1,352,101,1,,ASSUMED_NO,1290,0,2026-02-03 13:07:52,1,158,
1588,mutants/mp/354/119/00000012/CharRange.java,bc858e597e660983b987b770345cbe99,mutants/mp/354/119/00000012/CharRange.class,0,354,101,1,1,ASSUMED_NO,1284,0,2026-02-03 13:08:08,3,191,"[junit] Testcase: test took 0.01 sec
[junit] expected:<873> but was:<872>
[junit] junit.framework.AssertionFailedError: expected:<873> but was:<872>
[junit] 	at TestCharRange.test(TestCharRange.java:12)
[junit] 	at java.base/jdk.internal.reflect.NativeMethodAccessorImpl.invoke0(Native Method)
[junit] 	at java.base/jdk.internal.reflect.NativeMethodAccessorImpl.invoke(NativeMethodAccessorImpl.java:77)
[junit] 	at java.base/jdk.internal.reflect.DelegatingMethodAccessorImpl.invoke(DelegatingMethodAccessorImpl.java:43)
[junit] 	at java.base/java.util.concurrent.FutureTask.run(FutureTask.java:264)
[junit] 	at java.base/java.lang.Thread.run(Thread.java:840)
"
1589,mutants/mp/352/123/00000012/CharRange.java,2dcd61dca510f747bdc663ad279f2cbc,mutants/mp/352/123/00000012/CharRange.class,1,352,101,1,,ASSUMED_NO,1290,0,2026-02-03 13:08:08,1,207,
1590,mutants/mp/347/117/00000012/ByteVector.java,bd011dd2fc981e8800930d60a586998d,mutants/mp/347/117/00000012/ByteVector.class,0,347,100,1,1,ASSUMED_NO,1281,0,2026-02-03 13:08:09,1,183,"[junit] Testcase: test took 0.01 sec
[junit] expected:<4> but was:<3>
[junit] junit.framework.AssertionFailedError: expected:<4> but was:<3>
[junit] 	at TestByteVector.test(TestByteVector.java:12)
[junit] 	at java.base/jdk.internal.reflect.NativeMethodAccessorImpl.invoke0(Native Method)
[junit] 	at java.base/jdk.internal.reflect.NativeMethodAccessorImpl.invoke(NativeMethodAccessorImpl.java:77)
[junit] 	at java.base/jdk.internal.reflect.DelegatingMethodAccessorImpl.invoke(DelegatingMethodAccessorImpl.java:43)
[junit] 	at java.base/java.util.concurrent.FutureTask.run(FutureTask.java:264)
[junit] 	at java.base/java.lang.Thread.run(Thread.java:840)
"
1591,mutants/mp/349/121/00000001/CharRange.java,c01dbc0a768652277127b94adef2209d,mutants/mp/349/121/00000001/CharRange.class,0,349,101,1,1,ASSUMED_NO,1291,0,2026-02-03 13:08:15,1,35,"[junit] Testcase: test took 0.009 sec
[junit] expected:<98> but was:<97>
[junit] junit.framework.AssertionFailedError: expected:<98> but was:<97>
[junit] 	at TestCharRange.test(TestCharRange.java:13)
[junit] 	at java.base/jdk.internal.reflect.NativeMethodAccessorImpl.invoke0(Native Method)
[junit] 	at java.base/jdk.internal.reflect.NativeMethodAccessorImpl.invoke(NativeMethodAccessorImpl.java:77)
[junit] 	at java.base/jdk.internal.reflect.DelegatingMethodAccessorImpl.invoke(DelegatingMethodAccessorImpl.java:43)
[junit] 	at java.base/java.util.concurrent.FutureTask.run(FutureTask.java:264)
[junit] 	at java.base/java.lang.Thread.run(Thread.java:840)
"
1592,mutants/mp/355/5/00000009/ByteVector.java,f562dcf14f2e019c528c0527742ae714,mutants/mp/355/5/00000009/ByteVector.class,0,355,100,1,1,ASSUMED_NO,1295,0,2026-02-03 13:08:17,1,"181,182,185,191,193,199,200,208,210","[junit] Testcase: test took 0.032 sec
[junit] arrays first differed at element [1]; expected:<3> but was:<4>
[junit] junit.framework.AssertionFailedError: arrays first differed at element [1]; expected:<3> but was:<4>
[junit] 	at TestByteVector.test(TestByteVector.java:13)
[junit] 	at java.base/jdk.internal.reflect.NativeMethodAccessorImpl.invoke0(Native Method)
[junit] 	at java.base/jdk.internal.reflect.NativeMethodAccessorImpl.invoke(NativeMethodAccessorImpl.java:77)
[junit] 	at java.base/jdk.internal.reflect.DelegatingMethodAccessorImpl.invoke(DelegatingMethodAccessorImpl.java:43)
[junit] 	at java.base/java.util.concurrent.FutureTask.run(FutureTask.java:264)
[junit] 	at java.base/java.lang.Thread.run(Thread.java:840)
[junit] Caused by: java.lang.AssertionError: expected:<3> but was:<4>
"
1593,mutants/mp/353/5/00000010/ByteVector.java,1e53dd405c2dbf7921acd0d479444cf4,mutants/mp/353/5/00000010/ByteVector.class,1,353,100,1,,ASSUMED_NO,1297,0,2026-02-03 13:08:17,11,"185,191,193,208,210",
1594,mutants/mp/352/123/00000013/CharRange.java,1fc49892c04525b6b7754104153789ab,mutants/mp/352/123/00000013/CharRange.class,1,352,101,1,,ASSUMED_NO,1290,0,2026-02-03 13:08:19,1,208,
1595,mutants/mp/351/115/00000019/ByteVector.java,4f2a6b2145aa1deaaee7d3102d9b2408,mutants/mp/351/115/00000019/ByteVector.class,0,351,100,1,1,ASSUMED_NO,1287,0,2026-02-03 13:08:26,1,259,"Buildfile: /srv/codedefenders-class-2026/build.xml

test-mutant:
[junit] Running TestByteVector
[junit] Testsuite: TestByteVector
[junit] Tests run: 1, Failures: 0, Errors: 1, Skipped: 0, Time elapsed: 0.021 sec
[junit] Tests run: 1, Failures: 0, Errors: 1, Skipped: 0, Time elapsed: 0.021 sec
[junit]
[junit] Testcase: test took 0.008 sec
[junit] 	Caused an ERROR
[junit] Index 1 out of bounds for length 1
[junit] java.lang.ArrayIndexOutOfBoundsException: Index 1 out of bounds for length 1
[junit] 	at ByteVector.putByte(ByteVector.java:48)
[junit] 	at TestByteVector.test(TestByteVector.java:13)
[junit] 	at java.base/jdk.internal.reflect.NativeMethodAccessorImpl.invoke0(Native Method)
[junit] 	at java.base/jdk.internal.reflect.NativeMethodAccessorImpl.invoke(NativeMethodAccessorImpl.java:77)
[junit] 	at java.base/jdk.internal.reflect.DelegatingMethodAccessorImpl.invoke(DelegatingMethodAccessorImpl.java:43)
[junit] 	at java.base/java.util.concurrent.FutureTask.run(FutureTask.java:264)
[junit] 	at java.base/java.lang.Thread.run(Thread.java:840)
[junit]
[junit] Test TestByteVector FAILED

BUILD SUCCESSFUL
Total time: 1 second
  "
1596,mutants/mp/348/5/00000009/CharRange.java,24872e79a0bb2d170d6ad76e6d4f5a65,mutants/mp/348/5/00000009/CharRange.class,0,348,101,1,1,ASSUMED_NO,1294,0,2026-02-03 13:08:27,1,"153,155,158,160","[junit] Testcase: test took 0.015 sec
[junit] null
[junit] junit.framework.AssertionFailedError
[junit] 	at TestCharRange.test(TestCharRange.java:11)
[junit] 	at java.base/jdk.internal.reflect.NativeMethodAccessorImpl.invoke0(Native Method)
[junit] 	at java.base/jdk.internal.reflect.NativeMethodAccessorImpl.invoke(NativeMethodAccessorImpl.java:77)
[junit] 	at java.base/jdk.internal.reflect.DelegatingMethodAccessorImpl.invoke(DelegatingMethodAccessorImpl.java:43)
[junit] 	at java.base/java.util.concurrent.FutureTask.run(FutureTask.java:264)
[junit] 	at java.base/java.lang.Thread.run(Thread.java:840)
"
1597,mutants/mp/352/123/00000014/CharRange.java,19e7f7bdd7c60a56d811bac0d9980e32,mutants/mp/352/123/00000014/CharRange.class,1,352,101,1,,ASSUMED_NO,1290,0,2026-02-03 13:08:30,1,209,
1598,mutants/mp/350/125/00000023/ByteVector.java,25cb59754fcbe6882a3806b04db1ea4f,mutants/mp/350/125/00000023/ByteVector.class,1,350,100,1,,ASSUMED_NO,1292,0,2026-02-03 13:08:32,1,"143,148,149,150",
1599,mutants/mp/347/117/00000013/ByteVector.java,9170a4359ce4b0f5e7112f3ffe2c1486,mutants/mp/347/117/00000013/ByteVector.class,0,347,100,1,1,ASSUMED_NO,1281,0,2026-02-03 13:08:35,1,213,"[junit] Testcase: test took 0.019 sec
[junit] expected:<5> but was:<4>
[junit] junit.framework.AssertionFailedError: expected:<5> but was:<4>
[junit] 	at TestByteVector.test(TestByteVector.java:13)
[junit] 	at java.base/jdk.internal.reflect.NativeMethodAccessorImpl.invoke0(Native Method)
[junit] 	at java.base/jdk.internal.reflect.NativeMethodAccessorImpl.invoke(NativeMethodAccessorImpl.java:77)
[junit] 	at java.base/jdk.internal.reflect.DelegatingMethodAccessorImpl.invoke(DelegatingMethodAccessorImpl.java:43)
[junit] 	at java.base/java.util.concurrent.FutureTask.run(FutureTask.java:264)
[junit] 	at java.base/java.lang.Thread.run(Thread.java:840)
"
1600,mutants/mp/355/5/00000010/ByteVector.java,b8e7d0aa3a958e0d32a874e6764aa12e,mutants/mp/355/5/00000010/ByteVector.class,0,355,100,1,1,ASSUMED_NO,1295,0,2026-02-03 13:08:47,1,"185,191,193,208,210,223","[junit] Testcase: test took 0.014 sec
[junit] arrays first differed at element [0]; expected:<0> but was:<32>
[junit] junit.framework.AssertionFailedError: arrays first differed at element [0]; expected:<0> but was:<32>
[junit] 	at TestByteVector.test(TestByteVector.java:13)
[junit] 	at java.base/jdk.internal.reflect.NativeMethodAccessorImpl.invoke0(Native Method)
[junit] 	at java.base/jdk.internal.reflect.NativeMethodAccessorImpl.invoke(NativeMethodAccessorImpl.java:77)
[junit] 	at java.base/jdk.internal.reflect.DelegatingMethodAccessorImpl.invoke(DelegatingMethodAccessorImpl.java:43)
[junit] 	at java.base/java.util.concurrent.FutureTask.run(FutureTask.java:264)
[junit] 	at java.base/java.lang.Thread.run(Thread.java:840)
[junit] Caused by: java.lang.AssertionError: expected:<0> but was:<32>
"
1601,mutants/mp/353/5/00000011/ByteVector.java,c7523d5a24e76d6e2f6ce80c11e2a54b,mutants/mp/353/5/00000011/ByteVector.class,1,353,100,1,,ASSUMED_NO,1297,0,2026-02-03 13:08:48,11,"185,191,193,194,195,197,208,210,214,215,216",
1602,mutants/mp/352/123/00000015/CharRange.java,509350cf7195a717c6388fc42b60e67d,mutants/mp/352/123/00000015/CharRange.class,1,352,101,1,,ASSUMED_NO,1290,0,2026-02-03 13:08:49,1,201,
1603,mutants/mp/352/123/00000016/CharRange.java,b3c9c327c1fa678f5e6330fbab3ec4b7,mutants/mp/352/123/00000016/CharRange.class,1,352,101,1,,ASSUMED_NO,1290,0,2026-02-03 13:08:58,1,202,
1604,mutants/mp/351/115/00000020/ByteVector.java,26c7324294efe61a73badfdce72d54c4,mutants/mp/351/115/00000020/ByteVector.class,1,351,100,1,,ASSUMED_NO,1287,0,2026-02-03 13:08:59,1,242,
1605,mutants/mp/350/125/00000024/ByteVector.java,4a8f1ea198190e1c5247890ae79a31ed,mutants/mp/350/125/00000024/ByteVector.class,0,350,100,1,1,ASSUMED_NO,1292,0,2026-02-03 13:09:00,7,257,"Buildfile: /srv/codedefenders-class-2026/build.xml

test-mutant:
[junit] Running TestByteVector
[junit] Testsuite: TestByteVector
[junit] Tests run: 1, Failures: 0, Errors: 1, Skipped: 0, Time elapsed: 0.023 sec
[junit] Tests run: 1, Failures: 0, Errors: 1, Skipped: 0, Time elapsed: 0.023 sec
[junit]
[junit] Testcase: test took 0.009 sec
[junit] 	Caused an ERROR
[junit] Index 2 out of bounds for length 2
[junit] java.lang.ArrayIndexOutOfBoundsException: Index 2 out of bounds for length 2
[junit] 	at ByteVector.put12(ByteVector.java:108)
[junit] 	at TestByteVector.test(TestByteVector.java:11)
[junit] 	at java.base/jdk.internal.reflect.NativeMethodAccessorImpl.invoke0(Native Method)
[junit] 	at java.base/jdk.internal.reflect.NativeMethodAccessorImpl.invoke(NativeMethodAccessorImpl.java:77)
[junit] 	at java.base/jdk.internal.reflect.DelegatingMethodAccessorImpl.invoke(DelegatingMethodAccessorImpl.java:43)
[junit] 	at java.base/java.util.concurrent.FutureTask.run(FutureTask.java:264)
[junit] 	at java.base/java.lang.Thread.run(Thread.java:840)
[junit]
[junit] Test TestByteVector FAILED

BUILD SUCCESSFUL
Total time: 1 second
  "
1606,mutants/mp/354/119/00000013/CharRange.java,b77f4715d01f4f32efdeeecde36b4a1c,mutants/mp/354/119/00000013/CharRange.class,0,354,101,1,1,ASSUMED_NO,1284,0,2026-02-03 13:09:07,3,191,"[junit] Testcase: test took 0.012 sec
[junit] expected:<873> but was:<875>
[junit] junit.framework.AssertionFailedError: expected:<873> but was:<875>
[junit] 	at TestCharRange.test(TestCharRange.java:12)
[junit] 	at java.base/jdk.internal.reflect.NativeMethodAccessorImpl.invoke0(Native Method)
[junit] 	at java.base/jdk.internal.reflect.NativeMethodAccessorImpl.invoke(NativeMethodAccessorImpl.java:77)
[junit] 	at java.base/jdk.internal.reflect.DelegatingMethodAccessorImpl.invoke(DelegatingMethodAccessorImpl.java:43)
[junit] 	at java.base/java.util.concurrent.FutureTask.run(FutureTask.java:264)
[junit] 	at java.base/java.lang.Thread.run(Thread.java:840)
"
1607,mutants/mp/352/123/00000017/CharRange.java,bef22e0c8013f379f34bf15166fdf48b,mutants/mp/352/123/00000017/CharRange.class,1,352,101,1,,ASSUMED_NO,1290,0,2026-02-03 13:09:08,1,204,
1608,mutants/mp/350/125/00000025/ByteVector.java,0f6525624459144c3efd5f04504caef9,mutants/mp/350/125/00000025/ByteVector.class,0,350,100,1,1,ASSUMED_NO,1292,0,2026-02-03 13:09:11,1,258,"Buildfile: /srv/codedefenders-class-2026/build.xml

test-mutant:
[junit] Running TestByteVector
[junit] Testsuite: TestByteVector
[junit] Tests run: 1, Failures: 0, Errors: 1, Skipped: 0, Time elapsed: 0.023 sec
[junit] Tests run: 1, Failures: 0, Errors: 1, Skipped: 0, Time elapsed: 0.023 sec
[junit]
[junit] Testcase: test took 0.009 sec
[junit] 	Caused an ERROR
[junit] arraycopy: last source index 3 out of bounds for byte[1]
[junit] java.lang.ArrayIndexOutOfBoundsException: arraycopy: last source index 3 out of bounds for byte[1]
[junit] 	at java.base/java.lang.System.arraycopy(Native Method)
[junit] 	at ByteVector.enlarge(ByteVector.java:258)
[junit] 	at ByteVector.putByte(ByteVector.java:46)
[junit] 	at TestByteVector.test(TestByteVector.java:13)
[junit] 	at java.base/jdk.internal.reflect.NativeMethodAccessorImpl.invoke0(Native Method)
[junit] 	at java.base/jdk.internal.reflect.NativeMethodAccessorImpl.invoke(NativeMethodAccessorImpl.java:77)
[junit] 	at java.base/jdk.internal.reflect.DelegatingMethodAccessorImpl.invoke(DelegatingMethodAccessorImpl.java:43)
[junit] 	at java.base/java.util.concurrent.FutureTask.run(FutureTask.java:264)
[junit] 	at java.base/java.lang.Thread.run(Thread.java:840)
[junit]
[junit] Test TestByteVector FAILED

BUILD SUCCESSFUL
Total time: 1 second
  "
1609,mutants/mp/348/5/00000010/CharRange.java,e882f67faaa307faf64bac01e3ba9eff,mutants/mp/348/5/00000010/CharRange.class,0,348,101,1,1,ASSUMED_NO,1294,0,2026-02-03 13:09:12,6,"153,155,158,160","[junit] Testcase: test took 0.011 sec
[junit] null
[junit] junit.framework.AssertionFailedError
[junit] 	at TestCharRange.test(TestCharRange.java:12)
[junit] 	at java.base/jdk.internal.reflect.NativeMethodAccessorImpl.invoke0(Native Method)
[junit] 	at java.base/jdk.internal.reflect.NativeMethodAccessorImpl.invoke(NativeMethodAccessorImpl.java:77)
[junit] 	at java.base/jdk.internal.reflect.DelegatingMethodAccessorImpl.invoke(DelegatingMethodAccessorImpl.java:43)
[junit] 	at java.base/java.util.concurrent.FutureTask.run(FutureTask.java:264)
[junit] 	at java.base/java.lang.Thread.run(Thread.java:840)
"
1610,mutants/mp/355/5/00000011/ByteVector.java,0ab31d258e65cb1090ebd4124fdae318,mutants/mp/355/5/00000011/ByteVector.class,1,355,100,1,,ASSUMED_NO,1295,0,2026-02-03 13:09:17,2,"185,191,193,208,210",
1611,mutants/mp/352/123/00000018/CharRange.java,ba381827471c0aab34b7af2aaa6aed3e,mutants/mp/352/123/00000018/CharRange.class,1,352,101,1,,ASSUMED_NO,1290,0,2026-02-03 13:09:21,1,206,
1612,mutants/mp/350/125/00000026/ByteVector.java,9c69e6d87fbc7e0dbab1addef209fc04,,0,350,100,1,,ASSUMED_NO,1292,0,2026-02-03 13:09:27,0,208,
1613,mutants/mp/353/5/00000012/ByteVector.java,b6103e75cc0e23155a7c8bd7e9ccf5a0,mutants/mp/353/5/00000012/ByteVector.class,1,353,100,1,,ASSUMED_NO,1297,0,2026-02-03 13:09:32,11,"185,186,191,193,208,209,210",
1614,mutants/mp/347/117/00000014/ByteVector.java,43359d834e8a0a7e7de4fcadd7ad92ad,mutants/mp/347/117/00000014/ByteVector.class,0,347,100,1,1,ASSUMED_NO,1281,0,2026-02-03 13:09:34,0,143,"Buildfile: /srv/codedefenders-class-2026/build.xml

test-mutant:
[junit] Running TestByteVector
[junit] Testsuite: TestByteVector
[junit] Tests run: 1, Failures: 0, Errors: 1, Skipped: 0, Time elapsed: 0.019 sec
[junit] Tests run: 1, Failures: 0, Errors: 1, Skipped: 0, Time elapsed: 0.019 sec
[junit]
[junit] Testcase: test took 0.008 sec
[junit] 	Caused an ERROR
[junit] Index 7 out of bounds for length 7
[junit] java.lang.ArrayIndexOutOfBoundsException: Index 7 out of bounds for length 7
[junit] 	at ByteVector.putLong(ByteVector.java:156)
[junit] 	at TestByteVector.test(TestByteVector.java:11)
[junit] 	at java.base/jdk.internal.reflect.NativeMethodAccessorImpl.invoke0(Native Method)
[junit] 	at java.base/jdk.internal.reflect.NativeMethodAccessorImpl.invoke(NativeMethodAccessorImpl.java:77)
[junit] 	at java.base/jdk.internal.reflect.DelegatingMethodAccessorImpl.invoke(DelegatingMethodAccessorImpl.java:43)
[junit] 	at java.base/java.util.concurrent.FutureTask.run(FutureTask.java:264)
[junit] 	at java.base/java.lang.Thread.run(Thread.java:840)
[junit]
[junit] Test TestByteVector FAILED

BUILD SUCCESSFUL
Total time: 0 seconds
  "
1615,mutants/mp/352/123/00000019/CharRange.java,160f1ac3293bcbb194799f55bb9b2cb8,,0,352,101,1,,ASSUMED_NO,1290,0,2026-02-03 13:09:40,0,35,
1616,mutants/mp/348/5/00000011/CharRange.java,61af67c46ba96b77313222a0bc240064,mutants/mp/348/5/00000011/CharRange.class,0,348,101,1,1,ASSUMED_NO,1294,0,2026-02-03 13:09:42,0,"153,155,158,160","[junit] Testcase: test took 0.007 sec
[junit] null
[junit] junit.framework.AssertionFailedError
[junit] 	at TestCharRange.test(TestCharRange.java:11)
[junit] 	at java.base/jdk.internal.reflect.NativeMethodAccessorImpl.invoke0(Native Method)
[junit] 	at java.base/jdk.internal.reflect.NativeMethodAccessorImpl.invoke(NativeMethodAccessorImpl.java:77)
[junit] 	at java.base/jdk.internal.reflect.DelegatingMethodAccessorImpl.invoke(DelegatingMethodAccessorImpl.java:43)
[junit] 	at java.base/java.util.concurrent.FutureTask.run(FutureTask.java:264)
[junit] 	at java.base/java.lang.Thread.run(Thread.java:840)
"
1617,mutants/mp/350/125/00000027/ByteVector.java,b6556619241d823acf39c9087729f718,mutants/mp/350/125/00000027/ByteVector.class,1,350,100,1,,ASSUMED_NO,1292,0,2026-02-03 13:09:42,2,102,
1618,mutants/mp/355/5/00000012/ByteVector.java,dd33dd5049412d8dec536afa11b5c099,mutants/mp/355/5/00000012/ByteVector.class,1,355,100,1,,ASSUMED_NO,1295,0,2026-02-03 13:09:46,2,"185,191,193,199,208,210,219",
1619,mutants/mp/352/123/00000020/CharRange.java,c0dbeb58ffe1d7ee156195a986fcf758,mutants/mp/352/123/00000020/CharRange.class,1,352,101,1,,ASSUMED_NO,1290,0,2026-02-03 13:09:50,1,35,
1620,mutants/mp/350/125/00000028/ByteVector.java,e78a0388ece5dd5c14486668bb3fa011,mutants/mp/350/125/00000028/ByteVector.class,1,350,100,1,,ASSUMED_NO,1292,0,2026-02-03 13:09:58,2,"107,108",
1621,mutants/mp/347/117/00000015/ByteVector.java,d56368141160840f7e6bd4d242f41c65,mutants/mp/347/117/00000015/ByteVector.class,0,347,100,1,1,ASSUMED_NO,1281,0,2026-02-03 13:10:01,0,"148,150","[junit] Testcase: test took 0.011 sec
[junit] arrays first differed at element [0]; expected:<1> but was:<2>
[junit] junit.framework.AssertionFailedError: arrays first differed at element [0]; expected:<1> but was:<2>
[junit] 	at TestByteVector.test(TestByteVector.java:13)
[junit] 	at java.base/jdk.internal.reflect.NativeMethodAccessorImpl.invoke0(Native Method)
[junit] 	at java.base/jdk.internal.reflect.NativeMethodAccessorImpl.invoke(NativeMethodAccessorImpl.java:77)
[junit] 	at java.base/jdk.internal.reflect.DelegatingMethodAccessorImpl.invoke(DelegatingMethodAccessorImpl.java:43)
[junit] 	at java.base/java.util.concurrent.FutureTask.run(FutureTask.java:264)
[junit] 	at java.base/java.lang.Thread.run(Thread.java:840)
[junit] Caused by: java.lang.AssertionError: expected:<1> but was:<2>
"
1622,mutants/mp/352/123/00000021/CharRange.java,03802e582c4a3d4edd8cd4b36f076fe5,mutants/mp/352/123/00000021/CharRange.class,1,352,101,1,,ASSUMED_NO,1290,0,2026-02-03 13:10:02,1,36,
1623,mutants/mp/353/5/00000013/ByteVector.java,d413620e7f3dca1160011ce4354662f4,mutants/mp/353/5/00000013/ByteVector.class,0,353,100,1,1,ASSUMED_NO,1297,0,2026-02-03 13:10:02,10,"185,191,193,208,210,222","[junit] Testcase: test took 0.013 sec
[junit] expected:<3> but was:<4>
[junit] junit.framework.AssertionFailedError: expected:<3> but was:<4>
[junit] 	at TestByteVector.test(TestByteVector.java:12)
[junit] 	at java.base/jdk.internal.reflect.NativeMethodAccessorImpl.invoke0(Native Method)
[junit] 	at java.base/jdk.internal.reflect.NativeMethodAccessorImpl.invoke(NativeMethodAccessorImpl.java:77)
[junit] 	at java.base/jdk.internal.reflect.DelegatingMethodAccessorImpl.invoke(DelegatingMethodAccessorImpl.java:43)
[junit] 	at java.base/java.util.concurrent.FutureTask.run(FutureTask.java:264)
[junit] 	at java.base/java.lang.Thread.run(Thread.java:840)
"
1624,mutants/mp/349/121/00000002/CharRange.java,65cacf2988e1ed0ce04a1985b15bae6d,mutants/mp/349/121/00000002/CharRange.class,0,349,101,1,1,ASSUMED_NO,1291,0,2026-02-03 13:10:03,2,66,"[junit] Testcase: test took 0.013 sec
[junit] expected:<97> but was:<126>
[junit] junit.framework.AssertionFailedError: expected:<97> but was:<126>
[junit] 	at TestCharRange.test(TestCharRange.java:13)
[junit] 	at java.base/jdk.internal.reflect.NativeMethodAccessorImpl.invoke0(Native Method)
[junit] 	at java.base/jdk.internal.reflect.NativeMethodAccessorImpl.invoke(NativeMethodAccessorImpl.java:77)
[junit] 	at java.base/jdk.internal.reflect.DelegatingMethodAccessorImpl.invoke(DelegatingMethodAccessorImpl.java:43)
[junit] 	at java.base/java.util.concurrent.FutureTask.run(FutureTask.java:264)
[junit] 	at java.base/java.lang.Thread.run(Thread.java:840)
"
1625,mutants/mp/350/125/00000029/ByteVector.java,3b31a5eec7a076abe4a8bd4cb6ea14a0,mutants/mp/350/125/00000029/ByteVector.class,0,350,100,1,1,ASSUMED_NO,1292,0,2026-02-03 13:10:08,1,"45,46,47,48,49","[junit] Testcase: test took 0.011 sec
[junit] expected:<2> but was:<1>
[junit] junit.framework.AssertionFailedError: expected:<2> but was:<1>
[junit] 	at TestByteVector.test(TestByteVector.java:15)
[junit] 	at java.base/jdk.internal.reflect.NativeMethodAccessorImpl.invoke0(Native Method)
[junit] 	at java.base/jdk.internal.reflect.NativeMethodAccessorImpl.invoke(NativeMethodAccessorImpl.java:77)
[junit] 	at java.base/jdk.internal.reflect.DelegatingMethodAccessorImpl.invoke(DelegatingMethodAccessorImpl.java:43)
[junit] 	at java.base/java.util.concurrent.FutureTask.run(FutureTask.java:264)
[junit] 	at java.base/java.lang.Thread.run(Thread.java:840)
"
1626,mutants/mp/354/119/00000014/CharRange.java,6c1ebf0c7a8c7f5eaa52ac4c0e628c20,mutants/mp/354/119/00000014/CharRange.class,0,354,101,1,1,ASSUMED_NO,1284,0,2026-02-03 13:10:11,0,136,"[junit] Testcase: test took 0.016 sec
[junit] null
[junit] junit.framework.AssertionFailedError
[junit] 	at TestCharRange.test(TestCharRange.java:12)
[junit] 	at java.base/jdk.internal.reflect.NativeMethodAccessorImpl.invoke0(Native Method)
[junit] 	at java.base/jdk.internal.reflect.NativeMethodAccessorImpl.invoke(NativeMethodAccessorImpl.java:77)
[junit] 	at java.base/jdk.internal.reflect.DelegatingMethodAccessorImpl.invoke(DelegatingMethodAccessorImpl.java:43)
[junit] 	at java.base/java.util.concurrent.FutureTask.run(FutureTask.java:264)
[junit] 	at java.base/java.lang.Thread.run(Thread.java:840)
"
1627,mutants/mp/348/5/00000012/CharRange.java,8e067efadbddc95da6d5efff5f95ba09,mutants/mp/348/5/00000012/CharRange.class,0,348,101,1,1,ASSUMED_NO,1294,0,2026-02-03 13:10:12,7,54,"[junit] Testcase: test took 0.011 sec
[junit] expected:<97> but was:<98>
[junit] junit.framework.AssertionFailedError: expected:<97> but was:<98>
[junit] 	at TestCharRange.test(TestCharRange.java:12)
[junit] 	at java.base/jdk.internal.reflect.NativeMethodAccessorImpl.invoke0(Native Method)
[junit] 	at java.base/jdk.internal.reflect.NativeMethodAccessorImpl.invoke(NativeMethodAccessorImpl.java:77)
[junit] 	at java.base/jdk.internal.reflect.DelegatingMethodAccessorImpl.invoke(DelegatingMethodAccessorImpl.java:43)
[junit] 	at java.base/java.util.concurrent.FutureTask.run(FutureTask.java:264)
[junit] 	at java.base/java.lang.Thread.run(Thread.java:840)
"
1628,mutants/mp/352/123/00000022/CharRange.java,86dd3985f6ec614aed0b430d55d04100,mutants/mp/352/123/00000022/CharRange.class,1,352,101,1,,ASSUMED_NO,1290,0,2026-02-03 13:10:13,1,37,
1629,mutants/mp/355/5/00000013/ByteVector.java,f611c0179b31f0562132b7f51bad31ac,mutants/mp/355/5/00000013/ByteVector.class,0,355,100,1,1,ASSUMED_NO,1295,0,2026-02-03 13:10:17,1,"185,186,191,193,208,209,210","[junit] Testcase: test took 0.016 sec
[junit] arrays first differed at element [2]; expected:<97> but was:<96>
[junit] junit.framework.AssertionFailedError: arrays first differed at element [2]; expected:<97> but was:<96>
[junit] 	at TestByteVector.test(TestByteVector.java:13)
[junit] 	at java.base/jdk.internal.reflect.NativeMethodAccessorImpl.invoke0(Native Method)
[junit] 	at java.base/jdk.internal.reflect.NativeMethodAccessorImpl.invoke(NativeMethodAccessorImpl.java:77)
[junit] 	at java.base/jdk.internal.reflect.DelegatingMethodAccessorImpl.invoke(DelegatingMethodAccessorImpl.java:43)
[junit] 	at java.base/java.util.concurrent.FutureTask.run(FutureTask.java:264)
[junit] 	at java.base/java.lang.Thread.run(Thread.java:840)
[junit] Caused by: java.lang.AssertionError: expected:<97> but was:<96>
"
1630,mutants/mp/350/125/00000030/ByteVector.java,ccb93ffd329d0af661ce1ababf289ff1,mutants/mp/350/125/00000030/ByteVector.class,0,350,100,1,1,ASSUMED_NO,1292,0,2026-02-03 13:10:18,1,"63,64,65,66,67,68,69","[junit] Testcase: test took 0.011 sec
[junit] expected:<1> but was:<0>
[junit] junit.framework.AssertionFailedError: expected:<1> but was:<0>
[junit] 	at TestByteVector.test(TestByteVector.java:12)
[junit] 	at java.base/jdk.internal.reflect.NativeMethodAccessorImpl.invoke0(Native Method)
[junit] 	at java.base/jdk.internal.reflect.NativeMethodAccessorImpl.invoke(NativeMethodAccessorImpl.java:77)
[junit] 	at java.base/jdk.internal.reflect.DelegatingMethodAccessorImpl.invoke(DelegatingMethodAccessorImpl.java:43)
[junit] 	at java.base/java.util.concurrent.FutureTask.run(FutureTask.java:264)
[junit] 	at java.base/java.lang.Thread.run(Thread.java:840)
"
1631,mutants/mp/352/123/00000023/CharRange.java,5caf53ef0939026ad41d564e068fc8ac,mutants/mp/352/123/00000023/CharRange.class,1,352,101,1,,ASSUMED_NO,1290,0,2026-02-03 13:10:24,4,40,
1632,mutants/mp/350/125/00000031/ByteVector.java,ee1556fd63dd699c7e375ade23299072,mutants/mp/350/125/00000031/ByteVector.class,0,350,100,1,1,ASSUMED_NO,1292,0,2026-02-03 13:10:30,1,"102,103,104,105,106,107,108,109","[junit] Testcase: test took 0.012 sec
[junit] expected:<6> but was:<1>
[junit] junit.framework.AssertionFailedError: expected:<6> but was:<1>
[junit] 	at TestByteVector.test(TestByteVector.java:14)
[junit] 	at java.base/jdk.internal.reflect.NativeMethodAccessorImpl.invoke0(Native Method)
[junit] 	at java.base/jdk.internal.reflect.NativeMethodAccessorImpl.invoke(NativeMethodAccessorImpl.java:77)
[junit] 	at java.base/jdk.internal.reflect.DelegatingMethodAccessorImpl.invoke(DelegatingMethodAccessorImpl.java:43)
[junit] 	at java.base/java.util.concurrent.FutureTask.run(FutureTask.java:264)
[junit] 	at java.base/java.lang.Thread.run(Thread.java:840)
"
1633,mutants/mp/349/121/00000003/CharRange.java,89c5f8a86a1621117d48718a41ba0c7e,mutants/mp/349/121/00000003/CharRange.class,0,349,101,1,1,ASSUMED_NO,1291,0,2026-02-03 13:10:30,2,66,"[junit] Testcase: test took 0.026 sec
[junit] expected:<97> but was:<126>
[junit] junit.framework.AssertionFailedError: expected:<97> but was:<126>
[junit] 	at TestCharRange.test(TestCharRange.java:13)
[junit] 	at java.base/jdk.internal.reflect.NativeMethodAccessorImpl.invoke0(Native Method)
[junit] 	at java.base/jdk.internal.reflect.NativeMethodAccessorImpl.invoke(NativeMethodAccessorImpl.java:77)
[junit] 	at java.base/jdk.internal.reflect.DelegatingMethodAccessorImpl.invoke(DelegatingMethodAccessorImpl.java:43)
[junit] 	at java.base/java.util.concurrent.FutureTask.run(FutureTask.java:264)
[junit] 	at java.base/java.lang.Thread.run(Thread.java:840)
"
1634,mutants/mp/352/123/00000024/CharRange.java,af39ed3fb7eed6d362fc1c05195b7517,mutants/mp/352/123/00000024/CharRange.class,0,352,101,1,1,ASSUMED_NO,1290,0,2026-02-03 13:10:31,3,41,"[junit] Testcase: test took 0.01 sec
[junit] The end character should be 'z' expected:<122> but was:<97>
[junit] junit.framework.AssertionFailedError: The end character should be 'z' expected:<122> but was:<97>
[junit] 	at TestCharRange.test(TestCharRange.java:13)
[junit] 	at java.base/jdk.internal.reflect.NativeMethodAccessorImpl.invoke0(Native Method)
[junit] 	at java.base/jdk.internal.reflect.NativeMethodAccessorImpl.invoke(NativeMethodAccessorImpl.java:77)
[junit] 	at java.base/jdk.internal.reflect.DelegatingMethodAccessorImpl.invoke(DelegatingMethodAccessorImpl.java:43)
[junit] 	at java.base/java.util.concurrent.FutureTask.run(FutureTask.java:264)
[junit] 	at java.base/java.lang.Thread.run(Thread.java:840)
"
1635,mutants/mp/347/117/00000016/ByteVector.java,59633af6a32d8ec6a669c693072694b1,mutants/mp/347/117/00000016/ByteVector.class,0,347,100,1,1,ASSUMED_YES,1281,0,2026-02-03 13:10:32,0,171,
1636,mutants/mp/353/5/00000014/ByteVector.java,a44e216b4fbe2809d8dcf374aa022c68,mutants/mp/353/5/00000014/ByteVector.class,1,353,100,1,,ASSUMED_NO,1297,0,2026-02-03 13:10:33,13,"182,185,186,191,193,200,208,209,210",
1637,mutants/mp/349/121/00000004/CharRange.java,087daf87956ffb6efdfba4d21f48a005,mutants/mp/349/121/00000004/CharRange.class,0,349,101,1,1,ASSUMED_NO,1291,0,2026-02-03 13:10:37,0,54,"[junit] Testcase: test took 0.01 sec
[junit] expected:<97> but was:<126>
[junit] junit.framework.AssertionFailedError: expected:<97> but was:<126>
[junit] 	at TestCharRange.test(TestCharRange.java:13)
[junit] 	at java.base/jdk.internal.reflect.NativeMethodAccessorImpl.invoke0(Native Method)
[junit] 	at java.base/jdk.internal.reflect.NativeMethodAccessorImpl.invoke(NativeMethodAccessorImpl.java:77)
[junit] 	at java.base/jdk.internal.reflect.DelegatingMethodAccessorImpl.invoke(DelegatingMethodAccessorImpl.java:43)
[junit] 	at java.base/java.util.concurrent.FutureTask.run(FutureTask.java:264)
[junit] 	at java.base/java.lang.Thread.run(Thread.java:840)
"
1638,mutants/mp/352/123/00000025/CharRange.java,016caa57d79f8298f155af365c343652,mutants/mp/352/123/00000025/CharRange.class,0,352,101,1,1,ASSUMED_NO,1290,0,2026-02-03 13:10:39,1,42,"[junit] Testcase: test took 0.015 sec
[junit] Expected isNegated to be false expected:<false> but was:<true>
[junit] junit.framework.AssertionFailedError: Expected isNegated to be false expected:<false> but was:<true>
[junit] 	at TestCharRange.test(TestCharRange.java:13)
[junit] 	at java.base/jdk.internal.reflect.NativeMethodAccessorImpl.invoke0(Native Method)
[junit] 	at java.base/jdk.internal.reflect.NativeMethodAccessorImpl.invoke(NativeMethodAccessorImpl.java:77)
[junit] 	at java.base/jdk.internal.reflect.DelegatingMethodAccessorImpl.invoke(DelegatingMethodAccessorImpl.java:43)
[junit] 	at java.base/java.util.concurrent.FutureTask.run(FutureTask.java:264)
[junit] 	at java.base/java.lang.Thread.run(Thread.java:840)
"
1639,mutants/mp/350/125/00000032/ByteVector.java,c8c96a1f76cda0ecaa66a31551fb58e8,mutants/mp/350/125/00000032/ByteVector.class,1,350,100,1,,ASSUMED_NO,1292,0,2026-02-03 13:10:40,1,"122,123,124,125,126,127,128,129,130",
1640,mutants/mp/355/5/00000014/ByteVector.java,c1e4d015520bc66911766babac1bb60d,mutants/mp/355/5/00000014/ByteVector.class,0,355,100,1,1,ASSUMED_NO,1295,0,2026-02-03 13:10:47,1,"182,185,191,193,200,208,210","[junit] Testcase: test took 0.014 sec
[junit] arrays first differed at element [1]; expected:<3> but was:<4>
[junit] junit.framework.AssertionFailedError: arrays first differed at element [1]; expected:<3> but was:<4>
[junit] 	at TestByteVector.test(TestByteVector.java:13)
[junit] 	at java.base/jdk.internal.reflect.NativeMethodAccessorImpl.invoke0(Native Method)
[junit] 	at java.base/jdk.internal.reflect.NativeMethodAccessorImpl.invoke(NativeMethodAccessorImpl.java:77)
[junit] 	at java.base/jdk.internal.reflect.DelegatingMethodAccessorImpl.invoke(DelegatingMethodAccessorImpl.java:43)
[junit] 	at java.base/java.util.concurrent.FutureTask.run(FutureTask.java:264)
[junit] 	at java.base/java.lang.Thread.run(Thread.java:840)
[junit] Caused by: java.lang.AssertionError: expected:<3> but was:<4>
"
1641,mutants/mp/354/119/00000015/CharRange.java,1796c87dbe2f4bb9ba787aa4f54e51bd,mutants/mp/354/119/00000015/CharRange.class,1,354,101,1,,ASSUMED_NO,1284,0,2026-02-03 13:10:49,9,158,
1642,mutants/mp/350/125/00000033/ByteVector.java,e996882d91691d9f34487c93941304a6,,0,350,100,1,,ASSUMED_NO,1292,0,2026-02-03 13:10:49,0,89,
1643,mutants/mp/349/121/00000005/CharRange.java,f045b127a0cb157678563a50640d111d,mutants/mp/349/121/00000005/CharRange.class,0,349,101,1,1,ASSUMED_NO,1291,0,2026-02-03 13:10:52,0,54,"[junit] Testcase: test took 0.007 sec
[junit] expected:<97> but was:<1>
[junit] junit.framework.AssertionFailedError: expected:<97> but was:<1>
[junit] 	at TestCharRange.test(TestCharRange.java:12)
[junit] 	at java.base/jdk.internal.reflect.NativeMethodAccessorImpl.invoke0(Native Method)
[junit] 	at java.base/jdk.internal.reflect.NativeMethodAccessorImpl.invoke(NativeMethodAccessorImpl.java:77)
[junit] 	at java.base/jdk.internal.reflect.DelegatingMethodAccessorImpl.invoke(DelegatingMethodAccessorImpl.java:43)
[junit] 	at java.base/java.util.concurrent.FutureTask.run(FutureTask.java:264)
[junit] 	at java.base/java.lang.Thread.run(Thread.java:840)
"
1644,mutants/mp/347/117/00000017/ByteVector.java,50418e230067a78faa9c937521e1d6b6,mutants/mp/347/117/00000017/ByteVector.class,0,347,100,1,1,ASSUMED_NO,1281,0,2026-02-03 13:10:54,8,257,"Buildfile: /srv/codedefenders-class-2026/build.xml

test-mutant:
[junit] Running TestByteVector
[junit] Testsuite: TestByteVector
[junit] Tests run: 1, Failures: 0, Errors: 1, Skipped: 0, Time elapsed: 0.02 sec
[junit] Tests run: 1, Failures: 0, Errors: 1, Skipped: 0, Time elapsed: 0.02 sec
[junit]
[junit] Testcase: test took 0.008 sec
[junit] 	Caused an ERROR
[junit] arraycopy: last destination index 5 out of bounds for byte[4]
[junit] java.lang.ArrayIndexOutOfBoundsException: arraycopy: last destination index 5 out of bounds for byte[4]
[junit] 	at java.base/java.lang.System.arraycopy(Native Method)
[junit] 	at ByteVector.putByteArray(ByteVector.java:242)
[junit] 	at TestByteVector.test(TestByteVector.java:12)
[junit] 	at java.base/jdk.internal.reflect.NativeMethodAccessorImpl.invoke0(Native Method)
[junit] 	at java.base/jdk.internal.reflect.NativeMethodAccessorImpl.invoke(NativeMethodAccessorImpl.java:77)
[junit] 	at java.base/jdk.internal.reflect.DelegatingMethodAccessorImpl.invoke(DelegatingMethodAccessorImpl.java:43)
[junit] 	at java.base/java.util.concurrent.FutureTask.run(FutureTask.java:264)
[junit] 	at java.base/java.lang.Thread.run(Thread.java:840)
[junit]
[junit] Test TestByteVector FAILED

BUILD SUCCESSFUL
Total time: 1 second
  "
1645,mutants/mp/348/5/00000013/CharRange.java,42fff302004f40975194a990791f557a,mutants/mp/348/5/00000013/CharRange.class,0,348,101,1,1,ASSUMED_NO,1294,0,2026-02-03 13:10:57,6,"153,155,158,160","[junit] Testcase: test took 0.01 sec
[junit] null
[junit] junit.framework.AssertionFailedError
[junit] 	at TestCharRange.test(TestCharRange.java:12)
[junit] 	at java.base/jdk.internal.reflect.NativeMethodAccessorImpl.invoke0(Native Method)
[junit] 	at java.base/jdk.internal.reflect.NativeMethodAccessorImpl.invoke(NativeMethodAccessorImpl.java:77)
[junit] 	at java.base/jdk.internal.reflect.DelegatingMethodAccessorImpl.invoke(DelegatingMethodAccessorImpl.java:43)
[junit] 	at java.base/java.util.concurrent.FutureTask.run(FutureTask.java:264)
[junit] 	at java.base/java.lang.Thread.run(Thread.java:840)
"
1646,mutants/mp/353/5/00000015/ByteVector.java,1b27d98d35dec3418c68adec10a94dd8,mutants/mp/353/5/00000015/ByteVector.class,0,353,100,1,1,ASSUMED_NO,1297,0,2026-02-03 13:10:58,0,"45,46,47","[junit] Testcase: test took 0.011 sec
[junit] expected:<64> but was:<128>
[junit] junit.framework.AssertionFailedError: expected:<64> but was:<128>
[junit] 	at TestByteVector.test(TestByteVector.java:12)
[junit] 	at java.base/jdk.internal.reflect.NativeMethodAccessorImpl.invoke0(Native Method)
[junit] 	at java.base/jdk.internal.reflect.NativeMethodAccessorImpl.invoke(NativeMethodAccessorImpl.java:77)
[junit] 	at java.base/jdk.internal.reflect.DelegatingMethodAccessorImpl.invoke(DelegatingMethodAccessorImpl.java:43)
[junit] 	at java.base/java.util.concurrent.FutureTask.run(FutureTask.java:264)
[junit] 	at java.base/java.lang.Thread.run(Thread.java:840)
"
1647,mutants/mp/350/125/00000034/ByteVector.java,4c61cd18c48a14eed164ffe0df6bbb0b,,0,350,100,1,,ASSUMED_NO,1292,0,2026-02-03 13:11:00,0,70,
1648,mutants/mp/351/115/00000021/ByteVector.java,b212ac8b48263b366ec12338b7ed66b5,mutants/mp/351/115/00000021/ByteVector.class,1,351,100,1,,ASSUMED_NO,1287,0,2026-02-03 13:11:05,4,257,
1649,mutants/mp/352/123/00000026/CharRange.java,f74a212ed30ff676dc2b2cf382bcc5ba,mutants/mp/352/123/00000026/CharRange.class,1,352,101,1,,ASSUMED_NO,1290,0,2026-02-03 13:11:15,1,66,
1650,mutants/mp/355/5/00000015/ByteVector.java,23c463fb933f1141539504e60b1a1586,mutants/mp/355/5/00000015/ByteVector.class,1,355,100,1,,ASSUMED_NO,1295,0,2026-02-03 13:11:17,2,"185,191,193,199,208,210",
1651,mutants/mp/349/121/00000006/CharRange.java,28bc246d67243f8a6f3d699b1b8732c9,mutants/mp/349/121/00000006/CharRange.class,0,349,101,1,1,ASSUMED_YES,1291,0,2026-02-03 13:11:22,0,54,
1652,mutants/mp/350/125/00000035/ByteVector.java,1647670a188e797e940a9bf9cf7a82b3,mutants/mp/350/125/00000035/ByteVector.class,1,350,100,1,,ASSUMED_NO,1292,0,2026-02-03 13:11:27,1,"143,144,145,146,147,148,149,150,151,152,153,154,155,156,157",
1653,mutants/mp/348/5/00000014/CharRange.java,f59710e9c9ce5400cb2100f36483ba58,mutants/mp/348/5/00000014/CharRange.class,0,348,101,1,1,ASSUMED_NO,1294,0,2026-02-03 13:11:27,8,66,"[junit] Testcase: test took 0.009 sec
[junit] expected:<96> but was:<97>
[junit] junit.framework.AssertionFailedError: expected:<96> but was:<97>
[junit] 	at TestCharRange.test(TestCharRange.java:12)
[junit] 	at java.base/jdk.internal.reflect.NativeMethodAccessorImpl.invoke0(Native Method)
[junit] 	at java.base/jdk.internal.reflect.NativeMethodAccessorImpl.invoke(NativeMethodAccessorImpl.java:77)
[junit] 	at java.base/jdk.internal.reflect.DelegatingMethodAccessorImpl.invoke(DelegatingMethodAccessorImpl.java:43)
[junit] 	at java.base/java.util.concurrent.FutureTask.run(FutureTask.java:264)
[junit] 	at java.base/java.lang.Thread.run(Thread.java:840)
"
1654,mutants/mp/349/121/00000007/CharRange.java,2031fbde1f554b8ae12b2d85fdcb32f3,mutants/mp/349/121/00000007/CharRange.class,0,349,101,1,1,ASSUMED_YES,1291,0,2026-02-03 13:11:30,0,54,
1655,mutants/mp/353/5/00000016/ByteVector.java,d6e462db7f08dd3a167c84331791bd73,mutants/mp/353/5/00000016/ByteVector.class,1,353,100,1,,ASSUMED_NO,1297,0,2026-02-03 13:11:32,11,"185,191,193,208,210,216",
1656,mutants/mp/349/121/00000008/CharRange.java,b4a8b086edd5f68aafbfe30abd86f6d1,mutants/mp/349/121/00000008/CharRange.class,1,349,101,1,,ASSUMED_NO,1291,0,2026-02-03 13:11:37,5,66,
1657,mutants/mp/352/123/00000027/CharRange.java,becd956547b248837da78cada547836a,mutants/mp/352/123/00000027/CharRange.class,1,352,101,1,,ASSUMED_NO,1290,0,2026-02-03 13:11:45,1,66,
1658,mutants/mp/351/115/00000022/ByteVector.java,c7d116fc7f65fb41ff1621054b13ef9a,mutants/mp/351/115/00000022/ByteVector.class,0,351,100,1,1,ASSUMED_NO,1287,0,2026-02-03 13:11:50,2,82,"Buildfile: /srv/codedefenders-class-2026/build.xml

test-mutant:
[junit] Running TestByteVector
[junit] Testsuite: TestByteVector
[junit] Tests run: 1, Failures: 0, Errors: 1, Skipped: 0, Time elapsed: 0.019 sec
[junit] Tests run: 1, Failures: 0, Errors: 1, Skipped: 0, Time elapsed: 0.019 sec
[junit]
[junit] Testcase: test took 0.008 sec
[junit] 	Caused an ERROR
[junit] Index 1 out of bounds for length 1
[junit] java.lang.ArrayIndexOutOfBoundsException: Index 1 out of bounds for length 1
[junit] 	at ByteVector.putShort(ByteVector.java:87)
[junit] 	at TestByteVector.test(TestByteVector.java:13)
[junit] 	at java.base/jdk.internal.reflect.NativeMethodAccessorImpl.invoke0(Native Method)
[junit] 	at java.base/jdk.internal.reflect.NativeMethodAccessorImpl.invoke(NativeMethodAccessorImpl.java:77)
[junit] 	at java.base/jdk.internal.reflect.DelegatingMethodAccessorImpl.invoke(DelegatingMethodAccessorImpl.java:43)
[junit] 	at java.base/java.util.concurrent.FutureTask.run(FutureTask.java:264)
[junit] 	at java.base/java.lang.Thread.run(Thread.java:840)
[junit]
[junit] Test TestByteVector FAILED

BUILD SUCCESSFUL
Total time: 0 seconds
  "
1659,mutants/mp/350/125/00000036/ByteVector.java,749408ba143546cfeef014c11b77d46a,mutants/mp/350/125/00000036/ByteVector.class,1,350,100,1,,ASSUMED_NO,1292,0,2026-02-03 13:11:51,1,169,
1660,mutants/mp/353/5/00000017/ByteVector.java,368c5f001c8ac48666a896f865a85b93,mutants/mp/353/5/00000017/ByteVector.class,0,353,100,1,1,ASSUMED_NO,1297,0,2026-02-03 13:12:00,8,"185,191,193,208,210,222","[junit] Testcase: test took 0.013 sec
[junit] expected:<34> but was:<35>
[junit] junit.framework.AssertionFailedError: expected:<34> but was:<35>
[junit] 	at TestByteVector.test(TestByteVector.java:12)
[junit] 	at java.base/jdk.internal.reflect.NativeMethodAccessorImpl.invoke0(Native Method)
[junit] 	at java.base/jdk.internal.reflect.NativeMethodAccessorImpl.invoke(NativeMethodAccessorImpl.java:77)
[junit] 	at java.base/jdk.internal.reflect.DelegatingMethodAccessorImpl.invoke(DelegatingMethodAccessorImpl.java:43)
[junit] 	at java.base/java.util.concurrent.FutureTask.run(FutureTask.java:264)
[junit] 	at java.base/java.lang.Thread.run(Thread.java:840)
"
1661,mutants/mp/355/5/00000016/ByteVector.java,a27aa390b8f31bf1592ebca4eada4097,mutants/mp/355/5/00000016/ByteVector.class,1,355,100,1,,ASSUMED_NO,1295,0,2026-02-03 13:12:00,2,"185,186,191,193,208,209,210",
1662,mutants/mp/349/121/00000009/CharRange.java,e6104b50c108e421aed66035a7bd8f81,mutants/mp/349/121/00000009/CharRange.class,0,349,101,1,1,ASSUMED_NO,1291,0,2026-02-03 13:12:02,13,40,"[junit] Testcase: test took 0.012 sec
[junit] null
[junit] junit.framework.AssertionFailedError
[junit] 	at TestCharRange.test(TestCharRange.java:12)
[junit] 	at java.base/jdk.internal.reflect.NativeMethodAccessorImpl.invoke0(Native Method)
[junit] 	at java.base/jdk.internal.reflect.NativeMethodAccessorImpl.invoke(NativeMethodAccessorImpl.java:77)
[junit] 	at java.base/jdk.internal.reflect.DelegatingMethodAccessorImpl.invoke(DelegatingMethodAccessorImpl.java:43)
[junit] 	at java.base/java.util.concurrent.FutureTask.run(FutureTask.java:264)
[junit] 	at java.base/java.lang.Thread.run(Thread.java:840)
"
1663,mutants/mp/350/125/00000037/ByteVector.java,97ffb6f002c9c4ade8a8c5f832b4ca2f,mutants/mp/350/125/00000037/ByteVector.class,1,350,100,1,,ASSUMED_NO,1292,0,2026-02-03 13:12:08,1,211,
1664,mutants/mp/354/119/00000016/CharRange.java,b56783967772e00e2f1724d17d3769cc,mutants/mp/354/119/00000016/CharRange.class,1,354,101,1,,ASSUMED_NO,1284,0,2026-02-03 13:12:09,9,158,
1665,mutants/mp/348/5/00000015/CharRange.java,64767512bb64270c8128d4a38532e131,mutants/mp/348/5/00000015/CharRange.class,0,348,101,1,1,ASSUMED_NO,1294,0,2026-02-03 13:12:12,12,"153,155,158,160","[junit] Testcase: test took 0.013 sec
[junit] null
[junit] junit.framework.AssertionFailedError
[junit] 	at TestCharRange.test(TestCharRange.java:12)
[junit] 	at java.base/jdk.internal.reflect.NativeMethodAccessorImpl.invoke0(Native Method)
[junit] 	at java.base/jdk.internal.reflect.NativeMethodAccessorImpl.invoke(NativeMethodAccessorImpl.java:77)
[junit] 	at java.base/jdk.internal.reflect.DelegatingMethodAccessorImpl.invoke(DelegatingMethodAccessorImpl.java:43)
[junit] 	at java.base/java.util.concurrent.FutureTask.run(FutureTask.java:264)
[junit] 	at java.base/java.lang.Thread.run(Thread.java:840)
"
1666,mutants/mp/349/121/00000010/CharRange.java,9e463a356b09fc526264cd737cf888ec,mutants/mp/349/121/00000010/CharRange.class,1,349,101,1,,ASSUMED_NO,1291,0,2026-02-03 13:12:14,18,41,
1667,mutants/mp/352/123/00000028/CharRange.java,45c74e0bef9fbd33034bb08957b6819b,mutants/mp/352/123/00000028/CharRange.class,0,352,101,1,1,ASSUMED_NO,1290,0,2026-02-03 13:12:15,1,79,"[junit] Testcase: test took 0.012 sec
[junit] Expected isNegated to be false
[junit] junit.framework.AssertionFailedError: Expected isNegated to be false
[junit] 	at TestCharRange.test(TestCharRange.java:11)
[junit] 	at java.base/jdk.internal.reflect.NativeMethodAccessorImpl.invoke0(Native Method)
[junit] 	at java.base/jdk.internal.reflect.NativeMethodAccessorImpl.invoke(NativeMethodAccessorImpl.java:77)
[junit] 	at java.base/jdk.internal.reflect.DelegatingMethodAccessorImpl.invoke(DelegatingMethodAccessorImpl.java:43)
[junit] 	at java.base/java.util.concurrent.FutureTask.run(FutureTask.java:264)
[junit] 	at java.base/java.lang.Thread.run(Thread.java:840)
"
1668,mutants/mp/350/125/00000038/ByteVector.java,0015af78ccd79b189770607ec7c44c8e,mutants/mp/350/125/00000038/ByteVector.class,1,350,100,1,,ASSUMED_NO,1292,0,2026-02-03 13:12:20,1,213,
1669,mutants/mp/352/123/00000029/CharRange.java,1042641046cbae67dfa60c21a505e96e,mutants/mp/352/123/00000029/CharRange.class,0,352,101,1,1,ASSUMED_NO,1290,0,2026-02-03 13:12:23,1,92,"[junit] Testcase: test took 0.015 sec
[junit] Expected isNegated to be true
[junit] junit.framework.AssertionFailedError: Expected isNegated to be true
[junit] 	at TestCharRange.test(TestCharRange.java:13)
[junit] 	at java.base/jdk.internal.reflect.NativeMethodAccessorImpl.invoke0(Native Method)
[junit] 	at java.base/jdk.internal.reflect.NativeMethodAccessorImpl.invoke(NativeMethodAccessorImpl.java:77)
[junit] 	at java.base/jdk.internal.reflect.DelegatingMethodAccessorImpl.invoke(DelegatingMethodAccessorImpl.java:43)
[junit] 	at java.base/java.util.concurrent.FutureTask.run(FutureTask.java:264)
[junit] 	at java.base/java.lang.Thread.run(Thread.java:840)
"
1670,mutants/mp/347/117/00000018/ByteVector.java,1dc8d715897a4b7d19e2113d2094c169,mutants/mp/347/117/00000018/ByteVector.class,0,347,100,1,1,ASSUMED_NO,1281,0,2026-02-03 13:12:26,0,"67,68","[junit] Testcase: test took 0.009 sec
[junit] expected:<2> but was:<0>
[junit] junit.framework.AssertionFailedError: expected:<2> but was:<0>
[junit] 	at TestByteVector.test(TestByteVector.java:12)
[junit] 	at java.base/jdk.internal.reflect.NativeMethodAccessorImpl.invoke0(Native Method)
[junit] 	at java.base/jdk.internal.reflect.NativeMethodAccessorImpl.invoke(NativeMethodAccessorImpl.java:77)
[junit] 	at java.base/jdk.internal.reflect.DelegatingMethodAccessorImpl.invoke(DelegatingMethodAccessorImpl.java:43)
[junit] 	at java.base/java.util.concurrent.FutureTask.run(FutureTask.java:264)
[junit] 	at java.base/java.lang.Thread.run(Thread.java:840)
"
1671,mutants/mp/355/5/00000017/ByteVector.java,63ac753671ef210077cbff0ad4ede470,mutants/mp/355/5/00000017/ByteVector.class,1,355,100,1,,ASSUMED_NO,1295,0,2026-02-03 13:12:33,2,"185,191,193,208,210,219",
1672,mutants/mp/349/121/00000011/CharRange.java,c89fb854a0701ddc37a30a93bd5ca064,,0,349,101,1,,ASSUMED_NO,1291,0,2026-02-03 13:12:34,0,41,
1673,mutants/mp/350/125/00000039/ByteVector.java,2136dd1eb7dbecbadbe85bbfac5191f9,mutants/mp/350/125/00000039/ByteVector.class,1,350,100,1,,ASSUMED_NO,1292,0,2026-02-03 13:12:36,1,244,
1674,mutants/mp/351/115/00000023/ByteVector.java,bd9a9b082262a4bc64c8f83a251b3edd,,0,351,100,1,,ASSUMED_NO,1287,0,2026-02-03 13:12:37,0,50,
1675,mutants/mp/352/123/00000030/CharRange.java,1b2b6e5ef99afce4d5d866acc5a3d139,mutants/mp/352/123/00000030/CharRange.class,0,352,101,1,1,ASSUMED_NO,1290,0,2026-02-03 13:12:37,1,112,"[junit] Testcase: test took 0.01 sec
[junit] The end character should be 'z' expected:<122> but was:<97>
[junit] junit.framework.AssertionFailedError: The end character should be 'z' expected:<122> but was:<97>
[junit] 	at TestCharRange.test(TestCharRange.java:13)
[junit] 	at java.base/jdk.internal.reflect.NativeMethodAccessorImpl.invoke0(Native Method)
[junit] 	at java.base/jdk.internal.reflect.NativeMethodAccessorImpl.invoke(NativeMethodAccessorImpl.java:77)
[junit] 	at java.base/jdk.internal.reflect.DelegatingMethodAccessorImpl.invoke(DelegatingMethodAccessorImpl.java:43)
[junit] 	at java.base/java.util.concurrent.FutureTask.run(FutureTask.java:264)
[junit] 	at java.base/java.lang.Thread.run(Thread.java:840)
"
1676,mutants/mp/349/121/00000012/CharRange.java,449932412d822e52fab23fba628f0639,mutants/mp/349/121/00000012/CharRange.class,0,349,101,1,1,ASSUMED_NO,1291,0,2026-02-03 13:12:44,13,41,"[junit] Testcase: test took 0.01 sec
[junit] null
[junit] junit.framework.AssertionFailedError
[junit] 	at TestCharRange.test(TestCharRange.java:12)
[junit] 	at java.base/jdk.internal.reflect.NativeMethodAccessorImpl.invoke0(Native Method)
[junit] 	at java.base/jdk.internal.reflect.NativeMethodAccessorImpl.invoke(NativeMethodAccessorImpl.java:77)
[junit] 	at java.base/jdk.internal.reflect.DelegatingMethodAccessorImpl.invoke(DelegatingMethodAccessorImpl.java:43)
[junit] 	at java.base/java.util.concurrent.FutureTask.run(FutureTask.java:264)
[junit] 	at java.base/java.lang.Thread.run(Thread.java:840)
"
1677,mutants/mp/353/5/00000018/ByteVector.java,a53cd9833a192f3fe5082ad6392f549f,mutants/mp/353/5/00000018/ByteVector.class,1,353,100,1,,ASSUMED_NO,1297,0,2026-02-03 13:12:45,13,"181,182,185,191,193,208,210",
1678,mutants/mp/350/125/00000040/ByteVector.java,e23f7959f7245f12a4aea484b01b636f,mutants/mp/350/125/00000040/ByteVector.class,1,350,100,1,,ASSUMED_NO,1292,0,2026-02-03 13:12:48,1,181,
1679,mutants/mp/352/123/00000031/CharRange.java,c6d3b0d6373b21d2725924962c628315,mutants/mp/352/123/00000031/CharRange.class,1,352,101,1,,ASSUMED_NO,1290,0,2026-02-03 13:12:50,1,103,
1680,mutants/mp/347/117/00000019/ByteVector.java,908746f0518fadf5b3bef8c4b3faf795,mutants/mp/347/117/00000019/ByteVector.class,0,347,100,1,1,ASSUMED_NO,1281,0,2026-02-03 13:12:51,8,102,"[junit] Testcase: test took 0.011 sec
[junit] array lengths differed, expected.length=3 actual.length=6; arrays first differed at element [3]; expected:<end of array> but was:<0>
[junit] junit.framework.AssertionFailedError: array lengths differed, expected.length=3 actual.length=6; arrays first differed at element [3]; expected:<end of array> but was:<0>
[junit] 	at TestByteVector.test(TestByteVector.java:13)
[junit] 	at java.base/jdk.internal.reflect.NativeMethodAccessorImpl.invoke0(Native Method)
[junit] 	at java.base/jdk.internal.reflect.NativeMethodAccessorImpl.invoke(NativeMethodAccessorImpl.java:77)
[junit] 	at java.base/jdk.internal.reflect.DelegatingMethodAccessorImpl.invoke(DelegatingMethodAccessorImpl.java:43)
[junit] 	at java.base/java.util.concurrent.FutureTask.run(FutureTask.java:264)
[junit] 	at java.base/java.lang.Thread.run(Thread.java:840)
[junit] Caused by: java.lang.AssertionError: expected:<end of array> but was:<0>
"
1681,mutants/mp/349/121/00000013/CharRange.java,17d4a32f5692fa3beb1e84c384291736,mutants/mp/349/121/00000013/CharRange.class,0,349,101,1,1,ASSUMED_NO,1291,0,2026-02-03 13:12:56,13,40,"[junit] Testcase: test took 0.012 sec
[junit] null
[junit] junit.framework.AssertionFailedError
[junit] 	at TestCharRange.test(TestCharRange.java:13)
[junit] 	at java.base/jdk.internal.reflect.NativeMethodAccessorImpl.invoke0(Native Method)
[junit] 	at java.base/jdk.internal.reflect.NativeMethodAccessorImpl.invoke(NativeMethodAccessorImpl.java:77)
[junit] 	at java.base/jdk.internal.reflect.DelegatingMethodAccessorImpl.invoke(DelegatingMethodAccessorImpl.java:43)
[junit] 	at java.base/java.util.concurrent.FutureTask.run(FutureTask.java:264)
[junit] 	at java.base/java.lang.Thread.run(Thread.java:840)
"
1682,mutants/mp/348/5/00000016/CharRange.java,28a76f4bd73bebb6e496c30e35034125,mutants/mp/348/5/00000016/CharRange.class,0,348,101,1,1,ASSUMED_NO,1294,0,2026-02-03 13:12:58,0,"153,155,158,160","[junit] Testcase: test took 0.008 sec
[junit] null
[junit] junit.framework.AssertionFailedError
[junit] 	at TestCharRange.test(TestCharRange.java:11)
[junit] 	at java.base/jdk.internal.reflect.NativeMethodAccessorImpl.invoke0(Native Method)
[junit] 	at java.base/jdk.internal.reflect.NativeMethodAccessorImpl.invoke(NativeMethodAccessorImpl.java:77)
[junit] 	at java.base/jdk.internal.reflect.DelegatingMethodAccessorImpl.invoke(DelegatingMethodAccessorImpl.java:43)
[junit] 	at java.base/java.util.concurrent.FutureTask.run(FutureTask.java:264)
[junit] 	at java.base/java.lang.Thread.run(Thread.java:840)
"
1683,mutants/mp/355/5/00000018/ByteVector.java,368c5f001c8ac48666a896f865a85b93,mutants/mp/355/5/00000018/ByteVector.class,1,355,100,1,,ASSUMED_NO,1295,0,2026-02-03 13:13:03,2,"185,191,193,208,210,222",
1684,mutants/mp/352/123/00000032/CharRange.java,7e80f2fece6869fdd76151c7d9a2fe32,mutants/mp/352/123/00000032/CharRange.class,1,352,101,1,,ASSUMED_NO,1290,0,2026-02-03 13:13:04,1,174,
1685,mutants/mp/349/121/00000014/CharRange.java,2934a94313556e5dee572402ae5e368f,mutants/mp/349/121/00000014/CharRange.class,0,349,101,1,1,ASSUMED_NO,1291,0,2026-02-03 13:13:04,5,54,"[junit] Testcase: test took 0.011 sec
[junit] null
[junit] junit.framework.AssertionFailedError
[junit] 	at TestCharRange.test(TestCharRange.java:13)
[junit] 	at java.base/jdk.internal.reflect.NativeMethodAccessorImpl.invoke0(Native Method)
[junit] 	at java.base/jdk.internal.reflect.NativeMethodAccessorImpl.invoke(NativeMethodAccessorImpl.java:77)
[junit] 	at java.base/jdk.internal.reflect.DelegatingMethodAccessorImpl.invoke(DelegatingMethodAccessorImpl.java:43)
[junit] 	at java.base/java.util.concurrent.FutureTask.run(FutureTask.java:264)
[junit] 	at java.base/java.lang.Thread.run(Thread.java:840)
"
1686,mutants/mp/350/125/00000041/ByteVector.java,93daa1212cab867c8317a1b47c98c021,mutants/mp/350/125/00000041/ByteVector.class,1,350,100,1,,ASSUMED_NO,1292,0,2026-02-03 13:13:08,1,"193,194,196",
1687,mutants/mp/349/121/00000015/CharRange.java,67b2179597ccb41052f2229d7bf4e950,mutants/mp/349/121/00000015/CharRange.class,0,349,101,1,1,ASSUMED_NO,1291,0,2026-02-03 13:13:11,5,54,"[junit] Testcase: test took 0.013 sec
[junit] null
[junit] junit.framework.AssertionFailedError
[junit] 	at TestCharRange.test(TestCharRange.java:13)
[junit] 	at java.base/jdk.internal.reflect.NativeMethodAccessorImpl.invoke0(Native Method)
[junit] 	at java.base/jdk.internal.reflect.NativeMethodAccessorImpl.invoke(NativeMethodAccessorImpl.java:77)
[junit] 	at java.base/jdk.internal.reflect.DelegatingMethodAccessorImpl.invoke(DelegatingMethodAccessorImpl.java:43)
[junit] 	at java.base/java.util.concurrent.FutureTask.run(FutureTask.java:264)
[junit] 	at java.base/java.lang.Thread.run(Thread.java:840)
"
1688,mutants/mp/354/119/00000017/CharRange.java,fe4b61d2276a34b2a2559d2e6cdec9a7,mutants/mp/354/119/00000017/CharRange.class,0,354,101,1,1,ASSUMED_NO,1284,0,2026-02-03 13:13:12,0,175,"[junit] Testcase: test took 0.008 sec
[junit] null
[junit] junit.framework.AssertionFailedError
[junit] 	at TestCharRange.test(TestCharRange.java:11)
[junit] 	at java.base/jdk.internal.reflect.NativeMethodAccessorImpl.invoke0(Native Method)
[junit] 	at java.base/jdk.internal.reflect.NativeMethodAccessorImpl.invoke(NativeMethodAccessorImpl.java:77)
[junit] 	at java.base/jdk.internal.reflect.DelegatingMethodAccessorImpl.invoke(DelegatingMethodAccessorImpl.java:43)
[junit] 	at java.base/java.util.concurrent.FutureTask.run(FutureTask.java:264)
[junit] 	at java.base/java.lang.Thread.run(Thread.java:840)
"
1689,mutants/mp/351/115/00000024/ByteVector.java,4717bc9ef5357b93b4a6412ccd8c215e,mutants/mp/351/115/00000024/ByteVector.class,0,351,100,1,1,ASSUMED_NO,1287,0,2026-02-03 13:13:16,0,50,"[junit] Testcase: test took 0.008 sec
[junit] null
[junit] junit.framework.AssertionFailedError
[junit] 	at TestByteVector.test(TestByteVector.java:15)
[junit] 	at java.base/jdk.internal.reflect.NativeMethodAccessorImpl.invoke0(Native Method)
[junit] 	at java.base/jdk.internal.reflect.NativeMethodAccessorImpl.invoke(NativeMethodAccessorImpl.java:77)
[junit] 	at java.base/jdk.internal.reflect.DelegatingMethodAccessorImpl.invoke(DelegatingMethodAccessorImpl.java:43)
[junit] 	at java.base/java.util.concurrent.FutureTask.run(FutureTask.java:264)
[junit] 	at java.base/java.lang.Thread.run(Thread.java:840)
"
1690,mutants/mp/347/117/00000020/ByteVector.java,eb5b06df33d2070fc159f484c53feeac,mutants/mp/347/117/00000020/ByteVector.class,0,347,100,1,1,ASSUMED_YES,1281,0,2026-02-03 13:13:19,0,201,
1691,mutants/mp/352/123/00000033/CharRange.java,67190e161710a9ecbd933cfb19c8ded4,mutants/mp/352/123/00000033/CharRange.class,1,352,101,1,,ASSUMED_NO,1290,0,2026-02-03 13:13:20,1,136,
1692,mutants/mp/353/5/00000019/ByteVector.java,dd33dd5049412d8dec536afa11b5c099,mutants/mp/353/5/00000019/ByteVector.class,1,353,100,1,,ASSUMED_NO,1297,0,2026-02-03 13:13:21,11,"185,191,193,199,208,210,219",
1693,mutants/mp/349/121/00000016/CharRange.java,96cba2f98cbde22fb14129067c43ffd8,mutants/mp/349/121/00000016/CharRange.class,0,349,101,1,1,ASSUMED_NO,1291,0,2026-02-03 13:13:21,4,66,"[junit] Testcase: test took 0.008 sec
[junit] null
[junit] junit.framework.AssertionFailedError
[junit] 	at TestCharRange.test(TestCharRange.java:13)
[junit] 	at java.base/jdk.internal.reflect.NativeMethodAccessorImpl.invoke0(Native Method)
[junit] 	at java.base/jdk.internal.reflect.NativeMethodAccessorImpl.invoke(NativeMethodAccessorImpl.java:77)
[junit] 	at java.base/jdk.internal.reflect.DelegatingMethodAccessorImpl.invoke(DelegatingMethodAccessorImpl.java:43)
[junit] 	at java.base/java.util.concurrent.FutureTask.run(FutureTask.java:264)
[junit] 	at java.base/java.lang.Thread.run(Thread.java:840)
"
1694,mutants/mp/354/119/00000018/CharRange.java,d76dd65e6671e3646e22b930efb81d5b,mutants/mp/354/119/00000018/CharRange.class,0,354,101,1,1,ASSUMED_NO,1284,0,2026-02-03 13:13:26,0,178,"[junit] Testcase: test took 0.01 sec
[junit] null
[junit] junit.framework.AssertionFailedError
[junit] 	at TestCharRange.test(TestCharRange.java:12)
[junit] 	at java.base/jdk.internal.reflect.NativeMethodAccessorImpl.invoke0(Native Method)
[junit] 	at java.base/jdk.internal.reflect.NativeMethodAccessorImpl.invoke(NativeMethodAccessorImpl.java:77)
[junit] 	at java.base/jdk.internal.reflect.DelegatingMethodAccessorImpl.invoke(DelegatingMethodAccessorImpl.java:43)
[junit] 	at java.base/java.util.concurrent.FutureTask.run(FutureTask.java:264)
[junit] 	at java.base/java.lang.Thread.run(Thread.java:840)
"
1695,mutants/mp/350/125/00000042/ByteVector.java,6492b3effb9e6c8960068b16f0049a98,mutants/mp/350/125/00000042/ByteVector.class,1,350,100,1,,ASSUMED_NO,1292,0,2026-02-03 13:13:26,1,238,
1696,mutants/mp/355/5/00000019/ByteVector.java,7be87b1df1d9aacf8fd51c5b54f79f3a,mutants/mp/355/5/00000019/ByteVector.class,0,355,100,1,1,ASSUMED_NO,1295,0,2026-02-03 13:13:32,1,"185,186,191,193,208,209,210","[junit] Testcase: test took 0.015 sec
[junit] arrays first differed at element [2]; expected:<97> but was:<65>
[junit] junit.framework.AssertionFailedError: arrays first differed at element [2]; expected:<97> but was:<65>
[junit] 	at TestByteVector.test(TestByteVector.java:13)
[junit] 	at java.base/jdk.internal.reflect.NativeMethodAccessorImpl.invoke0(Native Method)
[junit] 	at java.base/jdk.internal.reflect.NativeMethodAccessorImpl.invoke(NativeMethodAccessorImpl.java:77)
[junit] 	at java.base/jdk.internal.reflect.DelegatingMethodAccessorImpl.invoke(DelegatingMethodAccessorImpl.java:43)
[junit] 	at java.base/java.util.concurrent.FutureTask.run(FutureTask.java:264)
[junit] 	at java.base/java.lang.Thread.run(Thread.java:840)
[junit] Caused by: java.lang.AssertionError: expected:<97> but was:<65>
"
1697,mutants/mp/352/123/00000034/CharRange.java,5a1b8d75b978ac8871f878dbdf7106c6,mutants/mp/352/123/00000034/CharRange.class,1,352,101,1,,ASSUMED_NO,1290,0,2026-02-03 13:13:36,1,136,
1698,mutants/mp/349/121/00000017/CharRange.java,92900fb6bfb44be5284eaaf2149a1d7d,mutants/mp/349/121/00000017/CharRange.class,0,349,101,1,1,ASSUMED_NO,1291,0,2026-02-03 13:13:36,4,66,"[junit] Testcase: test took 0.008 sec
[junit] null
[junit] junit.framework.AssertionFailedError
[junit] 	at TestCharRange.test(TestCharRange.java:13)
[junit] 	at java.base/jdk.internal.reflect.NativeMethodAccessorImpl.invoke0(Native Method)
[junit] 	at java.base/jdk.internal.reflect.NativeMethodAccessorImpl.invoke(NativeMethodAccessorImpl.java:77)
[junit] 	at java.base/jdk.internal.reflect.DelegatingMethodAccessorImpl.invoke(DelegatingMethodAccessorImpl.java:43)
[junit] 	at java.base/java.util.concurrent.FutureTask.run(FutureTask.java:264)
[junit] 	at java.base/java.lang.Thread.run(Thread.java:840)
"
1699,mutants/mp/348/5/00000017/CharRange.java,94eafb29a7d14468b06df2dca2adc4c3,mutants/mp/348/5/00000017/CharRange.class,0,348,101,1,1,ASSUMED_NO,1294,0,2026-02-03 13:13:42,7,"153,155,158,160","[junit] Testcase: test took 0.009 sec
[junit] null
[junit] junit.framework.AssertionFailedError
[junit] 	at TestCharRange.test(TestCharRange.java:12)
[junit] 	at java.base/jdk.internal.reflect.NativeMethodAccessorImpl.invoke0(Native Method)
[junit] 	at java.base/jdk.internal.reflect.NativeMethodAccessorImpl.invoke(NativeMethodAccessorImpl.java:77)
[junit] 	at java.base/jdk.internal.reflect.DelegatingMethodAccessorImpl.invoke(DelegatingMethodAccessorImpl.java:43)
[junit] 	at java.base/java.util.concurrent.FutureTask.run(FutureTask.java:264)
[junit] 	at java.base/java.lang.Thread.run(Thread.java:840)
"
1700,mutants/mp/354/119/00000019/CharRange.java,2dcd61dca510f747bdc663ad279f2cbc,mutants/mp/354/119/00000019/CharRange.class,0,354,101,1,1,ASSUMED_NO,1284,0,2026-02-03 13:13:44,0,207,"[junit] Testcase: test took 0.011 sec
[junit] expected:<x[]> but was:<x[-x]>
[junit] junit.framework.AssertionFailedError: expected:<x[]> but was:<x[-x]>
[junit] 	at TestCharRange.test(TestCharRange.java:13)
[junit] 	at java.base/jdk.internal.reflect.NativeMethodAccessorImpl.invoke0(Native Method)
[junit] 	at java.base/jdk.internal.reflect.NativeMethodAccessorImpl.invoke(NativeMethodAccessorImpl.java:77)
[junit] 	at java.base/jdk.internal.reflect.DelegatingMethodAccessorImpl.invoke(DelegatingMethodAccessorImpl.java:43)
[junit] 	at java.base/java.util.concurrent.FutureTask.run(FutureTask.java:264)
[junit] 	at java.base/java.lang.Thread.run(Thread.java:840)
"
1701,mutants/mp/352/123/00000035/CharRange.java,34712018dab36da529396d6f261d33c3,mutants/mp/352/123/00000035/CharRange.class,1,352,101,1,,ASSUMED_NO,1290,0,2026-02-03 13:13:46,1,151,
1702,mutants/mp/349/121/00000018/CharRange.java,cd03e8f2a79dd05236dd56a2b2e92bb8,mutants/mp/349/121/00000018/CharRange.class,0,349,101,1,1,ASSUMED_NO,1291,0,2026-02-03 13:13:47,6,79,"[junit] Testcase: test took 0.008 sec
[junit] null
[junit] junit.framework.AssertionFailedError
[junit] 	at TestCharRange.test(TestCharRange.java:13)
[junit] 	at java.base/jdk.internal.reflect.NativeMethodAccessorImpl.invoke0(Native Method)
[junit] 	at java.base/jdk.internal.reflect.NativeMethodAccessorImpl.invoke(NativeMethodAccessorImpl.java:77)
[junit] 	at java.base/jdk.internal.reflect.DelegatingMethodAccessorImpl.invoke(DelegatingMethodAccessorImpl.java:43)
[junit] 	at java.base/java.util.concurrent.FutureTask.run(FutureTask.java:264)
[junit] 	at java.base/java.lang.Thread.run(Thread.java:840)
"
1703,mutants/mp/350/125/00000043/ByteVector.java,be4fc494bfdfa74fffb98bd4d8d33198,mutants/mp/350/125/00000043/ByteVector.class,0,350,100,1,1,ASSUMED_NO,1292,0,2026-02-03 13:13:48,1,258,"Buildfile: /srv/codedefenders-class-2026/build.xml

test-mutant:
[junit] Running TestByteVector
[junit] Testsuite: TestByteVector
[junit] Tests run: 1, Failures: 0, Errors: 1, Skipped: 0, Time elapsed: 0.024 sec
[junit] Tests run: 1, Failures: 0, Errors: 1, Skipped: 0, Time elapsed: 0.024 sec
[junit]
[junit] Testcase: test took 0.01 sec
[junit] 	Caused an ERROR
[junit] arraycopy: last source index 3 out of bounds for byte[1]
[junit] java.lang.ArrayIndexOutOfBoundsException: arraycopy: last source index 3 out of bounds for byte[1]
[junit] 	at java.base/java.lang.System.arraycopy(Native Method)
[junit] 	at ByteVector.enlarge(ByteVector.java:258)
[junit] 	at ByteVector.putByte(ByteVector.java:46)
[junit] 	at TestByteVector.test(TestByteVector.java:13)
[junit] 	at java.base/jdk.internal.reflect.NativeMethodAccessorImpl.invoke0(Native Method)
[junit] 	at java.base/jdk.internal.reflect.NativeMethodAccessorImpl.invoke(NativeMethodAccessorImpl.java:77)
[junit] 	at java.base/jdk.internal.reflect.DelegatingMethodAccessorImpl.invoke(DelegatingMethodAccessorImpl.java:43)
[junit] 	at java.base/java.util.concurrent.FutureTask.run(FutureTask.java:264)
[junit] 	at java.base/java.lang.Thread.run(Thread.java:840)
[junit]
[junit] Test TestByteVector FAILED

BUILD SUCCESSFUL
Total time: 1 second
  "
1704,mutants/mp/349/121/00000019/CharRange.java,792ecb56e29e88043597a2d8026f32cd,mutants/mp/349/121/00000019/CharRange.class,0,349,101,1,1,ASSUMED_NO,1291,0,2026-02-03 13:13:58,6,79,"[junit] Testcase: test took 0.012 sec
[junit] null
[junit] junit.framework.AssertionFailedError
[junit] 	at TestCharRange.test(TestCharRange.java:12)
[junit] 	at java.base/jdk.internal.reflect.NativeMethodAccessorImpl.invoke0(Native Method)
[junit] 	at java.base/jdk.internal.reflect.NativeMethodAccessorImpl.invoke(NativeMethodAccessorImpl.java:77)
[junit] 	at java.base/jdk.internal.reflect.DelegatingMethodAccessorImpl.invoke(DelegatingMethodAccessorImpl.java:43)
[junit] 	at java.base/java.util.concurrent.FutureTask.run(FutureTask.java:264)
[junit] 	at java.base/java.lang.Thread.run(Thread.java:840)
"
1705,mutants/mp/352/123/00000036/CharRange.java,5dfc7c25ef631032d88aeaa3ae822ce2,mutants/mp/352/123/00000036/CharRange.class,1,352,101,1,,ASSUMED_NO,1290,0,2026-02-03 13:14:00,1,148,
1706,mutants/mp/347/117/00000021/ByteVector.java,18e363db9a7cf7732211243533c9a7e1,mutants/mp/347/117/00000021/ByteVector.class,0,347,100,1,1,ASSUMED_NO,1281,0,2026-02-03 13:14:02,12,256,"[junit] Testcase: test took 0.009 sec
[junit] expected:<2> but was:<3>
[junit] junit.framework.AssertionFailedError: expected:<2> but was:<3>
[junit] 	at TestByteVector.test(TestByteVector.java:13)
[junit] 	at java.base/jdk.internal.reflect.NativeMethodAccessorImpl.invoke0(Native Method)
[junit] 	at java.base/jdk.internal.reflect.NativeMethodAccessorImpl.invoke(NativeMethodAccessorImpl.java:77)
[junit] 	at java.base/jdk.internal.reflect.DelegatingMethodAccessorImpl.invoke(DelegatingMethodAccessorImpl.java:43)
[junit] 	at java.base/java.util.concurrent.FutureTask.run(FutureTask.java:264)
[junit] 	at java.base/java.lang.Thread.run(Thread.java:840)
"
1707,mutants/mp/353/5/00000020/ByteVector.java,87805e6cd1558a5cd4bdf7d2e5119160,mutants/mp/353/5/00000020/ByteVector.class,1,353,100,1,,ASSUMED_NO,1297,0,2026-02-03 13:14:03,11,"185,191,193,208,210,219",
1708,mutants/mp/355/5/00000020/ByteVector.java,67f99180cd304a7b6b03e0429024eedc,mutants/mp/355/5/00000020/ByteVector.class,0,355,100,1,1,ASSUMED_NO,1295,0,2026-02-03 13:14:04,1,"182,185,191,193,208,210","[junit] Testcase: test took 0.015 sec
[junit] arrays first differed at element [1]; expected:<3> but was:<4>
[junit] junit.framework.AssertionFailedError: arrays first differed at element [1]; expected:<3> but was:<4>
[junit] 	at TestByteVector.test(TestByteVector.java:13)
[junit] 	at java.base/jdk.internal.reflect.NativeMethodAccessorImpl.invoke0(Native Method)
[junit] 	at java.base/jdk.internal.reflect.NativeMethodAccessorImpl.invoke(NativeMethodAccessorImpl.java:77)
[junit] 	at java.base/jdk.internal.reflect.DelegatingMethodAccessorImpl.invoke(DelegatingMethodAccessorImpl.java:43)
[junit] 	at java.base/java.util.concurrent.FutureTask.run(FutureTask.java:264)
[junit] 	at java.base/java.lang.Thread.run(Thread.java:840)
[junit] Caused by: java.lang.AssertionError: expected:<3> but was:<4>
"
1709,mutants/mp/354/119/00000020/CharRange.java,770623e683df3b09466cc96923055268,mutants/mp/354/119/00000020/CharRange.class,0,354,101,1,1,ASSUMED_NO,1284,0,2026-02-03 13:14:06,0,208,"[junit] Testcase: test took 0.009 sec
[junit] expected:<a[-]c> but was:<a[.]c>
[junit] junit.framework.AssertionFailedError: expected:<a[-]c> but was:<a[.]c>
[junit] 	at TestCharRange.test(TestCharRange.java:13)
[junit] 	at java.base/jdk.internal.reflect.NativeMethodAccessorImpl.invoke0(Native Method)
[junit] 	at java.base/jdk.internal.reflect.NativeMethodAccessorImpl.invoke(NativeMethodAccessorImpl.java:77)
[junit] 	at java.base/jdk.internal.reflect.DelegatingMethodAccessorImpl.invoke(DelegatingMethodAccessorImpl.java:43)
[junit] 	at java.base/java.util.concurrent.FutureTask.run(FutureTask.java:264)
[junit] 	at java.base/java.lang.Thread.run(Thread.java:840)
"
1710,mutants/mp/352/123/00000037/CharRange.java,f55335297a73b6d00cbbba78b0afaa2f,mutants/mp/352/123/00000037/CharRange.class,1,352,101,1,,ASSUMED_NO,1290,0,2026-02-03 13:14:17,1,152,
1711,mutants/mp/351/115/00000025/ByteVector.java,dfa1e9420adc226c137bfc25da83ab05,mutants/mp/351/115/00000025/ByteVector.class,0,351,100,1,1,ASSUMED_NO,1287,0,2026-02-03 13:14:21,1,210,"[junit] Testcase: test took 0.011 sec
[junit] arrays first differed at element [2]; expected:<-62> but was:<-32>
[junit] junit.framework.AssertionFailedError: arrays first differed at element [2]; expected:<-62> but was:<-32>
[junit] 	at TestByteVector.test(TestByteVector.java:14)
[junit] 	at java.base/jdk.internal.reflect.NativeMethodAccessorImpl.invoke0(Native Method)
[junit] 	at java.base/jdk.internal.reflect.NativeMethodAccessorImpl.invoke(NativeMethodAccessorImpl.java:77)
[junit] 	at java.base/jdk.internal.reflect.DelegatingMethodAccessorImpl.invoke(DelegatingMethodAccessorImpl.java:43)
[junit] 	at java.base/java.util.concurrent.FutureTask.run(FutureTask.java:264)
[junit] 	at java.base/java.lang.Thread.run(Thread.java:840)
[junit] Caused by: java.lang.AssertionError: expected:<-62> but was:<-32>
"
1712,mutants/mp/349/121/00000020/CharRange.java,466274ecb0d92b5cb110f93c372518c8,mutants/mp/349/121/00000020/CharRange.class,0,349,101,1,1,ASSUMED_NO,1291,0,2026-02-03 13:14:24,2,92,"[junit] Testcase: test took 0.008 sec
[junit] null
[junit] junit.framework.AssertionFailedError
[junit] 	at TestCharRange.test(TestCharRange.java:12)
[junit] 	at java.base/jdk.internal.reflect.NativeMethodAccessorImpl.invoke0(Native Method)
[junit] 	at java.base/jdk.internal.reflect.NativeMethodAccessorImpl.invoke(NativeMethodAccessorImpl.java:77)
[junit] 	at java.base/jdk.internal.reflect.DelegatingMethodAccessorImpl.invoke(DelegatingMethodAccessorImpl.java:43)
[junit] 	at java.base/java.util.concurrent.FutureTask.run(FutureTask.java:264)
[junit] 	at java.base/java.lang.Thread.run(Thread.java:840)
"
1713,mutants/mp/348/5/00000018/CharRange.java,e8c9fe5091949e0c686001f80cd9d18e,mutants/mp/348/5/00000018/CharRange.class,0,348,101,1,1,ASSUMED_NO,1294,0,2026-02-03 13:14:28,0,"153,155,158,160","[junit] Testcase: test took 0.01 sec
[junit] null
[junit] junit.framework.AssertionFailedError
[junit] 	at TestCharRange.test(TestCharRange.java:11)
[junit] 	at java.base/jdk.internal.reflect.NativeMethodAccessorImpl.invoke0(Native Method)
[junit] 	at java.base/jdk.internal.reflect.NativeMethodAccessorImpl.invoke(NativeMethodAccessorImpl.java:77)
[junit] 	at java.base/jdk.internal.reflect.DelegatingMethodAccessorImpl.invoke(DelegatingMethodAccessorImpl.java:43)
[junit] 	at java.base/java.util.concurrent.FutureTask.run(FutureTask.java:264)
[junit] 	at java.base/java.lang.Thread.run(Thread.java:840)
"
1714,mutants/mp/352/123/00000038/CharRange.java,04ea23da9f0f98cb60e2dd71004fefeb,mutants/mp/352/123/00000038/CharRange.class,1,352,101,1,,ASSUMED_NO,1290,0,2026-02-03 13:14:29,1,175,
1715,mutants/mp/350/125/00000044/ByteVector.java,bf2eb2b50aef9e1c19493034147b740d,mutants/mp/350/125/00000044/ByteVector.class,1,350,100,1,,ASSUMED_NO,1292,0,2026-02-03 13:14:37,1,"181,182,183,184,185,186,187,188,189,190,191,192,193,194,195,196,197,198,199,200,201,203,204,205,206,207,208,209,210,211,212,213,214,215,216,217,218,219,220,221,222",
1716,mutants/mp/351/115/00000026/ByteVector.java,a9c24bd1535ed7ffc34faffd7a65cdc1,mutants/mp/351/115/00000026/ByteVector.class,0,351,100,1,1,ASSUMED_NO,1287,0,2026-02-03 13:14:38,1,87,"[junit] Testcase: test took 0.008 sec
[junit] expected:<52> but was:<35>
[junit] junit.framework.AssertionFailedError: expected:<52> but was:<35>
[junit] 	at TestByteVector.test(TestByteVector.java:14)
[junit] 	at java.base/jdk.internal.reflect.NativeMethodAccessorImpl.invoke0(Native Method)
[junit] 	at java.base/jdk.internal.reflect.NativeMethodAccessorImpl.invoke(NativeMethodAccessorImpl.java:77)
[junit] 	at java.base/jdk.internal.reflect.DelegatingMethodAccessorImpl.invoke(DelegatingMethodAccessorImpl.java:43)
[junit] 	at java.base/java.util.concurrent.FutureTask.run(FutureTask.java:264)
[junit] 	at java.base/java.lang.Thread.run(Thread.java:840)
"
1717,mutants/mp/349/121/00000021/CharRange.java,7d6ce890cbd9c26b98251eabb1156f32,mutants/mp/349/121/00000021/CharRange.class,0,349,101,1,1,ASSUMED_NO,1291,0,2026-02-03 13:14:39,2,92,"[junit] Testcase: test took 0.008 sec
[junit] null
[junit] junit.framework.AssertionFailedError
[junit] 	at TestCharRange.test(TestCharRange.java:13)
[junit] 	at java.base/jdk.internal.reflect.NativeMethodAccessorImpl.invoke0(Native Method)
[junit] 	at java.base/jdk.internal.reflect.NativeMethodAccessorImpl.invoke(NativeMethodAccessorImpl.java:77)
[junit] 	at java.base/jdk.internal.reflect.DelegatingMethodAccessorImpl.invoke(DelegatingMethodAccessorImpl.java:43)
[junit] 	at java.base/java.util.concurrent.FutureTask.run(FutureTask.java:264)
[junit] 	at java.base/java.lang.Thread.run(Thread.java:840)
"
1718,mutants/mp/354/119/00000021/CharRange.java,8d5537d1743e85a6be99f3d93cced4f4,,0,354,101,1,,ASSUMED_NO,1284,0,2026-02-03 13:14:39,0,204,
1719,mutants/mp/352/123/00000039/CharRange.java,12f212379245da544c68ecbc033ea28f,mutants/mp/352/123/00000039/CharRange.class,1,352,101,1,,ASSUMED_NO,1290,0,2026-02-03 13:14:44,1,160,
1720,mutants/mp/355/5/00000021/ByteVector.java,1673600c86c6d19ad4892d65d607c9b8,mutants/mp/355/5/00000021/ByteVector.class,0,355,100,1,1,ASSUMED_NO,1295,0,2026-02-03 13:14:47,1,"181,182,185,191,193,199,208,210","[junit] Testcase: test took 0.016 sec
[junit] arrays first differed at element [1]; expected:<3> but was:<2>
[junit] junit.framework.AssertionFailedError: arrays first differed at element [1]; expected:<3> but was:<2>
[junit] 	at TestByteVector.test(TestByteVector.java:13)
[junit] 	at java.base/jdk.internal.reflect.NativeMethodAccessorImpl.invoke0(Native Method)
[junit] 	at java.base/jdk.internal.reflect.NativeMethodAccessorImpl.invoke(NativeMethodAccessorImpl.java:77)
[junit] 	at java.base/jdk.internal.reflect.DelegatingMethodAccessorImpl.invoke(DelegatingMethodAccessorImpl.java:43)
[junit] 	at java.base/java.util.concurrent.FutureTask.run(FutureTask.java:264)
[junit] 	at java.base/java.lang.Thread.run(Thread.java:840)
[junit] Caused by: java.lang.AssertionError: expected:<3> but was:<2>
"
1721,mutants/mp/350/125/00000045/ByteVector.java,784b64fc00f6698e3a0f0ff54323776a,mutants/mp/350/125/00000045/ByteVector.class,1,350,100,1,,ASSUMED_NO,1292,0,2026-02-03 13:14:53,1,"238,239,240,241,242,243",
1722,mutants/mp/353/5/00000021/ByteVector.java,3e5416ab2d27f68263b4bf66d73a89d2,mutants/mp/353/5/00000021/ByteVector.class,1,353,100,1,,ASSUMED_NO,1297,0,2026-02-03 13:15:02,11,"185,191,193,194,208,210,211,212",
1723,mutants/mp/352/123/00000040/CharRange.java,df140e1af02b34fcde3b4dd31924654a,mutants/mp/352/123/00000040/CharRange.class,1,352,101,1,,ASSUMED_NO,1290,0,2026-02-03 13:15:03,1,155,
1724,mutants/mp/348/5/00000019/CharRange.java,2330fc24a33eddc0a72812a9af837847,mutants/mp/348/5/00000019/CharRange.class,0,348,101,1,1,ASSUMED_NO,1294,0,2026-02-03 13:15:12,0,"153,155,158,160","[junit] Testcase: test took 0.008 sec
[junit] null
[junit] junit.framework.AssertionFailedError
[junit] 	at TestCharRange.test(TestCharRange.java:11)
[junit] 	at java.base/jdk.internal.reflect.NativeMethodAccessorImpl.invoke0(Native Method)
[junit] 	at java.base/jdk.internal.reflect.NativeMethodAccessorImpl.invoke(NativeMethodAccessorImpl.java:77)
[junit] 	at java.base/jdk.internal.reflect.DelegatingMethodAccessorImpl.invoke(DelegatingMethodAccessorImpl.java:43)
[junit] 	at java.base/java.util.concurrent.FutureTask.run(FutureTask.java:264)
[junit] 	at java.base/java.lang.Thread.run(Thread.java:840)
"
1725,mutants/mp/352/123/00000041/CharRange.java,8ea82e0ee994e62caa69adfacbf9e89a,mutants/mp/352/123/00000041/CharRange.class,1,352,101,1,,ASSUMED_NO,1290,0,2026-02-03 13:15:15,1,157,
1726,mutants/mp/355/5/00000022/ByteVector.java,730a0617432c171ed7c32f290a4d056a,mutants/mp/355/5/00000022/ByteVector.class,1,355,100,1,,ASSUMED_NO,1295,0,2026-02-03 13:15:16,2,"185,191,193,208,210",
1727,mutants/mp/349/121/00000022/CharRange.java,1f5bd2da3711ddc7515b305dd6d4eb27,mutants/mp/349/121/00000022/CharRange.class,0,349,101,1,1,ASSUMED_NO,1291,0,2026-02-03 13:15:27,4,35,"[junit] Testcase: test took 0.007 sec
[junit] null
[junit] junit.framework.AssertionFailedError
[junit] 	at TestCharRange.test(TestCharRange.java:12)
[junit] 	at java.base/jdk.internal.reflect.NativeMethodAccessorImpl.invoke0(Native Method)
[junit] 	at java.base/jdk.internal.reflect.NativeMethodAccessorImpl.invoke(NativeMethodAccessorImpl.java:77)
[junit] 	at java.base/jdk.internal.reflect.DelegatingMethodAccessorImpl.invoke(DelegatingMethodAccessorImpl.java:43)
[junit] 	at java.base/java.util.concurrent.FutureTask.run(FutureTask.java:264)
[junit] 	at java.base/java.lang.Thread.run(Thread.java:840)
"
1728,mutants/mp/353/5/00000022/ByteVector.java,e35916994d98cea44e6d649d0b7e2932,mutants/mp/353/5/00000022/ByteVector.class,1,353,100,1,,ASSUMED_NO,1297,0,2026-02-03 13:15:33,13,"181,182,185,191,193,199,208,210",
1729,mutants/mp/350/125/00000046/ByteVector.java,f4c0879303ab50ab55a9a93debdab0f8,mutants/mp/350/125/00000046/ByteVector.class,0,350,100,1,1,ASSUMED_NO,1292,0,2026-02-03 13:15:33,5,"257,258","Buildfile: /srv/codedefenders-class-2026/build.xml

test-mutant:
[junit] Running TestByteVector
[junit] Testsuite: TestByteVector
[junit] Tests run: 1, Failures: 0, Errors: 1, Skipped: 0, Time elapsed: 0.027 sec
[junit] Tests run: 1, Failures: 0, Errors: 1, Skipped: 0, Time elapsed: 0.027 sec
[junit]
[junit] Testcase: test took 0.01 sec
[junit] 	Caused an ERROR
[junit] Index 2 out of bounds for length 2
[junit] java.lang.ArrayIndexOutOfBoundsException: Index 2 out of bounds for length 2
[junit] 	at ByteVector.putShort(ByteVector.java:86)
[junit] 	at TestByteVector.test(TestByteVector.java:12)
[junit] 	at java.base/jdk.internal.reflect.NativeMethodAccessorImpl.invoke0(Native Method)
[junit] 	at java.base/jdk.internal.reflect.NativeMethodAccessorImpl.invoke(NativeMethodAccessorImpl.java:77)
[junit] 	at java.base/jdk.internal.reflect.DelegatingMethodAccessorImpl.invoke(DelegatingMethodAccessorImpl.java:43)
[junit] 	at java.base/java.util.concurrent.FutureTask.run(FutureTask.java:264)
[junit] 	at java.base/java.lang.Thread.run(Thread.java:840)
[junit]
[junit] Test TestByteVector FAILED

BUILD SUCCESSFUL
Total time: 1 second
  "
1730,mutants/mp/354/119/00000022/CharRange.java,27da8c3e3ee80e38e0f88c9ef57b079d,mutants/mp/354/119/00000022/CharRange.class,0,354,101,1,1,ASSUMED_NO,1284,0,2026-02-03 13:15:41,0,160,"[junit] Testcase: test took 0.007 sec
[junit] null
[junit] junit.framework.AssertionFailedError
[junit] 	at TestCharRange.test(TestCharRange.java:13)
[junit] 	at java.base/jdk.internal.reflect.NativeMethodAccessorImpl.invoke0(Native Method)
[junit] 	at java.base/jdk.internal.reflect.NativeMethodAccessorImpl.invoke(NativeMethodAccessorImpl.java:77)
[junit] 	at java.base/jdk.internal.reflect.DelegatingMethodAccessorImpl.invoke(DelegatingMethodAccessorImpl.java:43)
[junit] 	at java.base/java.util.concurrent.FutureTask.run(FutureTask.java:264)
[junit] 	at java.base/java.lang.Thread.run(Thread.java:840)
"
1731,mutants/mp/349/121/00000023/CharRange.java,d740071612e42828cc09404dd290c582,mutants/mp/349/121/00000023/CharRange.class,0,349,101,1,1,ASSUMED_NO,1291,0,2026-02-03 13:15:50,13,40,"[junit] Testcase: test took 0.008 sec
[junit] null
[junit] junit.framework.AssertionFailedError
[junit] 	at TestCharRange.test(TestCharRange.java:13)
[junit] 	at java.base/jdk.internal.reflect.NativeMethodAccessorImpl.invoke0(Native Method)
[junit] 	at java.base/jdk.internal.reflect.NativeMethodAccessorImpl.invoke(NativeMethodAccessorImpl.java:77)
[junit] 	at java.base/jdk.internal.reflect.DelegatingMethodAccessorImpl.invoke(DelegatingMethodAccessorImpl.java:43)
[junit] 	at java.base/java.util.concurrent.FutureTask.run(FutureTask.java:264)
[junit] 	at java.base/java.lang.Thread.run(Thread.java:840)
"
1732,mutants/mp/350/125/00000047/ByteVector.java,73674a89e2a417fef46b5a00e617a439,mutants/mp/350/125/00000047/ByteVector.class,1,350,100,1,,ASSUMED_NO,1292,0,2026-02-03 13:15:58,1,126,
1733,mutants/mp/354/119/00000023/CharRange.java,bf95289ee219a4d223ca009527ee2af8,mutants/mp/354/119/00000023/CharRange.class,0,354,101,1,1,ASSUMED_NO,1284,0,2026-02-03 13:15:58,0,92,"[junit] Testcase: test took 0.022 sec
[junit] null
[junit] junit.framework.AssertionFailedError
[junit] 	at TestCharRange.test(TestCharRange.java:11)
[junit] 	at java.base/jdk.internal.reflect.NativeMethodAccessorImpl.invoke0(Native Method)
[junit] 	at java.base/jdk.internal.reflect.NativeMethodAccessorImpl.invoke(NativeMethodAccessorImpl.java:77)
[junit] 	at java.base/jdk.internal.reflect.DelegatingMethodAccessorImpl.invoke(DelegatingMethodAccessorImpl.java:43)
[junit] 	at java.base/java.util.concurrent.FutureTask.run(FutureTask.java:264)
[junit] 	at java.base/java.lang.Thread.run(Thread.java:840)
"
1734,mutants/mp/352/123/00000042/CharRange.java,64e3dfbe1b041b6986169071c8b636f5,mutants/mp/352/123/00000042/CharRange.class,1,352,101,1,,ASSUMED_NO,1290,0,2026-02-03 13:16:05,1,180,
1735,mutants/mp/348/5/00000020/CharRange.java,c324760745db89988bd6743f73c5a5fb,mutants/mp/348/5/00000020/CharRange.class,0,348,101,1,1,ASSUMED_NO,1294,0,2026-02-03 13:16:12,0,"153,155,158,160","[junit] Testcase: test took 0.009 sec
[junit] null
[junit] junit.framework.AssertionFailedError
[junit] 	at TestCharRange.test(TestCharRange.java:11)
[junit] 	at java.base/jdk.internal.reflect.NativeMethodAccessorImpl.invoke0(Native Method)
[junit] 	at java.base/jdk.internal.reflect.NativeMethodAccessorImpl.invoke(NativeMethodAccessorImpl.java:77)
[junit] 	at java.base/jdk.internal.reflect.DelegatingMethodAccessorImpl.invoke(DelegatingMethodAccessorImpl.java:43)
[junit] 	at java.base/java.util.concurrent.FutureTask.run(FutureTask.java:264)
[junit] 	at java.base/java.lang.Thread.run(Thread.java:840)
"
1736,mutants/mp/353/5/00000023/ByteVector.java,112e7b4dc9ae0fdfde6ebd9299e2c78c,mutants/mp/353/5/00000023/ByteVector.class,1,353,100,1,,ASSUMED_NO,1297,0,2026-02-03 13:16:18,13,"181,185,191,193,199,208,210,211,212,215",
1737,mutants/mp/355/5/00000023/ByteVector.java,88d4445cf0ea496b71eaac3a303ce8ce,mutants/mp/355/5/00000023/ByteVector.class,1,355,100,1,,ASSUMED_NO,1295,0,2026-02-03 13:16:18,2,"185,191,193,208,210,219",
1738,mutants/mp/354/119/00000024/CharRange.java,48cf49c427d57664ac5afea7530aba20,mutants/mp/354/119/00000024/CharRange.class,0,354,101,1,1,ASSUMED_NO,1284,0,2026-02-03 13:16:20,0,155,"[junit] Testcase: test took 0.008 sec
[junit] null
[junit] junit.framework.AssertionFailedError
[junit] 	at TestCharRange.test(TestCharRange.java:12)
[junit] 	at java.base/jdk.internal.reflect.NativeMethodAccessorImpl.invoke0(Native Method)
[junit] 	at java.base/jdk.internal.reflect.NativeMethodAccessorImpl.invoke(NativeMethodAccessorImpl.java:77)
[junit] 	at java.base/jdk.internal.reflect.DelegatingMethodAccessorImpl.invoke(DelegatingMethodAccessorImpl.java:43)
[junit] 	at java.base/java.util.concurrent.FutureTask.run(FutureTask.java:264)
[junit] 	at java.base/java.lang.Thread.run(Thread.java:840)
"
1739,mutants/mp/352/123/00000043/CharRange.java,468b58da39f2508a07a855e4e1bdc859,mutants/mp/352/123/00000043/CharRange.class,1,352,101,1,,ASSUMED_NO,1290,0,2026-02-03 13:16:22,1,181,
1740,mutants/mp/349/121/00000024/CharRange.java,2ae5624a64f02cbbbbfc53bd01e01863,mutants/mp/349/121/00000024/CharRange.class,0,349,101,1,1,ASSUMED_NO,1291,0,2026-02-03 13:16:24,13,41,"[junit] Testcase: test took 0.009 sec
[junit] null
[junit] junit.framework.AssertionFailedError
[junit] 	at TestCharRange.test(TestCharRange.java:12)
[junit] 	at java.base/jdk.internal.reflect.NativeMethodAccessorImpl.invoke0(Native Method)
[junit] 	at java.base/jdk.internal.reflect.NativeMethodAccessorImpl.invoke(NativeMethodAccessorImpl.java:77)
[junit] 	at java.base/jdk.internal.reflect.DelegatingMethodAccessorImpl.invoke(DelegatingMethodAccessorImpl.java:43)
[junit] 	at java.base/java.util.concurrent.FutureTask.run(FutureTask.java:264)
[junit] 	at java.base/java.lang.Thread.run(Thread.java:840)
"
1741,mutants/mp/350/125/00000048/ByteVector.java,73e831d006071db26404cce3e89b914d,mutants/mp/350/125/00000048/ByteVector.class,1,350,100,1,,ASSUMED_NO,1292,0,2026-02-03 13:16:29,1,129,
1742,mutants/mp/352/123/00000044/CharRange.java,4aba2a91a502c3de947443d38613fe30,mutants/mp/352/123/00000044/CharRange.class,1,352,101,1,,ASSUMED_NO,1290,0,2026-02-03 13:16:32,1,203,
1743,mutants/mp/350/125/00000049/ByteVector.java,fda0957ec2782e581d17d87437e8d458,mutants/mp/350/125/00000049/ByteVector.class,1,350,100,1,,ASSUMED_NO,1292,0,2026-02-03 13:16:46,1,241,
1744,mutants/mp/354/119/00000025/CharRange.java,c4b76593036e570f3859d1d93998965e,mutants/mp/354/119/00000025/CharRange.class,0,354,101,1,1,ASSUMED_NO,1284,0,2026-02-03 13:16:47,0,155,"[junit] Testcase: test took 0.008 sec
[junit] null
[junit] junit.framework.AssertionFailedError
[junit] 	at TestCharRange.test(TestCharRange.java:13)
[junit] 	at java.base/jdk.internal.reflect.NativeMethodAccessorImpl.invoke0(Native Method)
[junit] 	at java.base/jdk.internal.reflect.NativeMethodAccessorImpl.invoke(NativeMethodAccessorImpl.java:77)
[junit] 	at java.base/jdk.internal.reflect.DelegatingMethodAccessorImpl.invoke(DelegatingMethodAccessorImpl.java:43)
[junit] 	at java.base/java.util.concurrent.FutureTask.run(FutureTask.java:264)
[junit] 	at java.base/java.lang.Thread.run(Thread.java:840)
"
1745,mutants/mp/353/5/00000024/ByteVector.java,1877b29fd7951bdc9132bc7b3a67cf11,mutants/mp/353/5/00000024/ByteVector.class,1,353,100,1,,ASSUMED_NO,1297,0,2026-02-03 13:16:48,13,"182,185,186,191,193,208,209,210",
1746,mutants/mp/352/123/00000045/CharRange.java,89af22998aa968855d5f5a7f02aad2e4,mutants/mp/352/123/00000045/CharRange.class,1,352,101,1,,ASSUMED_NO,1290,0,2026-02-03 13:16:51,1,213,
1747,mutants/mp/352/123/00000046/CharRange.java,31b50d60eb987990f218f62415f398fe,mutants/mp/352/123/00000046/CharRange.class,1,352,101,1,,ASSUMED_NO,1290,0,2026-02-03 13:17:03,1,211,
1748,mutants/mp/348/5/00000021/CharRange.java,ae9a2b3be0544c5d47c13ce5cc79fef3,mutants/mp/348/5/00000021/CharRange.class,0,348,101,1,1,ASSUMED_NO,1294,0,2026-02-03 13:17:12,0,"153,155,158,160","[junit] Testcase: test took 0.009 sec
[junit] null
[junit] junit.framework.AssertionFailedError
[junit] 	at TestCharRange.test(TestCharRange.java:11)
[junit] 	at java.base/jdk.internal.reflect.NativeMethodAccessorImpl.invoke0(Native Method)
[junit] 	at java.base/jdk.internal.reflect.NativeMethodAccessorImpl.invoke(NativeMethodAccessorImpl.java:77)
[junit] 	at java.base/jdk.internal.reflect.DelegatingMethodAccessorImpl.invoke(DelegatingMethodAccessorImpl.java:43)
[junit] 	at java.base/java.util.concurrent.FutureTask.run(FutureTask.java:264)
[junit] 	at java.base/java.lang.Thread.run(Thread.java:840)
"
1749,mutants/mp/355/5/00000024/ByteVector.java,4470f43583733419a48b8a5f490881dc,mutants/mp/355/5/00000024/ByteVector.class,1,355,100,1,,ASSUMED_NO,1295,0,2026-02-03 13:17:18,2,"185,191,193,208,210,219",
1750,mutants/mp/353/5/00000025/ByteVector.java,7846e6f0d8094bc33f236c95e2e13851,mutants/mp/353/5/00000025/ByteVector.class,1,353,100,1,,ASSUMED_NO,1297,0,2026-02-03 13:17:18,13,"182,185,186,191,193,208,209,210",
1751,mutants/mp/350/125/00000050/ByteVector.java,34c31cbd14bcef9f22d2125ff2ae7df1,,0,350,100,1,,ASSUMED_NO,1292,0,2026-02-03 13:17:24,0,259,
1752,mutants/mp/352/123/00000047/CharRange.java,9e898e1d9bfe9a3932dd1bb09e4ad3d9,mutants/mp/352/123/00000047/CharRange.class,0,352,101,1,1,ASSUMED_NO,1290,0,2026-02-03 13:17:33,1,124,"[junit] Testcase: test took 0.01 sec
[junit] Expected isNegated to be false expected:<false> but was:<true>
[junit] junit.framework.AssertionFailedError: Expected isNegated to be false expected:<false> but was:<true>
[junit] 	at TestCharRange.test(TestCharRange.java:13)
[junit] 	at java.base/jdk.internal.reflect.NativeMethodAccessorImpl.invoke0(Native Method)
[junit] 	at java.base/jdk.internal.reflect.NativeMethodAccessorImpl.invoke(NativeMethodAccessorImpl.java:77)
[junit] 	at java.base/jdk.internal.reflect.DelegatingMethodAccessorImpl.invoke(DelegatingMethodAccessorImpl.java:43)
[junit] 	at java.base/java.util.concurrent.FutureTask.run(FutureTask.java:264)
[junit] 	at java.base/java.lang.Thread.run(Thread.java:840)
"
1753,mutants/mp/352/123/00000048/CharRange.java,f5865028417529344e75fbba7f166eff,,0,352,101,1,,ASSUMED_NO,1290,0,2026-02-03 13:17:46,0,66,
1754,mutants/mp/355/5/00000025/ByteVector.java,42604adadbe8ab819e86c1ec9ed927b7,mutants/mp/355/5/00000025/ByteVector.class,1,355,100,1,,ASSUMED_NO,1295,0,2026-02-03 13:17:48,2,"185,191,193,199,200,208,210",
1755,mutants/mp/353/5/00000026/ByteVector.java,1f784e506eb07c06af05cc22b53305bb,mutants/mp/353/5/00000026/ByteVector.class,1,353,100,1,,ASSUMED_NO,1297,0,2026-02-03 13:17:48,11,"185,191,193,199,208,210",
1756,mutants/mp/348/5/00000022/CharRange.java,8070e98935c307b4bd2482107746a2fb,mutants/mp/348/5/00000022/CharRange.class,0,348,101,1,1,ASSUMED_NO,1294,0,2026-02-03 13:18:00,0,"153,155,158,160","[junit] Testcase: test took 0.008 sec
[junit] null
[junit] junit.framework.AssertionFailedError
[junit] 	at TestCharRange.test(TestCharRange.java:11)
[junit] 	at java.base/jdk.internal.reflect.NativeMethodAccessorImpl.invoke0(Native Method)
[junit] 	at java.base/jdk.internal.reflect.NativeMethodAccessorImpl.invoke(NativeMethodAccessorImpl.java:77)
[junit] 	at java.base/jdk.internal.reflect.DelegatingMethodAccessorImpl.invoke(DelegatingMethodAccessorImpl.java:43)
[junit] 	at java.base/java.util.concurrent.FutureTask.run(FutureTask.java:264)
[junit] 	at java.base/java.lang.Thread.run(Thread.java:840)
"
1757,mutants/mp/350/125/00000051/ByteVector.java,6ade885d1b4affdf2b001499a79a8508,mutants/mp/350/125/00000051/ByteVector.class,0,350,100,1,1,ASSUMED_NO,1292,0,2026-02-03 13:18:00,1,259,"Buildfile: /srv/codedefenders-class-2026/build.xml

test-mutant:
[junit] Running TestByteVector
[junit] Testsuite: TestByteVector
[junit] Tests run: 1, Failures: 0, Errors: 1, Skipped: 0, Time elapsed: 0.021 sec
[junit] Tests run: 1, Failures: 0, Errors: 1, Skipped: 0, Time elapsed: 0.021 sec
[junit]
[junit] Testcase: test took 0.009 sec
[junit] 	Caused an ERROR
[junit] Index 1 out of bounds for length 1
[junit] java.lang.ArrayIndexOutOfBoundsException: Index 1 out of bounds for length 1
[junit] 	at ByteVector.putByte(ByteVector.java:48)
[junit] 	at TestByteVector.test(TestByteVector.java:13)
[junit] 	at java.base/jdk.internal.reflect.NativeMethodAccessorImpl.invoke0(Native Method)
[junit] 	at java.base/jdk.internal.reflect.NativeMethodAccessorImpl.invoke(NativeMethodAccessorImpl.java:77)
[junit] 	at java.base/jdk.internal.reflect.DelegatingMethodAccessorImpl.invoke(DelegatingMethodAccessorImpl.java:43)
[junit] 	at java.base/java.util.concurrent.FutureTask.run(FutureTask.java:264)
[junit] 	at java.base/java.lang.Thread.run(Thread.java:840)
[junit]
[junit] Test TestByteVector FAILED

BUILD SUCCESSFUL
Total time: 1 second
  "
1758,mutants/mp/349/121/00000025/CharRange.java,35f8f2b83d81a8d34e4f7a7d78da4bb1,mutants/mp/349/121/00000025/CharRange.class,0,349,101,1,1,PROVEN_NO,1291,0,2026-02-03 13:18:08,13,"34,35","[junit] Testcase: test took 0.008 sec
[junit] expected:<65520> but was:<240>
[junit] junit.framework.AssertionFailedError: expected:<65520> but was:<240>
[junit] 	at TestCharRange.test(TestCharRange.java:12)
[junit] 	at java.base/jdk.internal.reflect.NativeMethodAccessorImpl.invoke0(Native Method)
[junit] 	at java.base/jdk.internal.reflect.NativeMethodAccessorImpl.invoke(NativeMethodAccessorImpl.java:77)
[junit] 	at java.base/jdk.internal.reflect.DelegatingMethodAccessorImpl.invoke(DelegatingMethodAccessorImpl.java:43)
[junit] 	at java.base/java.util.concurrent.FutureTask.run(FutureTask.java:264)
[junit] 	at java.base/java.lang.Thread.run(Thread.java:840)
"
1759,mutants/mp/355/5/00000026/ByteVector.java,8d0d11018d6b2e2ce6353ad1368f52a5,mutants/mp/355/5/00000026/ByteVector.class,1,355,100,1,,ASSUMED_NO,1295,0,2026-02-03 13:18:19,2,"185,191,193,194,195,197,208,210,214,215,216,218",
1760,mutants/mp/350/125/00000052/ByteVector.java,4d911ad3b228bacd748b32098df4f72c,mutants/mp/350/125/00000052/ByteVector.class,1,350,100,1,,ASSUMED_NO,1292,0,2026-02-03 13:18:19,1,"171,172",
1761,mutants/mp/352/123/00000049/CharRange.java,35f628f0ede95815b7baee71761cb087,,0,352,101,1,,ASSUMED_NO,1290,0,2026-02-03 13:18:24,0,66,
1762,mutants/mp/353/5/00000027/ByteVector.java,7b352a4fc5f430a3c36c03a2983a2d76,mutants/mp/353/5/00000027/ByteVector.class,1,353,100,1,,ASSUMED_NO,1297,0,2026-02-03 13:18:31,13,"181,183,185,191,193,199,200,208,210",
1763,mutants/mp/349/121/00000026/CharRange.java,aa25c694155d0c19506989eea30b66d1,mutants/mp/349/121/00000026/CharRange.class,1,349,101,1,,ASSUMED_NO,1291,0,2026-02-03 13:18:36,1,191,
1764,mutants/mp/348/5/00000023/CharRange.java,e62c271d86b0254238595cb147842e80,mutants/mp/348/5/00000023/CharRange.class,0,348,101,1,1,ASSUMED_NO,1294,0,2026-02-03 13:18:42,0,"153,155,158,160","[junit] Testcase: test took 0.009 sec
[junit] null
[junit] junit.framework.AssertionFailedError
[junit] 	at TestCharRange.test(TestCharRange.java:11)
[junit] 	at java.base/jdk.internal.reflect.NativeMethodAccessorImpl.invoke0(Native Method)
[junit] 	at java.base/jdk.internal.reflect.NativeMethodAccessorImpl.invoke(NativeMethodAccessorImpl.java:77)
[junit] 	at java.base/jdk.internal.reflect.DelegatingMethodAccessorImpl.invoke(DelegatingMethodAccessorImpl.java:43)
[junit] 	at java.base/java.util.concurrent.FutureTask.run(FutureTask.java:264)
[junit] 	at java.base/java.lang.Thread.run(Thread.java:840)
"
1765,mutants/mp/349/121/00000027/CharRange.java,2dcd61dca510f747bdc663ad279f2cbc,mutants/mp/349/121/00000027/CharRange.class,1,349,101,1,,ASSUMED_NO,1291,0,2026-02-03 13:18:45,1,207,
1766,mutants/mp/350/125/00000053/ByteVector.java,02ea1efc5d5ec088ecb5bc2e39a092ab,,0,350,100,1,,ASSUMED_NO,1292,0,2026-02-03 13:18:51,0,"238,241",
1767,mutants/mp/349/121/00000028/CharRange.java,f1ce99931df0fcad923cabe4bf0ad280,mutants/mp/349/121/00000028/CharRange.class,1,349,101,1,,ASSUMED_NO,1291,0,2026-02-03 13:18:54,1,181,
1768,mutants/mp/354/119/00000026/CharRange.java,8894026b78dc04e05e736e8fd289192f,mutants/mp/354/119/00000026/CharRange.class,0,354,101,1,1,ASSUMED_NO,1284,0,2026-02-03 13:19:02,0,155,"[junit] Testcase: test took 0.008 sec
[junit] null
[junit] junit.framework.AssertionFailedError
[junit] 	at TestCharRange.test(TestCharRange.java:14)
[junit] 	at java.base/jdk.internal.reflect.NativeMethodAccessorImpl.invoke0(Native Method)
[junit] 	at java.base/jdk.internal.reflect.NativeMethodAccessorImpl.invoke(NativeMethodAccessorImpl.java:77)
[junit] 	at java.base/jdk.internal.reflect.DelegatingMethodAccessorImpl.invoke(DelegatingMethodAccessorImpl.java:43)
[junit] 	at java.base/java.util.concurrent.FutureTask.run(FutureTask.java:264)
[junit] 	at java.base/java.lang.Thread.run(Thread.java:840)
"
1769,mutants/mp/349/121/00000029/CharRange.java,f55335297a73b6d00cbbba78b0afaa2f,mutants/mp/349/121/00000029/CharRange.class,1,349,101,1,,ASSUMED_NO,1291,0,2026-02-03 13:19:04,1,152,
1770,mutants/mp/355/5/00000027/ByteVector.java,7b352a4fc5f430a3c36c03a2983a2d76,mutants/mp/355/5/00000027/ByteVector.class,0,355,100,1,1,ASSUMED_NO,1295,0,2026-02-03 13:19:04,1,"181,183,185,191,193,199,200,208,210","[junit] Testcase: test took 0.011 sec
[junit] arrays first differed at element [0]; expected:<0> but was:<3>
[junit] junit.framework.AssertionFailedError: arrays first differed at element [0]; expected:<0> but was:<3>
[junit] 	at TestByteVector.test(TestByteVector.java:13)
[junit] 	at java.base/jdk.internal.reflect.NativeMethodAccessorImpl.invoke0(Native Method)
[junit] 	at java.base/jdk.internal.reflect.NativeMethodAccessorImpl.invoke(NativeMethodAccessorImpl.java:77)
[junit] 	at java.base/jdk.internal.reflect.DelegatingMethodAccessorImpl.invoke(DelegatingMethodAccessorImpl.java:43)
[junit] 	at java.base/java.util.concurrent.FutureTask.run(FutureTask.java:264)
[junit] 	at java.base/java.lang.Thread.run(Thread.java:840)
[junit] Caused by: java.lang.AssertionError: expected:<0> but was:<3>
"
1771,mutants/mp/352/123/00000050/CharRange.java,9d80c0133bbeef333c5c40a0c52c6445,mutants/mp/352/123/00000050/CharRange.class,0,352,101,1,1,ASSUMED_NO,1290,0,2026-02-03 13:19:09,2,79,"[junit] Testcase: test took 0.011 sec
[junit] The end character should be 'z' expected:<122> but was:<97>
[junit] junit.framework.AssertionFailedError: The end character should be 'z' expected:<122> but was:<97>
[junit] 	at TestCharRange.test(TestCharRange.java:13)
[junit] 	at java.base/jdk.internal.reflect.NativeMethodAccessorImpl.invoke0(Native Method)
[junit] 	at java.base/jdk.internal.reflect.NativeMethodAccessorImpl.invoke(NativeMethodAccessorImpl.java:77)
[junit] 	at java.base/jdk.internal.reflect.DelegatingMethodAccessorImpl.invoke(DelegatingMethodAccessorImpl.java:43)
[junit] 	at java.base/java.util.concurrent.FutureTask.run(FutureTask.java:264)
[junit] 	at java.base/java.lang.Thread.run(Thread.java:840)
"
1772,mutants/mp/353/5/00000028/ByteVector.java,2784db9324117516a0a9ee1fa1fe7f0f,mutants/mp/353/5/00000028/ByteVector.class,1,353,100,1,,ASSUMED_NO,1297,0,2026-02-03 13:19:18,11,"185,186,191,193,208,209,210",
1773,mutants/mp/352/123/00000051/CharRange.java,bf95289ee219a4d223ca009527ee2af8,mutants/mp/352/123/00000051/CharRange.class,0,352,101,1,1,ASSUMED_NO,1290,0,2026-02-03 13:19:19,1,92,"[junit] Testcase: test took 0.009 sec
[junit] Expected isNegated to be true
[junit] junit.framework.AssertionFailedError: Expected isNegated to be true
[junit] 	at TestCharRange.test(TestCharRange.java:13)
[junit] 	at java.base/jdk.internal.reflect.NativeMethodAccessorImpl.invoke0(Native Method)
[junit] 	at java.base/jdk.internal.reflect.NativeMethodAccessorImpl.invoke(NativeMethodAccessorImpl.java:77)
[junit] 	at java.base/jdk.internal.reflect.DelegatingMethodAccessorImpl.invoke(DelegatingMethodAccessorImpl.java:43)
[junit] 	at java.base/java.util.concurrent.FutureTask.run(FutureTask.java:264)
[junit] 	at java.base/java.lang.Thread.run(Thread.java:840)
"
1774,mutants/mp/349/121/00000030/CharRange.java,73ae5b01537be926f2b73c1b740084e1,mutants/mp/349/121/00000030/CharRange.class,1,349,101,1,,ASSUMED_NO,1291,0,2026-02-03 13:19:23,1,157,
1775,mutants/mp/350/125/00000054/ByteVector.java,aa6f3c68263e2fbcbdfb407fb7de3533,mutants/mp/350/125/00000054/ByteVector.class,1,350,100,1,,ASSUMED_NO,1292,0,2026-02-03 13:19:24,8,257,
1776,mutants/mp/354/119/00000027/CharRange.java,19e7f7bdd7c60a56d811bac0d9980e32,mutants/mp/354/119/00000027/CharRange.class,0,354,101,1,1,ASSUMED_NO,1284,0,2026-02-03 13:19:24,0,209,"[junit] Testcase: test took 0.009 sec
[junit] expected:<a-[c]> but was:<a-[a]>
[junit] junit.framework.AssertionFailedError: expected:<a-[c]> but was:<a-[a]>
[junit] 	at TestCharRange.test(TestCharRange.java:13)
[junit] 	at java.base/jdk.internal.reflect.NativeMethodAccessorImpl.invoke0(Native Method)
[junit] 	at java.base/jdk.internal.reflect.NativeMethodAccessorImpl.invoke(NativeMethodAccessorImpl.java:77)
[junit] 	at java.base/jdk.internal.reflect.DelegatingMethodAccessorImpl.invoke(DelegatingMethodAccessorImpl.java:43)
[junit] 	at java.base/java.util.concurrent.FutureTask.run(FutureTask.java:264)
[junit] 	at java.base/java.lang.Thread.run(Thread.java:840)
"
1777,mutants/mp/352/123/00000052/CharRange.java,0ecd9b33515a3b19e330be1004d40cde,,0,352,101,1,,ASSUMED_NO,1290,0,2026-02-03 13:19:31,0,111,
1778,mutants/mp/355/5/00000028/ByteVector.java,d892872a840f2ee997ad2b664d9a62f9,mutants/mp/355/5/00000028/ByteVector.class,1,355,100,1,,ASSUMED_NO,1295,0,2026-02-03 13:19:33,2,"185,191,193,208,210",
1779,mutants/mp/350/125/00000055/ByteVector.java,3932eebb60ea59099525d5769d0097cd,mutants/mp/350/125/00000055/ByteVector.class,0,350,100,1,1,ASSUMED_NO,1292,0,2026-02-03 13:19:40,1,49,"Buildfile: /srv/codedefenders-class-2026/build.xml

test-mutant:
[junit] Running TestByteVector
[junit] Testsuite: TestByteVector
[junit] Tests run: 1, Failures: 0, Errors: 1, Skipped: 0, Time elapsed: 0.022 sec
[junit] Tests run: 1, Failures: 0, Errors: 1, Skipped: 0, Time elapsed: 0.022 sec
[junit]
[junit] Testcase: test took 0.009 sec
[junit] 	Caused an ERROR
[junit] arraycopy: last source index 8 out of bounds for byte[1]
[junit] java.lang.ArrayIndexOutOfBoundsException: arraycopy: last source index 8 out of bounds for byte[1]
[junit] 	at java.base/java.lang.System.arraycopy(Native Method)
[junit] 	at ByteVector.enlarge(ByteVector.java:258)
[junit] 	at ByteVector.putByte(ByteVector.java:46)
[junit] 	at TestByteVector.test(TestByteVector.java:13)
[junit] 	at java.base/jdk.internal.reflect.NativeMethodAccessorImpl.invoke0(Native Method)
[junit] 	at java.base/jdk.internal.reflect.NativeMethodAccessorImpl.invoke(NativeMethodAccessorImpl.java:77)
[junit] 	at java.base/jdk.internal.reflect.DelegatingMethodAccessorImpl.invoke(DelegatingMethodAccessorImpl.java:43)
[junit] 	at java.base/java.util.concurrent.FutureTask.run(FutureTask.java:264)
[junit] 	at java.base/java.lang.Thread.run(Thread.java:840)
[junit]
[junit] Test TestByteVector FAILED

BUILD SUCCESSFUL
Total time: 1 second
  "
1780,mutants/mp/348/5/00000024/CharRange.java,8ea2652c348bde6119fbb8a5beb9844f,mutants/mp/348/5/00000024/CharRange.class,0,348,101,1,1,ASSUMED_NO,1294,0,2026-02-03 13:19:42,0,"153,155,158,160","[junit] Testcase: test took 0.009 sec
[junit] null
[junit] junit.framework.AssertionFailedError
[junit] 	at TestCharRange.test(TestCharRange.java:11)
[junit] 	at java.base/jdk.internal.reflect.NativeMethodAccessorImpl.invoke0(Native Method)
[junit] 	at java.base/jdk.internal.reflect.NativeMethodAccessorImpl.invoke(NativeMethodAccessorImpl.java:77)
[junit] 	at java.base/jdk.internal.reflect.DelegatingMethodAccessorImpl.invoke(DelegatingMethodAccessorImpl.java:43)
[junit] 	at java.base/java.util.concurrent.FutureTask.run(FutureTask.java:264)
[junit] 	at java.base/java.lang.Thread.run(Thread.java:840)
"
1781,mutants/mp/353/5/00000029/ByteVector.java,c1c2f54f8ea3be30d6df8f760903f958,mutants/mp/353/5/00000029/ByteVector.class,1,353,100,1,,ASSUMED_NO,1297,0,2026-02-03 13:19:43,6,"122,123,124,128,130",
1782,mutants/mp/349/121/00000031/CharRange.java,a6e95eafb5dbb25b1c1f7527d2e58211,mutants/mp/349/121/00000031/CharRange.class,1,349,101,1,,ASSUMED_NO,1291,0,2026-02-03 13:19:47,1,149,
1783,mutants/mp/352/123/00000053/CharRange.java,7b9d2911b80372fdad75c46c756e582d,,0,352,101,1,,ASSUMED_NO,1290,0,2026-02-03 13:19:50,0,112,
1784,mutants/mp/354/119/00000028/CharRange.java,a3d937be8b6b67abb0d608d5df278dd2,mutants/mp/354/119/00000028/CharRange.class,0,354,101,1,1,ASSUMED_NO,1284,0,2026-02-03 13:20:00,0,191,"[junit] Testcase: test took 0.013 sec
[junit] expected:<873> but was:<874>
[junit] junit.framework.AssertionFailedError: expected:<873> but was:<874>
[junit] 	at TestCharRange.test(TestCharRange.java:12)
[junit] 	at java.base/jdk.internal.reflect.NativeMethodAccessorImpl.invoke0(Native Method)
[junit] 	at java.base/jdk.internal.reflect.NativeMethodAccessorImpl.invoke(NativeMethodAccessorImpl.java:77)
[junit] 	at java.base/jdk.internal.reflect.DelegatingMethodAccessorImpl.invoke(DelegatingMethodAccessorImpl.java:43)
[junit] 	at java.base/java.util.concurrent.FutureTask.run(FutureTask.java:264)
[junit] 	at java.base/java.lang.Thread.run(Thread.java:840)
"
1785,mutants/mp/352/123/00000054/CharRange.java,30ca4cec815b19a8dffb31baa8cb1fb9,mutants/mp/352/123/00000054/CharRange.class,0,352,101,1,1,ASSUMED_NO,1290,0,2026-02-03 13:20:00,1,112,"[junit] Testcase: test took 0.011 sec
[junit] The end character should be 'z' expected:<122> but was:<97>
[junit] junit.framework.AssertionFailedError: The end character should be 'z' expected:<122> but was:<97>
[junit] 	at TestCharRange.test(TestCharRange.java:13)
[junit] 	at java.base/jdk.internal.reflect.NativeMethodAccessorImpl.invoke0(Native Method)
[junit] 	at java.base/jdk.internal.reflect.NativeMethodAccessorImpl.invoke(NativeMethodAccessorImpl.java:77)
[junit] 	at java.base/jdk.internal.reflect.DelegatingMethodAccessorImpl.invoke(DelegatingMethodAccessorImpl.java:43)
[junit] 	at java.base/java.util.concurrent.FutureTask.run(FutureTask.java:264)
[junit] 	at java.base/java.lang.Thread.run(Thread.java:840)
"
1786,mutants/mp/347/117/00000022/ByteVector.java,2bceeddb40fb148c301741d00532226a,mutants/mp/347/117/00000022/ByteVector.class,1,347,100,1,,ASSUMED_NO,1281,0,2026-02-03 13:20:03,7,238,
1787,mutants/mp/355/5/00000029/ByteVector.java,a53cd9833a192f3fe5082ad6392f549f,mutants/mp/355/5/00000029/ByteVector.class,0,355,100,1,1,ASSUMED_NO,1295,0,2026-02-03 13:20:03,1,"181,182,185,191,193,208,210","[junit] Testcase: test took 0.015 sec
[junit] arrays first differed at element [1]; expected:<3> but was:<4>
[junit] junit.framework.AssertionFailedError: arrays first differed at element [1]; expected:<3> but was:<4>
[junit] 	at TestByteVector.test(TestByteVector.java:13)
[junit] 	at java.base/jdk.internal.reflect.NativeMethodAccessorImpl.invoke0(Native Method)
[junit] 	at java.base/jdk.internal.reflect.NativeMethodAccessorImpl.invoke(NativeMethodAccessorImpl.java:77)
[junit] 	at java.base/jdk.internal.reflect.DelegatingMethodAccessorImpl.invoke(DelegatingMethodAccessorImpl.java:43)
[junit] 	at java.base/java.util.concurrent.FutureTask.run(FutureTask.java:264)
[junit] 	at java.base/java.lang.Thread.run(Thread.java:840)
[junit] Caused by: java.lang.AssertionError: expected:<3> but was:<4>
"
1788,mutants/mp/353/5/00000030/ByteVector.java,8ecdb78c68cdd1a2fdf7979a6ebb23c3,mutants/mp/353/5/00000030/ByteVector.class,1,353,100,1,,ASSUMED_NO,1297,0,2026-02-03 13:20:14,6,"126,127,128,130",
1789,mutants/mp/349/121/00000032/CharRange.java,75f9fb06e8b91f3956d3dd60235d9bc0,,0,349,101,1,,ASSUMED_NO,1291,0,2026-02-03 13:20:16,0,79,
1790,mutants/mp/349/121/00000033/CharRange.java,c70e5b909efe13834bf2004106c0fdd9,mutants/mp/349/121/00000033/CharRange.class,0,349,101,1,1,ASSUMED_NO,1291,0,2026-02-03 13:20:28,6,79,"[junit] Testcase: test took 0.009 sec
[junit] null
[junit] junit.framework.AssertionFailedError
[junit] 	at TestCharRange.test(TestCharRange.java:13)
[junit] 	at java.base/jdk.internal.reflect.NativeMethodAccessorImpl.invoke0(Native Method)
[junit] 	at java.base/jdk.internal.reflect.NativeMethodAccessorImpl.invoke(NativeMethodAccessorImpl.java:77)
[junit] 	at java.base/jdk.internal.reflect.DelegatingMethodAccessorImpl.invoke(DelegatingMethodAccessorImpl.java:43)
[junit] 	at java.base/java.util.concurrent.FutureTask.run(FutureTask.java:264)
[junit] 	at java.base/java.lang.Thread.run(Thread.java:840)
"
1791,mutants/mp/348/5/00000025/CharRange.java,d1a52b6dda1395a5f62e45b81c683a0b,mutants/mp/348/5/00000025/CharRange.class,0,348,101,1,1,ASSUMED_NO,1294,0,2026-02-03 13:20:29,0,"153,155,160","[junit] Testcase: test took 0.012 sec
[junit] null
[junit] junit.framework.AssertionFailedError
[junit] 	at TestCharRange.test(TestCharRange.java:11)
[junit] 	at java.base/jdk.internal.reflect.NativeMethodAccessorImpl.invoke0(Native Method)
[junit] 	at java.base/jdk.internal.reflect.NativeMethodAccessorImpl.invoke(NativeMethodAccessorImpl.java:77)
[junit] 	at java.base/jdk.internal.reflect.DelegatingMethodAccessorImpl.invoke(DelegatingMethodAccessorImpl.java:43)
[junit] 	at java.base/java.util.concurrent.FutureTask.run(FutureTask.java:264)
[junit] 	at java.base/java.lang.Thread.run(Thread.java:840)
"
1792,mutants/mp/354/119/00000029/CharRange.java,861cb2e86807efdc21428815f4121a09,mutants/mp/354/119/00000029/CharRange.class,1,354,101,1,,ASSUMED_NO,1284,0,2026-02-03 13:20:32,3,153,
1793,mutants/mp/352/123/00000055/CharRange.java,2e0c64f90809ca334db30a717d662b56,mutants/mp/352/123/00000055/CharRange.class,1,352,101,1,,ASSUMED_NO,1290,0,2026-02-03 13:20:40,1,136,
1794,mutants/mp/355/5/00000030/ByteVector.java,7d1e5c5bcef5b2e55fac83c91b447cc6,mutants/mp/355/5/00000030/ByteVector.class,1,355,100,1,,ASSUMED_NO,1295,0,2026-02-03 13:20:46,2,"185,191,193,208,210",
1795,mutants/mp/354/119/00000030/CharRange.java,338de7455230410cf5571b43ffbf1133,mutants/mp/354/119/00000030/CharRange.class,0,354,101,1,1,ASSUMED_NO,1284,0,2026-02-03 13:20:49,0,42,"[junit] Testcase: test took 0.01 sec
[junit] null
[junit] junit.framework.AssertionFailedError
[junit] 	at TestCharRange.test(TestCharRange.java:12)
[junit] 	at java.base/jdk.internal.reflect.NativeMethodAccessorImpl.invoke0(Native Method)
[junit] 	at java.base/jdk.internal.reflect.NativeMethodAccessorImpl.invoke(NativeMethodAccessorImpl.java:77)
[junit] 	at java.base/jdk.internal.reflect.DelegatingMethodAccessorImpl.invoke(DelegatingMethodAccessorImpl.java:43)
[junit] 	at java.base/java.util.concurrent.FutureTask.run(FutureTask.java:264)
[junit] 	at java.base/java.lang.Thread.run(Thread.java:840)
"
1796,mutants/mp/352/123/00000056/CharRange.java,a4d3d244d88b8bfd74e555242b87e407,mutants/mp/352/123/00000056/CharRange.class,1,352,101,1,,ASSUMED_NO,1290,0,2026-02-03 13:20:53,1,136,
1797,mutants/mp/351/115/00000027/ByteVector.java,2bceeddb40fb148c301741d00532226a,mutants/mp/351/115/00000027/ByteVector.class,1,351,100,1,,ASSUMED_NO,1287,0,2026-02-03 13:21:01,1,238,
1798,mutants/mp/349/121/00000034/CharRange.java,4aba2a91a502c3de947443d38613fe30,mutants/mp/349/121/00000034/CharRange.class,1,349,101,1,,ASSUMED_NO,1291,0,2026-02-03 13:21:08,1,203,
1799,mutants/mp/352/123/00000057/CharRange.java,e0f3b0393b868bd1a0559a714aa7d285,mutants/mp/352/123/00000057/CharRange.class,0,352,101,1,1,ASSUMED_NO,1290,0,2026-02-03 13:21:11,2,124,"[junit] Testcase: test took 0.011 sec
[junit] Expected isNegated to be true
[junit] junit.framework.AssertionFailedError: Expected isNegated to be true
[junit] 	at TestCharRange.test(TestCharRange.java:13)
[junit] 	at java.base/jdk.internal.reflect.NativeMethodAccessorImpl.invoke0(Native Method)
[junit] 	at java.base/jdk.internal.reflect.NativeMethodAccessorImpl.invoke(NativeMethodAccessorImpl.java:77)
[junit] 	at java.base/jdk.internal.reflect.DelegatingMethodAccessorImpl.invoke(DelegatingMethodAccessorImpl.java:43)
[junit] 	at java.base/java.util.concurrent.FutureTask.run(FutureTask.java:264)
[junit] 	at java.base/java.lang.Thread.run(Thread.java:840)
"
1800,mutants/mp/348/5/00000026/CharRange.java,0f3c7d25d6cc70d3a0a07beebd99c008,mutants/mp/348/5/00000026/CharRange.class,0,348,101,1,1,ASSUMED_NO,1294,0,2026-02-03 13:21:13,0,"153,155,158,160","[junit] Testcase: test took 0.012 sec
[junit] null
[junit] junit.framework.AssertionFailedError
[junit] 	at TestCharRange.test(TestCharRange.java:11)
[junit] 	at java.base/jdk.internal.reflect.NativeMethodAccessorImpl.invoke0(Native Method)
[junit] 	at java.base/jdk.internal.reflect.NativeMethodAccessorImpl.invoke(NativeMethodAccessorImpl.java:77)
[junit] 	at java.base/jdk.internal.reflect.DelegatingMethodAccessorImpl.invoke(DelegatingMethodAccessorImpl.java:43)
[junit] 	at java.base/java.util.concurrent.FutureTask.run(FutureTask.java:264)
[junit] 	at java.base/java.lang.Thread.run(Thread.java:840)
"
1801,mutants/mp/354/119/00000031/CharRange.java,2553b2ca171fa55e7e35cb4cdf829c5b,mutants/mp/354/119/00000031/CharRange.class,1,354,101,1,,ASSUMED_NO,1284,0,2026-02-03 13:21:14,9,181,
1802,mutants/mp/355/5/00000031/ByteVector.java,ef24d2a5253180363b5a07a131f96df4,mutants/mp/355/5/00000031/ByteVector.class,0,355,100,1,1,ASSUMED_NO,1295,0,2026-02-03 13:21:18,1,"182,185,186,191,193,199,208,209,210,219","[junit] Testcase: test took 0.011 sec
[junit] arrays first differed at element [1]; expected:<3> but was:<4>
[junit] junit.framework.AssertionFailedError: arrays first differed at element [1]; expected:<3> but was:<4>
[junit] 	at TestByteVector.test(TestByteVector.java:13)
[junit] 	at java.base/jdk.internal.reflect.NativeMethodAccessorImpl.invoke0(Native Method)
[junit] 	at java.base/jdk.internal.reflect.NativeMethodAccessorImpl.invoke(NativeMethodAccessorImpl.java:77)
[junit] 	at java.base/jdk.internal.reflect.DelegatingMethodAccessorImpl.invoke(DelegatingMethodAccessorImpl.java:43)
[junit] 	at java.base/java.util.concurrent.FutureTask.run(FutureTask.java:264)
[junit] 	at java.base/java.lang.Thread.run(Thread.java:840)
[junit] Caused by: java.lang.AssertionError: expected:<3> but was:<4>
"
1803,mutants/mp/350/125/00000056/ByteVector.java,d9efe2c50480a7332fa61111892feb0c,,0,350,100,1,,ASSUMED_NO,1292,0,2026-02-03 13:21:19,0,239,
1804,mutants/mp/349/121/00000035/CharRange.java,d76dd65e6671e3646e22b930efb81d5b,mutants/mp/349/121/00000035/CharRange.class,1,349,101,1,,ASSUMED_NO,1291,0,2026-02-03 13:21:21,1,178,
1805,mutants/mp/347/117/00000023/ByteVector.java,2474c9bfaaed9a8529299246873e4f70,mutants/mp/347/117/00000023/ByteVector.class,0,347,100,1,1,ASSUMED_NO,1281,0,2026-02-03 13:21:28,0,244,"[junit] Testcase: test took 0.01 sec
[junit] expected:<2> but was:<0>
[junit] junit.framework.AssertionFailedError: expected:<2> but was:<0>
[junit] 	at TestByteVector.test(TestByteVector.java:13)
[junit] 	at java.base/jdk.internal.reflect.NativeMethodAccessorImpl.invoke0(Native Method)
[junit] 	at java.base/jdk.internal.reflect.NativeMethodAccessorImpl.invoke(NativeMethodAccessorImpl.java:77)
[junit] 	at java.base/jdk.internal.reflect.DelegatingMethodAccessorImpl.invoke(DelegatingMethodAccessorImpl.java:43)
[junit] 	at java.base/java.util.concurrent.FutureTask.run(FutureTask.java:264)
[junit] 	at java.base/java.lang.Thread.run(Thread.java:840)
"
1806,mutants/mp/351/115/00000028/ByteVector.java,8d8beb5d80785b880e45ee040cdbcfbf,mutants/mp/351/115/00000028/ByteVector.class,1,351,100,1,,ASSUMED_NO,1287,0,2026-02-03 13:21:38,3,171,
1807,mutants/mp/348/5/00000027/CharRange.java,80a7c20773abe2f9ac80a2c8bd486d4b,mutants/mp/348/5/00000027/CharRange.class,0,348,101,1,1,ASSUMED_NO,1294,0,2026-02-03 13:21:42,0,"153,158,160","[junit] Testcase: test took 0.01 sec
[junit] null
[junit] junit.framework.AssertionFailedError
[junit] 	at TestCharRange.test(TestCharRange.java:11)
[junit] 	at java.base/jdk.internal.reflect.NativeMethodAccessorImpl.invoke0(Native Method)
[junit] 	at java.base/jdk.internal.reflect.NativeMethodAccessorImpl.invoke(NativeMethodAccessorImpl.java:77)
[junit] 	at java.base/jdk.internal.reflect.DelegatingMethodAccessorImpl.invoke(DelegatingMethodAccessorImpl.java:43)
[junit] 	at java.base/java.util.concurrent.FutureTask.run(FutureTask.java:264)
[junit] 	at java.base/java.lang.Thread.run(Thread.java:840)
"
1808,mutants/mp/347/117/00000024/ByteVector.java,4b6f258515c515390fbf46df1df13ce2,mutants/mp/347/117/00000024/ByteVector.class,0,347,100,1,1,ASSUMED_NO,1281,0,2026-02-03 13:21:45,1,209,"[junit] Testcase: test took 0.01 sec
[junit] expected:<6> but was:<5>
[junit] junit.framework.AssertionFailedError: expected:<6> but was:<5>
[junit] 	at TestByteVector.test(TestByteVector.java:22)
[junit] 	at java.base/jdk.internal.reflect.NativeMethodAccessorImpl.invoke0(Native Method)
[junit] 	at java.base/jdk.internal.reflect.NativeMethodAccessorImpl.invoke(NativeMethodAccessorImpl.java:77)
[junit] 	at java.base/jdk.internal.reflect.DelegatingMethodAccessorImpl.invoke(DelegatingMethodAccessorImpl.java:43)
[junit] 	at java.base/java.util.concurrent.FutureTask.run(FutureTask.java:264)
[junit] 	at java.base/java.lang.Thread.run(Thread.java:840)
"
1809,mutants/mp/352/123/00000058/CharRange.java,08c18c9ef43f0b3659ea35b46d5a6b5f,,0,352,101,1,,ASSUMED_NO,1290,0,2026-02-03 13:21:48,0,112,
1810,mutants/mp/354/119/00000032/CharRange.java,e61d5b323f57c56c085af9662efe2a02,mutants/mp/354/119/00000032/CharRange.class,1,354,101,1,,ASSUMED_NO,1284,0,2026-02-03 13:21:57,9,181,
1811,mutants/mp/350/125/00000057/ByteVector.java,d122b69787f38dcebf0896d713580b72,,0,350,100,1,,ASSUMED_NO,1292,0,2026-02-03 13:22:00,0,123,
1812,mutants/mp/355/5/00000032/ByteVector.java,b6103e75cc0e23155a7c8bd7e9ccf5a0,mutants/mp/355/5/00000032/ByteVector.class,0,355,100,1,1,ASSUMED_NO,1295,0,2026-02-03 13:22:02,1,"185,186,191,193,208,209,210","[junit] Testcase: test took 0.012 sec
[junit] arrays first differed at element [2]; expected:<97> but was:<96>
[junit] junit.framework.AssertionFailedError: arrays first differed at element [2]; expected:<97> but was:<96>
[junit] 	at TestByteVector.test(TestByteVector.java:13)
[junit] 	at java.base/jdk.internal.reflect.NativeMethodAccessorImpl.invoke0(Native Method)
[junit] 	at java.base/jdk.internal.reflect.NativeMethodAccessorImpl.invoke(NativeMethodAccessorImpl.java:77)
[junit] 	at java.base/jdk.internal.reflect.DelegatingMethodAccessorImpl.invoke(DelegatingMethodAccessorImpl.java:43)
[junit] 	at java.base/java.util.concurrent.FutureTask.run(FutureTask.java:264)
[junit] 	at java.base/java.lang.Thread.run(Thread.java:840)
[junit] Caused by: java.lang.AssertionError: expected:<97> but was:<96>
"
1813,mutants/mp/353/5/00000031/ByteVector.java,3fe2da658c98edeaad8a3be950b46502,mutants/mp/353/5/00000031/ByteVector.class,1,353,100,1,,ASSUMED_NO,1297,0,2026-02-03 13:22:03,13,"181,185,191,193,199,208,210",
1814,mutants/mp/354/119/00000033/CharRange.java,723c4410a7e28b423f2c3a2356c2e126,mutants/mp/354/119/00000033/CharRange.class,0,354,101,1,1,ASSUMED_NO,1284,0,2026-02-03 13:22:15,0,155,"[junit] Testcase: test took 0.01 sec
[junit] null
[junit] junit.framework.AssertionFailedError
[junit] 	at TestCharRange.test(TestCharRange.java:13)
[junit] 	at java.base/jdk.internal.reflect.NativeMethodAccessorImpl.invoke0(Native Method)
[junit] 	at java.base/jdk.internal.reflect.NativeMethodAccessorImpl.invoke(NativeMethodAccessorImpl.java:77)
[junit] 	at java.base/jdk.internal.reflect.DelegatingMethodAccessorImpl.invoke(DelegatingMethodAccessorImpl.java:43)
[junit] 	at java.base/java.util.concurrent.FutureTask.run(FutureTask.java:264)
[junit] 	at java.base/java.lang.Thread.run(Thread.java:840)
"
1815,mutants/mp/348/5/00000028/CharRange.java,0b21d6e7c105d33bbe4acc35870cc314,mutants/mp/348/5/00000028/CharRange.class,0,348,101,1,1,ASSUMED_NO,1294,0,2026-02-03 13:22:27,0,"153,155,158,160","[junit] Testcase: test took 0.021 sec
[junit] null
[junit] junit.framework.AssertionFailedError
[junit] 	at TestCharRange.test(TestCharRange.java:12)
[junit] 	at java.base/jdk.internal.reflect.NativeMethodAccessorImpl.invoke0(Native Method)
[junit] 	at java.base/jdk.internal.reflect.NativeMethodAccessorImpl.invoke(NativeMethodAccessorImpl.java:77)
[junit] 	at java.base/jdk.internal.reflect.DelegatingMethodAccessorImpl.invoke(DelegatingMethodAccessorImpl.java:43)
[junit] 	at java.base/java.util.concurrent.FutureTask.run(FutureTask.java:264)
[junit] 	at java.base/java.lang.Thread.run(Thread.java:840)
"
1816,mutants/mp/353/5/00000032/ByteVector.java,4b149540c1fe7beebbd098ca8b04f149,mutants/mp/353/5/00000032/ByteVector.class,1,353,100,1,,ASSUMED_NO,1297,0,2026-02-03 13:22:28,6,"122,123,128,130",
1817,mutants/mp/355/5/00000033/ByteVector.java,91a91f07e2b65f890d15a9a73107557a,mutants/mp/355/5/00000033/ByteVector.class,0,355,100,1,1,ASSUMED_NO,1295,0,2026-02-03 13:22:34,1,"185,191,193,208,210,223","[junit] Testcase: test took 0.01 sec
[junit] arrays first differed at element [4]; expected:<99> but was:<96>
[junit] junit.framework.AssertionFailedError: arrays first differed at element [4]; expected:<99> but was:<96>
[junit] 	at TestByteVector.test(TestByteVector.java:13)
[junit] 	at java.base/jdk.internal.reflect.NativeMethodAccessorImpl.invoke0(Native Method)
[junit] 	at java.base/jdk.internal.reflect.NativeMethodAccessorImpl.invoke(NativeMethodAccessorImpl.java:77)
[junit] 	at java.base/jdk.internal.reflect.DelegatingMethodAccessorImpl.invoke(DelegatingMethodAccessorImpl.java:43)
[junit] 	at java.base/java.util.concurrent.FutureTask.run(FutureTask.java:264)
[junit] 	at java.base/java.lang.Thread.run(Thread.java:840)
[junit] Caused by: java.lang.AssertionError: expected:<99> but was:<96>
"
1818,mutants/mp/350/125/00000058/ByteVector.java,bea8d2ac52f8c9fcec7e050bef6b2a91,mutants/mp/350/125/00000058/ByteVector.class,1,350,100,1,,ASSUMED_NO,1292,0,2026-02-03 13:22:41,8,255,
1819,mutants/mp/354/119/00000034/CharRange.java,28d4d83c8ddd3df9eb6d868934fa22e7,mutants/mp/354/119/00000034/CharRange.class,0,354,101,1,1,ASSUMED_NO,1284,0,2026-02-03 13:22:43,0,181,"[junit] Testcase: test took 0.007 sec
[junit] null
[junit] junit.framework.AssertionFailedError
[junit] 	at TestCharRange.test(TestCharRange.java:12)
[junit] 	at java.base/jdk.internal.reflect.NativeMethodAccessorImpl.invoke0(Native Method)
[junit] 	at java.base/jdk.internal.reflect.NativeMethodAccessorImpl.invoke(NativeMethodAccessorImpl.java:77)
[junit] 	at java.base/jdk.internal.reflect.DelegatingMethodAccessorImpl.invoke(DelegatingMethodAccessorImpl.java:43)
[junit] 	at java.base/java.util.concurrent.FutureTask.run(FutureTask.java:264)
[junit] 	at java.base/java.lang.Thread.run(Thread.java:840)
"
1820,mutants/mp/352/123/00000059/CharRange.java,bc858e597e660983b987b770345cbe99,mutants/mp/352/123/00000059/CharRange.class,1,352,101,1,,ASSUMED_NO,1290,0,2026-02-03 13:22:51,1,191,
1821,mutants/mp/348/5/00000029/CharRange.java,389cd6149417074544381f73966b23e9,mutants/mp/348/5/00000029/CharRange.class,0,348,101,1,1,ASSUMED_NO,1294,0,2026-02-03 13:22:58,0,"153,155,158,160","[junit] Testcase: test took 0.012 sec
[junit] null
[junit] junit.framework.AssertionFailedError
[junit] 	at TestCharRange.test(TestCharRange.java:11)
[junit] 	at java.base/jdk.internal.reflect.NativeMethodAccessorImpl.invoke0(Native Method)
[junit] 	at java.base/jdk.internal.reflect.NativeMethodAccessorImpl.invoke(NativeMethodAccessorImpl.java:77)
[junit] 	at java.base/jdk.internal.reflect.DelegatingMethodAccessorImpl.invoke(DelegatingMethodAccessorImpl.java:43)
[junit] 	at java.base/java.util.concurrent.FutureTask.run(FutureTask.java:264)
[junit] 	at java.base/java.lang.Thread.run(Thread.java:840)
"
1822,mutants/mp/355/5/00000034/ByteVector.java,5c6c038c981f3400f524bd20e432bc1e,mutants/mp/355/5/00000034/ByteVector.class,1,355,100,1,,ASSUMED_NO,1295,0,2026-02-03 13:23:03,2,"185,191,193,208,210,222",
1823,mutants/mp/353/5/00000033/ByteVector.java,f3de2953d04f89ab065500104c2e923e,mutants/mp/353/5/00000033/ByteVector.class,1,353,100,1,,ASSUMED_NO,1297,0,2026-02-03 13:23:13,6,129,
1824,mutants/mp/352/123/00000060/CharRange.java,97eefec51f41c1c33f2166d13502474d,mutants/mp/352/123/00000060/CharRange.class,1,352,101,1,,ASSUMED_NO,1290,0,2026-02-03 13:23:17,1,202,
1825,mutants/mp/352/123/00000061/CharRange.java,a3d937be8b6b67abb0d608d5df278dd2,mutants/mp/352/123/00000061/CharRange.class,1,352,101,1,,ASSUMED_NO,1290,0,2026-02-03 13:23:29,1,191,
1826,mutants/mp/355/5/00000035/ByteVector.java,f04d88e6b153a1622424117dd3691a71,mutants/mp/355/5/00000035/ByteVector.class,1,355,100,1,,ASSUMED_NO,1295,0,2026-02-03 13:23:33,2,"185,191,193,208,210",
1827,mutants/mp/350/125/00000059/ByteVector.java,8c9fd3a722746e08cbaaf19eca626345,mutants/mp/350/125/00000059/ByteVector.class,1,350,100,1,,ASSUMED_NO,1292,0,2026-02-03 13:23:43,1,242,
1828,mutants/mp/352/123/00000062/CharRange.java,7fcf7493df3c181f128828160cb645c5,mutants/mp/352/123/00000062/CharRange.class,1,352,101,1,,ASSUMED_NO,1290,0,2026-02-03 13:23:46,1,181,
1829,mutants/mp/354/119/00000035/CharRange.java,49371d587687dda3df4f1017b22056a4,,0,354,101,1,,ASSUMED_NO,1284,0,2026-02-03 13:23:50,0,136,
1830,mutants/mp/347/117/00000025/ByteVector.java,afb1997253251a4714f384ccb958b5b6,,0,347,100,1,,ASSUMED_NO,1281,0,2026-02-03 13:23:50,0,48,
1831,mutants/mp/348/5/00000030/CharRange.java,ad317f3a983611501bb525cc01eadaab,mutants/mp/348/5/00000030/CharRange.class,0,348,101,1,1,ASSUMED_NO,1294,0,2026-02-03 13:23:57,0,"153,155,158,160","[junit] Testcase: test took 0.01 sec
[junit] null
[junit] junit.framework.AssertionFailedError
[junit] 	at TestCharRange.test(TestCharRange.java:11)
[junit] 	at java.base/jdk.internal.reflect.NativeMethodAccessorImpl.invoke0(Native Method)
[junit] 	at java.base/jdk.internal.reflect.NativeMethodAccessorImpl.invoke(NativeMethodAccessorImpl.java:77)
[junit] 	at java.base/jdk.internal.reflect.DelegatingMethodAccessorImpl.invoke(DelegatingMethodAccessorImpl.java:43)
[junit] 	at java.base/java.util.concurrent.FutureTask.run(FutureTask.java:264)
[junit] 	at java.base/java.lang.Thread.run(Thread.java:840)
"
1832,mutants/mp/352/123/00000063/CharRange.java,a55d7122aa9924bc68674097115ed27f,mutants/mp/352/123/00000063/CharRange.class,1,352,101,1,,ASSUMED_NO,1290,0,2026-02-03 13:24:00,1,136,
1833,mutants/mp/353/5/00000034/ByteVector.java,ffa2cda9f2aad323ab0fab9dbee97e57,mutants/mp/353/5/00000034/ByteVector.class,1,353,100,1,,ASSUMED_NO,1297,0,2026-02-03 13:24:03,13,"181,185,191,193,199,208,210,211,212,213,215,216",
1834,mutants/mp/350/125/00000060/ByteVector.java,70e220acfd6738f711ff5647e90b0949,mutants/mp/350/125/00000060/ByteVector.class,0,350,100,1,1,ASSUMED_NO,1292,0,2026-02-03 13:24:05,2,69,"[junit] Testcase: test took 0.009 sec
[junit] expected:<2> but was:<14>
[junit] junit.framework.AssertionFailedError: expected:<2> but was:<14>
[junit] 	at TestByteVector.test(TestByteVector.java:12)
[junit] 	at java.base/jdk.internal.reflect.NativeMethodAccessorImpl.invoke0(Native Method)
[junit] 	at java.base/jdk.internal.reflect.NativeMethodAccessorImpl.invoke(NativeMethodAccessorImpl.java:77)
[junit] 	at java.base/jdk.internal.reflect.DelegatingMethodAccessorImpl.invoke(DelegatingMethodAccessorImpl.java:43)
[junit] 	at java.base/java.util.concurrent.FutureTask.run(FutureTask.java:264)
[junit] 	at java.base/java.lang.Thread.run(Thread.java:840)
"
1835,mutants/mp/352/123/00000064/CharRange.java,5d771acdd9e735298418510d6bb3a5ae,mutants/mp/352/123/00000064/CharRange.class,1,352,101,1,,ASSUMED_NO,1290,0,2026-02-03 13:24:17,1,136,
1836,mutants/mp/355/5/00000036/ByteVector.java,104c7e30b3bce3defe3d715585275cff,mutants/mp/355/5/00000036/ByteVector.class,1,355,100,1,,ASSUMED_NO,1295,0,2026-02-03 13:24:18,2,"185,191,193,194,208,210",
1837,mutants/mp/354/119/00000036/CharRange.java,8a4883cb526cf9f91c1fcd78841788b7,mutants/mp/354/119/00000036/CharRange.class,0,354,101,1,1,ASSUMED_NO,1284,0,2026-02-03 13:24:26,0,191,"[junit] Testcase: test took 0.01 sec
[junit] expected:<874> but was:<0>
[junit] junit.framework.AssertionFailedError: expected:<874> but was:<0>
[junit] 	at TestCharRange.test(TestCharRange.java:12)
[junit] 	at java.base/jdk.internal.reflect.NativeMethodAccessorImpl.invoke0(Native Method)
[junit] 	at java.base/jdk.internal.reflect.NativeMethodAccessorImpl.invoke(NativeMethodAccessorImpl.java:77)
[junit] 	at java.base/jdk.internal.reflect.DelegatingMethodAccessorImpl.invoke(DelegatingMethodAccessorImpl.java:43)
[junit] 	at java.base/java.util.concurrent.FutureTask.run(FutureTask.java:264)
[junit] 	at java.base/java.lang.Thread.run(Thread.java:840)
"
1838,mutants/mp/347/117/00000026/ByteVector.java,64f409ec52117449ff2e11fd8b44830e,mutants/mp/347/117/00000026/ByteVector.class,0,347,100,1,1,ASSUMED_NO,1281,0,2026-02-03 13:24:29,0,45,"Buildfile: /srv/codedefenders-class-2026/build.xml

test-mutant:
[junit] Running TestByteVector
[junit] Testsuite: TestByteVector
[junit] Tests run: 1, Failures: 0, Errors: 1, Skipped: 0, Time elapsed: 0.027 sec
[junit] Tests run: 1, Failures: 0, Errors: 1, Skipped: 0, Time elapsed: 0.027 sec
[junit]
[junit] Testcase: test took 0.011 sec
[junit] 	Caused an ERROR
[junit] Index 1 out of bounds for length 1
[junit] java.lang.ArrayIndexOutOfBoundsException: Index 1 out of bounds for length 1
[junit] 	at ByteVector.putByte(ByteVector.java:48)
[junit] 	at TestByteVector.test(TestByteVector.java:11)
[junit] 	at java.base/jdk.internal.reflect.NativeMethodAccessorImpl.invoke0(Native Method)
[junit] 	at java.base/jdk.internal.reflect.NativeMethodAccessorImpl.invoke(NativeMethodAccessorImpl.java:77)
[junit] 	at java.base/jdk.internal.reflect.DelegatingMethodAccessorImpl.invoke(DelegatingMethodAccessorImpl.java:43)
[junit] 	at java.base/java.util.concurrent.FutureTask.run(FutureTask.java:264)
[junit] 	at java.base/java.lang.Thread.run(Thread.java:840)
[junit]
[junit] Test TestByteVector FAILED

BUILD SUCCESSFUL
Total time: 1 second
  "
1839,mutants/mp/353/5/00000035/ByteVector.java,dd10ade1ab96842c498a268b3e04e62a,mutants/mp/353/5/00000035/ByteVector.class,1,353,100,1,,ASSUMED_NO,1297,0,2026-02-03 13:24:30,6,"128,130",
1840,mutants/mp/352/123/00000065/CharRange.java,8cf5daf2874e25577c9312309a38c304,mutants/mp/352/123/00000065/CharRange.class,1,352,101,1,,ASSUMED_NO,1290,0,2026-02-03 13:24:30,1,136,
1841,mutants/mp/348/5/00000031/CharRange.java,a17b02c36c104ace91a73cad43afde7e,mutants/mp/348/5/00000031/CharRange.class,0,348,101,1,1,ASSUMED_NO,1294,0,2026-02-03 13:24:42,0,"153,155,158,160","[junit] Testcase: test took 0.017 sec
[junit] null
[junit] junit.framework.AssertionFailedError
[junit] 	at TestCharRange.test(TestCharRange.java:12)
[junit] 	at java.base/jdk.internal.reflect.NativeMethodAccessorImpl.invoke0(Native Method)
[junit] 	at java.base/jdk.internal.reflect.NativeMethodAccessorImpl.invoke(NativeMethodAccessorImpl.java:77)
[junit] 	at java.base/jdk.internal.reflect.DelegatingMethodAccessorImpl.invoke(DelegatingMethodAccessorImpl.java:43)
[junit] 	at java.base/java.util.concurrent.FutureTask.run(FutureTask.java:264)
[junit] 	at java.base/java.lang.Thread.run(Thread.java:840)
"
1842,mutants/mp/352/123/00000066/CharRange.java,51ca1f84258755ee9174152af706d8fe,,0,352,101,1,,ASSUMED_NO,1290,0,2026-02-03 13:24:48,0,158,
1843,mutants/mp/355/5/00000037/ByteVector.java,04d89b144a8e5beb8e4d9e727fd355ad,mutants/mp/355/5/00000037/ByteVector.class,1,355,100,1,,ASSUMED_NO,1295,0,2026-02-03 13:24:48,2,"182,185,191,193,208,210",
1844,mutants/mp/354/119/00000037/CharRange.java,b159a56e8075d220066f5bdc04fcba46,mutants/mp/354/119/00000037/CharRange.class,0,354,101,1,1,ASSUMED_NO,1284,0,2026-02-03 13:24:48,0,112,"[junit] Testcase: test took 0.009 sec
[junit] expected:<101> but was:<120>
[junit] junit.framework.AssertionFailedError: expected:<101> but was:<120>
[junit] 	at TestCharRange.test(TestCharRange.java:12)
[junit] 	at java.base/jdk.internal.reflect.NativeMethodAccessorImpl.invoke0(Native Method)
[junit] 	at java.base/jdk.internal.reflect.NativeMethodAccessorImpl.invoke(NativeMethodAccessorImpl.java:77)
[junit] 	at java.base/jdk.internal.reflect.DelegatingMethodAccessorImpl.invoke(DelegatingMethodAccessorImpl.java:43)
[junit] 	at java.base/java.util.concurrent.FutureTask.run(FutureTask.java:264)
[junit] 	at java.base/java.lang.Thread.run(Thread.java:840)
"
1845,mutants/mp/350/125/00000061/ByteVector.java,57924785640ff3c4ecd0f302d297651c,mutants/mp/350/125/00000061/ByteVector.class,1,350,100,1,,ASSUMED_NO,1292,0,2026-02-03 13:24:53,1,141,
1846,mutants/mp/352/123/00000067/CharRange.java,18075977ee164083dd6633cef2c8cba1,mutants/mp/352/123/00000067/CharRange.class,1,352,101,1,,ASSUMED_NO,1290,0,2026-02-03 13:25:07,1,158,
1847,mutants/mp/350/125/00000062/ByteVector.java,e67f9618200994306b0c99dd374c3f93,,0,350,100,1,,ASSUMED_NO,1292,0,2026-02-03 13:25:15,0,82,
1848,mutants/mp/352/123/00000068/CharRange.java,33b93202df69653720b30dfd17d8214e,mutants/mp/352/123/00000068/CharRange.class,1,352,101,1,,ASSUMED_NO,1290,0,2026-02-03 13:25:24,1,175,
1849,mutants/mp/354/119/00000038/CharRange.java,4b6aa77e69fbb22844ebf7e63e619270,mutants/mp/354/119/00000038/CharRange.class,1,354,101,1,,ASSUMED_NO,1284,0,2026-02-03 13:25:29,9,181,
1850,mutants/mp/348/5/00000032/CharRange.java,c551374d6c560da914366059275db9fb,mutants/mp/348/5/00000032/CharRange.class,0,348,101,1,1,ASSUMED_NO,1294,0,2026-02-03 13:25:29,0,"153,155,158,160","[junit] Testcase: test took 0.009 sec
[junit] null
[junit] junit.framework.AssertionFailedError
[junit] 	at TestCharRange.test(TestCharRange.java:12)
[junit] 	at java.base/jdk.internal.reflect.NativeMethodAccessorImpl.invoke0(Native Method)
[junit] 	at java.base/jdk.internal.reflect.NativeMethodAccessorImpl.invoke(NativeMethodAccessorImpl.java:77)
[junit] 	at java.base/jdk.internal.reflect.DelegatingMethodAccessorImpl.invoke(DelegatingMethodAccessorImpl.java:43)
[junit] 	at java.base/java.util.concurrent.FutureTask.run(FutureTask.java:264)
[junit] 	at java.base/java.lang.Thread.run(Thread.java:840)
"
1851,mutants/mp/353/5/00000036/ByteVector.java,3383cee8ca2da3f78043c2e6eebd6042,mutants/mp/353/5/00000036/ByteVector.class,1,353,100,1,,ASSUMED_NO,1297,0,2026-02-03 13:25:31,6,"126,127,128,129",
1852,mutants/mp/355/5/00000038/ByteVector.java,3e5416ab2d27f68263b4bf66d73a89d2,mutants/mp/355/5/00000038/ByteVector.class,1,355,100,1,,ASSUMED_NO,1295,0,2026-02-03 13:25:33,2,"185,191,193,194,208,210,211,212",
1853,mutants/mp/350/125/00000063/ByteVector.java,155a5707ec2b2d224bc0d4c66ff68295,mutants/mp/350/125/00000063/ByteVector.class,1,350,100,1,,ASSUMED_NO,1292,0,2026-02-03 13:25:41,1,244,
1854,mutants/mp/352/123/00000069/CharRange.java,6292210edd1b232f41275a8419995780,mutants/mp/352/123/00000069/CharRange.class,1,352,101,1,,ASSUMED_NO,1290,0,2026-02-03 13:25:48,1,191,
1855,mutants/mp/348/5/00000033/CharRange.java,b6d6a23829813e6a65ee28d548c54601,mutants/mp/348/5/00000033/CharRange.class,0,348,101,1,1,ASSUMED_NO,1294,0,2026-02-03 13:25:56,3,136,"[junit] Testcase: test took 0.007 sec
[junit] null
[junit] junit.framework.AssertionFailedError
[junit] 	at TestCharRange.test(TestCharRange.java:12)
[junit] 	at java.base/jdk.internal.reflect.NativeMethodAccessorImpl.invoke0(Native Method)
[junit] 	at java.base/jdk.internal.reflect.NativeMethodAccessorImpl.invoke(NativeMethodAccessorImpl.java:77)
[junit] 	at java.base/jdk.internal.reflect.DelegatingMethodAccessorImpl.invoke(DelegatingMethodAccessorImpl.java:43)
[junit] 	at java.base/java.util.concurrent.FutureTask.run(FutureTask.java:264)
[junit] 	at java.base/java.lang.Thread.run(Thread.java:840)
"
1856,mutants/mp/350/125/00000064/ByteVector.java,7cb58f352126975fb705f4564048f9c8,,0,350,100,1,,ASSUMED_NO,1292,0,2026-02-03 13:26:02,0,199,
1857,mutants/mp/355/5/00000039/ByteVector.java,664cb082ae3cc773b2b4d49fcb2093fe,mutants/mp/355/5/00000039/ByteVector.class,0,355,100,1,1,ASSUMED_NO,1295,0,2026-02-03 13:26:02,0,"185,191,193,208,210,223","[junit] Testcase: test took 0.009 sec
[junit] arrays first differed at element [1]; expected:<3> but was:<4>
[junit] junit.framework.AssertionFailedError: arrays first differed at element [1]; expected:<3> but was:<4>
[junit] 	at TestByteVector.test(TestByteVector.java:13)
[junit] 	at java.base/jdk.internal.reflect.NativeMethodAccessorImpl.invoke0(Native Method)
[junit] 	at java.base/jdk.internal.reflect.NativeMethodAccessorImpl.invoke(NativeMethodAccessorImpl.java:77)
[junit] 	at java.base/jdk.internal.reflect.DelegatingMethodAccessorImpl.invoke(DelegatingMethodAccessorImpl.java:43)
[junit] 	at java.base/java.util.concurrent.FutureTask.run(FutureTask.java:264)
[junit] 	at java.base/java.lang.Thread.run(Thread.java:840)
[junit] Caused by: java.lang.AssertionError: expected:<3> but was:<4>
"
1858,mutants/mp/353/5/00000037/ByteVector.java,1fbdd4ca5131a6ee9d35367015cd537f,mutants/mp/353/5/00000037/ByteVector.class,1,353,100,1,,ASSUMED_NO,1297,0,2026-02-03 13:26:14,1,123,
1859,mutants/mp/354/119/00000039/CharRange.java,1a85b059279f22c8b5619b073a9ab619,mutants/mp/354/119/00000039/CharRange.class,0,354,101,1,1,ASSUMED_NO,1284,0,2026-02-03 13:26:15,0,203,"[junit] Testcase: test took 0.01 sec
[junit] expected:<[^]a-z> but was:<[]a-z>
[junit] junit.framework.AssertionFailedError: expected:<[^]a-z> but was:<[]a-z>
[junit] 	at TestCharRange.test(TestCharRange.java:14)
[junit] 	at java.base/jdk.internal.reflect.NativeMethodAccessorImpl.invoke0(Native Method)
[junit] 	at java.base/jdk.internal.reflect.NativeMethodAccessorImpl.invoke(NativeMethodAccessorImpl.java:77)
[junit] 	at java.base/jdk.internal.reflect.DelegatingMethodAccessorImpl.invoke(DelegatingMethodAccessorImpl.java:43)
[junit] 	at java.base/java.util.concurrent.FutureTask.run(FutureTask.java:264)
[junit] 	at java.base/java.lang.Thread.run(Thread.java:840)
"
1860,mutants/mp/347/117/00000027/ByteVector.java,bbd3855eeaa90012fb3a79fc6052048e,mutants/mp/347/117/00000027/ByteVector.class,1,347,100,1,,ASSUMED_NO,1281,0,2026-02-03 13:26:24,3,82,
1861,mutants/mp/348/5/00000034/CharRange.java,f4048c674fa05a44ddfbd221daa13a68,mutants/mp/348/5/00000034/CharRange.class,1,348,101,1,,ASSUMED_NO,1294,0,2026-02-03 13:26:27,5,191,
1862,mutants/mp/353/5/00000038/ByteVector.java,0acfd5334fd39410d56f624737dc49b8,mutants/mp/353/5/00000038/ByteVector.class,1,353,100,1,,ASSUMED_NO,1297,0,2026-02-03 13:26:43,6,"122,123,124",
1863,mutants/mp/355/5/00000040/ByteVector.java,6756f7ae58e8e6fed490d69db226da60,mutants/mp/355/5/00000040/ByteVector.class,1,355,100,1,,ASSUMED_NO,1295,0,2026-02-03 13:26:47,2,"185,191,193,200,208,210",
1864,mutants/mp/348/5/00000035/CharRange.java,054cce5139c433796f13a6168a83c585,mutants/mp/348/5/00000035/CharRange.class,0,348,101,1,1,ASSUMED_NO,1294,0,2026-02-03 13:26:56,3,191,"[junit] Testcase: test took 0.008 sec
[junit] expected:<874> but was:<873>
[junit] junit.framework.AssertionFailedError: expected:<874> but was:<873>
[junit] 	at TestCharRange.test(TestCharRange.java:12)
[junit] 	at java.base/jdk.internal.reflect.NativeMethodAccessorImpl.invoke0(Native Method)
[junit] 	at java.base/jdk.internal.reflect.NativeMethodAccessorImpl.invoke(NativeMethodAccessorImpl.java:77)
[junit] 	at java.base/jdk.internal.reflect.DelegatingMethodAccessorImpl.invoke(DelegatingMethodAccessorImpl.java:43)
[junit] 	at java.base/java.util.concurrent.FutureTask.run(FutureTask.java:264)
[junit] 	at java.base/java.lang.Thread.run(Thread.java:840)
"
1865,mutants/mp/350/125/00000065/ByteVector.java,c351e602cd019f554775adbe1505dd83,mutants/mp/350/125/00000065/ByteVector.class,1,350,100,1,,ASSUMED_NO,1292,0,2026-02-03 13:27:02,1,"126,127,128",
1866,mutants/mp/352/123/00000070/CharRange.java,d86366ed8888c8ac925639038ab83967,mutants/mp/352/123/00000070/CharRange.class,1,352,101,1,,ASSUMED_NO,1290,0,2026-02-03 13:27:04,2,54,
1867,mutants/mp/355/5/00000041/ByteVector.java,8f6a7ec5028c2312dc0103ced76d7262,mutants/mp/355/5/00000041/ByteVector.class,1,355,100,1,,ASSUMED_NO,1295,0,2026-02-03 13:27:15,2,"185,191,193,194,195,197,208,210,211,212,215",
1868,mutants/mp/350/125/00000066/ByteVector.java,ec3ec443f12a5e96cd8a9dedfccaa1aa,mutants/mp/350/125/00000066/ByteVector.class,1,350,100,1,,ASSUMED_NO,1292,0,2026-02-03 13:27:16,1,"148,149,150,153,154,155",
1869,mutants/mp/349/121/00000036/CharRange.java,3f8a1b01d434988b2e94ea74b8ffc6c8,,0,349,101,1,,ASSUMED_NO,1291,0,2026-02-03 13:27:23,0,40,
1870,mutants/mp/348/5/00000036/CharRange.java,86455958d1709ad340113637cc928141,mutants/mp/348/5/00000036/CharRange.class,0,348,101,1,1,ASSUMED_NO,1294,0,2026-02-03 13:27:26,3,191,"[junit] Testcase: test took 0.008 sec
[junit] expected:<2110> but was:<873>
[junit] junit.framework.AssertionFailedError: expected:<2110> but was:<873>
[junit] 	at TestCharRange.test(TestCharRange.java:12)
[junit] 	at java.base/jdk.internal.reflect.NativeMethodAccessorImpl.invoke0(Native Method)
[junit] 	at java.base/jdk.internal.reflect.NativeMethodAccessorImpl.invoke(NativeMethodAccessorImpl.java:77)
[junit] 	at java.base/jdk.internal.reflect.DelegatingMethodAccessorImpl.invoke(DelegatingMethodAccessorImpl.java:43)
[junit] 	at java.base/java.util.concurrent.FutureTask.run(FutureTask.java:264)
[junit] 	at java.base/java.lang.Thread.run(Thread.java:840)
"
1871,mutants/mp/353/5/00000039/ByteVector.java,fc8a1d205594a021afcb70f91c08433c,mutants/mp/353/5/00000039/ByteVector.class,1,353,100,1,,ASSUMED_NO,1297,0,2026-02-03 13:27:28,6,129,
1872,mutants/mp/351/115/00000029/ByteVector.java,6023dfc09f05980fdd97edacbb6b5b22,mutants/mp/351/115/00000029/ByteVector.class,1,351,100,1,,ASSUMED_NO,1287,0,2026-02-03 13:27:31,1,239,
1873,mutants/mp/354/119/00000040/CharRange.java,e22b4d5c3f488905360a91eb6c06a4dc,mutants/mp/354/119/00000040/CharRange.class,0,354,101,1,1,ASSUMED_NO,1284,0,2026-02-03 13:27:31,0,149,"Buildfile: /srv/codedefenders-class-2026/build.xml

test-mutant:
[junit] Running TestCharRange
[junit] Testsuite: TestCharRange
[junit] Tests run: 1, Failures: 0, Errors: 1, Skipped: 0, Time elapsed: 0.018 sec
[junit] Tests run: 1, Failures: 0, Errors: 1, Skipped: 0, Time elapsed: 0.018 sec
[junit]
[junit] Testcase: test took 0.007 sec
[junit] 	Caused an ERROR
[junit] The Range must not be null
[junit] java.lang.NullPointerException: The Range must not be null
[junit] 	at CharRange.contains(CharRange.java:149)
[junit] 	at TestCharRange.test(TestCharRange.java:12)
[junit] 	at java.base/jdk.internal.reflect.NativeMethodAccessorImpl.invoke0(Native Method)
[junit] 	at java.base/jdk.internal.reflect.NativeMethodAccessorImpl.invoke(NativeMethodAccessorImpl.java:77)
[junit] 	at java.base/jdk.internal.reflect.DelegatingMethodAccessorImpl.invoke(DelegatingMethodAccessorImpl.java:43)
[junit] 	at java.base/java.util.concurrent.FutureTask.run(FutureTask.java:264)
[junit] 	at java.base/java.lang.Thread.run(Thread.java:840)
[junit]
[junit] Test TestCharRange FAILED

BUILD SUCCESSFUL
Total time: 0 seconds
  "
1874,mutants/mp/352/123/00000071/CharRange.java,920280dabe79d01a0ca2e4f35db32588,mutants/mp/352/123/00000071/CharRange.class,1,352,101,1,,ASSUMED_NO,1290,0,2026-02-03 13:27:31,1,103,
1875,mutants/mp/350/125/00000067/ByteVector.java,b7e57721a944ec0c140776c48f0886d6,mutants/mp/350/125/00000067/ByteVector.class,1,350,100,1,,ASSUMED_NO,1292,0,2026-02-03 13:27:38,1,208,
1876,mutants/mp/351/115/00000030/ByteVector.java,f5d681fd5c70797ea1e5798ff125ee24,mutants/mp/351/115/00000030/ByteVector.class,1,351,100,1,,ASSUMED_NO,1287,0,2026-02-03 13:27:42,1,244,
1877,mutants/mp/355/5/00000042/ByteVector.java,e35916994d98cea44e6d649d0b7e2932,mutants/mp/355/5/00000042/ByteVector.class,0,355,100,1,1,ASSUMED_NO,1295,0,2026-02-03 13:27:50,0,"181,182,185,191,193,199,208,210","[junit] Testcase: test took 0.008 sec
[junit] arrays first differed at element [1]; expected:<3> but was:<4>
[junit] junit.framework.AssertionFailedError: arrays first differed at element [1]; expected:<3> but was:<4>
[junit] 	at TestByteVector.test(TestByteVector.java:13)
[junit] 	at java.base/jdk.internal.reflect.NativeMethodAccessorImpl.invoke0(Native Method)
[junit] 	at java.base/jdk.internal.reflect.NativeMethodAccessorImpl.invoke(NativeMethodAccessorImpl.java:77)
[junit] 	at java.base/jdk.internal.reflect.DelegatingMethodAccessorImpl.invoke(DelegatingMethodAccessorImpl.java:43)
[junit] 	at java.base/java.util.concurrent.FutureTask.run(FutureTask.java:264)
[junit] 	at java.base/java.lang.Thread.run(Thread.java:840)
[junit] Caused by: java.lang.AssertionError: expected:<3> but was:<4>
"
1878,mutants/mp/352/123/00000072/CharRange.java,603dedc5a5bac36c24cb4b7ce883ba86,mutants/mp/352/123/00000072/CharRange.class,1,352,101,1,,ASSUMED_NO,1290,0,2026-02-03 13:27:58,1,158,
1879,mutants/mp/351/115/00000031/ByteVector.java,e7840059a969c1bee9079552ec1e207e,mutants/mp/351/115/00000031/ByteVector.class,1,351,100,1,,ASSUMED_NO,1287,0,2026-02-03 13:27:59,2,201,
1880,mutants/mp/352/123/00000073/CharRange.java,78f3323d126b320cf0ea1f3a98e1a12a,mutants/mp/352/123/00000073/CharRange.class,1,352,101,1,,ASSUMED_NO,1290,0,2026-02-03 13:28:10,1,158,
1881,mutants/mp/351/115/00000032/ByteVector.java,5c859c0c51aea05cb8eae5428a010ac4,mutants/mp/351/115/00000032/ByteVector.class,1,351,100,1,,ASSUMED_NO,1287,0,2026-02-03 13:28:12,3,185,
1882,mutants/mp/348/5/00000037/CharRange.java,498a1d4331cb6aa3f188d3f7b48c88ae,mutants/mp/348/5/00000037/CharRange.class,1,348,101,1,,ASSUMED_NO,1294,0,2026-02-03 13:28:12,5,191,
1883,mutants/mp/355/5/00000043/ByteVector.java,3a62aef22c93d060fd6c286e1e33c7f4,mutants/mp/355/5/00000043/ByteVector.class,1,355,100,1,,ASSUMED_NO,1295,0,2026-02-03 13:28:19,2,"185,191,193,208,210,216",
1884,mutants/mp/351/115/00000033/ByteVector.java,d373b47299ea4e7d7f1c345ce717287d,mutants/mp/351/115/00000033/ByteVector.class,1,351,100,1,,ASSUMED_NO,1287,0,2026-02-03 13:28:25,1,150,
1885,mutants/mp/349/121/00000037/CharRange.java,605772c8bbfe6124acc2aafab06b6ea8,mutants/mp/349/121/00000037/CharRange.class,1,349,101,1,,ASSUMED_NO,1291,0,2026-02-03 13:28:30,1,158,
1886,mutants/mp/352/123/00000074/CharRange.java,ab5fb961a547c374368dbeec9a47f423,mutants/mp/352/123/00000074/CharRange.class,1,352,101,1,,ASSUMED_NO,1290,0,2026-02-03 13:28:30,1,158,
1887,mutants/mp/353/5/00000040/ByteVector.java,5b9080e743a86a344ad94ac0c1a07351,mutants/mp/353/5/00000040/ByteVector.class,1,353,100,1,,ASSUMED_NO,1297,0,2026-02-03 13:28:33,13,"185,191,193,208,210,223",
1888,mutants/mp/349/121/00000038/CharRange.java,ba381827471c0aab34b7af2aaa6aed3e,mutants/mp/349/121/00000038/CharRange.class,1,349,101,1,,ASSUMED_NO,1291,0,2026-02-03 13:28:41,1,206,
1889,mutants/mp/348/5/00000038/CharRange.java,74e6e2e67d623262251f20780cf5d781,mutants/mp/348/5/00000038/CharRange.class,1,348,101,1,,ASSUMED_NO,1294,0,2026-02-03 13:28:42,5,191,
1890,mutants/mp/351/115/00000034/ByteVector.java,b1a246ddfe5725dd7843354f085ebe9d,mutants/mp/351/115/00000034/ByteVector.class,0,351,100,1,1,ASSUMED_NO,1287,0,2026-02-03 13:28:43,1,196,"[junit] Testcase: test took 0.013 sec
[junit] arrays first differed at element [1]; expected:<2> but was:<0>
[junit] junit.framework.AssertionFailedError: arrays first differed at element [1]; expected:<2> but was:<0>
[junit] 	at TestByteVector.test(TestByteVector.java:14)
[junit] 	at java.base/jdk.internal.reflect.NativeMethodAccessorImpl.invoke0(Native Method)
[junit] 	at java.base/jdk.internal.reflect.NativeMethodAccessorImpl.invoke(NativeMethodAccessorImpl.java:77)
[junit] 	at java.base/jdk.internal.reflect.DelegatingMethodAccessorImpl.invoke(DelegatingMethodAccessorImpl.java:43)
[junit] 	at java.base/java.util.concurrent.FutureTask.run(FutureTask.java:264)
[junit] 	at java.base/java.lang.Thread.run(Thread.java:840)
[junit] Caused by: java.lang.AssertionError: expected:<2> but was:<0>
"
1891,mutants/mp/350/125/00000068/ByteVector.java,4217688a7d52db68491dce5673b5182a,mutants/mp/350/125/00000068/ByteVector.class,1,350,100,1,,ASSUMED_NO,1292,0,2026-02-03 13:28:48,1,"193,194",
1892,mutants/mp/349/121/00000039/CharRange.java,6de05ff4108667840a72d7545b25030a,mutants/mp/349/121/00000039/CharRange.class,1,349,101,1,,ASSUMED_NO,1291,0,2026-02-03 13:28:52,1,149,
1893,mutants/mp/354/119/00000041/CharRange.java,7e80f2fece6869fdd76151c7d9a2fe32,mutants/mp/354/119/00000041/CharRange.class,0,354,101,1,1,ASSUMED_NO,1284,0,2026-02-03 13:28:53,0,174,"[junit] Testcase: test took 0.011 sec
[junit] null
[junit] junit.framework.AssertionFailedError
[junit] 	at TestCharRange.test(TestCharRange.java:15)
[junit] 	at java.base/jdk.internal.reflect.NativeMethodAccessorImpl.invoke0(Native Method)
[junit] 	at java.base/jdk.internal.reflect.NativeMethodAccessorImpl.invoke(NativeMethodAccessorImpl.java:77)
[junit] 	at java.base/jdk.internal.reflect.DelegatingMethodAccessorImpl.invoke(DelegatingMethodAccessorImpl.java:43)
[junit] 	at java.base/java.util.concurrent.FutureTask.run(FutureTask.java:264)
[junit] 	at java.base/java.lang.Thread.run(Thread.java:840)
"
1894,mutants/mp/351/115/00000035/ByteVector.java,64d07ec0697510f6b75375d691b5161a,mutants/mp/351/115/00000035/ByteVector.class,1,351,100,1,,ASSUMED_NO,1287,0,2026-02-03 13:28:56,1,157,
1895,mutants/mp/349/121/00000040/CharRange.java,dacb2216d2dc42ee8add635d025b431e,mutants/mp/349/121/00000040/CharRange.class,1,349,101,1,,ASSUMED_NO,1291,0,2026-02-03 13:29:04,1,153,
1896,mutants/mp/350/125/00000069/ByteVector.java,c14f6f095f5d161788cd975b45689bc7,mutants/mp/350/125/00000069/ByteVector.class,1,350,100,1,,ASSUMED_NO,1292,0,2026-02-03 13:29:09,1,239,
1897,mutants/mp/352/123/00000075/CharRange.java,483e7a9e4210f9bc5b927e9c0409a89f,mutants/mp/352/123/00000075/CharRange.class,1,352,101,1,,ASSUMED_NO,1290,0,2026-02-03 13:29:11,1,160,
1898,mutants/mp/351/115/00000036/ByteVector.java,94de9ab77dd3f6c8687b95f1649a1b89,mutants/mp/351/115/00000036/ByteVector.class,0,351,100,1,1,ASSUMED_NO,1287,0,2026-02-03 13:29:13,0,183,"[junit] Testcase: test took 0.011 sec
[junit] arrays first differed at element [3]; expected:<105> but was:<0>
[junit] junit.framework.AssertionFailedError: arrays first differed at element [3]; expected:<105> but was:<0>
[junit] 	at TestByteVector.test(TestByteVector.java:13)
[junit] 	at java.base/jdk.internal.reflect.NativeMethodAccessorImpl.invoke0(Native Method)
[junit] 	at java.base/jdk.internal.reflect.NativeMethodAccessorImpl.invoke(NativeMethodAccessorImpl.java:77)
[junit] 	at java.base/jdk.internal.reflect.DelegatingMethodAccessorImpl.invoke(DelegatingMethodAccessorImpl.java:43)
[junit] 	at java.base/java.util.concurrent.FutureTask.run(FutureTask.java:264)
[junit] 	at java.base/java.lang.Thread.run(Thread.java:840)
[junit] Caused by: java.lang.AssertionError: expected:<105> but was:<0>
"
1899,mutants/mp/354/119/00000042/CharRange.java,4650f2e1f285ce31ce31698c5defb38d,mutants/mp/354/119/00000042/CharRange.class,0,354,101,1,1,ASSUMED_NO,1284,0,2026-02-03 13:29:16,0,160,"[junit] Testcase: test took 0.009 sec
[junit] null
[junit] junit.framework.AssertionFailedError
[junit] 	at TestCharRange.test(TestCharRange.java:12)
[junit] 	at java.base/jdk.internal.reflect.NativeMethodAccessorImpl.invoke0(Native Method)
[junit] 	at java.base/jdk.internal.reflect.NativeMethodAccessorImpl.invoke(NativeMethodAccessorImpl.java:77)
[junit] 	at java.base/jdk.internal.reflect.DelegatingMethodAccessorImpl.invoke(DelegatingMethodAccessorImpl.java:43)
[junit] 	at java.base/java.util.concurrent.FutureTask.run(FutureTask.java:264)
[junit] 	at java.base/java.lang.Thread.run(Thread.java:840)
"
1900,mutants/mp/353/5/00000041/ByteVector.java,e766e97f691a8033f28f470682f4eeb9,mutants/mp/353/5/00000041/ByteVector.class,1,353,100,1,,ASSUMED_NO,1297,0,2026-02-03 13:29:17,11,"185,188,191,193,208,210",
1901,mutants/mp/349/121/00000041/CharRange.java,fe4b61d2276a34b2a2559d2e6cdec9a7,mutants/mp/349/121/00000041/CharRange.class,1,349,101,1,,ASSUMED_NO,1291,0,2026-02-03 13:29:21,1,175,
1902,mutants/mp/352/123/00000076/CharRange.java,5723c1c128928fdabd542865588338b8,mutants/mp/352/123/00000076/CharRange.class,1,352,101,1,,ASSUMED_NO,1290,0,2026-02-03 13:29:25,1,181,
1903,mutants/mp/348/5/00000039/CharRange.java,acd495eab4b2869125b8b12300dc5cda,mutants/mp/348/5/00000039/CharRange.class,0,348,101,1,1,ASSUMED_NO,1294,0,2026-02-03 13:29:27,3,191,"[junit] Testcase: test took 0.01 sec
[junit] expected:<861> but was:<873>
[junit] junit.framework.AssertionFailedError: expected:<861> but was:<873>
[junit] 	at TestCharRange.test(TestCharRange.java:12)
[junit] 	at java.base/jdk.internal.reflect.NativeMethodAccessorImpl.invoke0(Native Method)
[junit] 	at java.base/jdk.internal.reflect.NativeMethodAccessorImpl.invoke(NativeMethodAccessorImpl.java:77)
[junit] 	at java.base/jdk.internal.reflect.DelegatingMethodAccessorImpl.invoke(DelegatingMethodAccessorImpl.java:43)
[junit] 	at java.base/java.util.concurrent.FutureTask.run(FutureTask.java:264)
[junit] 	at java.base/java.lang.Thread.run(Thread.java:840)
"
1904,mutants/mp/350/125/00000070/ByteVector.java,14671113ca4811d342d181fd855c03bb,mutants/mp/350/125/00000070/ByteVector.class,1,350,100,1,,ASSUMED_NO,1292,0,2026-02-03 13:29:29,1,152,
1905,mutants/mp/351/115/00000037/ByteVector.java,4fa65b86a2647b93bcb77c2a70ba42af,,0,351,100,1,,ASSUMED_NO,1287,0,2026-02-03 13:29:30,0,152,
1906,mutants/mp/349/121/00000042/CharRange.java,1d39bc4040d64ff318bacda5ed55057b,mutants/mp/349/121/00000042/CharRange.class,1,349,101,1,,ASSUMED_NO,1291,0,2026-02-03 13:29:31,1,204,
1907,mutants/mp/355/5/00000044/ByteVector.java,d6e462db7f08dd3a167c84331791bd73,mutants/mp/355/5/00000044/ByteVector.class,1,355,100,1,,ASSUMED_NO,1295,0,2026-02-03 13:29:33,2,"185,191,193,208,210,216",
1908,mutants/mp/353/5/00000042/ByteVector.java,aa51f3f32531320750d8014f344d53b1,mutants/mp/353/5/00000042/ByteVector.class,1,353,100,1,,ASSUMED_NO,1297,0,2026-02-03 13:29:43,6,129,
1909,mutants/mp/349/121/00000043/CharRange.java,19e7f7bdd7c60a56d811bac0d9980e32,mutants/mp/349/121/00000043/CharRange.class,1,349,101,1,,ASSUMED_NO,1291,0,2026-02-03 13:29:46,1,209,
1910,mutants/mp/354/119/00000043/CharRange.java,244b4315d43e1eb3d4814ce33613fc57,mutants/mp/354/119/00000043/CharRange.class,0,354,101,1,1,ASSUMED_NO,1284,0,2026-02-03 13:29:49,0,177,"Buildfile: /srv/codedefenders-class-2026/build.xml

test-mutant:
[junit] Running TestCharRange
[junit] Testsuite: TestCharRange
[junit] Tests run: 1, Failures: 0, Errors: 1, Skipped: 0, Time elapsed: 0.024 sec
[junit] Tests run: 1, Failures: 0, Errors: 1, Skipped: 0, Time elapsed: 0.024 sec
[junit]
[junit] Testcase: test took 0.012 sec
[junit] 	Caused an ERROR
[junit] class java.lang.String cannot be cast to class CharRange (java.lang.String is in module java.base of loader 'bootstrap'; CharRange is in unnamed module of loader 'app')
[junit] java.lang.ClassCastException: class java.lang.String cannot be cast to class CharRange (java.lang.String is in module java.base of loader 'bootstrap'; CharRange is in unnamed module of loader 'app')
[junit] 	at CharRange.equals(CharRange.java:180)
[junit] 	at TestCharRange.test(TestCharRange.java:12)
[junit] 	at java.base/jdk.internal.reflect.NativeMethodAccessorImpl.invoke0(Native Method)
[junit] 	at java.base/jdk.internal.reflect.NativeMethodAccessorImpl.invoke(NativeMethodAccessorImpl.java:77)
[junit] 	at java.base/jdk.internal.reflect.DelegatingMethodAccessorImpl.invoke(DelegatingMethodAccessorImpl.java:43)
[junit] 	at java.base/java.util.concurrent.FutureTask.run(FutureTask.java:264)
[junit] 	at java.base/java.lang.Thread.run(Thread.java:840)
[junit]
[junit] Test TestCharRange FAILED

BUILD SUCCESSFUL
Total time: 1 second
  "
1911,mutants/mp/352/123/00000077/CharRange.java,18d68405e5c39619ee60ce1180ae7d81,mutants/mp/352/123/00000077/CharRange.class,1,352,101,1,,ASSUMED_NO,1290,0,2026-02-03 13:29:52,1,191,
1912,mutants/mp/350/125/00000071/ByteVector.java,628f7a7d8570e7cae3fcfc4fbba47fdd,mutants/mp/350/125/00000071/ByteVector.class,1,350,100,1,,ASSUMED_NO,1292,0,2026-02-03 13:29:59,1,157,
1913,mutants/mp/351/115/00000038/ByteVector.java,cbce5f838fb02f90c8e0d3b3d8ef346d,mutants/mp/351/115/00000038/ByteVector.class,0,351,100,1,1,ASSUMED_NO,1287,0,2026-02-03 13:30:05,0,215,"[junit] Testcase: test took 0.009 sec
[junit] arrays first differed at element [2]; expected:<-62> but was:<-64>
[junit] junit.framework.AssertionFailedError: arrays first differed at element [2]; expected:<-62> but was:<-64>
[junit] 	at TestByteVector.test(TestByteVector.java:14)
[junit] 	at java.base/jdk.internal.reflect.NativeMethodAccessorImpl.invoke0(Native Method)
[junit] 	at java.base/jdk.internal.reflect.NativeMethodAccessorImpl.invoke(NativeMethodAccessorImpl.java:77)
[junit] 	at java.base/jdk.internal.reflect.DelegatingMethodAccessorImpl.invoke(DelegatingMethodAccessorImpl.java:43)
[junit] 	at java.base/java.util.concurrent.FutureTask.run(FutureTask.java:264)
[junit] 	at java.base/java.lang.Thread.run(Thread.java:840)
[junit] Caused by: java.lang.AssertionError: expected:<-62> but was:<-64>
"
1914,mutants/mp/355/5/00000045/ByteVector.java,dc735ea5b68358c36d42eb6cb32970c7,mutants/mp/355/5/00000045/ByteVector.class,1,355,100,1,,ASSUMED_NO,1295,0,2026-02-03 13:30:18,2,"181,182,185,191,193,199,200,208,210,211,212,213,215,216",
1915,mutants/mp/352/123/00000078/CharRange.java,a8c5864b3f686cb45ad0862188cce773,,0,352,101,1,,ASSUMED_NO,1290,0,2026-02-03 13:30:21,0,174,
1916,mutants/mp/348/5/00000040/CharRange.java,fcf92f080a97a691989b58145fc81b34,mutants/mp/348/5/00000040/CharRange.class,0,348,101,1,1,ASSUMED_NO,1294,0,2026-02-03 13:30:27,0,191,"[junit] Testcase: test took 0.008 sec
[junit] expected:<861> but was:<873>
[junit] junit.framework.AssertionFailedError: expected:<861> but was:<873>
[junit] 	at TestCharRange.test(TestCharRange.java:12)
[junit] 	at java.base/jdk.internal.reflect.NativeMethodAccessorImpl.invoke0(Native Method)
[junit] 	at java.base/jdk.internal.reflect.NativeMethodAccessorImpl.invoke(NativeMethodAccessorImpl.java:77)
[junit] 	at java.base/jdk.internal.reflect.DelegatingMethodAccessorImpl.invoke(DelegatingMethodAccessorImpl.java:43)
[junit] 	at java.base/java.util.concurrent.FutureTask.run(FutureTask.java:264)
[junit] 	at java.base/java.lang.Thread.run(Thread.java:840)
"
1917,mutants/mp/350/125/00000072/ByteVector.java,d43444d37a101270d4a45c1279df7e9f,mutants/mp/350/125/00000072/ByteVector.class,0,350,100,1,1,ASSUMED_NO,1292,0,2026-02-03 13:30:37,0,256,"[junit] Testcase: test took 0.008 sec
[junit] expected:<2> but was:<10>
[junit] junit.framework.AssertionFailedError: expected:<2> but was:<10>
[junit] 	at TestByteVector.test(TestByteVector.java:15)
[junit] 	at java.base/jdk.internal.reflect.NativeMethodAccessorImpl.invoke0(Native Method)
[junit] 	at java.base/jdk.internal.reflect.NativeMethodAccessorImpl.invoke(NativeMethodAccessorImpl.java:77)
[junit] 	at java.base/jdk.internal.reflect.DelegatingMethodAccessorImpl.invoke(DelegatingMethodAccessorImpl.java:43)
[junit] 	at java.base/java.util.concurrent.FutureTask.run(FutureTask.java:264)
[junit] 	at java.base/java.lang.Thread.run(Thread.java:840)
"
1918,mutants/mp/349/121/00000044/CharRange.java,7cf11e9d66b78bc64eb313b63b1fa4b9,mutants/mp/349/121/00000044/CharRange.class,0,349,101,1,1,ASSUMED_NO,1291,0,2026-02-03 13:30:41,0,40,"[junit] Testcase: test took 0.009 sec
[junit] null
[junit] junit.framework.AssertionFailedError
[junit] 	at TestCharRange.test(TestCharRange.java:13)
[junit] 	at java.base/jdk.internal.reflect.NativeMethodAccessorImpl.invoke0(Native Method)
[junit] 	at java.base/jdk.internal.reflect.NativeMethodAccessorImpl.invoke(NativeMethodAccessorImpl.java:77)
[junit] 	at java.base/jdk.internal.reflect.DelegatingMethodAccessorImpl.invoke(DelegatingMethodAccessorImpl.java:43)
[junit] 	at java.base/java.util.concurrent.FutureTask.run(FutureTask.java:264)
[junit] 	at java.base/java.lang.Thread.run(Thread.java:840)
"
1919,mutants/mp/355/5/00000046/ByteVector.java,eabbd45715373da962218e8959dc2563,mutants/mp/355/5/00000046/ByteVector.class,0,355,100,1,1,ASSUMED_NO,1295,0,2026-02-03 13:30:48,0,"182,185,191,193,208,210","[junit] Testcase: test took 0.015 sec
[junit] arrays first differed at element [1]; expected:<3> but was:<2>
[junit] junit.framework.AssertionFailedError: arrays first differed at element [1]; expected:<3> but was:<2>
[junit] 	at TestByteVector.test(TestByteVector.java:13)
[junit] 	at java.base/jdk.internal.reflect.NativeMethodAccessorImpl.invoke0(Native Method)
[junit] 	at java.base/jdk.internal.reflect.NativeMethodAccessorImpl.invoke(NativeMethodAccessorImpl.java:77)
[junit] 	at java.base/jdk.internal.reflect.DelegatingMethodAccessorImpl.invoke(DelegatingMethodAccessorImpl.java:43)
[junit] 	at java.base/java.util.concurrent.FutureTask.run(FutureTask.java:264)
[junit] 	at java.base/java.lang.Thread.run(Thread.java:840)
[junit] Caused by: java.lang.AssertionError: expected:<3> but was:<2>
"
1920,mutants/mp/353/5/00000043/ByteVector.java,51cd152312a2ed99942f889a11d5724b,mutants/mp/353/5/00000043/ByteVector.class,1,353,100,1,,ASSUMED_NO,1297,0,2026-02-03 13:30:49,13,"181,182,185,191,193,199,208,210,219",
1921,mutants/mp/352/123/00000079/CharRange.java,30576c372a254479548bba0fa31f2375,,0,352,101,1,,ASSUMED_NO,1290,0,2026-02-03 13:30:50,0,174,
1922,mutants/mp/354/119/00000044/CharRange.java,97eefec51f41c1c33f2166d13502474d,mutants/mp/354/119/00000044/CharRange.class,1,354,101,1,,ASSUMED_NO,1284,0,2026-02-03 13:30:52,8,202,
1923,mutants/mp/352/123/00000080/CharRange.java,81dbbb1263ade7f1a8bb92516c7f8130,,0,352,101,1,,ASSUMED_NO,1290,0,2026-02-03 13:31:15,0,79,
1924,mutants/mp/351/115/00000039/ByteVector.java,70ee3d4ef820ab3db3d30412002ebf23,mutants/mp/351/115/00000039/ByteVector.class,1,351,100,1,,ASSUMED_NO,1287,0,2026-02-03 13:31:16,1,152,
1925,mutants/mp/355/5/00000047/ByteVector.java,1e53dd405c2dbf7921acd0d479444cf4,mutants/mp/355/5/00000047/ByteVector.class,1,355,100,1,,ASSUMED_NO,1295,0,2026-02-03 13:31:18,2,"185,191,193,208,210",
1926,mutants/mp/353/5/00000044/ByteVector.java,a0d9568c5bcffcead9dfd6d64c41d404,mutants/mp/353/5/00000044/ByteVector.class,1,353,100,1,,ASSUMED_NO,1297,0,2026-02-03 13:31:18,11,"185,191,193,208,210,219",
1927,mutants/mp/352/123/00000081/CharRange.java,38a8c3116725f5f3d6618d69ec1a0d8f,,0,352,101,1,,ASSUMED_NO,1290,0,2026-02-03 13:31:25,0,79,
1928,mutants/mp/348/5/00000041/CharRange.java,04a366923b0966ce8af5344097aa0b52,mutants/mp/348/5/00000041/CharRange.class,0,348,101,1,1,ASSUMED_NO,1294,0,2026-02-03 13:31:27,0,191,"[junit] Testcase: test took 0.011 sec
[junit] expected:<875> but was:<873>
[junit] junit.framework.AssertionFailedError: expected:<875> but was:<873>
[junit] 	at TestCharRange.test(TestCharRange.java:12)
[junit] 	at java.base/jdk.internal.reflect.NativeMethodAccessorImpl.invoke0(Native Method)
[junit] 	at java.base/jdk.internal.reflect.NativeMethodAccessorImpl.invoke(NativeMethodAccessorImpl.java:77)
[junit] 	at java.base/jdk.internal.reflect.DelegatingMethodAccessorImpl.invoke(DelegatingMethodAccessorImpl.java:43)
[junit] 	at java.base/java.util.concurrent.FutureTask.run(FutureTask.java:264)
[junit] 	at java.base/java.lang.Thread.run(Thread.java:840)
"
1929,mutants/mp/350/125/00000073/ByteVector.java,bf4560a54c07c304b4f6f5e0ba4ecc08,mutants/mp/350/125/00000073/ByteVector.class,1,350,100,1,,ASSUMED_NO,1292,0,2026-02-03 13:31:40,1,"215,216",
1930,mutants/mp/355/5/00000048/ByteVector.java,4152b844af21b20bc40874c7586e4fe3,mutants/mp/355/5/00000048/ByteVector.class,0,355,100,1,1,ASSUMED_NO,1295,0,2026-02-03 13:32:04,0,"185,191,193,208,210,223","[junit] Testcase: test took 0.01 sec
[junit] arrays first differed at element [4]; expected:<99> but was:<0>
[junit] junit.framework.AssertionFailedError: arrays first differed at element [4]; expected:<99> but was:<0>
[junit] 	at TestByteVector.test(TestByteVector.java:13)
[junit] 	at java.base/jdk.internal.reflect.NativeMethodAccessorImpl.invoke0(Native Method)
[junit] 	at java.base/jdk.internal.reflect.NativeMethodAccessorImpl.invoke(NativeMethodAccessorImpl.java:77)
[junit] 	at java.base/jdk.internal.reflect.DelegatingMethodAccessorImpl.invoke(DelegatingMethodAccessorImpl.java:43)
[junit] 	at java.base/java.util.concurrent.FutureTask.run(FutureTask.java:264)
[junit] 	at java.base/java.lang.Thread.run(Thread.java:840)
[junit] Caused by: java.lang.AssertionError: expected:<99> but was:<0>
"
1931,mutants/mp/352/123/00000082/CharRange.java,0c7951143ade6f2a0d89aaf7df49a686,mutants/mp/352/123/00000082/CharRange.class,1,352,101,1,,ASSUMED_NO,1290,0,2026-02-03 13:32:06,1,191,
1932,mutants/mp/348/5/00000042/CharRange.java,4aba2a91a502c3de947443d38613fe30,mutants/mp/348/5/00000042/CharRange.class,1,348,101,1,,ASSUMED_NO,1294,0,2026-02-03 13:32:27,1,203,
1933,mutants/mp/355/5/00000049/ByteVector.java,87805e6cd1558a5cd4bdf7d2e5119160,mutants/mp/355/5/00000049/ByteVector.class,1,355,100,1,,ASSUMED_NO,1295,0,2026-02-03 13:32:33,2,"185,191,193,208,210,219",
1934,mutants/mp/352/123/00000083/CharRange.java,ff135948c0d7ccd6fc6c43fee887294c,,0,352,101,1,,ASSUMED_NO,1290,0,2026-02-03 13:32:41,0,191,
1935,mutants/mp/353/5/00000045/ByteVector.java,ed5fb4b2a78888fd9fb44705bea43b26,mutants/mp/353/5/00000045/ByteVector.class,1,353,100,1,,ASSUMED_NO,1297,0,2026-02-03 13:32:48,13,"182,185,186,191,193,200,208,209,210",
1936,mutants/mp/349/121/00000045/CharRange.java,2162748ab5b264c15df4ee2cf21e5666,mutants/mp/349/121/00000045/CharRange.class,0,349,101,1,1,ASSUMED_NO,1291,0,2026-02-03 13:32:52,0,41,"[junit] Testcase: test took 0.015 sec
[junit] null
[junit] junit.framework.AssertionFailedError
[junit] 	at TestCharRange.test(TestCharRange.java:12)
[junit] 	at java.base/jdk.internal.reflect.NativeMethodAccessorImpl.invoke0(Native Method)
[junit] 	at java.base/jdk.internal.reflect.NativeMethodAccessorImpl.invoke(NativeMethodAccessorImpl.java:77)
[junit] 	at java.base/jdk.internal.reflect.DelegatingMethodAccessorImpl.invoke(DelegatingMethodAccessorImpl.java:43)
[junit] 	at java.base/java.util.concurrent.FutureTask.run(FutureTask.java:264)
[junit] 	at java.base/java.lang.Thread.run(Thread.java:840)
"
1937,mutants/mp/352/123/00000084/CharRange.java,e017199d1679679a77b17fd4b800fb36,mutants/mp/352/123/00000084/CharRange.class,1,352,101,1,,ASSUMED_NO,1290,0,2026-02-03 13:33:04,1,191,
